mtllib forearm_link_collisions_forearm_mesh.mtl
v 0.031183328479528434 0.05034902319312097 0.21159216761589048
v 0.031448271125555045 0.05009544268250467 0.2135120630264282
v 0.03754755854606629 0.03899825736880303 -0.0017829409334808586
v -0.015310420654714111 0.05034900084137918 0.18540740013122556
v -0.017020715400576595 0.05034899711608888 0.23874020576477048
v 0.027661299332976348 0.05034902319312097 0.22702315449714658
v -0.015310420654714111 0.05034900084137918 0.18540740013122556
v -0.02668034471571446 0.05034899339079858 0.19641852378845212
v -0.017020715400576595 0.05034899711608888 0.23874020576477048
v 0.026679871603846557 0.05034902319312097 0.1964185535907745
v 0.018660567700862888 0.05034901946783067 0.1875883638858795
v 0.027661299332976348 0.05034902319312097 0.22702315449714658
v 0.027661299332976348 0.05034902319312097 0.22702315449714658
v 0.018660567700862888 0.05034901946783067 0.1875883638858795
v -0.015310420654714111 0.05034900084137918 0.18540740013122556
v -0.015310420654714111 0.05034900084137918 0.18540740013122556
v 0.018660567700862888 0.05034901946783067 0.1875883638858795
v 0.011707949452102186 0.05034901574254037 0.18367271125316617
v 0.011707949452102186 0.05034901574254037 0.18367271125316617
v -2.3178326102879515e-07 0.050349008291959776 0.1813925355672836
v -0.007914153859019281 0.05034900456666948 0.1824129223823547
v 0.011707949452102186 0.05034901574254037 0.18367271125316617
v -0.007914153859019281 0.05034900456666948 0.1824129223823547
v -0.015310420654714111 0.05034900084137918 0.18540740013122556
v 0.03754755854606629 0.03899825736880303 -0.0017829409334808586
v 0.030799435451626785 0.05034902319312097 0.2076127231121063
v 0.031183328479528434 0.05034902319312097 0.21159216761589048
v -0.030799916014075286 0.050348989665508284 0.2076126933097839
v -0.03639554604887963 0.0389992967247963 -0.01036927569657564
v -0.03756344690918923 0.03899715095758439 0.001040898961946368
v 0.021704779937863353 0.05034901946783067 0.1901799291372299
v 0.018660567700862888 0.05034901946783067 0.1875883638858795
v 0.026679871603846557 0.05034902319312097 0.1964185535907745
v -2.3178326102879515e-07 0.050349008291959776 0.1813925355672836
v 0.004521982744336129 0.0389973670244217 -0.037937629967927926
v -0.005134989973157645 0.03899909183382989 -0.03779609873890876
v 0.003989483695477248 0.050349008291959776 0.18164864182472226
v 0.004521982744336129 0.0389973670244217 -0.037937629967927926
v -2.3178326102879515e-07 0.050349008291959776 0.1813925355672836
v 0.018660567700862888 0.05034901946783067 0.1875883638858795
v 0.015309951268136505 0.05034901574254037 0.18540740013122556
v 0.011707949452102186 0.05034901574254037 0.18367271125316617
v 0.0369996763765812 0.02806090749800206 0.0035586350131779905
v 0.03571286797523499 0.016860449686646465 0.006462658755481242
v 0.03647569194436074 0.024483963847160346 -0.0028569076675921674
v 0.02338739484548569 -0.04504238069057465 0.20351882278919217
v 0.010711826384067537 -0.028448775410652168 0.030770583078265187
v 0.016216862946748737 -0.026411948725581176 0.03360090777277946
v 0.026704724878072746 -0.009710432030260565 0.011601037345826624
v 0.031045664101839072 0.0008136356482282283 0.005342084914445876
v 0.02967916242778302 -0.007431885227560999 0.018438309431076046
v 0.025295540690422065 -0.01836974918842316 0.034729458391666405
v 0.027709752321243293 -0.04274150356650353 0.20674955844879148
v 0.02123910561203957 -0.02274277433753014 0.034071877598762505
v -0.008068248629570009 -0.019674271345138553 0.005090664140880107
v -0.008335490711033346 -0.011762022040784362 -0.007080129347741603
v -0.0015692957676947121 -0.016794933006167415 -0.001451702322810888
v -0.007635742891579868 -0.04652145504951478 0.19225649535655973
v -0.003431589575484396 -0.04650134593248368 0.19004969298839566
v 0.0026300337631255393 -0.04660023003816605 0.19133725762367246
v 0.010711826384067537 -0.028448775410652168 0.030770583078265187
v 0.007574353367090227 -0.030435532331466682 0.03805483877658843
v 0.004793137777596713 -0.02994170971214772 0.030689321458339688
v -0.005134989973157645 0.03899909183382989 -0.03779609873890876
v -0.003989947959780694 0.05034900456666948 0.18164864182472226
v -2.3178326102879515e-07 0.050349008291959776 0.1813925355672836
v -0.003989947959780694 0.05034900456666948 0.18164864182472226
v -0.007914153859019281 0.05034900456666948 0.1824129223823547
v -2.3178326102879515e-07 0.050349008291959776 0.1813925355672836
v -0.007914153859019281 0.05034900456666948 0.1824129223823547
v -0.003989947959780694 0.05034900456666948 0.18164864182472226
v -0.005134989973157645 0.03899909183382989 -0.03779609873890876
v -0.015310420654714111 0.05034900084137918 0.18540740013122556
v -0.024393063038587577 0.05034899339079858 0.19313947856426236
v -0.02668034471571446 0.05034899339079858 0.19641852378845212
v -0.01859991811215878 0.03899915516376496 -0.03282081335783004
v -0.02339516952633858 0.03899118304252625 -0.030095174908637997
v -0.015310420654714111 0.05034900084137918 0.18540740013122556
v 0.031183328479528434 0.05034902319312097 0.21159216761589048
v 0.031055176630616195 0.05034902319312097 0.21558801829814908
v 0.031448271125555045 0.05009544268250467 0.2135120630264282
v -0.031055664643645293 0.050348989665508284 0.2155879884958267
v -0.017020715400576595 0.05034899711608888 0.23874020576477048
v -0.02668034471571446 0.05034899339079858 0.19641852378845212
v -0.031055664643645293 0.050348989665508284 0.2155879884958267
v -0.023096624761819843 0.05034899339079858 0.2335676401853561
v -0.017020715400576595 0.05034899711608888 0.23874020576477048
v -0.023096624761819843 0.05034899339079858 0.2335676401853561
v -0.031055664643645293 0.050348989665508284 0.2155879884958267
v -0.030417604371905334 0.050348989665508284 0.21953472495079038
v -0.024393063038587577 0.05034899339079858 0.19313947856426236
v -0.03199727833271027 0.03899992629885674 -0.02025157585740089
v -0.02668034471571446 0.05034899339079858 0.19641852378845212
v -0.029910286888480193 0.050348989665508284 0.2037149369716644
v -0.030799916014075286 0.050348989665508284 0.2076126933097839
v -0.02668034471571446 0.05034899339079858 0.19641852378845212
v -0.030799916014075286 0.050348989665508284 0.2076126933097839
v -0.029910286888480193 0.050348989665508284 0.2037149369716644
v -0.03639554604887963 0.0389992967247963 -0.01036927569657564
v 0.029765930026769645 0.03899851068854333 -0.02364307269454002
v 0.02439259178936482 0.05034901946783067 0.19313950836658475
v 0.026679871603846557 0.05034902319312097 0.1964185535907745
v 0.026679871603846557 0.05034902319312097 0.1964185535907745
v 0.02439259178936482 0.05034901946783067 0.19313950836658475
v 0.021704779937863353 0.05034901946783067 0.1901799291372299
v 0.021704779937863353 0.05034901946783067 0.1901799291372299
v 0.02439259178936482 0.05034901946783067 0.19313950836658475
v 0.029765930026769645 0.03899851068854333 -0.02364307269454002
v -0.004135663621127606 -0.037246394902467735 0.24274332821369168
v 0.004095781594514848 -0.03743610158562661 0.24273203313350675
v -0.001669436460360885 -0.035574249923229224 0.243051141500473
v 0.0317431353032589 -0.02828966267406941 0.21801759302616117
v 0.03213516995310784 -0.02900515869259835 0.2146366238594055
v 0.0321207344532013 -0.026820328086614616 0.21531242132186887
v 0.031448271125555045 0.05009544268250467 0.2135120630264282
v 0.0321207344532013 -0.026820328086614616 0.21531242132186887
v 0.03754755854606629 0.03899825736880303 -0.0017829409334808586
v 0.03213516995310784 -0.02900515869259835 0.2146366238594055
v 0.03754755854606629 0.03899825736880303 -0.0017829409334808586
v 0.0321207344532013 -0.026820328086614616 0.21531242132186887
v 0.031074142083525665 -0.027526479214429862 0.22111378610134122
v 0.03152182325720788 -0.0257514026015997 0.21947407722473142
v 0.030836902558803565 -0.02510963566601277 0.22208453714847562
v 0.031074142083525665 -0.027526479214429862 0.22111378610134122
v 0.0317431353032589 -0.02828966267406941 0.21801759302616117
v 0.03152182325720788 -0.0257514026015997 0.21947407722473142
v 0.0321207344532013 -0.026820328086614616 0.21531242132186887
v 0.03152182325720788 -0.0257514026015997 0.21947407722473142
v 0.0317431353032589 -0.02828966267406941 0.21801759302616117
v 0.029909806326031692 0.05034902319312097 0.2037149667739868
v 0.03410878777503968 0.03899647295475007 -0.016338624060153958
v 0.028529066592454917 0.05034902319312097 0.19996312260627744
v 0.028529066592454917 0.05034902319312097 0.19996312260627744
v 0.03410878777503968 0.03899647295475007 -0.016338624060153958
v 0.026679871603846557 0.05034902319312097 0.1964185535907745
v 0.026679871603846557 0.05034902319312097 0.1964185535907745
v 0.03410878777503968 0.03899647295475007 -0.016338624060153958
v 0.029765930026769645 0.03899851068854333 -0.02364307269454002
v 0.0369996763765812 0.02806090749800206 0.0035586350131779905
v 0.03704839944839478 0.0329534262418747 -0.005468891467899083
v 0.03754755854606629 0.03899825736880303 -0.0017829409334808586
v 0.03704839944839478 0.0329534262418747 -0.005468891467899083
v 0.0369996763765812 0.02806090749800206 0.0035586350131779905
v 0.03647569194436074 0.024483963847160346 -0.0028569076675921674
v 0.017666058614850048 -0.009264656342566015 -0.004351454321295022
v 0.018243968486785892 -0.00014674523845314982 -0.014674783684313296
v 0.023819362744688995 0.0020737051963806157 -0.011411334387958048
v 0.030992472544312484 -0.005973078310489656 0.03008409962058067
v 0.02967916242778302 -0.007431885227560999 0.018438309431076046
v 0.03243805468082429 0.0016852729022502904 0.011509520933032034
v 0.031045664101839072 0.0008136356482282283 0.005342084914445876
v 0.03243805468082429 0.0016852729022502904 0.011509520933032034
v 0.02967916242778302 -0.007431885227560999 0.018438309431076046
v 0.004521982744336129 0.0389973670244217 -0.037937629967927926
v 0.0015852476935833697 0.031956776976585395 -0.0377468392252922
v -0.005134989973157645 0.03899909183382989 -0.03779609873890876
v 0.007913687266409399 0.050349012017250075 0.1824129223823547
v 0.004521982744336129 0.0389973670244217 -0.037937629967927926
v 0.003989483695477248 0.050349008291959776 0.18164864182472226
v 0.011707949452102186 0.05034901574254037 0.18367271125316617
v 0.007913687266409399 0.050349012017250075 0.1824129223823547
v -2.3178326102879515e-07 0.050349008291959776 0.1813925355672836
v -2.3178326102879515e-07 0.050349008291959776 0.1813925355672836
v 0.007913687266409399 0.050349012017250075 0.1824129223823547
v 0.003989483695477248 0.050349008291959776 0.18164864182472226
v 0.004753389861434699 -0.026561252772808082 0.018874464556574818
v -0.002098897704854608 -0.02721711806952954 0.019923519343137738
v -0.0015181835042312746 -0.02384156174957753 0.011457258835434912
v 0.004887248389422894 -0.020554650574922565 0.005458132363855838
v 0.004753389861434699 -0.026561252772808082 0.018874464556574818
v -0.0015181835042312746 -0.02384156174957753 0.011457258835434912
v 0.03213516995310784 -0.02900515869259835 0.2146366238594055
v 0.030279116705060012 -0.03850970789790154 0.2150796204805374
v 0.03214508295059205 -0.029765568673610694 0.21099115908145902
v 0.03021964058279992 -0.03916929662227631 0.2119684666395187
v 0.03214508295059205 -0.029765568673610694 0.21099115908145902
v 0.030279116705060012 -0.03850970789790154 0.2150796204805374
v 0.03571286797523499 0.016860449686646465 0.006462658755481242
v 0.0369996763765812 0.02806090749800206 0.0035586350131779905
v 0.03214508295059205 -0.029765568673610694 0.21099115908145902
v 0.03213516995310784 -0.02900515869259835 0.2146366238594055
v 0.03214508295059205 -0.029765568673610694 0.21099115908145902
v 0.03754755854606629 0.03899825736880303 -0.0017829409334808586
v 0.03754755854606629 0.03899825736880303 -0.0017829409334808586
v 0.03214508295059205 -0.029765568673610694 0.21099115908145902
v 0.0369996763765812 0.02806090749800206 0.0035586350131779905
v 0.016216862946748737 -0.026411948725581176 0.03360090777277946
v 0.010711826384067537 -0.028448775410652168 0.030770583078265187
v 0.016623431816697124 -0.02248530834913254 0.01975951716303825
v 0.025295540690422065 -0.01836974918842316 0.034729458391666405
v 0.02123910561203957 -0.02274277433753014 0.034071877598762505
v 0.02596122212707997 -0.014734934084117416 0.022533677518367764
v 0.02967916242778302 -0.007431885227560999 0.018438309431076046
v 0.02596122212707997 -0.014734934084117416 0.022533677518367764
v 0.026704724878072746 -0.009710432030260565 0.011601037345826624
v 0.02861373499035836 -0.01297191716730595 0.035423129796981805
v 0.02596122212707997 -0.014734934084117416 0.022533677518367764
v 0.02967916242778302 -0.007431885227560999 0.018438309431076046
v 0.02861373499035836 -0.01297191716730595 0.035423129796981805
v 0.025295540690422065 -0.01836974918842316 0.034729458391666405
v 0.02596122212707997 -0.014734934084117416 0.022533677518367764
v 0.02123910561203957 -0.02274277433753014 0.034071877598762505
v 0.026535425335168845 -0.04378174617886544 0.20710375905036923
v 0.016216862946748737 -0.026411948725581176 0.03360090777277946
v 0.027709752321243293 -0.04274150356650353 0.20674955844879148
v 0.026535425335168845 -0.04378174617886544 0.20710375905036923
v 0.02123910561203957 -0.02274277433753014 0.034071877598762505
v -0.021452039480209354 -0.02256966941058636 0.0341997779905796
v -0.02555277012288571 -0.018044792115688327 0.034985058009624474
v -0.026870641857385642 -0.013812346383929256 0.02345795556902885
v -0.028826480731368072 0.0500834994018078 0.2252714782953262
v -0.02599960938096047 0.05001387000083925 0.23041290044784543
v -0.027661792933940894 0.050348989665508284 0.2270231246948242
v -0.008068248629570009 -0.019674271345138553 0.005090664140880107
v -0.012925493530929092 -0.014887703582644466 2.6490064556128342e-05
v -0.008335490711033346 -0.011762022040784362 -0.007080129347741603
v -0.008335490711033346 -0.011762022040784362 -0.007080129347741603
v -0.012925493530929092 -0.014887703582644466 2.6490064556128342e-05
v -0.013360478915274147 -0.006311371922492983 -0.011298347264528273
v -0.030237080529332168 -0.00641524698585272 0.019570635631680485
v -0.027641009539365775 -0.008907939307391645 0.012625486589968203
v -0.026870641857385642 -0.013812346383929256 0.02345795556902885
v -0.027641009539365775 -0.008907939307391645 0.012625486589968203
v -0.027546789497137077 -0.0032980907708406457 0.0017412133747711776
v -0.022300405427813533 -0.013723674230277542 0.009316672571003435
v -0.023801999166607864 0.00198699813336134 -0.011340919882059096
v -0.029501028358936317 0.005370397586375476 -0.006100278813391923
v -0.027028970420360572 0.01320227421820164 -0.01762464083731174
v -0.003431589575484396 -0.04650134593248368 0.19004969298839566
v -0.007635742891579868 -0.04652145504951478 0.19225649535655973
v 0.0015349634923040871 -0.03131900355219842 0.0380072072148323
v -0.012256347574293617 -0.046262279152870185 0.1930831670761108
v 0.0015349634923040871 -0.03131900355219842 0.0380072072148323
v -0.007635742891579868 -0.04652145504951478 0.19225649535655973
v 0.007574353367090227 -0.030435532331466682 0.03805483877658843
v 0.0015349634923040871 -0.03131900355219842 0.0380072072148323
v 0.004793137777596713 -0.02994170971214772 0.030689321458339688
v 0.007574353367090227 -0.030435532331466682 0.03805483877658843
v 0.015336826443672184 -0.04610574990510941 0.1954148560762405
v 0.0015349634923040871 -0.03131900355219842 0.0380072072148323
v 0.00996733643114567 -0.04643813520669938 0.19303931295871732
v 0.0015349634923040871 -0.03131900355219842 0.0380072072148323
v 0.015336826443672184 -0.04610574990510941 0.1954148560762405
v -0.002098897704854608 -0.02721711806952954 0.019923519343137738
v 6.636659963987769e-05 -0.03008911199867726 0.029714342206716534
v -0.004591085482388736 -0.02993853390216828 0.03048610873520374
v 6.636659963987769e-05 -0.03008911199867726 0.029714342206716534
v 0.0015349634923040871 -0.03131900355219842 0.0380072072148323
v -0.004591085482388736 -0.02993853390216828 0.03048610873520374
v 0.0015349634923040871 -0.03131900355219842 0.0380072072148323
v 6.636659963987769e-05 -0.03008911199867726 0.029714342206716534
v 0.004793137777596713 -0.02994170971214772 0.030689321458339688
v 0.004793137777596713 -0.02994170971214772 0.030689321458339688
v 6.636659963987769e-05 -0.03008911199867726 0.029714342206716534
v 0.004753389861434699 -0.026561252772808082 0.018874464556574818
v 0.004753389861434699 -0.026561252772808082 0.018874464556574818
v 6.636659963987769e-05 -0.03008911199867726 0.029714342206716534
v -0.002098897704854608 -0.02721711806952954 0.019923519343137738
v 0.007574353367090227 -0.030435532331466682 0.03805483877658843
v 0.02022076584398747 -0.04561088979244233 0.20019373297691342
v 0.015336826443672184 -0.04610574990510941 0.1954148560762405
v -0.012449257075786594 0.01697834394872189 -0.03098238259553909
v -0.015611934475600723 0.010116140358150007 -0.025323446840047833
v -0.01899194344878197 0.01782970875501633 -0.028040932491421696
v -0.015611934475600723 0.010116140358150007 -0.025323446840047833
v -0.012449257075786594 0.01697834394872189 -0.03098238259553909
v -0.008818564005196096 0.009447590447962286 -0.02768265455961227
v -0.02339516952633858 0.03899118304252625 -0.030095174908637997
v -0.02704486250877381 0.03899759054183961 -0.02667012996971607
v -0.02170524746179581 0.05034899339079858 0.1901799291372299
v -0.024393063038587577 0.05034899339079858 0.19313947856426236
v -0.02704486250877381 0.03899759054183961 -0.02667012996971607
v -0.03199727833271027 0.03899992629885674 -0.02025157585740089
v -0.02704486250877381 0.03899759054183961 -0.02667012996971607
v -0.024393063038587577 0.05034899339079858 0.19313947856426236
v -0.02170524746179581 0.05034899339079858 0.1901799291372299
v -0.02339516952633858 0.03899118304252625 -0.030095174908637997
v -0.018661037087440494 0.05034899711608888 0.1875883638858795
v -0.015310420654714111 0.05034900084137918 0.18540740013122556
v -0.02170524746179581 0.05034899339079858 0.1901799291372299
v -0.018661037087440494 0.05034899711608888 0.1875883638858795
v -0.02339516952633858 0.03899118304252625 -0.030095174908637997
v -0.024393063038587577 0.05034899339079858 0.19313947856426236
v -0.015310420654714111 0.05034900084137918 0.18540740013122556
v -0.018661037087440494 0.05034899711608888 0.1875883638858795
v -0.024393063038587577 0.05034899339079858 0.19313947856426236
v -0.018661037087440494 0.05034899711608888 0.1875883638858795
v -0.02170524746179581 0.05034899339079858 0.1901799291372299
v -0.015310420654714111 0.05034900084137918 0.18540740013122556
v -0.0141911068931222 0.03899840638041497 -0.035463433712720864
v -0.01859991811215878 0.03899915516376496 -0.03282081335783004
v -0.0141911068931222 0.03899840638041497 -0.035463433712720864
v -0.007914153859019281 0.05034900456666948 0.1824129223823547
v -0.005134989973157645 0.03899909183382989 -0.03779609873890876
v -0.01859991811215878 0.03899915516376496 -0.03282081335783004
v -0.0141911068931222 0.03899840638041497 -0.035463433712720864
v -0.02339516952633858 0.03899118304252625 -0.030095174908637997
v 0.028995692729949958 0.050022937357425704 0.2248657941818237
v 0.029279587790369994 0.05034902319312097 0.22336740791797635
v 0.027661299332976348 0.05034902319312097 0.22702315449714658
v 0.03152182325720788 -0.0257514026015997 0.21947407722473142
v 0.030568055808544166 0.043844390660524375 0.22041565179824826
v 0.030836902558803565 -0.02510963566601277 0.22208453714847562
v 0.026982989162206657 0.05002091825008394 0.22887808084487912
v 0.028995692729949958 0.050022937357425704 0.2248657941818237
v 0.027661299332976348 0.05034902319312097 0.22702315449714658
v -0.023096624761819843 0.05034899339079858 0.2335676401853561
v -0.02928007952868939 0.050348989665508284 0.22336737811565396
v -0.027661792933940894 0.050348989665508284 0.2270231246948242
v -0.02928007952868939 0.050348989665508284 0.22336737811565396
v -0.023096624761819843 0.05034899339079858 0.2335676401853561
v -0.030417604371905334 0.050348989665508284 0.21953472495079038
v -0.027661792933940894 0.050348989665508284 0.2270231246948242
v -0.02928007952868939 0.050348989665508284 0.22336737811565396
v -0.028826480731368072 0.0500834994018078 0.2252714782953262
v -0.030799916014075286 0.050348989665508284 0.2076126933097839
v -0.031183812767267234 0.050348989665508284 0.2115921378135681
v -0.02668034471571446 0.05034899339079858 0.19641852378845212
v -0.031183812767267234 0.050348989665508284 0.2115921378135681
v -0.031055664643645293 0.050348989665508284 0.2155879884958267
v -0.02668034471571446 0.05034899339079858 0.19641852378845212
v -0.030799916014075286 0.050348989665508284 0.2076126933097839
v -0.03756344690918923 0.03899715095758439 0.001040898961946368
v -0.031183812767267234 0.050348989665508284 0.2115921378135681
v -0.03639554604887963 0.0389992967247963 -0.01036927569657564
v -0.03389562293887139 0.03441493585705758 -0.016394997015595433
v -0.03641610965132714 0.03300942108035088 -0.008882511407136915
v -0.03199727833271027 0.03899992629885674 -0.02025157585740089
v -0.03389562293887139 0.03441493585705758 -0.016394997015595433
v -0.03639554604887963 0.0389992967247963 -0.01036927569657564
v -0.02852954156696797 0.050348989665508284 0.19996309280395505
v -0.029910286888480193 0.050348989665508284 0.2037149369716644
v -0.02668034471571446 0.05034899339079858 0.19641852378845212
v -0.029910286888480193 0.050348989665508284 0.2037149369716644
v -0.02852954156696797 0.050348989665508284 0.19996309280395505
v -0.03639554604887963 0.0389992967247963 -0.01036927569657564
v -0.03199727833271027 0.03899992629885674 -0.02025157585740089
v -0.02852954156696797 0.050348989665508284 0.19996309280395505
v -0.02668034471571446 0.05034899339079858 0.19641852378845212
v -0.03199727833271027 0.03899992629885674 -0.02025157585740089
v -0.03639554604887963 0.0389992967247963 -0.01036927569657564
v -0.02852954156696797 0.050348989665508284 0.19996309280395505
v 0.004095781594514848 -0.03743610158562661 0.24273203313350675
v 0.0018336253706365828 -0.03549663349986077 0.24304693937301633
v -0.001669436460360885 -0.035574249923229224 0.243051141500473
v 0.03021964058279992 -0.03916929662227631 0.2119684666395187
v 0.030279116705060012 -0.03850970789790154 0.2150796204805374
v 0.029643746092915542 -0.0403975397348404 0.21504092216491696
v 0.026704724878072746 -0.009710432030260565 0.011601037345826624
v 0.02758011221885682 -0.003150065429508687 0.001584628247655928
v 0.031045664101839072 0.0008136356482282283 0.005342084914445876
v 0.03243805468082429 0.0016852729022502904 0.011509520933032034
v 0.03415200114250184 0.008169445209205152 0.010183818638324736
v 0.03021964058279992 -0.03916929662227631 0.2119684666395187
v 0.03415200114250184 0.008169445209205152 0.010183818638324736
v 0.03214508295059205 -0.029765568673610694 0.21099115908145902
v 0.03021964058279992 -0.03916929662227631 0.2119684666395187
v 0.03214508295059205 -0.029765568673610694 0.21099115908145902
v 0.03415200114250184 0.008169445209205152 0.010183818638324736
v 0.03571286797523499 0.016860449686646465 0.006462658755481242
v 0.021704779937863353 0.05034901946783067 0.1901799291372299
v 0.029765930026769645 0.03899851068854333 -0.02364307269454002
v 0.02249514311552048 0.03899924829602242 -0.03066737204790115
v 0.021704779937863353 0.05034901946783067 0.1901799291372299
v 0.02249514311552048 0.03899924829602242 -0.03066737204790115
v 0.018660567700862888 0.05034901946783067 0.1875883638858795
v 0.018660567700862888 0.05034901946783067 0.1875883638858795
v 0.02249514311552048 0.03899924829602242 -0.03066737204790115
v 0.015309951268136505 0.05034901574254037 0.18540740013122556
v 0.024916371330618865 0.022072777152061466 -0.025293361395597454
v 0.020800508558750156 0.014412986114621166 -0.02487572096288204
v 0.01906446181237698 0.019357860088348392 -0.02877062931656837
v 0.004887248389422894 -0.020554650574922565 0.005458132363855838
v -0.0015181835042312746 -0.02384156174957753 0.011457258835434912
v -0.0015428219921886925 -0.02055279538035393 0.004867761395871638
v 0.004887248389422894 -0.020554650574922565 0.005458132363855838
v -0.0015428219921886925 -0.02055279538035393 0.004867761395871638
v -0.0015692957676947121 -0.016794933006167415 -0.001451702322810888
v -0.008068248629570009 -0.019674271345138553 0.005090664140880107
v -0.0015428219921886925 -0.02055279538035393 0.004867761395871638
v -0.0015181835042312746 -0.02384156174957753 0.011457258835434912
v -0.0015692957676947121 -0.016794933006167415 -0.001451702322810888
v -0.0015428219921886925 -0.02055279538035393 0.004867761395871638
v -0.008068248629570009 -0.019674271345138553 0.005090664140880107
v 0.0050476035103201875 -0.012678393162786964 -0.006876321043819188
v 0.004887248389422894 -0.020554650574922565 0.005458132363855838
v -0.0015692957676947121 -0.016794933006167415 -0.001451702322810888
v 0.004887248389422894 -0.020554650574922565 0.005458132363855838
v 0.0050476035103201875 -0.012678393162786964 -0.006876321043819188
v 0.011395120061933996 -0.015332054346799854 -0.0003917677677236497
v 0.005211079493165017 -0.0030657085590064534 -0.01793907582759857
v -0.0016532317968085413 -0.002878497820347548 -0.018537269905209538
v -0.0014639655128121378 0.004921532701700927 -0.025519357994198796
v 0.011395120061933996 -0.015332054346799854 -0.0003917677677236497
v 0.017666058614850048 -0.009264656342566015 -0.004351454321295022
v 0.017102245241403583 -0.016753133386373523 0.007186604663729667
v 0.026535425335168845 -0.04378174617886544 0.20710375905036923
v 0.025126557797193534 -0.044387869536876685 0.20479765534400937
v 0.016216862946748737 -0.026411948725581176 0.03360090777277946
v 0.016216862946748737 -0.026411948725581176 0.03360090777277946
v 0.025126557797193534 -0.044387869536876685 0.20479765534400937
v 0.02338739484548569 -0.04504238069057465 0.20351882278919217
v -0.031055664643645293 0.050348989665508284 0.2155879884958267
v -0.03067020885646344 0.050030585378408446 0.21985247731208798
v -0.030417604371905334 0.050348989665508284 0.21953472495079038
v -0.03067020885646344 0.050030585378408446 0.21985247731208798
v -0.02928007952868939 0.050348989665508284 0.22336737811565396
v -0.030417604371905334 0.050348989665508284 0.21953472495079038
v -0.02928007952868939 0.050348989665508284 0.22336737811565396
v -0.03067020885646344 0.050030585378408446 0.21985247731208798
v -0.028826480731368072 0.0500834994018078 0.2252714782953262
v -0.03213912621140481 -0.02898248657584191 0.214645579457283
v -0.032132063060998924 -0.026842156425118453 0.2151767164468765
v -0.03222364932298661 -0.027454061433672912 0.21261051297187802
v -0.030219523236155517 -0.03917143866419793 0.21197292208671567
v -0.03214735910296441 -0.02974707446992398 0.21107679605484006
v -0.03572176769375802 0.0173069853335619 0.002427889499813318
v -0.03389562293887139 0.03441493585705758 -0.016394997015595433
v -0.034340105950832374 0.0255150105804205 -0.01251561753451824
v -0.03641610965132714 0.03300942108035088 -0.008882511407136915
v -0.027028970420360572 0.01320227421820164 -0.01762464083731174
v -0.029501028358936317 0.005370397586375476 -0.006100278813391923
v -0.031265698373317725 0.015282873995602134 -0.012420267798006533
v -0.027028970420360572 0.01320227421820164 -0.01762464083731174
v -0.031265698373317725 0.015282873995602134 -0.012420267798006533
v -0.03166388720273972 0.02129953540861607 -0.015992322936654087
v -0.034340105950832374 0.0255150105804205 -0.01251561753451824
v -0.03166388720273972 0.02129953540861607 -0.015992322936654087
v -0.031265698373317725 0.015282873995602134 -0.012420267798006533
v -0.006684151012450458 -0.03727963194251061 0.24230548739433286
v -0.007142198737710716 -0.022084038704633716 0.24405272305011746
v -0.009126875549554827 -0.03764689341187478 0.2416082918643951
v -0.007142198737710716 -0.022084038704633716 0.24405272305011746
v -0.006684151012450458 -0.03727963194251061 0.24230548739433286
v -0.004135663621127606 -0.037246394902467735 0.24274332821369168
v -0.007142198737710716 -0.022084038704633716 0.24405272305011746
v -0.0034156960900872954 -0.022030876949429515 0.24465119838714597
v -0.006527252495288851 -0.01961302943527699 0.24423082172870633
v -0.007142198737710716 -0.022084038704633716 0.24405272305011746
v -0.004135663621127606 -0.037246394902467735 0.24274332821369168
v -0.0034156960900872954 -0.022030876949429515 0.24465119838714597
v -0.030139356851577766 -0.039068438112735755 0.21496579051017758
v -0.03213912621140481 -0.02898248657584191 0.214645579457283
v -0.03214735910296441 -0.02974707446992398 0.21107679605484006
v -0.030219523236155517 -0.03917143866419793 0.21197292208671567
v -0.030139356851577766 -0.039068438112735755 0.21496579051017758
v -0.03214735910296441 -0.02974707446992398 0.21107679605484006
v -0.030237080529332168 -0.00641524698585272 0.019570635631680485
v -0.026870641857385642 -0.013812346383929256 0.02345795556902885
v -0.028656931594014175 -0.012898779474198822 0.03574100509285926
v -0.02555277012288571 -0.018044792115688327 0.034985058009624474
v -0.028656931594014175 -0.012898779474198822 0.03574100509285926
v -0.026870641857385642 -0.013812346383929256 0.02345795556902885
v -0.025589289143681533 0.050348989665508284 0.23044200241565702
v -0.023096624761819843 0.05034899339079858 0.2335676401853561
v -0.027661792933940894 0.050348989665508284 0.2270231246948242
v -0.02599960938096047 0.05001387000083925 0.23041290044784543
v -0.025589289143681533 0.050348989665508284 0.23044200241565702
v -0.027661792933940894 0.050348989665508284 0.2270231246948242
v -0.025589289143681533 0.050348989665508284 0.23044200241565702
v -0.023779103532433517 0.050104603171348586 0.23316426575183866
v -0.023096624761819843 0.05034899339079858 0.2335676401853561
v -0.023779103532433517 0.050104603171348586 0.23316426575183866
v -0.025589289143681533 0.050348989665508284 0.23044200241565702
v -0.02599960938096047 0.05001387000083925 0.23041290044784543
v -0.017355246469378475 -0.013287987560033802 0.0013615899952128527
v -0.017940990626811985 -0.004963876213878394 -0.009617536328732966
v -0.012925493530929092 -0.014887703582644466 2.6490064556128342e-05
v -0.012925493530929092 -0.014887703582644466 2.6490064556128342e-05
v -0.017940990626811985 -0.004963876213878394 -0.009617536328732966
v -0.013360478915274147 -0.006311371922492983 -0.011298347264528273
v -0.01685261726379395 0.0018109207740053539 -0.017644425854086872
v -0.017940990626811985 -0.004963876213878394 -0.009617536328732966
v -0.023801999166607864 0.00198699813336134 -0.011340919882059096
v -0.013360478915274147 -0.006311371922492983 -0.011298347264528273
v -0.017940990626811985 -0.004963876213878394 -0.009617536328732966
v -0.01685261726379395 0.0018109207740053539 -0.017644425854086872
v -0.027641009539365775 -0.008907939307391645 0.012625486589968203
v -0.030237080529332168 -0.00641524698585272 0.019570635631680485
v -0.030996048822999007 0.0005714746657758952 0.00560067594051361
v -0.027641009539365775 -0.008907939307391645 0.012625486589968203
v -0.030996048822999007 0.0005714746657758952 0.00560067594051361
v -0.027546789497137077 -0.0032980907708406457 0.0017412133747711776
v -0.030996048822999007 0.0005714746657758952 0.00560067594051361
v -0.033338669687509544 0.009557644836604597 6.944610504433512e-06
v -0.029501028358936317 0.005370397586375476 -0.006100278813391923
v -0.027546789497137077 -0.0032980907708406457 0.0017412133747711776
v -0.030996048822999007 0.0005714746657758952 0.00560067594051361
v -0.029501028358936317 0.005370397586375476 -0.006100278813391923
v -0.021452039480209354 -0.02256966941058636 0.0341997779905796
v -0.026870641857385642 -0.013812346383929256 0.02345795556902885
v -0.021677665412426 -0.019133014604449276 0.021220928058028218
v -0.027641009539365775 -0.008907939307391645 0.012625486589968203
v -0.021677665412426 -0.019133014604449276 0.021220928058028218
v -0.026870641857385642 -0.013812346383929256 0.02345795556902885
v -0.027641009539365775 -0.008907939307391645 0.012625486589968203
v -0.022300405427813533 -0.013723674230277542 0.009316672571003435
v -0.021677665412426 -0.019133014604449276 0.021220928058028218
v -0.012925493530929092 -0.014887703582644466 2.6490064556128342e-05
v -0.01253081858158112 -0.021713005378842357 0.012504492886364458
v -0.017355246469378475 -0.013287987560033802 0.0013615899952128527
v -0.012925493530929092 -0.014887703582644466 2.6490064556128342e-05
v -0.008068248629570009 -0.019674271345138553 0.005090664140880107
v -0.01253081858158112 -0.021713005378842357 0.012504492886364458
v -0.004591085482388736 -0.02993853390216828 0.03048610873520374
v -0.007846260443329813 -0.02573607116937638 0.018347287550568577
v -0.002098897704854608 -0.02721711806952954 0.019923519343137738
v -0.01253081858158112 -0.021713005378842357 0.012504492886364458
v -0.007846260443329813 -0.02573607116937638 0.018347287550568577
v -0.015157866291701797 -0.024415301159024246 0.022990874946117398
v -0.002098897704854608 -0.02721711806952954 0.019923519343137738
v -0.007846260443329813 -0.02573607116937638 0.018347287550568577
v -0.0015181835042312746 -0.02384156174957753 0.011457258835434912
v -0.0015181835042312746 -0.02384156174957753 0.011457258835434912
v -0.007846260443329813 -0.02573607116937638 0.018347287550568577
v -0.008068248629570009 -0.019674271345138553 0.005090664140880107
v -0.01253081858158112 -0.021713005378842357 0.012504492886364458
v -0.008068248629570009 -0.019674271345138553 0.005090664140880107
v -0.007846260443329813 -0.02573607116937638 0.018347287550568577
v -0.003431589575484396 -0.04650134593248368 0.19004969298839566
v 0.0010201435070484879 -0.04651926085352898 0.18983413279056546
v 0.0026300337631255393 -0.04660023003816605 0.19133725762367246
v 0.0015349634923040871 -0.03131900355219842 0.0380072072148323
v 0.0010201435070484879 -0.04651926085352898 0.18983413279056546
v -0.003431589575484396 -0.04650134593248368 0.19004969298839566
v 0.0015349634923040871 -0.03131900355219842 0.0380072072148323
v -0.004189776722341777 -0.03136256709694863 0.042967222630977624
v -0.004591085482388736 -0.02993853390216828 0.03048610873520374
v 0.0015349634923040871 -0.03131900355219842 0.0380072072148323
v -0.012256347574293617 -0.046262279152870185 0.1930831670761108
v -0.004189776722341777 -0.03136256709694863 0.042967222630977624
v -0.004591085482388736 -0.02993853390216828 0.03048610873520374
v -0.004189776722341777 -0.03136256709694863 0.042967222630977624
v -0.00785441789776087 -0.030361481010913856 0.038023781031370156
v -0.00785441789776087 -0.030361481010913856 0.038023781031370156
v -0.004189776722341777 -0.03136256709694863 0.042967222630977624
v -0.012256347574293617 -0.046262279152870185 0.1930831670761108
v 0.00996733643114567 -0.04643813520669938 0.19303931295871732
v 0.0026300337631255393 -0.04660023003816605 0.19133725762367246
v 0.005447888281196357 -0.04647068306803704 0.19041125476360318
v 0.0015349634923040871 -0.03131900355219842 0.0380072072148323
v 0.00996733643114567 -0.04643813520669938 0.19303931295871732
v 0.005447888281196357 -0.04647068306803704 0.19041125476360318
v 0.0010201435070484879 -0.04651926085352898 0.18983413279056546
v 0.005447888281196357 -0.04647068306803704 0.19041125476360318
v 0.0026300337631255393 -0.04660023003816605 0.19133725762367246
v 0.0015349634923040871 -0.03131900355219842 0.0380072072148323
v 0.005447888281196357 -0.04647068306803704 0.19041125476360318
v 0.0010201435070484879 -0.04651926085352898 0.18983413279056546
v -0.00785441789776087 -0.030361481010913856 0.038023781031370156
v -0.015687307342886928 -0.04597279056906701 0.1947374194860458
v -0.021214701235294346 -0.04538460448384286 0.20005948841571805
v -0.015687307342886928 -0.04597279056906701 0.1947374194860458
v -0.00785441789776087 -0.030361481010913856 0.038023781031370156
v -0.012256347574293617 -0.046262279152870185 0.1930831670761108
v 0.02022076584398747 -0.04561088979244233 0.20019373297691342
v 0.02173513919115067 -0.04519649595022202 0.19989739358425138
v 0.02338739484548569 -0.04504238069057465 0.20351882278919217
v 0.007574353367090227 -0.030435532331466682 0.03805483877658843
v 0.02173513919115067 -0.04519649595022202 0.19989739358425138
v 0.02022076584398747 -0.04561088979244233 0.20019373297691342
v 0.02338739484548569 -0.04504238069057465 0.20351882278919217
v 0.02173513919115067 -0.04519649595022202 0.19989739358425138
v 0.010711826384067537 -0.028448775410652168 0.030770583078265187
v 0.007574353367090227 -0.030435532331466682 0.03805483877658843
v 0.010711826384067537 -0.028448775410652168 0.030770583078265187
v 0.02173513919115067 -0.04519649595022202 0.19989739358425138
v 0.001489137415774167 0.01582036539912224 -0.03272098302841186
v -0.0036611959803849467 0.013800660148262981 -0.031434163451194756
v -0.003639796283096076 0.020865669474005703 -0.03474910929799079
v -0.008818564005196096 0.009447590447962286 -0.02768265455961227
v -0.0036611959803849467 0.013800660148262981 -0.031434163451194756
v -0.0014639655128121378 0.004921532701700927 -0.025519357994198796
v -0.015611934475600723 0.010116140358150007 -0.025323446840047833
v -0.02174441516399384 0.011455379426479341 -0.021981541067361828
v -0.01899194344878197 0.01782970875501633 -0.028040932491421696
v -0.01685261726379395 0.0018109207740053539 -0.017644425854086872
v -0.02174441516399384 0.011455379426479341 -0.021981541067361828
v -0.015611934475600723 0.010116140358150007 -0.025323446840047833
v -0.023801999166607864 0.00198699813336134 -0.011340919882059096
v -0.02174441516399384 0.011455379426479341 -0.021981541067361828
v -0.01685261726379395 0.0018109207740053539 -0.017644425854086872
v -0.027028970420360572 0.01320227421820164 -0.01762464083731174
v -0.02174441516399384 0.011455379426479341 -0.021981541067361828
v -0.023801999166607864 0.00198699813336134 -0.011340919882059096
v -0.003639796283096076 0.020865669474005703 -0.03474910929799079
v -0.009010725654661657 0.027119575068354614 -0.03574008867144584
v -0.0018317048670724039 0.027835229411721236 -0.036979619413614266
v -0.02704486250877381 0.03899759054183961 -0.02667012996971607
v -0.02339516952633858 0.03899118304252625 -0.030095174908637997
v -0.027747949585318572 0.0302768424153328 -0.025027003139257428
v -0.007914153859019281 0.05034900456666948 0.1824129223823547
v -0.011708406731486322 0.05034900084137918 0.18367271125316617
v -0.015310420654714111 0.05034900084137918 0.18540740013122556
v -0.015310420654714111 0.05034900084137918 0.18540740013122556
v -0.011708406731486322 0.05034900084137918 0.18367271125316617
v -0.0141911068931222 0.03899840638041497 -0.035463433712720864
v -0.0141911068931222 0.03899840638041497 -0.035463433712720864
v -0.011708406731486322 0.05034900084137918 0.18367271125316617
v -0.007914153859019281 0.05034900456666948 0.1824129223823547
v -0.0141911068931222 0.03899840638041497 -0.035463433712720864
v -0.01903563924133778 0.03434026613831521 -0.03278243169188499
v -0.02339516952633858 0.03899118304252625 -0.030095174908637997
v 0.029279587790369994 0.05034902319312097 0.22336740791797635
v 0.029843267053365714 0.050101846456527724 0.2225334048271179
v 0.030417116358876235 0.05034902319312097 0.21953475475311277
v 0.028995692729949958 0.050022937357425704 0.2248657941818237
v 0.029843267053365714 0.050101846456527724 0.2225334048271179
v 0.029279587790369994 0.05034902319312097 0.22336740791797635
v 0.030568055808544166 0.043844390660524375 0.22041565179824826
v 0.029843267053365714 0.050101846456527724 0.2225334048271179
v 0.030836902558803565 -0.02510963566601277 0.22208453714847562
v 0.030836902558803565 -0.02510963566601277 0.22208453714847562
v 0.030034925788640983 -0.026641773059964187 0.2243169844150543
v 0.031074142083525665 -0.027526479214429862 0.22111378610134122
v 0.029858399182558067 -0.02442086301743985 0.22484613955020902
v 0.030034925788640983 -0.026641773059964187 0.2243169844150543
v 0.030836902558803565 -0.02510963566601277 0.22208453714847562
v 0.028995692729949958 0.050022937357425704 0.2248657941818237
v 0.02851622551679612 -0.023670652881264694 0.22771154344081876
v 0.029858399182558067 -0.02442086301743985 0.22484613955020902
v 0.027484450489282615 -0.023298526182770733 0.2295366674661636
v 0.02851622551679612 -0.023670652881264694 0.22771154344081876
v 0.026982989162206657 0.05002091825008394 0.22887808084487912
v -0.031183812767267234 0.050348989665508284 0.2115921378135681
v -0.03145617619156838 0.05009354278445245 0.21396581828594205
v -0.031055664643645293 0.050348989665508284 0.2155879884958267
v -0.031183812767267234 0.050348989665508284 0.2115921378135681
v -0.03756344690918923 0.03899715095758439 0.001040898961946368
v -0.03145617619156838 0.05009354278445245 0.21396581828594205
v -0.03067020885646344 0.050030585378408446 0.21985247731208798
v -0.031055664643645293 0.050348989665508284 0.2155879884958267
v -0.03145617619156838 0.05009354278445245 0.21396581828594205
v -0.03222364932298661 -0.027454061433672912 0.21261051297187802
v -0.03145617619156838 0.05009354278445245 0.21396581828594205
v -0.03756344690918923 0.03899715095758439 0.001040898961946368
v -0.032132063060998924 -0.026842156425118453 0.2151767164468765
v -0.03145617619156838 0.05009354278445245 0.21396581828594205
v -0.03222364932298661 -0.027454061433672912 0.21261051297187802
v 0.004095781594514848 -0.03743610158562661 0.24273203313350675
v 0.006988640408962967 -0.02209204621613026 0.24408669769763944
v 0.003381704445928336 -0.022176714614033703 0.24463312327861783
v 0.01044717710465193 -0.022353716194629673 0.2431058883666992
v 0.006988640408962967 -0.02209204621613026 0.24408669769763944
v 0.00917608477175236 -0.03716793283820153 0.24163563549518582
v 0.006988640408962967 -0.02209204621613026 0.24408669769763944
v 0.01044717710465193 -0.022353716194629673 0.2431058883666992
v 0.009647599421441557 -0.019856955856084827 0.24342152476310727
v 0.006988640408962967 -0.02209204621613026 0.24408669769763944
v 0.009647599421441557 -0.019856955856084827 0.24342152476310727
v 0.006543863099068405 -0.019520051777362827 0.24418941140174863
v 0.01676842570304871 -0.03933116793632508 0.23735612630844113
v 0.014495536684989933 -0.037785105407238014 0.23931314051151273
v 0.01411998458206654 -0.03980491310358048 0.23868195712566373
v 0.017020212486386303 0.05034901574254037 0.23874020576477048
v 0.023096127435565 0.05034901946783067 0.2335676699876785
v 0.027661299332976348 0.05034902319312097 0.22702315449714658
v -0.017020715400576595 0.05034899711608888 0.23874020576477048
v 0.009830997325479986 0.050349012017250075 0.24220225214958188
v 0.027661299332976348 0.05034902319312097 0.22702315449714658
v 0.027661299332976348 0.05034902319312097 0.22702315449714658
v 0.009830997325479986 0.050349012017250075 0.24220225214958188
v 0.017020212486386303 0.05034901574254037 0.23874020576477048
v 0.017020212486386303 0.05034901574254037 0.23874020576477048
v 0.009830997325479986 0.050349012017250075 0.24220225214958188
v 0.013536747545003894 0.050349012017250075 0.2407019734382629
v 0.013536747545003894 0.050349012017250075 0.2407019734382629
v 0.009830997325479986 0.050349012017250075 0.24220225214958188
v 0.010881641879677774 0.05002251639962198 0.2421387583017349
v -0.009831501170992853 0.05034900084137918 0.24220225214958188
v 0.009830997325479986 0.050349012017250075 0.24220225214958188
v -0.017020715400576595 0.05034899711608888 0.23874020576477048
v 0.009830997325479986 0.050349012017250075 0.24220225214958188
v -0.009831501170992853 0.05034900084137918 0.24220225214958188
v -0.0019992168527096514 0.05034900456666948 0.24372763931751248
v 0.02707131020724774 -0.04316040500998498 0.21656414866447446
v 0.02695234119892121 -0.04236676543951035 0.2205700576305389
v 0.025465784594416625 -0.04311609640717507 0.22160595655441281
v 0.02695234119892121 -0.04236676543951035 0.2205700576305389
v 0.02707131020724774 -0.04316040500998498 0.21656414866447446
v 0.028351193293929107 -0.04177439212799073 0.21775661408901212
v 0.02695234119892121 -0.04236676543951035 0.2205700576305389
v 0.025601956993341453 -0.04211243987083436 0.22447882592678067
v 0.025465784594416625 -0.04311609640717507 0.22160595655441281
v 0.01676842570304871 -0.03933116793632508 0.23735612630844113
v 0.01411998458206654 -0.03980491310358048 0.23868195712566373
v 0.01762032695114613 -0.04042720794677735 0.236028715968132
v 0.01676842570304871 -0.03933116793632508 0.23735612630844113
v 0.01762032695114613 -0.04042720794677735 0.236028715968132
v 0.01913220621645451 -0.03941790014505387 0.23556354641914365
v 0.030799435451626785 0.05034902319312097 0.2076127231121063
v 0.0364435762166977 0.03899918496608735 -0.009525917470455168
v 0.029909806326031692 0.05034902319312097 0.2037149667739868
v 0.03410878777503968 0.03899647295475007 -0.016338624060153958
v 0.029909806326031692 0.05034902319312097 0.2037149667739868
v 0.0364435762166977 0.03899918496608735 -0.009525917470455168
v 0.0364435762166977 0.03899918496608735 -0.009525917470455168
v 0.030799435451626785 0.05034902319312097 0.2076127231121063
v 0.03754755854606629 0.03899825736880303 -0.0017829409334808586
v 0.03410878777503968 0.03899647295475007 -0.016338624060153958
v 0.0364435762166977 0.03899918496608735 -0.009525917470455168
v 0.035189069807529456 0.03390709683299065 -0.013194015249609945
v 0.03704839944839478 0.0329534262418747 -0.005468891467899083
v 0.0364435762166977 0.03899918496608735 -0.009525917470455168
v 0.03754755854606629 0.03899825736880303 -0.0017829409334808586
v 0.03704839944839478 0.0329534262418747 -0.005468891467899083
v 0.035189069807529456 0.03390709683299065 -0.013194015249609945
v 0.0364435762166977 0.03899918496608735 -0.009525917470455168
v 0.03704839944839478 0.0329534262418747 -0.005468891467899083
v 0.03647569194436074 0.024483963847160346 -0.0028569076675921674
v 0.03494891524314881 0.026660623028874404 -0.011425179429352282
v 0.03704839944839478 0.0329534262418747 -0.005468891467899083
v 0.03494891524314881 0.026660623028874404 -0.011425179429352282
v 0.035189069807529456 0.03390709683299065 -0.013194015249609945
v 0.03494891524314881 0.026660623028874404 -0.011425179429352282
v 0.03647569194436074 0.024483963847160346 -0.0028569076675921674
v 0.03491507843136788 0.015817234292626384 -0.001880179508589208
v 0.03494891524314881 0.026660623028874404 -0.011425179429352282
v 0.03491507843136788 0.015817234292626384 -0.001880179508589208
v 0.03321665897965432 0.017573900520801548 -0.009940245188772677
v 0.03571286797523499 0.016860449686646465 0.006462658755481242
v 0.03491507843136788 0.015817234292626384 -0.001880179508589208
v 0.03647569194436074 0.024483963847160346 -0.0028569076675921674
v 0.03415200114250184 0.008169445209205152 0.010183818638324736
v 0.03491507843136788 0.015817234292626384 -0.001880179508589208
v 0.03571286797523499 0.016860449686646465 0.006462658755481242
v 0.031045664101839072 0.0008136356482282283 0.005342084914445876
v 0.03491507843136788 0.015817234292626384 -0.001880179508589208
v 0.03243805468082429 0.0016852729022502904 0.011509520933032034
v 0.03491507843136788 0.015817234292626384 -0.001880179508589208
v 0.03415200114250184 0.008169445209205152 0.010183818638324736
v 0.03243805468082429 0.0016852729022502904 0.011509520933032034
v 0.0015852476935833697 0.031956776976585395 -0.0377468392252922
v 0.004521982744336129 0.0389973670244217 -0.037937629967927926
v 0.009289465844631197 0.034167822450399406 -0.036808650940656655
v 0.012500766664743427 0.02029460668563843 -0.03246204555034637
v 0.019212804734706882 0.025837898254394538 -0.031098069623112675
v 0.01906446181237698 0.019357860088348392 -0.02877062931656837
v 0.019212804734706882 0.025837898254394538 -0.031098069623112675
v 0.024916371330618865 0.022072777152061466 -0.025293361395597454
v 0.01906446181237698 0.019357860088348392 -0.02877062931656837
v 0.020800508558750156 0.014412986114621166 -0.02487572096288204
v 0.012362101115286354 0.013552122749388221 -0.029141886159777638
v 0.01906446181237698 0.019357860088348392 -0.02877062931656837
v 0.01906446181237698 0.019357860088348392 -0.02877062931656837
v 0.012362101115286354 0.013552122749388221 -0.029141886159777638
v 0.012500766664743427 0.02029460668563843 -0.03246204555034637
v 0.018605861812829975 0.0076694856397807615 -0.021435914561152455
v 0.012362101115286354 0.013552122749388221 -0.029141886159777638
v 0.020800508558750156 0.014412986114621166 -0.02487572096288204
v 0.0015852476935833697 0.031956776976585395 -0.0377468392252922
v 0.0015986681682989006 0.0222812332212925 -0.03544603660702705
v -0.0018317048670724039 0.027835229411721236 -0.036979619413614266
v -0.0018317048670724039 0.027835229411721236 -0.036979619413614266
v 0.0015986681682989006 0.0222812332212925 -0.03544603660702705
v -0.003639796283096076 0.020865669474005703 -0.03474910929799079
v 0.001489137415774167 0.01582036539912224 -0.03272098302841186
v -0.003639796283096076 0.020865669474005703 -0.03474910929799079
v 0.0015986681682989006 0.0222812332212925 -0.03544603660702705
v 0.027925385162234313 0.034794669598340995 -0.02550893649458885
v 0.02249514311552048 0.03899924829602242 -0.03066737204790115
v 0.029765930026769645 0.03899851068854333 -0.02364307269454002
v 0.02249514311552048 0.03899924829602242 -0.03066737204790115
v 0.027925385162234313 0.034794669598340995 -0.02550893649458885
v 0.02246249653398991 0.03471780195832253 -0.030536454170942303
v 0.0050476035103201875 -0.012678393162786964 -0.006876321043819188
v 0.005211079493165017 -0.0030657085590064534 -0.01793907582759857
v 0.01177480444312096 -0.006685800384730102 -0.011806433089077471
v 0.017666058614850048 -0.009264656342566015 -0.004351454321295022
v 0.01177480444312096 -0.006685800384730102 -0.011806433089077471
v 0.018243968486785892 -0.00014674523845314982 -0.014674783684313296
v 0.011395120061933996 -0.015332054346799854 -0.0003917677677236497
v 0.01177480444312096 -0.006685800384730102 -0.011806433089077471
v 0.017666058614850048 -0.009264656342566015 -0.004351454321295022
v 0.0050476035103201875 -0.012678393162786964 -0.006876321043819188
v 0.01177480444312096 -0.006685800384730102 -0.011806433089077471
v 0.011395120061933996 -0.015332054346799854 -0.0003917677677236497
v 0.0050476035103201875 -0.012678393162786964 -0.006876321043819188
v -0.0016252681380137806 -0.007941124960780145 -0.01317877974361181
v 0.005211079493165017 -0.0030657085590064534 -0.01793907582759857
v -0.0016252681380137806 -0.007941124960780145 -0.01317877974361181
v -0.0016532317968085413 -0.002878497820347548 -0.018537269905209538
v 0.005211079493165017 -0.0030657085590064534 -0.01793907582759857
v -0.008612179197371008 -0.0021336532663553958 -0.017974220216274258
v -0.008818564005196096 0.009447590447962286 -0.02768265455961227
v -0.0014639655128121378 0.004921532701700927 -0.025519357994198796
v -0.0016532317968085413 -0.002878497820347548 -0.018537269905209538
v -0.008612179197371008 -0.0021336532663553958 -0.017974220216274258
v -0.0014639655128121378 0.004921532701700927 -0.025519357994198796
v -0.013360478915274147 -0.006311371922492983 -0.011298347264528273
v -0.01685261726379395 0.0018109207740053539 -0.017644425854086872
v -0.008612179197371008 -0.0021336532663553958 -0.017974220216274258
v -0.013360478915274147 -0.006311371922492983 -0.011298347264528273
v -0.008612179197371008 -0.0021336532663553958 -0.017974220216274258
v -0.008335490711033346 -0.011762022040784362 -0.007080129347741603
v -0.015611934475600723 0.010116140358150007 -0.025323446840047833
v -0.008612179197371008 -0.0021336532663553958 -0.017974220216274258
v -0.01685261726379395 0.0018109207740053539 -0.017644425854086872
v -0.008818564005196096 0.009447590447962286 -0.02768265455961227
v -0.008612179197371008 -0.0021336532663553958 -0.017974220216274258
v -0.015611934475600723 0.010116140358150007 -0.025323446840047833
v -0.0016252681380137806 -0.007941124960780145 -0.01317877974361181
v -0.008335490711033346 -0.011762022040784362 -0.007080129347741603
v -0.008612179197371008 -0.0021336532663553958 -0.017974220216274258
v -0.0016252681380137806 -0.007941124960780145 -0.01317877974361181
v -0.008612179197371008 -0.0021336532663553958 -0.017974220216274258
v -0.0016532317968085413 -0.002878497820347548 -0.018537269905209538
v 0.02596122212707997 -0.014734934084117416 0.022533677518367764
v 0.021706260740756992 -0.01903900317847729 0.021017273887991902
v 0.026704724878072746 -0.009710432030260565 0.011601037345826624
v 0.02596122212707997 -0.014734934084117416 0.022533677518367764
v 0.02123910561203957 -0.02274277433753014 0.034071877598762505
v 0.021706260740756992 -0.01903900317847729 0.021017273887991902
v 0.016216862946748737 -0.026411948725581176 0.03360090777277946
v 0.021706260740756992 -0.01903900317847729 0.021017273887991902
v 0.02123910561203957 -0.02274277433753014 0.034071877598762505
v 0.016623431816697124 -0.02248530834913254 0.01975951716303825
v 0.021706260740756992 -0.01903900317847729 0.021017273887991902
v 0.016216862946748737 -0.026411948725581176 0.03360090777277946
v 0.011395120061933996 -0.015332054346799854 -0.0003917677677236497
v 0.011047994717955591 -0.022215465083718303 0.012179774232208727
v 0.004887248389422894 -0.020554650574922565 0.005458132363855838
v 0.017102245241403583 -0.016753133386373523 0.007186604663729667
v 0.011047994717955591 -0.022215465083718303 0.012179774232208727
v 0.011395120061933996 -0.015332054346799854 -0.0003917677677236497
v 0.004887248389422894 -0.020554650574922565 0.005458132363855838
v 0.011047994717955591 -0.022215465083718303 0.012179774232208727
v 0.004753389861434699 -0.026561252772808082 0.018874464556574818
v 0.017102245241403583 -0.016753133386373523 0.007186604663729667
v 0.016623431816697124 -0.02248530834913254 0.01975951716303825
v 0.011047994717955591 -0.022215465083718303 0.012179774232208727
v 0.02233044430613518 -0.013620350509881977 0.009166246280074118
v 0.02758011221885682 -0.003150065429508687 0.001584628247655928
v 0.026704724878072746 -0.009710432030260565 0.011601037345826624
v 0.021706260740756992 -0.01903900317847729 0.021017273887991902
v 0.02233044430613518 -0.013620350509881977 0.009166246280074118
v 0.026704724878072746 -0.009710432030260565 0.011601037345826624
v 0.017102245241403583 -0.016753133386373523 0.007186604663729667
v 0.02233044430613518 -0.013620350509881977 0.009166246280074118
v 0.016623431816697124 -0.02248530834913254 0.01975951716303825
v 0.016623431816697124 -0.02248530834913254 0.01975951716303825
v 0.02233044430613518 -0.013620350509881977 0.009166246280074118
v 0.021706260740756992 -0.01903900317847729 0.021017273887991902
v 0.02967916242778302 -0.007431885227560999 0.018438309431076046
v 0.029906122013926513 -0.03967183455824853 0.20906342566013333
v 0.02861373499035836 -0.01297191716730595 0.035423129796981805
v 0.030992472544312484 -0.005973078310489656 0.03008409962058067
v 0.029906122013926513 -0.03967183455824853 0.20906342566013333
v 0.02967916242778302 -0.007431885227560999 0.018438309431076046
v 0.03243805468082429 0.0016852729022502904 0.011509520933032034
v 0.029906122013926513 -0.03967183455824853 0.20906342566013333
v 0.030992472544312484 -0.005973078310489656 0.03008409962058067
v 0.029906122013926513 -0.03967183455824853 0.20906342566013333
v 0.03243805468082429 0.0016852729022502904 0.011509520933032034
v 0.03021964058279992 -0.03916929662227631 0.2119684666395187
v 0.02861373499035836 -0.01297191716730595 0.035423129796981805
v 0.029142176732420928 -0.041336670517921455 0.20927634835243222
v 0.025295540690422065 -0.01836974918842316 0.034729458391666405
v 0.029906122013926513 -0.03967183455824853 0.20906342566013333
v 0.029142176732420928 -0.041336670517921455 0.20927634835243222
v 0.02861373499035836 -0.01297191716730595 0.035423129796981805
v 0.021867532283067707 -0.045396886765956886 0.20452420413494107
v 0.02022076584398747 -0.04561088979244233 0.20019373297691342
v 0.02338739484548569 -0.04504238069057465 0.20351882278919217
v 0.0241141114383936 -0.04488310962915421 0.20932838320732114
v 0.021867532283067707 -0.045396886765956886 0.20452420413494107
v 0.02338739484548569 -0.04504238069057465 0.20351882278919217
v 0.026638563722372062 -0.04381092637777329 0.212315559387207
v 0.025528544560074813 -0.04442993551492692 0.20859719812870023
v 0.027041153982281692 -0.04359217733144761 0.20973236858844754
v 0.0241141114383936 -0.04488310962915421 0.20932838320732114
v 0.02338739484548569 -0.04504238069057465 0.20351882278919217
v 0.025528544560074813 -0.04442993551492692 0.20859719812870023
v 0.025126557797193534 -0.044387869536876685 0.20479765534400937
v 0.025528544560074813 -0.04442993551492692 0.20859719812870023
v 0.02338739484548569 -0.04504238069057465 0.20351882278919217
v 0.026535425335168845 -0.04378174617886544 0.20710375905036923
v 0.025528544560074813 -0.04442993551492692 0.20859719812870023
v 0.025126557797193534 -0.044387869536876685 0.20479765534400937
v 0.027041153982281692 -0.04359217733144761 0.20973236858844754
v 0.025528544560074813 -0.04442993551492692 0.20859719812870023
v 0.026535425335168845 -0.04378174617886544 0.20710375905036923
v -0.03572176769375802 0.0173069853335619 0.002427889499813318
v -0.033338669687509544 0.009557644836604597 6.944610504433512e-06
v -0.03304205834865571 0.0035055731423199185 0.011439859867095946
v -0.030996048822999007 0.0005714746657758952 0.00560067594051361
v -0.030237080529332168 -0.00641524698585272 0.019570635631680485
v -0.03304205834865571 0.0035055731423199185 0.011439859867095946
v -0.030996048822999007 0.0005714746657758952 0.00560067594051361
v -0.03304205834865571 0.0035055731423199185 0.011439859867095946
v -0.033338669687509544 0.009557644836604597 6.944610504433512e-06
v -0.03572176769375802 0.0173069853335619 0.002427889499813318
v -0.03304205834865571 0.0035055731423199185 0.011439859867095946
v -0.030219523236155517 -0.03917143866419793 0.21197292208671567
v -0.030219523236155517 -0.03917143866419793 0.21197292208671567
v -0.03304205834865571 0.0035055731423199185 0.011439859867095946
v -0.030237080529332168 -0.00641524698585272 0.019570635631680485
v -0.03639554604887963 0.0389992967247963 -0.01036927569657564
v -0.03725669160485268 0.02956907637417317 -0.0007940742652863263
v -0.03756344690918923 0.03899715095758439 0.001040898961946368
v -0.03641610965132714 0.03300942108035088 -0.008882511407136915
v -0.03725669160485268 0.02956907637417317 -0.0007940742652863263
v -0.03639554604887963 0.0389992967247963 -0.01036927569657564
v -0.03572176769375802 0.0173069853335619 0.002427889499813318
v -0.03214735910296441 -0.02974707446992398 0.21107679605484006
v -0.03725669160485268 0.02956907637417317 -0.0007940742652863263
v -0.03213912621140481 -0.02898248657584191 0.214645579457283
v -0.03725669160485268 0.02956907637417317 -0.0007940742652863263
v -0.03214735910296441 -0.02974707446992398 0.21107679605484006
v -0.03756344690918923 0.03899715095758439 0.001040898961946368
v -0.03725669160485268 0.02956907637417317 -0.0007940742652863263
v -0.03222364932298661 -0.027454061433672912 0.21261051297187802
v -0.03725669160485268 0.02956907637417317 -0.0007940742652863263
v -0.03213912621140481 -0.02898248657584191 0.214645579457283
v -0.03222364932298661 -0.027454061433672912 0.21261051297187802
v -0.03572176769375802 0.0173069853335619 0.002427889499813318
v -0.034341942518949516 0.017901359125971798 -0.0067209978587925425
v -0.033338669687509544 0.009557644836604597 6.944610504433512e-06
v -0.031265698373317725 0.015282873995602134 -0.012420267798006533
v -0.034341942518949516 0.017901359125971798 -0.0067209978587925425
v -0.034340105950832374 0.0255150105804205 -0.01251561753451824
v -0.033338669687509544 0.009557644836604597 6.944610504433512e-06
v -0.034341942518949516 0.017901359125971798 -0.0067209978587925425
v -0.029501028358936317 0.005370397586375476 -0.006100278813391923
v -0.031265698373317725 0.015282873995602134 -0.012420267798006533
v -0.029501028358936317 0.005370397586375476 -0.006100278813391923
v -0.034341942518949516 0.017901359125971798 -0.0067209978587925425
v -0.007142198737710716 -0.022084038704633716 0.24405272305011746
v -0.01068407390266657 -0.022383864969015125 0.24302370846271512
v -0.009126875549554827 -0.03764689341187478 0.2416082918643951
v -0.006684151012450458 -0.03727963194251061 0.24230548739433286
v -0.009126875549554827 -0.03764689341187478 0.2416082918643951
v -0.005752586759626866 -0.03916116058826447 0.2419864237308502
v -0.021677665412426 -0.019133014604449276 0.021220928058028218
v -0.016370303928852085 -0.02634415030479432 0.03374033793807029
v -0.021452039480209354 -0.02256966941058636 0.0341997779905796
v -0.021677665412426 -0.019133014604449276 0.021220928058028218
v -0.015157866291701797 -0.024415301159024246 0.022990874946117398
v -0.016370303928852085 -0.02634415030479432 0.03374033793807029
v -0.021452039480209354 -0.02256966941058636 0.0341997779905796
v -0.016370303928852085 -0.02634415030479432 0.03374033793807029
v -0.02654188498854638 -0.04378084465861321 0.20713864266872403
v -0.028656931594014175 -0.012898779474198822 0.03574100509285926
v -0.029340472072362907 -0.041027013212442405 0.20922668278217313
v -0.030237080529332168 -0.00641524698585272 0.019570635631680485
v -0.028656931594014175 -0.012898779474198822 0.03574100509285926
v -0.02555277012288571 -0.018044792115688327 0.034985058009624474
v -0.029340472072362907 -0.041027013212442405 0.20922668278217313
v -0.021452039480209354 -0.02256966941058636 0.0341997779905796
v -0.02654188498854638 -0.04378084465861321 0.20713864266872403
v -0.02771249786019326 -0.04274252802133561 0.20676897466182706
v -0.02771249786019326 -0.04274252802133561 0.20676897466182706
v -0.02555277012288571 -0.018044792115688327 0.034985058009624474
v -0.021452039480209354 -0.02256966941058636 0.0341997779905796
v -0.028639813885092742 -0.040159005671739585 0.22086134552955625
v -0.02699133940041066 -0.04116312414407731 0.22348988056182859
v -0.02768154069781304 -0.039995227009058006 0.2236523777246475
v -0.007635742891579868 -0.04652145504951478 0.19225649535655973
v 0.0026300337631255393 -0.04660023003816605 0.19133725762367246
v -0.016437835991382602 -0.04591983556747437 0.1992630213499069
v -0.023040277883410457 -0.006641427520662548 -0.001594693982042372
v -0.017940990626811985 -0.004963876213878394 -0.009617536328732966
v -0.017355246469378475 -0.013287987560033802 0.0013615899952128527
v -0.017940990626811985 -0.004963876213878394 -0.009617536328732966
v -0.023040277883410457 -0.006641427520662548 -0.001594693982042372
v -0.023801999166607864 0.00198699813336134 -0.011340919882059096
v -0.022300405427813533 -0.013723674230277542 0.009316672571003435
v -0.023040277883410457 -0.006641427520662548 -0.001594693982042372
v -0.017355246469378475 -0.013287987560033802 0.0013615899952128527
v -0.027546789497137077 -0.0032980907708406457 0.0017412133747711776
v -0.023040277883410457 -0.006641427520662548 -0.001594693982042372
v -0.022300405427813533 -0.013723674230277542 0.009316672571003435
v -0.023801999166607864 0.00198699813336134 -0.011340919882059096
v -0.023040277883410457 -0.006641427520662548 -0.001594693982042372
v -0.029501028358936317 0.005370397586375476 -0.006100278813391923
v -0.027546789497137077 -0.0032980907708406457 0.0017412133747711776
v -0.029501028358936317 0.005370397586375476 -0.006100278813391923
v -0.023040277883410457 -0.006641427520662548 -0.001594693982042372
v -0.021677665412426 -0.019133014604449276 0.021220928058028218
v -0.022300405427813533 -0.013723674230277542 0.009316672571003435
v -0.01682367362082005 -0.019909540191292766 0.013464118354022501
v -0.021677665412426 -0.019133014604449276 0.021220928058028218
v -0.01682367362082005 -0.019909540191292766 0.013464118354022501
v -0.015157866291701797 -0.024415301159024246 0.022990874946117398
v -0.015157866291701797 -0.024415301159024246 0.022990874946117398
v -0.01682367362082005 -0.019909540191292766 0.013464118354022501
v -0.01253081858158112 -0.021713005378842357 0.012504492886364458
v -0.017355246469378475 -0.013287987560033802 0.0013615899952128527
v -0.01682367362082005 -0.019909540191292766 0.013464118354022501
v -0.022300405427813533 -0.013723674230277542 0.009316672571003435
v -0.01253081858158112 -0.021713005378842357 0.012504492886364458
v -0.01682367362082005 -0.019909540191292766 0.013464118354022501
v -0.017355246469378475 -0.013287987560033802 0.0013615899952128527
v -0.012449257075786594 0.01697834394872189 -0.03098238259553909
v -0.008569831959903242 0.018836751580238346 -0.033148113638162606
v -0.008818564005196096 0.009447590447962286 -0.02768265455961227
v -0.0036611959803849467 0.013800660148262981 -0.031434163451194756
v -0.008818564005196096 0.009447590447962286 -0.02768265455961227
v -0.008569831959903242 0.018836751580238346 -0.033148113638162606
v -0.0036611959803849467 0.013800660148262981 -0.031434163451194756
v -0.008569831959903242 0.018836751580238346 -0.033148113638162606
v -0.003639796283096076 0.020865669474005703 -0.03474910929799079
v -0.003639796283096076 0.020865669474005703 -0.03474910929799079
v -0.008569831959903242 0.018836751580238346 -0.033148113638162606
v -0.009010725654661657 0.027119575068354614 -0.03574008867144584
v -0.009010725654661657 0.027119575068354614 -0.03574008867144584
v -0.005390943493694068 0.034427054226398475 -0.03760480135679244
v -0.0018317048670724039 0.027835229411721236 -0.036979619413614266
v -0.005390943493694068 0.034427054226398475 -0.03760480135679244
v 0.0015852476935833697 0.031956776976585395 -0.0377468392252922
v -0.0018317048670724039 0.027835229411721236 -0.036979619413614266
v 0.0015852476935833697 0.031956776976585395 -0.0377468392252922
v -0.005390943493694068 0.034427054226398475 -0.03760480135679244
v -0.005134989973157645 0.03899909183382989 -0.03779609873890876
v -0.015968726947903637 0.02556814998388291 -0.032838288694620126
v -0.012449257075786594 0.01697834394872189 -0.03098238259553909
v -0.01899194344878197 0.01782970875501633 -0.028040932491421696
v -0.015968726947903637 0.02556814998388291 -0.032838288694620126
v -0.008569831959903242 0.018836751580238346 -0.033148113638162606
v -0.012449257075786594 0.01697834394872189 -0.03098238259553909
v -0.008569831959903242 0.018836751580238346 -0.033148113638162606
v -0.015968726947903637 0.02556814998388291 -0.032838288694620126
v -0.009010725654661657 0.027119575068354614 -0.03574008867144584
v -0.02174441516399384 0.011455379426479341 -0.021981541067361828
v -0.0248019713908434 0.019013799726963047 -0.02394509688019752
v -0.01899194344878197 0.01782970875501633 -0.028040932491421696
v -0.02174441516399384 0.011455379426479341 -0.021981541067361828
v -0.027028970420360572 0.01320227421820164 -0.01762464083731174
v -0.0248019713908434 0.019013799726963047 -0.02394509688019752
v -0.02704486250877381 0.03899759054183961 -0.02667012996971607
v -0.03013571165502072 0.03490379080176354 -0.022798670455813404
v -0.03199727833271027 0.03899992629885674 -0.02025157585740089
v -0.027747949585318572 0.0302768424153328 -0.025027003139257428
v -0.03013571165502072 0.03490379080176354 -0.022798670455813404
v -0.02704486250877381 0.03899759054183961 -0.02667012996971607
v -0.03389562293887139 0.03441493585705758 -0.016394997015595433
v -0.03199727833271027 0.03899992629885674 -0.02025157585740089
v -0.03013571165502072 0.03490379080176354 -0.022798670455813404
v 0.029858399182558067 -0.02442086301743985 0.22484613955020902
v 0.030836902558803565 -0.02510963566601277 0.22208453714847562
v 0.029310829937458045 0.04385641589760781 0.22425965964794156
v 0.029843267053365714 0.050101846456527724 0.2225334048271179
v 0.029310829937458045 0.04385641589760781 0.22425965964794156
v 0.030836902558803565 -0.02510963566601277 0.22208453714847562
v 0.029858399182558067 -0.02442086301743985 0.22484613955020902
v 0.029310829937458045 0.04385641589760781 0.22425965964794156
v 0.028995692729949958 0.050022937357425704 0.2248657941818237
v 0.029310829937458045 0.04385641589760781 0.22425965964794156
v 0.029843267053365714 0.050101846456527724 0.2225334048271179
v 0.028995692729949958 0.050022937357425704 0.2248657941818237
v 0.030417116358876235 0.05034902319312097 0.21953475475311277
v 0.031014710664749152 0.050085641443729415 0.21805390715599057
v 0.031055176630616195 0.05034902319312097 0.21558801829814908
v 0.029843267053365714 0.050101846456527724 0.2225334048271179
v 0.031014710664749152 0.050085641443729415 0.21805390715599057
v 0.030417116358876235 0.05034902319312097 0.21953475475311277
v 0.031055176630616195 0.05034902319312097 0.21558801829814908
v 0.031014710664749152 0.050085641443729415 0.21805390715599057
v 0.031448271125555045 0.05009544268250467 0.2135120630264282
v 0.030568055808544166 0.043844390660524375 0.22041565179824826
v 0.031014710664749152 0.050085641443729415 0.21805390715599057
v 0.029843267053365714 0.050101846456527724 0.2225334048271179
v 0.03152182325720788 -0.0257514026015997 0.21947407722473142
v 0.031014710664749152 0.050085641443729415 0.21805390715599057
v 0.030568055808544166 0.043844390660524375 0.22041565179824826
v 0.028995692729949958 0.050022937357425704 0.2248657941818237
v 0.028452843427658088 0.04259890690445901 0.22620514035224912
v 0.02851622551679612 -0.023670652881264694 0.22771154344081876
v 0.030034925788640983 -0.026641773059964187 0.2243169844150543
v 0.029858399182558067 -0.02442086301743985 0.22484613955020902
v 0.02852566912770272 -0.02589328587055207 0.22764538228511808
v 0.02851622551679612 -0.023670652881264694 0.22771154344081876
v 0.02852566912770272 -0.02589328587055207 0.22764538228511808
v 0.029858399182558067 -0.02442086301743985 0.22484613955020902
v 0.029823021963238723 -0.027016684412956245 0.22463017702102658
v 0.030034925788640983 -0.026641773059964187 0.2243169844150543
v 0.02852566912770272 -0.02589328587055207 0.22764538228511808
v 0.02852566912770272 -0.02589328587055207 0.22764538228511808
v 0.02851622551679612 -0.023670652881264694 0.22771154344081876
v 0.027484450489282615 -0.023298526182770733 0.2295366674661636
v -0.023470764979720123 -0.03911024704575539 0.23144753277301786
v -0.021794481202960018 -0.03792789578437806 0.23379166424274442
v -0.024019105359911926 -0.03721607476472855 0.23135060071945188
v -0.021794481202960018 -0.03792789578437806 0.23379166424274442
v -0.019565515220165256 -0.03785999491810799 0.2358644604682922
v -0.022385556250810627 -0.024093197658658035 0.23581087589263913
v -0.026590310037136085 -0.025565305724740035 0.23073501884937284
v -0.025689745321869857 -0.03805115073919297 0.2288469225168228
v -0.024019105359911926 -0.03721607476472855 0.23135060071945188
v -0.023470764979720123 -0.03911024704575539 0.23144753277301786
v -0.024019105359911926 -0.03721607476472855 0.23135060071945188
v -0.025689745321869857 -0.03805115073919297 0.2288469225168228
v -0.03145617619156838 0.05009354278445245 0.21396581828594205
v -0.031120600178837783 0.04419169947504998 0.21750006079673764
v -0.03067020885646344 0.050030585378408446 0.21985247731208798
v -0.031120600178837783 0.04419169947504998 0.21750006079673764
v -0.03147233277559281 -0.025743253529071815 0.21967193484306333
v -0.03067020885646344 0.050030585378408446 0.21985247731208798
v -0.03147233277559281 -0.025743253529071815 0.21967193484306333
v -0.031120600178837783 0.04419169947504998 0.21750006079673764
v -0.032132063060998924 -0.026842156425118453 0.2151767164468765
v 0.006565922405570747 -0.03724146634340287 0.24232824146747586
v 0.006988640408962967 -0.02209204621613026 0.24408669769763944
v 0.004095781594514848 -0.03743610158562661 0.24273203313350675
v 0.006988640408962967 -0.02209204621613026 0.24408669769763944
v 0.006565922405570747 -0.03724146634340287 0.24232824146747586
v 0.00917608477175236 -0.03716793283820153 0.24163563549518582
v 0.009647599421441557 -0.019856955856084827 0.24342152476310727
v 0.010881641879677774 0.05002251639962198 0.2421387583017349
v 0.009123964235186579 0.04385414347052575 0.24279467761516568
v 0.00917608477175236 -0.03716793283820153 0.24163563549518582
v 0.012144124135375026 -0.037069637328386314 0.24053011834621427
v 0.01044717710465193 -0.022353716194629673 0.2431058883666992
v 0.027661299332976348 0.05034902319312097 0.22702315449714658
v 0.025588795542716987 0.05034901946783067 0.2304420322179794
v 0.026982989162206657 0.05002091825008394 0.22887808084487912
v 0.023096127435565 0.05034901946783067 0.2335676699876785
v 0.025588795542716987 0.05034901946783067 0.2304420322179794
v 0.027661299332976348 0.05034902319312097 0.22702315449714658
v 0.013536747545003894 0.050349012017250075 0.2407019734382629
v 0.014646839350461963 0.05001536384224893 0.24049797654151914
v 0.017020212486386303 0.05034901574254037 0.23874020576477048
v 0.010881641879677774 0.05002251639962198 0.2421387583017349
v 0.014646839350461963 0.05001536384224893 0.24049797654151914
v 0.013536747545003894 0.050349012017250075 0.2407019734382629
v -0.003283866913989187 0.050022911280393614 0.24390703439712522
v -0.00602166634052992 0.04389908537268639 0.2435108423233032
v -0.006527252495288851 -0.01961302943527699 0.24423082172870633
v 0.006988640408962967 -0.02209204621613026 0.24408669769763944
v 0.004404182545840741 -0.019562570378184322 0.24458859860897061
v 0.003381704445928336 -0.022176714614033703 0.24463312327861783
v 0.006988640408962967 -0.02209204621613026 0.24408669769763944
v 0.006543863099068405 -0.019520051777362827 0.24418941140174863
v 0.004404182545840741 -0.019562570378184322 0.24458859860897061
v 0.004404182545840741 -0.019562570378184322 0.24458859860897061
v -0.00011533521319506693 -0.019476387649774555 0.24489881098270413
v 0.003381704445928336 -0.022176714614033703 0.24463312327861783
v -0.0019992168527096514 0.05034900456666948 0.24372763931751248
v -0.005964323878288271 0.05034900084137918 0.24321644008159635
v -0.003283866913989187 0.050022911280393614 0.24390703439712522
v -0.009831501170992853 0.05034900084137918 0.24220225214958188
v -0.005964323878288271 0.05034900084137918 0.24321644008159635
v -0.0019992168527096514 0.05034900456666948 0.24372763931751248
v -0.013537251390516761 0.05034899711608888 0.2407019734382629
v -0.009831501170992853 0.05034900084137918 0.24220225214958188
v -0.017020715400576595 0.05034899711608888 0.23874020576477048
v -0.009831501170992853 0.05034900084137918 0.24220225214958188
v -0.013537251390516761 0.05034899711608888 0.2407019734382629
v -0.013102354481816295 0.050042700022459044 0.24125269055366513
v -0.017198849469423298 0.05009747669100763 0.23892685770988462
v -0.013537251390516761 0.05034899711608888 0.2407019734382629
v -0.017020715400576595 0.05034899711608888 0.23874020576477048
v -0.017198849469423298 0.05009747669100763 0.23892685770988462
v -0.013102354481816295 0.050042700022459044 0.24125269055366513
v -0.013537251390516761 0.05034899711608888 0.2407019734382629
v 0.03213516995310784 -0.02900515869259835 0.2146366238594055
v 0.029881587252020843 -0.03844106569886208 0.21804013848304746
v 0.030279116705060012 -0.03850970789790154 0.2150796204805374
v 0.0317431353032589 -0.02828966267406941 0.21801759302616117
v 0.029881587252020843 -0.03844106569886208 0.21804013848304746
v 0.03213516995310784 -0.02900515869259835 0.2146366238594055
v 0.030034925788640983 -0.026641773059964187 0.2243169844150543
v 0.028428103774786002 -0.0375284031033516 0.223511129617691
v 0.031074142083525665 -0.027526479214429862 0.22111378610134122
v 0.029276750981807716 -0.04026173055171967 0.2179651856422424
v 0.029881587252020843 -0.03844106569886208 0.21804013848304746
v 0.028890483081340797 -0.039496291428804405 0.22086353600025174
v 0.029276750981807716 -0.04026173055171967 0.2179651856422424
v 0.029643746092915542 -0.0403975397348404 0.21504092216491696
v 0.030279116705060012 -0.03850970789790154 0.2150796204805374
v 0.029881587252020843 -0.03844106569886208 0.21804013848304746
v 0.029276750981807716 -0.04026173055171967 0.2179651856422424
v 0.030279116705060012 -0.03850970789790154 0.2150796204805374
v 0.022473113611340526 -0.04328223317861558 0.22582042217254636
v 0.025465784594416625 -0.04311609640717507 0.22160595655441281
v 0.02344212122261525 -0.042726915329694755 0.22644817829132077
v 0.025601956993341453 -0.04211243987083436 0.22447882592678067
v 0.02344212122261525 -0.042726915329694755 0.22644817829132077
v 0.025465784594416625 -0.04311609640717507 0.22160595655441281
v 0.03204720839858056 0.008053200319409372 -0.002687537111341953
v 0.03491507843136788 0.015817234292626384 -0.001880179508589208
v 0.031045664101839072 0.0008136356482282283 0.005342084914445876
v 0.03491507843136788 0.015817234292626384 -0.001880179508589208
v 0.03204720839858056 0.008053200319409372 -0.002687537111341953
v 0.03321665897965432 0.017573900520801548 -0.009940245188772677
v 0.02758011221885682 -0.003150065429508687 0.001584628247655928
v 0.03204720839858056 0.008053200319409372 -0.002687537111341953
v 0.031045664101839072 0.0008136356482282283 0.005342084914445876
v 0.02847809903323651 0.004837014246731997 -0.007359202951192855
v 0.03204720839858056 0.008053200319409372 -0.002687537111341953
v 0.02758011221885682 -0.003150065429508687 0.001584628247655928
v 0.02246249653398991 0.03471780195832253 -0.030536454170942303
v 0.025095338001847274 0.028285007923841483 -0.027235908433794972
v 0.019212804734706882 0.025837898254394538 -0.031098069623112675
v 0.019212804734706882 0.025837898254394538 -0.031098069623112675
v 0.025095338001847274 0.028285007923841483 -0.027235908433794972
v 0.024916371330618865 0.022072777152061466 -0.025293361395597454
v 0.027925385162234313 0.034794669598340995 -0.02550893649458885
v 0.025095338001847274 0.028285007923841483 -0.027235908433794972
v 0.02246249653398991 0.03471780195832253 -0.030536454170942303
v 0.024916371330618865 0.022072777152061466 -0.025293361395597454
v 0.025095338001847274 0.028285007923841483 -0.027235908433794972
v 0.029873317107558257 0.024600127711892135 -0.02056692168116569
v 0.02246249653398991 0.03471780195832253 -0.030536454170942303
v 0.01536096911877394 0.03899792581796647 -0.034955970942974084
v 0.02249514311552048 0.03899924829602242 -0.03066737204790115
v 0.02249514311552048 0.03899924829602242 -0.03066737204790115
v 0.01536096911877394 0.03899792581796647 -0.034955970942974084
v 0.015309951268136505 0.05034901574254037 0.18540740013122556
v 0.009289465844631197 0.034167822450399406 -0.036808650940656655
v 0.004521982744336129 0.0389973670244217 -0.037937629967927926
v 0.01536096911877394 0.03899792581796647 -0.034955970942974084
v 0.015309951268136505 0.05034901574254037 0.18540740013122556
v 0.01536096911877394 0.03899792581796647 -0.034955970942974084
v 0.011707949452102186 0.05034901574254037 0.18367271125316617
v 0.007913687266409399 0.050349012017250075 0.1824129223823547
v 0.01536096911877394 0.03899792581796647 -0.034955970942974084
v 0.004521982744336129 0.0389973670244217 -0.037937629967927926
v 0.007913687266409399 0.050349012017250075 0.1824129223823547
v 0.011707949452102186 0.05034901574254037 0.18367271125316617
v 0.01536096911877394 0.03899792581796647 -0.034955970942974084
v 0.012590582482516769 0.027126766741275794 -0.03462994843721389
v 0.019212804734706882 0.025837898254394538 -0.031098069623112675
v 0.012500766664743427 0.02029460668563843 -0.03246204555034637
v 0.012149428017437462 0.0036735450848937043 -0.021939000114798542
v 0.012362101115286354 0.013552122749388221 -0.029141886159777638
v 0.018605861812829975 0.0076694856397807615 -0.021435914561152455
v 0.01177480444312096 -0.006685800384730102 -0.011806433089077471
v 0.005211079493165017 -0.0030657085590064534 -0.01793907582759857
v 0.012149428017437462 0.0036735450848937043 -0.021939000114798542
v 0.018243968486785892 -0.00014674523845314982 -0.014674783684313296
v 0.012149428017437462 0.0036735450848937043 -0.021939000114798542
v 0.018605861812829975 0.0076694856397807615 -0.021435914561152455
v 0.01177480444312096 -0.006685800384730102 -0.011806433089077471
v 0.012149428017437462 0.0036735450848937043 -0.021939000114798542
v 0.018243968486785892 -0.00014674523845314982 -0.014674783684313296
v -0.0015971336979418997 -0.012585417367517952 -0.007475471589714288
v 0.0050476035103201875 -0.012678393162786964 -0.006876321043819188
v -0.0015692957676947121 -0.016794933006167415 -0.001451702322810888
v 0.0050476035103201875 -0.012678393162786964 -0.006876321043819188
v -0.0015971336979418997 -0.012585417367517952 -0.007475471589714288
v -0.0016252681380137806 -0.007941124960780145 -0.01317877974361181
v -0.008335490711033346 -0.011762022040784362 -0.007080129347741603
v -0.0015971336979418997 -0.012585417367517952 -0.007475471589714288
v -0.0015692957676947121 -0.016794933006167415 -0.001451702322810888
v -0.0016252681380137806 -0.007941124960780145 -0.01317877974361181
v -0.0015971336979418997 -0.012585417367517952 -0.007475471589714288
v -0.008335490711033346 -0.011762022040784362 -0.007080129347741603
v 0.011047994717955591 -0.022215465083718303 0.012179774232208727
v 0.01082583609968424 -0.02608840726315976 0.02228952199220657
v 0.004753389861434699 -0.026561252772808082 0.018874464556574818
v 0.004793137777596713 -0.02994170971214772 0.030689321458339688
v 0.01082583609968424 -0.02608840726315976 0.02228952199220657
v 0.010711826384067537 -0.028448775410652168 0.030770583078265187
v 0.004753389861434699 -0.026561252772808082 0.018874464556574818
v 0.01082583609968424 -0.02608840726315976 0.02228952199220657
v 0.004793137777596713 -0.02994170971214772 0.030689321458339688
v 0.016623431816697124 -0.02248530834913254 0.01975951716303825
v 0.010711826384067537 -0.028448775410652168 0.030770583078265187
v 0.01082583609968424 -0.02608840726315976 0.02228952199220657
v 0.01082583609968424 -0.02608840726315976 0.02228952199220657
v 0.011047994717955591 -0.022215465083718303 0.012179774232208727
v 0.016623431816697124 -0.02248530834913254 0.01975951716303825
v 0.02233044430613518 -0.013620350509881977 0.009166246280074118
v 0.023065663874149326 -0.006542519666254522 -0.00169983459636569
v 0.02758011221885682 -0.003150065429508687 0.001584628247655928
v 0.023819362744688995 0.0020737051963806157 -0.011411334387958048
v 0.023065663874149326 -0.006542519666254522 -0.00169983459636569
v 0.017666058614850048 -0.009264656342566015 -0.004351454321295022
v 0.017102245241403583 -0.016753133386373523 0.007186604663729667
v 0.017666058614850048 -0.009264656342566015 -0.004351454321295022
v 0.023065663874149326 -0.006542519666254522 -0.00169983459636569
v 0.02233044430613518 -0.013620350509881977 0.009166246280074118
v 0.017102245241403583 -0.016753133386373523 0.007186604663729667
v 0.023065663874149326 -0.006542519666254522 -0.00169983459636569
v 0.02847809903323651 0.004837014246731997 -0.007359202951192855
v 0.023065663874149326 -0.006542519666254522 -0.00169983459636569
v 0.023819362744688995 0.0020737051963806157 -0.011411334387958048
v 0.023065663874149326 -0.006542519666254522 -0.00169983459636569
v 0.02847809903323651 0.004837014246731997 -0.007359202951192855
v 0.02758011221885682 -0.003150065429508687 0.001584628247655928
v 0.029643746092915542 -0.0403975397348404 0.21504092216491696
v 0.029750352725386627 -0.040475469082593925 0.21216426789760587
v 0.03021964058279992 -0.03916929662227631 0.2119684666395187
v 0.03021964058279992 -0.03916929662227631 0.2119684666395187
v 0.029750352725386627 -0.040475469082593925 0.21216426789760587
v 0.029906122013926513 -0.03967183455824853 0.20906342566013333
v 0.029142176732420928 -0.041336670517921455 0.20927634835243222
v 0.029906122013926513 -0.03967183455824853 0.20906342566013333
v 0.029750352725386627 -0.040475469082593925 0.21216426789760587
v 0.029750352725386627 -0.040475469082593925 0.21216426789760587
v 0.02893312461674214 -0.04181422665715218 0.21223144233226773
v 0.029142176732420928 -0.041336670517921455 0.20927634835243222
v 0.02893312461674214 -0.04181422665715218 0.21223144233226773
v 0.029750352725386627 -0.040475469082593925 0.21216426789760587
v 0.029643746092915542 -0.0403975397348404 0.21504092216491696
v 0.02448448725044728 -0.044258754700422294 0.21670734882354734
v 0.02248037047684193 -0.043855719268322 0.2225830554962158
v 0.022979946807026867 -0.045016389340162284 0.20961266756057736
v 0.022979946807026867 -0.045016389340162284 0.20961266756057736
v 0.021867532283067707 -0.045396886765956886 0.20452420413494107
v 0.0241141114383936 -0.04488310962915421 0.20932838320732114
v 0.02448448725044728 -0.044258754700422294 0.21670734882354734
v 0.022979946807026867 -0.045016389340162284 0.20961266756057736
v 0.0241141114383936 -0.04488310962915421 0.20932838320732114
v 0.02448448725044728 -0.044258754700422294 0.21670734882354734
v 0.0241141114383936 -0.04488310962915421 0.20932838320732114
v 0.02528327703475953 -0.044398479163646705 0.2125228643417358
v 0.02528327703475953 -0.044398479163646705 0.2125228643417358
v 0.025528544560074813 -0.04442993551492692 0.20859719812870023
v 0.026638563722372062 -0.04381092637777329 0.212315559387207
v 0.025528544560074813 -0.04442993551492692 0.20859719812870023
v 0.02528327703475953 -0.044398479163646705 0.2125228643417358
v 0.0241141114383936 -0.04488310962915421 0.20932838320732114
v 0.02448448725044728 -0.044258754700422294 0.21670734882354734
v 0.024336250498890884 -0.0436895601451397 0.22110474109649655
v 0.02248037047684193 -0.043855719268322 0.2225830554962158
v 0.022473113611340526 -0.04328223317861558 0.22582042217254636
v 0.024336250498890884 -0.0436895601451397 0.22110474109649655
v 0.025465784594416625 -0.04311609640717507 0.22160595655441281
v 0.02248037047684193 -0.043855719268322 0.2225830554962158
v 0.024336250498890884 -0.0436895601451397 0.22110474109649655
v 0.022473113611340526 -0.04328223317861558 0.22582042217254636
v -0.03725669160485268 0.02956907637417317 -0.0007940742652863263
v -0.03602787479758263 0.025948502123355872 -0.007228154689073562
v -0.03572176769375802 0.0173069853335619 0.002427889499813318
v -0.034341942518949516 0.017901359125971798 -0.0067209978587925425
v -0.03572176769375802 0.0173069853335619 0.002427889499813318
v -0.03602787479758263 0.025948502123355872 -0.007228154689073562
v -0.03602787479758263 0.025948502123355872 -0.007228154689073562
v -0.03725669160485268 0.02956907637417317 -0.0007940742652863263
v -0.03641610965132714 0.03300942108035088 -0.008882511407136915
v -0.034340105950832374 0.0255150105804205 -0.01251561753451824
v -0.03602787479758263 0.025948502123355872 -0.007228154689073562
v -0.03641610965132714 0.03300942108035088 -0.008882511407136915
v -0.034341942518949516 0.017901359125971798 -0.0067209978587925425
v -0.03602787479758263 0.025948502123355872 -0.007228154689073562
v -0.034340105950832374 0.0255150105804205 -0.01251561753451824
v -0.016619307920336727 -0.023090703412890438 0.2402214854955673
v -0.017175605520606044 -0.03782694041728974 0.23767192661762235
v -0.01468282844871283 -0.03777528181672097 0.23921141028404233
v -0.019127516075968746 -0.03941923007369042 0.23556694388389585
v -0.017175605520606044 -0.03782694041728974 0.23767192661762235
v -0.019565515220165256 -0.03785999491810799 0.2358644604682922
v -0.01192662958055735 -0.037690568715333946 0.24056884646415708
v -0.01468282844871283 -0.03777528181672097 0.23921141028404233
v -0.01405696384608746 -0.03980484604835511 0.23871557414531705
v -0.01068407390266657 -0.022383864969015125 0.24302370846271512
v -0.01192662958055735 -0.037690568715333946 0.24056884646415708
v -0.009126875549554827 -0.03764689341187478 0.2416082918643951
v -0.017198849469423298 0.05009747669100763 0.23892685770988462
v -0.01662050932645798 0.04293125495314599 0.23937681317329404
v -0.013102354481816295 0.050042700022459044 0.24125269055366513
v -0.008644263260066511 -0.03972654789686204 0.24096666276454923
v -0.005752586759626866 -0.03916116058826447 0.2419864237308502
v -0.009126875549554827 -0.03764689341187478 0.2416082918643951
v -0.006684151012450458 -0.03727963194251061 0.24230548739433286
v -0.0042244656942784795 -0.038407173007726676 0.242511510848999
v -0.004135663621127606 -0.037246394902467735 0.24274332821369168
v -0.005752586759626866 -0.03916116058826447 0.2419864237308502
v -0.0042244656942784795 -0.038407173007726676 0.242511510848999
v -0.006684151012450458 -0.03727963194251061 0.24230548739433286
v -0.004243739414960147 -0.03964686021208764 0.24194702506065366
v -0.0042244656942784795 -0.038407173007726676 0.242511510848999
v -0.005752586759626866 -0.03916116058826447 0.2419864237308502
v 0.004095781594514848 -0.03743610158562661 0.24273203313350675
v -0.004135663621127606 -0.037246394902467735 0.24274332821369168
v -0.0042244656942784795 -0.038407173007726676 0.242511510848999
v 0.006565922405570747 -0.03724146634340287 0.24232824146747586
v 0.00868845544755459 -0.03867849707603455 0.24145877361297605
v 0.00917608477175236 -0.03716793283820153 0.24163563549518582
v 0.009754345752298834 -0.04102501273155213 0.2395326197147369
v 0.014787221327424053 -0.04123398289084435 0.23701561987400052
v 0.01411998458206654 -0.03980491310358048 0.23868195712566373
v 0.014787221327424053 -0.04123398289084435 0.23701561987400052
v 0.01762032695114613 -0.04042720794677735 0.236028715968132
v 0.01411998458206654 -0.03980491310358048 0.23868195712566373
v -0.016370303928852085 -0.02634415030479432 0.03374033793807029
v -0.010686314664781095 -0.028467787429690368 0.030817193910479542
v -0.024173989892005927 -0.044561047106981284 0.20247288048267362
v -0.021214701235294346 -0.04538460448384286 0.20005948841571805
v -0.010686314664781095 -0.028467787429690368 0.030817193910479542
v -0.00785441789776087 -0.030361481010913856 0.038023781031370156
v -0.00785441789776087 -0.030361481010913856 0.038023781031370156
v -0.010686314664781095 -0.028467787429690368 0.030817193910479542
v -0.004591085482388736 -0.02993853390216828 0.03048610873520374
v -0.016370303928852085 -0.02634415030479432 0.03374033793807029
v -0.015157866291701797 -0.024415301159024246 0.022990874946117398
v -0.010686314664781095 -0.028467787429690368 0.030817193910479542
v -0.010686314664781095 -0.028467787429690368 0.030817193910479542
v -0.007846260443329813 -0.02573607116937638 0.018347287550568577
v -0.004591085482388736 -0.02993853390216828 0.03048610873520374
v -0.007846260443329813 -0.02573607116937638 0.018347287550568577
v -0.010686314664781095 -0.028467787429690368 0.030817193910479542
v -0.015157866291701797 -0.024415301159024246 0.022990874946117398
v -0.016370303928852085 -0.02634415030479432 0.03374033793807029
v -0.0255175568163395 -0.04397587850689889 0.20350967347621915
v -0.02654188498854638 -0.04378084465861321 0.20713864266872403
v -0.024173989892005927 -0.044561047106981284 0.20247288048267362
v -0.0255175568163395 -0.04397587850689889 0.20350967347621915
v -0.016370303928852085 -0.02634415030479432 0.03374033793807029
v -0.03000160679221154 -0.0392715334892273 0.20899346470832822
v -0.030219523236155517 -0.03917143866419793 0.21197292208671567
v -0.030237080529332168 -0.00641524698585272 0.019570635631680485
v -0.029340472072362907 -0.041027013212442405 0.20922668278217313
v -0.03000160679221154 -0.0392715334892273 0.20899346470832822
v -0.030237080529332168 -0.00641524698585272 0.019570635631680485
v -0.029340472072362907 -0.041027013212442405 0.20922668278217313
v -0.028169181197881706 -0.04260699078440667 0.20943473279476163
v -0.02893205918371678 -0.04181580245494843 0.21224522590637204
v -0.02893205918371678 -0.04181580245494843 0.21224522590637204
v -0.028169181197881706 -0.04260699078440667 0.20943473279476163
v -0.02790039405226708 -0.042920000851154334 0.21239344775676725
v -0.029340472072362907 -0.041027013212442405 0.20922668278217313
v -0.02555277012288571 -0.018044792115688327 0.034985058009624474
v -0.028169181197881706 -0.04260699078440667 0.20943473279476163
v -0.02771249786019326 -0.04274252802133561 0.20676897466182706
v -0.028169181197881706 -0.04260699078440667 0.20943473279476163
v -0.02555277012288571 -0.018044792115688327 0.034985058009624474
v -0.02771249786019326 -0.04274252802133561 0.20676897466182706
v -0.02654188498854638 -0.04378084465861321 0.20713864266872403
v -0.028169181197881706 -0.04260699078440667 0.20943473279476163
v -0.027176057919859893 -0.03821524605154992 0.22617462277412412
v -0.02833049930632115 -0.03821468725800515 0.2236104607582092
v -0.02768154069781304 -0.039995227009058006 0.2236523777246475
v -0.02999778091907502 -0.026745434850454337 0.22438967227935788
v -0.02833049930632115 -0.03821468725800515 0.2236104607582092
v -0.027176057919859893 -0.03821524605154992 0.22617462277412412
v -0.028639813885092742 -0.040159005671739585 0.22086134552955625
v -0.02768154069781304 -0.039995227009058006 0.2236523777246475
v -0.02833049930632115 -0.03821468725800515 0.2236104607582092
v -0.028639813885092742 -0.040159005671739585 0.22086134552955625
v -0.02833049930632115 -0.03821468725800515 0.2236104607582092
v -0.029249407351017005 -0.03802107647061349 0.22093829512596128
v -0.02790039405226708 -0.042920000851154334 0.21239344775676725
v -0.02861584164202214 -0.0419878363609314 0.21515083312988278
v -0.02893205918371678 -0.04181580245494843 0.21224522590637204
v -0.02893205918371678 -0.04181580245494843 0.21224522590637204
v -0.02861584164202214 -0.0419878363609314 0.21515083312988278
v -0.029642341658473022 -0.04039964079856873 0.21504849195480344
v -0.028227845206856735 -0.04186657816171647 0.2179753929376602
v -0.029642341658473022 -0.04039964079856873 0.21504849195480344
v -0.02861584164202214 -0.0419878363609314 0.21515083312988278
v -0.028227845206856735 -0.04186657816171647 0.2179753929376602
v -0.02861584164202214 -0.0419878363609314 0.21515083312988278
v -0.0272006280720234 -0.043069411069154746 0.2166168242692947
v -0.0272006280720234 -0.043069411069154746 0.2166168242692947
v -0.02861584164202214 -0.0419878363609314 0.21515083312988278
v -0.02790039405226708 -0.042920000851154334 0.21239344775676725
v -0.0272006280720234 -0.043069411069154746 0.2166168242692947
v -0.027133673429489143 -0.04213817790150643 0.22085243463516233
v -0.028227845206856735 -0.04186657816171647 0.2179753929376602
v -0.027133673429489143 -0.04213817790150643 0.22085243463516233
v -0.028639813885092742 -0.040159005671739585 0.22086134552955625
v -0.028227845206856735 -0.04186657816171647 0.2179753929376602
v -0.028639813885092742 -0.040159005671739585 0.22086134552955625
v -0.027133673429489143 -0.04213817790150643 0.22085243463516233
v -0.02699133940041066 -0.04116312414407731 0.22348988056182859
v -0.015687307342886928 -0.04597279056906701 0.1947374194860458
v -0.01958790607750416 -0.04575136676430703 0.200531393289566
v -0.021214701235294346 -0.04538460448384286 0.20005948841571805
v -0.022607101127505306 -0.04522623866796494 0.20692709088325498
v -0.01958790607750416 -0.04575136676430703 0.200531393289566
v -0.016437835991382602 -0.04591983556747437 0.1992630213499069
v -0.01958790607750416 -0.04575136676430703 0.200531393289566
v -0.02387088723480702 -0.04494366422295571 0.20456948876380918
v -0.021214701235294346 -0.04538460448384286 0.20005948841571805
v -0.01958790607750416 -0.04575136676430703 0.200531393289566
v -0.022607101127505306 -0.04522623866796494 0.20692709088325498
v -0.02387088723480702 -0.04494366422295571 0.20456948876380918
v -0.02387088723480702 -0.04494366422295571 0.20456948876380918
v -0.010686314664781095 -0.028467787429690368 0.030817193910479542
v -0.021214701235294346 -0.04538460448384286 0.20005948841571805
v -0.010686314664781095 -0.028467787429690368 0.030817193910479542
v -0.02387088723480702 -0.04494366422295571 0.20456948876380918
v -0.024173989892005927 -0.044561047106981284 0.20247288048267362
v -0.0255175568163395 -0.04397587850689889 0.20350967347621915
v -0.024173989892005927 -0.044561047106981284 0.20247288048267362
v -0.02387088723480702 -0.04494366422295571 0.20456948876380918
v -0.025415839627385146 -0.04448321461677552 0.2086381912231445
v -0.02654188498854638 -0.04378084465861321 0.20713864266872403
v -0.02387088723480702 -0.04494366422295571 0.20456948876380918
v -0.0255175568163395 -0.04397587850689889 0.20350967347621915
v -0.02387088723480702 -0.04494366422295571 0.20456948876380918
v -0.02654188498854638 -0.04378084465861321 0.20713864266872403
v -0.02790039405226708 -0.042920000851154334 0.21239344775676725
v -0.02687847428023816 -0.04374196752905846 0.21088206768035886
v -0.0272006280720234 -0.043069411069154746 0.2166168242692947
v -0.025415839627385146 -0.04448321461677552 0.2086381912231445
v -0.02687847428023816 -0.04374196752905846 0.21088206768035886
v -0.02654188498854638 -0.04378084465861321 0.20713864266872403
v -0.028169181197881706 -0.04260699078440667 0.20943473279476163
v -0.02654188498854638 -0.04378084465861321 0.20713864266872403
v -0.02687847428023816 -0.04374196752905846 0.21088206768035886
v -0.028169181197881706 -0.04260699078440667 0.20943473279476163
v -0.02687847428023816 -0.04374196752905846 0.21088206768035886
v -0.02790039405226708 -0.042920000851154334 0.21239344775676725
v -0.023340428248047832 -0.04271309077739716 0.2266314476728439
v -0.02423196844756604 -0.043675504624843604 0.22139516472816465
v -0.021930120885372165 -0.043378874659538276 0.22611349821090695
v -0.021930120885372165 -0.043378874659538276 0.22611349821090695
v -0.02423196844756604 -0.043675504624843604 0.22139516472816465
v -0.023075308650732044 -0.04397932812571526 0.22100085020065305
v -0.02423196844756604 -0.043675504624843604 0.22139516472816465
v -0.024561297148466117 -0.044285543262958534 0.2162436246871948
v -0.023075308650732044 -0.04397932812571526 0.22100085020065305
v -0.023779103532433517 0.050104603171348586 0.23316426575183866
v -0.020242333412170414 0.050016708672046675 0.236756294965744
v -0.023096624761819843 0.05034899339079858 0.2335676401853561
v -0.017965348437428478 0.04259947314858437 0.23850680887699124
v -0.017198849469423298 0.05009747669100763 0.23892685770988462
v -0.020242333412170414 0.050016708672046675 0.236756294965744
v -0.021767960861325267 -0.040659956634044654 0.23215253651142118
v -0.02513770759105683 -0.040939528495073325 0.22743788361549375
v -0.02431281656026841 -0.04192604124546052 0.22707717120647428
v -0.01250033546239138 0.03413087502121926 -0.03582150861620902
v -0.005390943493694068 0.034427054226398475 -0.03760480135679244
v -0.009010725654661657 0.027119575068354614 -0.03574008867144584
v -0.015968726947903637 0.02556814998388291 -0.032838288694620126
v -0.01250033546239138 0.03413087502121926 -0.03582150861620902
v -0.009010725654661657 0.027119575068354614 -0.03574008867144584
v -0.005134989973157645 0.03899909183382989 -0.03779609873890876
v -0.01250033546239138 0.03413087502121926 -0.03582150861620902
v -0.0141911068931222 0.03899840638041497 -0.035463433712720864
v -0.005390943493694068 0.034427054226398475 -0.03760480135679244
v -0.01250033546239138 0.03413087502121926 -0.03582150861620902
v -0.005134989973157645 0.03899909183382989 -0.03779609873890876
v -0.01250033546239138 0.03413087502121926 -0.03582150861620902
v -0.01903563924133778 0.03434026613831521 -0.03278243169188499
v -0.0141911068931222 0.03899840638041497 -0.035463433712720864
v -0.01903563924133778 0.03434026613831521 -0.03278243169188499
v -0.01250033546239138 0.03413087502121926 -0.03582150861620902
v -0.015968726947903637 0.02556814998388291 -0.032838288694620126
v -0.015968726947903637 0.02556814998388291 -0.032838288694620126
v -0.02224097773432732 0.02621318772435189 -0.02913686633110046
v -0.01903563924133778 0.03434026613831521 -0.03278243169188499
v -0.015968726947903637 0.02556814998388291 -0.032838288694620126
v -0.01899194344878197 0.01782970875501633 -0.028040932491421696
v -0.02224097773432732 0.02621318772435189 -0.02913686633110046
v -0.0248019713908434 0.019013799726963047 -0.02394509688019752
v -0.02224097773432732 0.02621318772435189 -0.02913686633110046
v -0.01899194344878197 0.01782970875501633 -0.028040932491421696
v -0.02224097773432732 0.02621318772435189 -0.02913686633110046
v -0.027747949585318572 0.0302768424153328 -0.025027003139257428
v -0.02339516952633858 0.03899118304252625 -0.030095174908637997
v -0.01903563924133778 0.03434026613831521 -0.03278243169188499
v -0.02224097773432732 0.02621318772435189 -0.02913686633110046
v -0.02339516952633858 0.03899118304252625 -0.030095174908637997
v -0.03166388720273972 0.02129953540861607 -0.015992322936654087
v -0.02760054729878903 0.022779980674386028 -0.022835141047835347
v -0.027028970420360572 0.01320227421820164 -0.01762464083731174
v -0.0248019713908434 0.019013799726963047 -0.02394509688019752
v -0.027028970420360572 0.01320227421820164 -0.01762464083731174
v -0.02760054729878903 0.022779980674386028 -0.022835141047835347
v -0.02224097773432732 0.02621318772435189 -0.02913686633110046
v -0.02760054729878903 0.022779980674386028 -0.022835141047835347
v -0.027747949585318572 0.0302768424153328 -0.025027003139257428
v -0.02760054729878903 0.022779980674386028 -0.022835141047835347
v -0.02224097773432732 0.02621318772435189 -0.02913686633110046
v -0.0248019713908434 0.019013799726963047 -0.02394509688019752
v -0.03013571165502072 0.03490379080176354 -0.022798670455813404
v -0.031829692423343665 0.027669373899698264 -0.018684146925806996
v -0.03389562293887139 0.03441493585705758 -0.016394997015595433
v -0.034340105950832374 0.0255150105804205 -0.01251561753451824
v -0.031829692423343665 0.027669373899698264 -0.018684146925806996
v -0.03166388720273972 0.02129953540861607 -0.015992322936654087
v -0.03389562293887139 0.03441493585705758 -0.016394997015595433
v -0.031829692423343665 0.027669373899698264 -0.018684146925806996
v -0.034340105950832374 0.0255150105804205 -0.01251561753451824
v -0.031829692423343665 0.027669373899698264 -0.018684146925806996
v -0.02760054729878903 0.022779980674386028 -0.022835141047835347
v -0.03166388720273972 0.02129953540861607 -0.015992322936654087
v -0.031829692423343665 0.027669373899698264 -0.018684146925806996
v -0.03013571165502072 0.03490379080176354 -0.022798670455813404
v -0.027747949585318572 0.0302768424153328 -0.025027003139257428
v -0.02760054729878903 0.022779980674386028 -0.022835141047835347
v -0.031829692423343665 0.027669373899698264 -0.018684146925806996
v -0.027747949585318572 0.0302768424153328 -0.025027003139257428
v 0.0321207344532013 -0.026820328086614616 0.21531242132186887
v 0.03131073713302613 0.04385415837168694 0.21647423505783078
v 0.03152182325720788 -0.0257514026015997 0.21947407722473142
v 0.03131073713302613 0.04385415837168694 0.21647423505783078
v 0.031014710664749152 0.050085641443729415 0.21805390715599057
v 0.03152182325720788 -0.0257514026015997 0.21947407722473142
v 0.031448271125555045 0.05009544268250467 0.2135120630264282
v 0.03131073713302613 0.04385415837168694 0.21647423505783078
v 0.0321207344532013 -0.026820328086614616 0.21531242132186887
v 0.031014710664749152 0.050085641443729415 0.21805390715599057
v 0.03131073713302613 0.04385415837168694 0.21647423505783078
v 0.031448271125555045 0.05009544268250467 0.2135120630264282
v 0.02851622551679612 -0.023670652881264694 0.22771154344081876
v 0.02754312194883824 0.04385568574070931 0.2279810458421707
v 0.026982989162206657 0.05002091825008394 0.22887808084487912
v 0.028452843427658088 0.04259890690445901 0.22620514035224912
v 0.02754312194883824 0.04385568574070931 0.2279810458421707
v 0.02851622551679612 -0.023670652881264694 0.22771154344081876
v 0.026982989162206657 0.05002091825008394 0.22887808084487912
v 0.02754312194883824 0.04385568574070931 0.2279810458421707
v 0.028995692729949958 0.050022937357425704 0.2248657941818237
v 0.028452843427658088 0.04259890690445901 0.22620514035224912
v 0.028995692729949958 0.050022937357425704 0.2248657941818237
v 0.02754312194883824 0.04385568574070931 0.2279810458421707
v -0.02130074799060822 -0.03951765969395638 0.23354865610599515
v -0.021794481202960018 -0.03792789578437806 0.23379166424274442
v -0.023470764979720123 -0.03911024704575539 0.23144753277301786
v -0.021767960861325267 -0.040659956634044654 0.23215253651142118
v -0.02130074799060822 -0.03951765969395638 0.23354865610599515
v -0.023470764979720123 -0.03911024704575539 0.23144753277301786
v -0.019127516075968746 -0.03941923007369042 0.23556694388389585
v -0.02130074799060822 -0.03951765969395638 0.23354865610599515
v -0.021767960861325267 -0.040659956634044654 0.23215253651142118
v -0.02130074799060822 -0.03951765969395638 0.23354865610599515
v -0.019127516075968746 -0.03941923007369042 0.23556694388389585
v -0.019565515220165256 -0.03785999491810799 0.2358644604682922
v -0.021794481202960018 -0.03792789578437806 0.23379166424274442
v -0.02130074799060822 -0.03951765969395638 0.23354865610599515
v -0.019565515220165256 -0.03785999491810799 0.2358644604682922
v -0.023779103532433517 0.050104603171348586 0.23316426575183866
v -0.022656267508864406 0.04260008037090302 0.23453970253467557
v -0.020242333412170414 0.050016708672046675 0.236756294965744
v -0.020242333412170414 0.050016708672046675 0.236756294965744
v -0.022656267508864406 0.04260008037090302 0.23453970253467557
v -0.021085603162646297 0.043854687362909324 0.2360616475343704
v -0.025689745321869857 -0.03805115073919297 0.2288469225168228
v -0.02832396514713765 -0.025787018239498145 0.22805093228816983
v -0.027176057919859893 -0.03821524605154992 0.22617462277412412
v -0.02832396514713765 -0.025787018239498145 0.22805093228816983
v -0.02999778091907502 -0.026745434850454337 0.22438967227935788
v -0.027176057919859893 -0.03821524605154992 0.22617462277412412
v -0.026590310037136085 -0.025565305724740035 0.23073501884937284
v -0.02832396514713765 -0.025787018239498145 0.22805093228816983
v -0.025689745321869857 -0.03805115073919297 0.2288469225168228
v -0.03147233277559281 -0.025743253529071815 0.21967193484306333
v -0.030915785580873496 -0.02516636066138745 0.2218361049890518
v -0.03067020885646344 0.050030585378408446 0.21985247731208798
v -0.027451464906334884 0.042933586984872825 0.22808666527271268
v -0.02599960938096047 0.05001387000083925 0.23041290044784543
v -0.027392154559493072 0.044181220233440406 0.22814999520778653
v -0.03145617619156838 0.05009354278445245 0.21396581828594205
v -0.032132063060998924 -0.026842156425118453 0.2151767164468765
v -0.03135427832603455 0.0438990741968155 0.2156167775392532
v -0.031120600178837783 0.04419169947504998 0.21750006079673764
v -0.03135427832603455 0.0438990741968155 0.2156167775392532
v -0.032132063060998924 -0.026842156425118453 0.2151767164468765
v -0.03135427832603455 0.0438990741968155 0.2156167775392532
v -0.031120600178837783 0.04419169947504998 0.21750006079673764
v -0.03145617619156838 0.05009354278445245 0.21396581828594205
v 0.014495536684989933 -0.037785105407238014 0.23931314051151273
v 0.01676842570304871 -0.03933116793632508 0.23735612630844113
v 0.01705141365528107 -0.03780046850442887 0.2377669662237167
v 0.01705141365528107 -0.03780046850442887 0.2377669662237167
v 0.016586303710937503 -0.023087197914719585 0.2402379214763641
v 0.014495536684989933 -0.037785105407238014 0.23931314051151273
v 0.012144124135375026 -0.037069637328386314 0.24053011834621427
v 0.013918520882725719 -0.02253607474267483 0.24171169102191922
v 0.01044717710465193 -0.022353716194629673 0.2431058883666992
v 0.013918520882725719 -0.02253607474267483 0.24171169102191922
v 0.012144124135375026 -0.037069637328386314 0.24053011834621427
v 0.014495536684989933 -0.037785105407238014 0.23931314051151273
v 0.016586303710937503 -0.023087197914719585 0.2402379214763641
v 0.013918520882725719 -0.02253607474267483 0.24171169102191922
v 0.014495536684989933 -0.037785105407238014 0.23931314051151273
v 0.017020212486386303 0.05034901574254037 0.23874020576477048
v 0.020224213600158695 0.05034901574254037 0.23634894192218778
v 0.023096127435565 0.05034901946783067 0.2335676699876785
v 0.023096127435565 0.05034901946783067 0.2335676699876785
v 0.020224213600158695 0.05034901574254037 0.23634894192218778
v 0.020320130512118343 0.050090972334146514 0.23660232126712796
v -0.00011533521319506693 -0.019476387649774555 0.24489881098270413
v 0.0036946723703295 0.05002919957041742 0.24388927221298215
v 0.0011971971252933147 0.04384437203407288 0.24412292242050168
v -0.00011533521319506693 -0.019476387649774555 0.24489881098270413
v 0.004404182545840741 -0.019562570378184322 0.24458859860897061
v 0.0036946723703295 0.05002919957041742 0.24388927221298215
v -0.00017090703477151695 0.05008477717638017 0.24405428767204282
v -0.00011533521319506693 -0.019476387649774555 0.24489881098270413
v 0.0011971971252933147 0.04384437203407288 0.24412292242050168
v -0.00011533521319506693 -0.019476387649774555 0.24489881098270413
v -0.00017090703477151695 0.05008477717638017 0.24405428767204282
v -0.003283866913989187 0.050022911280393614 0.24390703439712522
v 0.0036946723703295 0.05002919957041742 0.24388927221298215
v -0.00017090703477151695 0.05008477717638017 0.24405428767204282
v 0.0011971971252933147 0.04384437203407288 0.24412292242050168
v 0.001998713240027428 0.05034900456666948 0.24372763931751248
v -0.00017090703477151695 0.05008477717638017 0.24405428767204282
v 0.0036946723703295 0.05002919957041742 0.24388927221298215
v -0.003283866913989187 0.050022911280393614 0.24390703439712522
v -0.00017090703477151695 0.05008477717638017 0.24405428767204282
v -0.0019992168527096514 0.05034900456666948 0.24372763931751248
v -0.0019992168527096514 0.05034900456666948 0.24372763931751248
v -0.00017090703477151695 0.05008477717638017 0.24405428767204282
v 0.001998713240027428 0.05034900456666948 0.24372763931751248
v -0.0035325188655406245 -0.019537858664989475 0.24470958113670346
v -0.00011533521319506693 -0.019476387649774555 0.24489881098270413
v -0.003283866913989187 0.050022911280393614 0.24390703439712522
v -0.0035325188655406245 -0.019537858664989475 0.24470958113670346
v -0.003283866913989187 0.050022911280393614 0.24390703439712522
v -0.006527252495288851 -0.01961302943527699 0.24423082172870633
v -0.0034156960900872954 -0.022030876949429515 0.24465119838714597
v -0.0035325188655406245 -0.019537858664989475 0.24470958113670346
v -0.006527252495288851 -0.01961302943527699 0.24423082172870633
v -0.00011533521319506693 -0.019476387649774555 0.24489881098270413
v -4.1114522900898016e-05 -0.0219670906662941 0.24483878910541532
v 0.003381704445928336 -0.022176714614033703 0.24463312327861783
v -4.1114522900898016e-05 -0.0219670906662941 0.24483878910541532
v -0.0035325188655406245 -0.019537858664989475 0.24470958113670346
v -0.0034156960900872954 -0.022030876949429515 0.24465119838714597
v -0.0035325188655406245 -0.019537858664989475 0.24470958113670346
v -4.1114522900898016e-05 -0.0219670906662941 0.24483878910541532
v -0.00011533521319506693 -0.019476387649774555 0.24489881098270413
v 0.0018336253706365828 -0.03549663349986077 0.24304693937301633
v -4.1114522900898016e-05 -0.0219670906662941 0.24483878910541532
v -0.001669436460360885 -0.035574249923229224 0.243051141500473
v -4.1114522900898016e-05 -0.0219670906662941 0.24483878910541532
v -0.004135663621127606 -0.037246394902467735 0.24274332821369168
v -0.001669436460360885 -0.035574249923229224 0.243051141500473
v -4.1114522900898016e-05 -0.0219670906662941 0.24483878910541532
v -0.0034156960900872954 -0.022030876949429515 0.24465119838714597
v -0.004135663621127606 -0.037246394902467735 0.24274332821369168
v 0.003381704445928336 -0.022176714614033703 0.24463312327861783
v -4.1114522900898016e-05 -0.0219670906662941 0.24483878910541532
v 0.004095781594514848 -0.03743610158562661 0.24273203313350675
v 0.004095781594514848 -0.03743610158562661 0.24273203313350675
v -4.1114522900898016e-05 -0.0219670906662941 0.24483878910541532
v 0.0018336253706365828 -0.03549663349986077 0.24304693937301633
v -0.005964323878288271 0.05034900084137918 0.24321644008159635
v -0.007738593034446241 0.05009918659925462 0.24311211705207822
v -0.003283866913989187 0.050022911280393614 0.24390703439712522
v -0.00602166634052992 0.04389908537268639 0.2435108423233032
v -0.003283866913989187 0.050022911280393614 0.24390703439712522
v -0.007738593034446241 0.05009918659925462 0.24311211705207822
v -0.009831501170992853 0.05034900084137918 0.24220225214958188
v -0.007738593034446241 0.05009918659925462 0.24311211705207822
v -0.005964323878288271 0.05034900084137918 0.24321644008159635
v -0.00602166634052992 0.04389908537268639 0.2435108423233032
v -0.007738593034446241 0.05009918659925462 0.24311211705207822
v -0.006527252495288851 -0.01961302943527699 0.24423082172870633
v -0.009831501170992853 0.05034900084137918 0.24220225214958188
v -0.013102354481816295 0.050042700022459044 0.24125269055366513
v -0.007738593034446241 0.05009918659925462 0.24311211705207822
v 0.026469264179468162 -0.039864290505647666 0.2263441830873489
v 0.026442328467965133 -0.04113076254725457 0.22480590641498563
v 0.027943184599280364 -0.039505131542682655 0.22364392876625058
v 0.02695234119892121 -0.04236676543951035 0.2205700576305389
v 0.026442328467965133 -0.04113076254725457 0.22480590641498563
v 0.025601956993341453 -0.04211243987083436 0.22447882592678067
v 0.014787221327424053 -0.04123398289084435 0.23701561987400052
v 0.01924379169940949 -0.04147441685199738 0.23356847465038297
v 0.01762032695114613 -0.04042720794677735 0.236028715968132
v 0.031074142083525665 -0.027526479214429862 0.22111378610134122
v 0.029322095215320594 -0.03799456730484963 0.22069424390792844
v 0.0317431353032589 -0.02828966267406941 0.21801759302616117
v 0.029322095215320594 -0.03799456730484963 0.22069424390792844
v 0.029881587252020843 -0.03844106569886208 0.21804013848304746
v 0.0317431353032589 -0.02828966267406941 0.21801759302616117
v 0.029881587252020843 -0.03844106569886208 0.21804013848304746
v 0.029322095215320594 -0.03799456730484963 0.22069424390792844
v 0.028890483081340797 -0.039496291428804405 0.22086353600025174
v 0.028428103774786002 -0.0375284031033516 0.223511129617691
v 0.029322095215320594 -0.03799456730484963 0.22069424390792844
v 0.031074142083525665 -0.027526479214429862 0.22111378610134122
v 0.027943184599280364 -0.039505131542682655 0.22364392876625058
v 0.028890483081340797 -0.039496291428804405 0.22086353600025174
v 0.029322095215320594 -0.03799456730484963 0.22069424390792844
v 0.027943184599280364 -0.039505131542682655 0.22364392876625058
v 0.029322095215320594 -0.03799456730484963 0.22069424390792844
v 0.028428103774786002 -0.0375284031033516 0.223511129617691
v 0.029276750981807716 -0.04026173055171967 0.2179651856422424
v 0.028047520667314536 -0.04112902283668519 0.22081701457500455
v 0.028351193293929107 -0.04177439212799073 0.21775661408901212
v 0.028890483081340797 -0.039496291428804405 0.22086353600025174
v 0.028047520667314536 -0.04112902283668519 0.22081701457500455
v 0.029276750981807716 -0.04026173055171967 0.2179651856422424
v 0.028047520667314536 -0.04112902283668519 0.22081701457500455
v 0.02695234119892121 -0.04236676543951035 0.2205700576305389
v 0.028351193293929107 -0.04177439212799073 0.21775661408901212
v 0.02695234119892121 -0.04236676543951035 0.2205700576305389
v 0.028047520667314536 -0.04112902283668519 0.22081701457500455
v 0.026442328467965133 -0.04113076254725457 0.22480590641498563
v 0.027943184599280364 -0.039505131542682655 0.22364392876625058
v 0.028047520667314536 -0.04112902283668519 0.22081701457500455
v 0.028890483081340797 -0.039496291428804405 0.22086353600025174
v 0.026442328467965133 -0.04113076254725457 0.22480590641498563
v 0.028047520667314536 -0.04112902283668519 0.22081701457500455
v 0.027943184599280364 -0.039505131542682655 0.22364392876625058
v 0.03321665897965432 0.017573900520801548 -0.009940245188772677
v 0.0316721722483635 0.021425129845738414 -0.016050098463892933
v 0.03494891524314881 0.026660623028874404 -0.011425179429352282
v 0.029765930026769645 0.03899851068854333 -0.02364307269454002
v 0.030070429667830474 0.030427703633904464 -0.02216319181025028
v 0.027925385162234313 0.034794669598340995 -0.02550893649458885
v 0.027925385162234313 0.034794669598340995 -0.02550893649458885
v 0.030070429667830474 0.030427703633904464 -0.02216319181025028
v 0.025095338001847274 0.028285007923841483 -0.027235908433794972
v 0.025095338001847274 0.028285007923841483 -0.027235908433794972
v 0.030070429667830474 0.030427703633904464 -0.02216319181025028
v 0.029873317107558257 0.024600127711892135 -0.02056692168116569
v 0.012590582482516769 0.027126766741275794 -0.03462994843721389
v 0.012500766664743427 0.02029460668563843 -0.03246204555034637
v 0.007295848801732065 0.023330103605985645 -0.03517236188054084
v 0.0015986681682989006 0.0222812332212925 -0.03544603660702705
v 0.007295848801732065 0.023330103605985645 -0.03517236188054084
v 0.001489137415774167 0.01582036539912224 -0.03272098302841186
v 0.0015852476935833697 0.031956776976585395 -0.0377468392252922
v 0.007295848801732065 0.023330103605985645 -0.03517236188054084
v 0.0015986681682989006 0.0222812332212925 -0.03544603660702705
v 0.009289465844631197 0.034167822450399406 -0.036808650940656655
v 0.007295848801732065 0.023330103605985645 -0.03517236188054084
v 0.0015852476935833697 0.031956776976585395 -0.0377468392252922
v 0.012590582482516769 0.027126766741275794 -0.03462994843721389
v 0.007295848801732065 0.023330103605985645 -0.03517236188054084
v 0.009289465844631197 0.034167822450399406 -0.036808650940656655
v 0.012590582482516769 0.027126766741275794 -0.03462994843721389
v 0.01623952202498913 0.03249429166316987 -0.034104261547327035
v 0.019212804734706882 0.025837898254394538 -0.031098069623112675
v 0.019212804734706882 0.025837898254394538 -0.031098069623112675
v 0.01623952202498913 0.03249429166316987 -0.034104261547327035
v 0.02246249653398991 0.03471780195832253 -0.030536454170942303
v 0.01623952202498913 0.03249429166316987 -0.034104261547327035
v 0.01536096911877394 0.03899792581796647 -0.034955970942974084
v 0.02246249653398991 0.03471780195832253 -0.030536454170942303
v 0.01536096911877394 0.03899792581796647 -0.034955970942974084
v 0.01623952202498913 0.03249429166316987 -0.034104261547327035
v 0.009289465844631197 0.034167822450399406 -0.036808650940656655
v 0.012590582482516769 0.027126766741275794 -0.03462994843721389
v 0.009289465844631197 0.034167822450399406 -0.036808650940656655
v 0.01623952202498913 0.03249429166316987 -0.034104261547327035
v 0.012149428017437462 0.0036735450848937043 -0.021939000114798542
v 0.005309440195560456 0.0054504573345184335 -0.025395957753062245
v 0.012362101115286354 0.013552122749388221 -0.029141886159777638
v 0.005211079493165017 -0.0030657085590064534 -0.01793907582759857
v -0.0014639655128121378 0.004921532701700927 -0.025519357994198796
v 0.005309440195560456 0.0054504573345184335 -0.025395957753062245
v 0.012149428017437462 0.0036735450848937043 -0.021939000114798542
v 0.005211079493165017 -0.0030657085590064534 -0.01793907582759857
v 0.005309440195560456 0.0054504573345184335 -0.025395957753062245
v 0.02707131020724774 -0.04316040500998498 0.21656414866447446
v 0.02788770943880082 -0.04271325096488 0.21502767503261563
v 0.028351193293929107 -0.04177439212799073 0.21775661408901212
v 0.02707131020724774 -0.04316040500998498 0.21656414866447446
v 0.026638563722372062 -0.04381092637777329 0.212315559387207
v 0.02788770943880082 -0.04271325096488 0.21502767503261563
v 0.026535425335168845 -0.04378174617886544 0.20710375905036923
v 0.027709752321243293 -0.04274150356650353 0.20674955844879148
v 0.028211224824190147 -0.04257129132747651 0.209499716758728
v 0.027041153982281692 -0.04359217733144761 0.20973236858844754
v 0.026535425335168845 -0.04378174617886544 0.20710375905036923
v 0.028211224824190147 -0.04257129132747651 0.209499716758728
v 0.02893312461674214 -0.04181422665715218 0.21223144233226773
v 0.028211224824190147 -0.04257129132747651 0.209499716758728
v 0.029142176732420928 -0.041336670517921455 0.20927634835243222
v 0.027709752321243293 -0.04274150356650353 0.20674955844879148
v 0.025295540690422065 -0.01836974918842316 0.034729458391666405
v 0.028211224824190147 -0.04257129132747651 0.209499716758728
v 0.029142176732420928 -0.041336670517921455 0.20927634835243222
v 0.028211224824190147 -0.04257129132747651 0.209499716758728
v 0.025295540690422065 -0.01836974918842316 0.034729458391666405
v 0.022979946807026867 -0.045016389340162284 0.20961266756057736
v 0.01821844652295113 -0.0458282195031643 0.2001438736915588
v 0.021867532283067707 -0.045396886765956886 0.20452420413494107
v 0.00996733643114567 -0.04643813520669938 0.19303931295871732
v 0.01821844652295113 -0.0458282195031643 0.2001438736915588
v 0.0026300337631255393 -0.04660023003816605 0.19133725762367246
v 0.02022076584398747 -0.04561088979244233 0.20019373297691342
v 0.01821844652295113 -0.0458282195031643 0.2001438736915588
v 0.015336826443672184 -0.04610574990510941 0.1954148560762405
v 0.021867532283067707 -0.045396886765956886 0.20452420413494107
v 0.01821844652295113 -0.0458282195031643 0.2001438736915588
v 0.02022076584398747 -0.04561088979244233 0.20019373297691342
v 0.02528327703475953 -0.044398479163646705 0.2125228643417358
v 0.025919821113348014 -0.04384725540876389 0.21621944010257718
v 0.02448448725044728 -0.044258754700422294 0.21670734882354734
v 0.024336250498890884 -0.0436895601451397 0.22110474109649655
v 0.02448448725044728 -0.044258754700422294 0.21670734882354734
v 0.025919821113348014 -0.04384725540876389 0.21621944010257718
v 0.02707131020724774 -0.04316040500998498 0.21656414866447446
v 0.025919821113348014 -0.04384725540876389 0.21621944010257718
v 0.026638563722372062 -0.04381092637777329 0.212315559387207
v 0.025919821113348014 -0.04384725540876389 0.21621944010257718
v 0.02528327703475953 -0.044398479163646705 0.2125228643417358
v 0.026638563722372062 -0.04381092637777329 0.212315559387207
v 0.02707131020724774 -0.04316040500998498 0.21656414866447446
v 0.025465784594416625 -0.04311609640717507 0.22160595655441281
v 0.025919821113348014 -0.04384725540876389 0.21621944010257718
v 0.024336250498890884 -0.0436895601451397 0.22110474109649655
v 0.025919821113348014 -0.04384725540876389 0.21621944010257718
v 0.025465784594416625 -0.04311609640717507 0.22160595655441281
v -0.013102354481816295 0.050042700022459044 0.24125269055366513
v -0.015493615530431274 -0.02043133229017258 0.2409422695636749
v -0.013127004727721218 -0.020171748474240307 0.24211920797824857
v -0.01662050932645798 0.04293125495314599 0.23937681317329404
v -0.015493615530431274 -0.02043133229017258 0.2409422695636749
v -0.013102354481816295 0.050042700022459044 0.24125269055366513
v -0.01662050932645798 0.04293125495314599 0.23937681317329404
v -0.017198849469423298 0.05009747669100763 0.23892685770988462
v -0.015493615530431274 -0.02043133229017258 0.2409422695636749
v -0.013127004727721218 -0.020171748474240307 0.24211920797824857
v -0.01068407390266657 -0.022383864969015125 0.24302370846271512
v -0.009164805524051191 -0.019786413758993152 0.2435798645019531
v -0.007738593034446241 0.05009918659925462 0.24311211705207822
v -0.009164805524051191 -0.019786413758993152 0.2435798645019531
v -0.006527252495288851 -0.01961302943527699 0.24423082172870633
v -0.009164805524051191 -0.019786413758993152 0.2435798645019531
v -0.007738593034446241 0.05009918659925462 0.24311211705207822
v -0.009182970039546491 0.04259930551052094 0.24276906251907346
v -0.007142198737710716 -0.022084038704633716 0.24405272305011746
v -0.006527252495288851 -0.01961302943527699 0.24423082172870633
v -0.009164805524051191 -0.019786413758993152 0.2435798645019531
v -0.01068407390266657 -0.022383864969015125 0.24302370846271512
v -0.007142198737710716 -0.022084038704633716 0.24405272305011746
v -0.009164805524051191 -0.019786413758993152 0.2435798645019531
v -0.013127004727721218 -0.020171748474240307 0.24211920797824857
v -0.009164805524051191 -0.019786413758993152 0.2435798645019531
v -0.013102354481816295 0.050042700022459044 0.24125269055366513
v -0.017175605520606044 -0.03782694041728974 0.23767192661762235
v -0.019127516075968746 -0.03941923007369042 0.23556694388389585
v -0.016763066872954372 -0.039332199841737754 0.23735941946506497
v -0.01468282844871283 -0.03777528181672097 0.23921141028404233
v -0.016763066872954372 -0.039332199841737754 0.23735941946506497
v -0.01405696384608746 -0.03980484604835511 0.23871557414531705
v -0.017175605520606044 -0.03782694041728974 0.23767192661762235
v -0.016763066872954372 -0.039332199841737754 0.23735941946506497
v -0.01468282844871283 -0.03777528181672097 0.23921141028404233
v -0.01468282844871283 -0.03777528181672097 0.23921141028404233
v -0.013747884891927246 -0.022715762257575992 0.24176275730133054
v -0.016619307920336727 -0.023090703412890438 0.2402214854955673
v -0.01192662958055735 -0.037690568715333946 0.24056884646415708
v -0.013747884891927246 -0.022715762257575992 0.24176275730133054
v -0.01468282844871283 -0.03777528181672097 0.23921141028404233
v -0.01068407390266657 -0.022383864969015125 0.24302370846271512
v -0.013747884891927246 -0.022715762257575992 0.24176275730133054
v -0.01192662958055735 -0.037690568715333946 0.24056884646415708
v -0.013127004727721218 -0.020171748474240307 0.24211920797824857
v -0.013747884891927246 -0.022715762257575992 0.24176275730133054
v -0.01068407390266657 -0.022383864969015125 0.24302370846271512
v -0.015493615530431274 -0.02043133229017258 0.2409422695636749
v -0.016619307920336727 -0.023090703412890438 0.2402214854955673
v -0.013747884891927246 -0.022715762257575992 0.24176275730133054
v -0.015493615530431274 -0.02043133229017258 0.2409422695636749
v -0.013747884891927246 -0.022715762257575992 0.24176275730133054
v -0.013127004727721218 -0.020171748474240307 0.24211920797824857
v -0.01192662958055735 -0.037690568715333946 0.24056884646415708
v -0.011412248946726324 -0.03973528742790223 0.23999047279357907
v -0.009126875549554827 -0.03764689341187478 0.2416082918643951
v -0.009126875549554827 -0.03764689341187478 0.2416082918643951
v -0.011412248946726324 -0.03973528742790223 0.23999047279357907
v -0.008644263260066511 -0.03972654789686204 0.24096666276454923
v -0.01192662958055735 -0.037690568715333946 0.24056884646415708
v -0.01405696384608746 -0.03980484604835511 0.23871557414531705
v -0.011412248946726324 -0.03973528742790223 0.23999047279357907
v -0.005752586759626866 -0.03916116058826447 0.2419864237308502
v -0.004338206723332406 -0.04051037505269051 0.2413327246904373
v -0.004243739414960147 -0.03964686021208764 0.24194702506065366
v -0.008644263260066511 -0.03972654789686204 0.24096666276454923
v -0.004338206723332406 -0.04051037505269051 0.2413327246904373
v -0.005752586759626866 -0.03916116058826447 0.2419864237308502
v -0.004243739414960147 -0.03964686021208764 0.24194702506065366
v -0.004338206723332406 -0.04051037505269051 0.2413327246904373
v 0.0043714912608265885 -0.039575465023517616 0.24199073016643521
v 0.0044911857694387445 -0.0405445583164692 0.2412823289632797
v 0.0043714912608265885 -0.039575465023517616 0.24199073016643521
v -0.004338206723332406 -0.04051037505269051 0.2413327246904373
v 0.0043714912608265885 -0.039575465023517616 0.24199073016643521
v 0.004113725852221251 -0.03879282996058465 0.24236045777797696
v -0.004243739414960147 -0.03964686021208764 0.24194702506065366
v 0.004113725852221251 -0.03879282996058465 0.24236045777797696
v -0.0042244656942784795 -0.038407173007726676 0.242511510848999
v -0.004243739414960147 -0.03964686021208764 0.24194702506065366
v -0.0042244656942784795 -0.038407173007726676 0.242511510848999
v 0.004113725852221251 -0.03879282996058465 0.24236045777797696
v 0.004095781594514848 -0.03743610158562661 0.24273203313350675
v 0.008060422725975515 -0.041738197207450874 0.23908099532127378
v 0.004251274280250073 -0.0412825495004654 0.24054153263568875
v 0.004211510065943004 -0.041934695094823844 0.23955594003200528
v 0.004251274280250073 -0.0412825495004654 0.24054153263568875
v 0.008060422725975515 -0.041738197207450874 0.23908099532127378
v 0.009754345752298834 -0.04102501273155213 0.2395326197147369
v 0.0044911857694387445 -0.0405445583164692 0.2412823289632797
v 0.004251274280250073 -0.0412825495004654 0.24054153263568875
v 0.009754345752298834 -0.04102501273155213 0.2395326197147369
v 0.009754345752298834 -0.04102501273155213 0.2395326197147369
v 0.01411998458206654 -0.03980491310358048 0.23868195712566373
v 0.010019378736615183 -0.04012567177414895 0.2402546554803848
v 0.009754345752298834 -0.04102501273155213 0.2395326197147369
v 0.010019378736615183 -0.04012567177414895 0.2402546554803848
v 0.0044911857694387445 -0.0405445583164692 0.2412823289632797
v 0.0044911857694387445 -0.0405445583164692 0.2412823289632797
v 0.010019378736615183 -0.04012567177414895 0.2402546554803848
v 0.0043714912608265885 -0.039575465023517616 0.24199073016643521
v 0.010019378736615183 -0.04012567177414895 0.2402546554803848
v 0.00868845544755459 -0.03867849707603455 0.24145877361297605
v 0.0043714912608265885 -0.039575465023517616 0.24199073016643521
v -0.03000160679221154 -0.0392715334892273 0.20899346470832822
v -0.02971881069242955 -0.04053471982479096 0.21210792660713193
v -0.030219523236155517 -0.03917143866419793 0.21197292208671567
v -0.03000160679221154 -0.0392715334892273 0.20899346470832822
v -0.029340472072362907 -0.041027013212442405 0.20922668278217313
v -0.02971881069242955 -0.04053471982479096 0.21210792660713193
v -0.030139356851577766 -0.039068438112735755 0.21496579051017758
v -0.02971881069242955 -0.04053471982479096 0.21210792660713193
v -0.029642341658473022 -0.04039964079856873 0.21504849195480344
v -0.030139356851577766 -0.039068438112735755 0.21496579051017758
v -0.030219523236155517 -0.03917143866419793 0.21197292208671567
v -0.02971881069242955 -0.04053471982479096 0.21210792660713193
v -0.029642341658473022 -0.04039964079856873 0.21504849195480344
v -0.02971881069242955 -0.04053471982479096 0.21210792660713193
v -0.02893205918371678 -0.04181580245494843 0.21224522590637204
v -0.02893205918371678 -0.04181580245494843 0.21224522590637204
v -0.02971881069242955 -0.04053471982479096 0.21210792660713193
v -0.029340472072362907 -0.041027013212442405 0.20922668278217313
v -0.030139356851577766 -0.039068438112735755 0.21496579051017758
v -0.030298359692096717 -0.03783687949180604 0.2156422138214111
v -0.03213912621140481 -0.02898248657584191 0.214645579457283
v -0.030298359692096717 -0.03783687949180604 0.2156422138214111
v -0.02995202690362931 -0.03768974170088769 0.2180540561676025
v -0.03213912621140481 -0.02898248657584191 0.214645579457283
v -0.02995202690362931 -0.03768974170088769 0.2180540561676025
v -0.03170713037252427 -0.028333250433206565 0.21816976368427274
v -0.03213912621140481 -0.02898248657584191 0.214645579457283
v -0.02995202690362931 -0.03768974170088769 0.2180540561676025
v -0.029249407351017005 -0.03802107647061349 0.22093829512596128
v -0.03170713037252427 -0.028333250433206565 0.21816976368427274
v -0.03170713037252427 -0.028333250433206565 0.21816976368427274
v -0.032132063060998924 -0.026842156425118453 0.2151767164468765
v -0.03213912621140481 -0.02898248657584191 0.214645579457283
v -0.03170713037252427 -0.028333250433206565 0.21816976368427274
v -0.03147233277559281 -0.025743253529071815 0.21967193484306333
v -0.032132063060998924 -0.026842156425118453 0.2151767164468765
v -0.028639813885092742 -0.040159005671739585 0.22086134552955625
v -0.029249407351017005 -0.03802107647061349 0.22093829512596128
v -0.029521472752094276 -0.039749708026647575 0.21803259849548337
v -0.02995202690362931 -0.03768974170088769 0.2180540561676025
v -0.029521472752094276 -0.039749708026647575 0.21803259849548337
v -0.029249407351017005 -0.03802107647061349 0.22093829512596128
v -0.030139356851577766 -0.039068438112735755 0.21496579051017758
v -0.029642341658473022 -0.04039964079856873 0.21504849195480344
v -0.029521472752094276 -0.039749708026647575 0.21803259849548337
v -0.030298359692096717 -0.03783687949180604 0.2156422138214111
v -0.030139356851577766 -0.039068438112735755 0.21496579051017758
v -0.029521472752094276 -0.039749708026647575 0.21803259849548337
v -0.030298359692096717 -0.03783687949180604 0.2156422138214111
v -0.029521472752094276 -0.039749708026647575 0.21803259849548337
v -0.02995202690362931 -0.03768974170088769 0.2180540561676025
v -0.028227845206856735 -0.04186657816171647 0.2179753929376602
v -0.029521472752094276 -0.039749708026647575 0.21803259849548337
v -0.029642341658473022 -0.04039964079856873 0.21504849195480344
v -0.028639813885092742 -0.040159005671739585 0.22086134552955625
v -0.029521472752094276 -0.039749708026647575 0.21803259849548337
v -0.028227845206856735 -0.04186657816171647 0.2179753929376602
v -0.015687307342886928 -0.04597279056906701 0.1947374194860458
v -0.012256347574293617 -0.046262279152870185 0.1930831670761108
v -0.01553082931786776 -0.04608162492513657 0.19724977016448972
v -0.015687307342886928 -0.04597279056906701 0.1947374194860458
v -0.01553082931786776 -0.04608162492513657 0.19724977016448972
v -0.01958790607750416 -0.04575136676430703 0.200531393289566
v -0.007635742891579868 -0.04652145504951478 0.19225649535655973
v -0.01553082931786776 -0.04608162492513657 0.19724977016448972
v -0.012256347574293617 -0.046262279152870185 0.1930831670761108
v -0.016437835991382602 -0.04591983556747437 0.1992630213499069
v -0.01553082931786776 -0.04608162492513657 0.19724977016448972
v -0.007635742891579868 -0.04652145504951478 0.19225649535655973
v -0.01958790607750416 -0.04575136676430703 0.200531393289566
v -0.01553082931786776 -0.04608162492513657 0.19724977016448972
v -0.016437835991382602 -0.04591983556747437 0.1992630213499069
v -0.02431281656026841 -0.04192604124546052 0.22707717120647428
v -0.026090119034051902 -0.042184695601463325 0.2232352942228317
v -0.023340428248047832 -0.04271309077739716 0.2266314476728439
v -0.027133673429489143 -0.04213817790150643 0.22085243463516233
v -0.026090119034051902 -0.042184695601463325 0.2232352942228317
v -0.02699133940041066 -0.04116312414407731 0.22348988056182859
v -0.02699133940041066 -0.04116312414407731 0.22348988056182859
v -0.026090119034051902 -0.042184695601463325 0.2232352942228317
v -0.02513770759105683 -0.040939528495073325 0.22743788361549375
v -0.02513770759105683 -0.040939528495073325 0.22743788361549375
v -0.026090119034051902 -0.042184695601463325 0.2232352942228317
v -0.02431281656026841 -0.04192604124546052 0.22707717120647428
v -0.025495957583189018 -0.04308130219578744 0.22168600559234616
v -0.027133673429489143 -0.04213817790150643 0.22085243463516233
v -0.0272006280720234 -0.043069411069154746 0.2166168242692947
v -0.027133673429489143 -0.04213817790150643 0.22085243463516233
v -0.025495957583189018 -0.04308130219578744 0.22168600559234616
v -0.026090119034051902 -0.042184695601463325 0.2232352942228317
v -0.02423196844756604 -0.043675504624843604 0.22139516472816465
v -0.023340428248047832 -0.04271309077739716 0.2266314476728439
v -0.025495957583189018 -0.04308130219578744 0.22168600559234616
v -0.026090119034051902 -0.042184695601463325 0.2232352942228317
v -0.025495957583189018 -0.04308130219578744 0.22168600559234616
v -0.023340428248047832 -0.04271309077739716 0.2266314476728439
v -0.025033043697476394 -0.044593382626771934 0.21078231930732724
v -0.02387088723480702 -0.04494366422295571 0.20456948876380918
v -0.022607101127505306 -0.04522623866796494 0.20692709088325498
v -0.02387088723480702 -0.04494366422295571 0.20456948876380918
v -0.025033043697476394 -0.044593382626771934 0.21078231930732724
v -0.025415839627385146 -0.04448321461677552 0.2086381912231445
v -0.025033043697476394 -0.044593382626771934 0.21078231930732724
v -0.02687847428023816 -0.04374196752905846 0.21088206768035886
v -0.025415839627385146 -0.04448321461677552 0.2086381912231445
v 0.008359305560588838 -0.04242131486535073 0.23756808042526242
v 0.008060422725975515 -0.041738197207450874 0.23908099532127378
v 0.004211510065943004 -0.041934695094823844 0.23955594003200528
v 0.004111030604690314 -0.042507410049438484 0.23793447017669675
v 0.008359305560588838 -0.04242131486535073 0.23756808042526242
v 0.004211510065943004 -0.041934695094823844 0.23955594003200528
v 0.01618984714150429 -0.04278752207756043 0.23314389586448667
v 0.01961734145879746 -0.04292187094688416 0.2301225662231445
v 0.020393606275320057 -0.04238065704703332 0.23089674115180966
v 0.01961734145879746 -0.04292187094688416 0.2301225662231445
v 0.02344212122261525 -0.042726915329694755 0.22644817829132077
v 0.020393606275320057 -0.04238065704703332 0.23089674115180966
v 0.02344212122261525 -0.042726915329694755 0.22644817829132077
v 0.01961734145879746 -0.04292187094688416 0.2301225662231445
v 0.022473113611340526 -0.04328223317861558 0.22582042217254636
v 0.019924268126487735 -0.0434347689151764 0.22750429809093473
v 0.01961734145879746 -0.04292187094688416 0.2301225662231445
v 0.01618984714150429 -0.04278752207756043 0.23314389586448667
v 0.022979946807026867 -0.045016389340162284 0.20961266756057736
v 0.02248037047684193 -0.043855719268322 0.2225830554962158
v 0.019924268126487735 -0.0434347689151764 0.22750429809093473
v 0.022473113611340526 -0.04328223317861558 0.22582042217254636
v 0.019924268126487735 -0.0434347689151764 0.22750429809093473
v 0.02248037047684193 -0.043855719268322 0.2225830554962158
v 0.01961734145879746 -0.04292187094688416 0.2301225662231445
v 0.019924268126487735 -0.0434347689151764 0.22750429809093473
v 0.022473113611340526 -0.04328223317861558 0.22582042217254636
v -0.023096624761819843 0.05034899339079858 0.2335676401853561
v -0.02022471278905869 0.05034899339079858 0.23634894192218778
v -0.017020715400576595 0.05034899711608888 0.23874020576477048
v -0.020242333412170414 0.050016708672046675 0.236756294965744
v -0.02022471278905869 0.05034899339079858 0.23634894192218778
v -0.023096624761819843 0.05034899339079858 0.2335676401853561
v -0.017020715400576595 0.05034899711608888 0.23874020576477048
v -0.02022471278905869 0.05034899339079858 0.23634894192218778
v -0.017198849469423298 0.05009747669100763 0.23892685770988462
v -0.020242333412170414 0.050016708672046675 0.236756294965744
v -0.017198849469423298 0.05009747669100763 0.23892685770988462
v -0.02022471278905869 0.05034899339079858 0.23634894192218778
v -0.021607479080557827 -0.021556690335273746 0.2365944981575012
v -0.020242333412170414 0.050016708672046675 0.236756294965744
v -0.021085603162646297 0.043854687362909324 0.2360616475343704
v -0.02699133940041066 -0.04116312414407731 0.22348988056182859
v -0.02646563947200776 -0.03986611962318421 0.2263497561216354
v -0.02768154069781304 -0.039995227009058006 0.2236523777246475
v -0.02513770759105683 -0.040939528495073325 0.22743788361549375
v -0.02646563947200776 -0.03986611962318421 0.2263497561216354
v -0.02699133940041066 -0.04116312414407731 0.22348988056182859
v -0.02768154069781304 -0.039995227009058006 0.2236523777246475
v -0.02646563947200776 -0.03986611962318421 0.2263497561216354
v -0.027176057919859893 -0.03821524605154992 0.22617462277412412
v -0.025689745321869857 -0.03805115073919297 0.2288469225168228
v -0.027176057919859893 -0.03821524605154992 0.22617462277412412
v -0.02646563947200776 -0.03986611962318421 0.2263497561216354
v 0.025408264249563224 -0.03802872449159623 0.2292886972427368
v 0.027091141790151603 -0.03753247484564782 0.22651773691177365
v 0.02852566912770272 -0.02589328587055207 0.22764538228511808
v 0.02852566912770272 -0.02589328587055207 0.22764538228511808
v 0.027091141790151603 -0.03753247484564782 0.22651773691177365
v 0.029823021963238723 -0.027016684412956245 0.22463017702102658
v 0.029823021963238723 -0.027016684412956245 0.22463017702102658
v 0.027091141790151603 -0.03753247484564782 0.22651773691177365
v 0.030034925788640983 -0.026641773059964187 0.2243169844150543
v 0.030034925788640983 -0.026641773059964187 0.2243169844150543
v 0.027091141790151603 -0.03753247484564782 0.22651773691177365
v 0.028428103774786002 -0.0375284031033516 0.223511129617691
v -0.024679763242602355 -0.02472499385476113 0.23333641886711118
v -0.025088749825954444 -0.02241367101669312 0.23293541371822354
v -0.026590310037136085 -0.025565305724740035 0.23073501884937284
v -0.022385556250810627 -0.024093197658658035 0.23581087589263913
v -0.024679763242602355 -0.02472499385476113 0.23333641886711118
v -0.021794481202960018 -0.03792789578437806 0.23379166424274442
v -0.024679763242602355 -0.02472499385476113 0.23333641886711118
v -0.026590310037136085 -0.025565305724740035 0.23073501884937284
v -0.024019105359911926 -0.03721607476472855 0.23135060071945188
v -0.021794481202960018 -0.03792789578437806 0.23379166424274442
v -0.024679763242602355 -0.02472499385476113 0.23333641886711118
v -0.024019105359911926 -0.03721607476472855 0.23135060071945188
v -0.023954879492521293 0.04385564848780633 0.23312576115131375
v -0.022656267508864406 0.04260008037090302 0.23453970253467557
v -0.023779103532433517 0.050104603171348586 0.23316426575183866
v -0.023954879492521293 0.04385564848780633 0.23312576115131375
v -0.023779103532433517 0.050104603171348586 0.23316426575183866
v -0.02599960938096047 0.05001387000083925 0.23041290044784543
v -0.025088749825954444 -0.02241367101669312 0.23293541371822354
v -0.023954879492521293 0.04385564848780633 0.23312576115131375
v -0.02599960938096047 0.05001387000083925 0.23041290044784543
v -0.02698428928852082 -0.02305947616696358 0.23033310472965238
v -0.02832396514713765 -0.025787018239498145 0.22805093228816983
v -0.026590310037136085 -0.025565305724740035 0.23073501884937284
v -0.025088749825954444 -0.02241367101669312 0.23293541371822354
v -0.02698428928852082 -0.02305947616696358 0.23033310472965238
v -0.026590310037136085 -0.025565305724740035 0.23073501884937284
v -0.025088749825954444 -0.02241367101669312 0.23293541371822354
v -0.02599960938096047 0.05001387000083925 0.23041290044784543
v -0.02698428928852082 -0.02305947616696358 0.23033310472965238
v -0.02832396514713765 -0.025787018239498145 0.22805093228816983
v -0.029916660860180862 -0.02444377355277539 0.22471898794174192
v -0.02999778091907502 -0.026745434850454337 0.22438967227935788
v -0.030915785580873496 -0.02516636066138745 0.2218361049890518
v -0.02999778091907502 -0.026745434850454337 0.22438967227935788
v -0.029916660860180862 -0.02444377355277539 0.22471898794174192
v -0.027392154559493072 0.044181220233440406 0.22814999520778653
v -0.028347790241241462 0.04384435713291169 0.22645024955272672
v -0.027451464906334884 0.042933586984872825 0.22808666527271268
v -0.029916660860180862 -0.02444377355277539 0.22471898794174192
v -0.028347790241241462 0.04384435713291169 0.22645024955272672
v -0.028826480731368072 0.0500834994018078 0.2252714782953262
v -0.02599960938096047 0.05001387000083925 0.23041290044784543
v -0.028826480731368072 0.0500834994018078 0.2252714782953262
v -0.028347790241241462 0.04384435713291169 0.22645024955272672
v -0.027392154559493072 0.044181220233440406 0.22814999520778653
v -0.02599960938096047 0.05001387000083925 0.23041290044784543
v -0.028347790241241462 0.04384435713291169 0.22645024955272672
v -0.03067020885646344 0.050030585378408446 0.21985247731208798
v -0.029895137995481498 0.04361869767308236 0.2225178927183151
v -0.028826480731368072 0.0500834994018078 0.2252714782953262
v -0.030915785580873496 -0.02516636066138745 0.2218361049890518
v -0.029895137995481498 0.04361869767308236 0.2225178927183151
v -0.03067020885646344 0.050030585378408446 0.21985247731208798
v -0.029916660860180862 -0.02444377355277539 0.22471898794174192
v -0.029895137995481498 0.04361869767308236 0.2225178927183151
v -0.030915785580873496 -0.02516636066138745 0.2218361049890518
v 0.021655606105923656 -0.03796247392892838 0.2339185923337936
v 0.02130534872412682 -0.03951621800661088 0.2335446625947952
v 0.023537391796708114 -0.03802972286939622 0.23181474208831784
v 0.02130534872412682 -0.03951621800661088 0.2335446625947952
v 0.021655606105923656 -0.03796247392892838 0.2339185923337936
v 0.01913220621645451 -0.03941790014505387 0.23556354641914365
v 0.014679677784442905 -0.020353412255644802 0.2413801550865173
v 0.013918520882725719 -0.02253607474267483 0.24171169102191922
v 0.016586303710937503 -0.023087197914719585 0.2402379214763641
v 0.025647033005952842 0.04424660652875901 0.23092053830623624
v 0.027484450489282615 -0.023298526182770733 0.2295366674661636
v 0.026982989162206657 0.05002091825008394 0.22887808084487912
v 0.025647033005952842 0.04424660652875901 0.23092053830623624
v 0.024846563115715987 -0.022342333570122722 0.23323059082031247
v 0.027484450489282615 -0.023298526182770733 0.2295366674661636
v 0.024846563115715987 -0.022342333570122722 0.23323059082031247
v 0.025647033005952842 0.04424660652875901 0.23092053830623624
v 0.025096312165260322 0.042598400264978416 0.2316981106996536
v 0.021655606105923656 -0.03796247392892838 0.2339185923337936
v 0.019451051950454715 -0.03790298849344254 0.2359463572502136
v 0.01913220621645451 -0.03941790014505387 0.23556354641914365
v 0.01676842570304871 -0.03933116793632508 0.23735612630844113
v 0.01913220621645451 -0.03941790014505387 0.23556354641914365
v 0.019451051950454715 -0.03790298849344254 0.2359463572502136
v 0.01705141365528107 -0.03780046850442887 0.2377669662237167
v 0.01676842570304871 -0.03933116793632508 0.23735612630844113
v 0.019451051950454715 -0.03790298849344254 0.2359463572502136
v 0.009647599421441557 -0.019856955856084827 0.24342152476310727
v 0.008314569480717184 0.050085105001926436 0.242936298251152
v 0.006543863099068405 -0.019520051777362827 0.24418941140174863
v 0.009123964235186579 0.04385414347052575 0.24279467761516568
v 0.008314569480717184 0.050085105001926436 0.242936298251152
v 0.009647599421441557 -0.019856955856084827 0.24342152476310727
v 0.009123964235186579 0.04385414347052575 0.24279467761516568
v 0.010881641879677774 0.05002251639962198 0.2421387583017349
v 0.008314569480717184 0.050085105001926436 0.242936298251152
v 0.009830997325479986 0.050349012017250075 0.24220225214958188
v 0.008314569480717184 0.050085105001926436 0.242936298251152
v 0.010881641879677774 0.05002251639962198 0.2421387583017349
v 0.004404182545840741 -0.019562570378184322 0.24458859860897061
v 0.006543863099068405 -0.019520051777362827 0.24418941140174863
v 0.0052193179726600656 0.043844394385814674 0.24371103942394254
v 0.0036946723703295 0.05002919957041742 0.24388927221298215
v 0.004404182545840741 -0.019562570378184322 0.24458859860897061
v 0.0052193179726600656 0.043844394385814674 0.24371103942394254
v 0.008314569480717184 0.050085105001926436 0.242936298251152
v 0.0036946723703295 0.05002919957041742 0.24388927221298215
v 0.0052193179726600656 0.043844394385814674 0.24371103942394254
v 0.025601956993341453 -0.04211243987083436 0.22447882592678067
v 0.022889636456966404 -0.04176843911409379 0.2293339818716049
v 0.02344212122261525 -0.042726915329694755 0.22644817829132077
v 0.02344212122261525 -0.042726915329694755 0.22644817829132077
v 0.022889636456966404 -0.04176843911409379 0.2293339818716049
v 0.020393606275320057 -0.04238065704703332 0.23089674115180966
v 0.020393606275320057 -0.04238065704703332 0.23089674115180966
v 0.022889636456966404 -0.04176843911409379 0.2293339818716049
v 0.01924379169940949 -0.04147441685199738 0.23356847465038297
v 0.01924379169940949 -0.04147441685199738 0.23356847465038297
v 0.022889636456966404 -0.04176843911409379 0.2293339818716049
v 0.022712623700499538 -0.0407182164490223 0.23097500205039975
v 0.0316721722483635 0.021425129845738414 -0.016050098463892933
v 0.03321665897965432 0.017573900520801548 -0.009940245188772677
v 0.029520532116293914 0.013694839552044872 -0.014279943890869616
v 0.03204720839858056 0.008053200319409372 -0.002687537111341953
v 0.029520532116293914 0.013694839552044872 -0.014279943890869616
v 0.03321665897965432 0.017573900520801548 -0.009940245188772677
v 0.029520532116293914 0.013694839552044872 -0.014279943890869616
v 0.03204720839858056 0.008053200319409372 -0.002687537111341953
v 0.02847809903323651 0.004837014246731997 -0.007359202951192855
v 0.029873317107558257 0.024600127711892135 -0.02056692168116569
v 0.03295185044407845 0.02981441095471383 -0.017327811568975445
v 0.0316721722483635 0.021425129845738414 -0.016050098463892933
v 0.030070429667830474 0.030427703633904464 -0.02216319181025028
v 0.03295185044407845 0.02981441095471383 -0.017327811568975445
v 0.029873317107558257 0.024600127711892135 -0.02056692168116569
v 0.0316721722483635 0.021425129845738414 -0.016050098463892933
v 0.03295185044407845 0.02981441095471383 -0.017327811568975445
v 0.03494891524314881 0.026660623028874404 -0.011425179429352282
v 0.03494891524314881 0.026660623028874404 -0.011425179429352282
v 0.03295185044407845 0.02981441095471383 -0.017327811568975445
v 0.035189069807529456 0.03390709683299065 -0.013194015249609945
v 0.035189069807529456 0.03390709683299065 -0.013194015249609945
v 0.03295185044407845 0.02981441095471383 -0.017327811568975445
v 0.03410878777503968 0.03899647295475007 -0.016338624060153958
v 0.03410878777503968 0.03899647295475007 -0.016338624060153958
v 0.03295185044407845 0.02981441095471383 -0.017327811568975445
v 0.029765930026769645 0.03899851068854333 -0.02364307269454002
v 0.030070429667830474 0.030427703633904464 -0.02216319181025028
v 0.029765930026769645 0.03899851068854333 -0.02364307269454002
v 0.03295185044407845 0.02981441095471383 -0.017327811568975445
v 0.005309440195560456 0.0054504573345184335 -0.025395957753062245
v 0.0035185813903808602 0.01246531214565039 -0.030821427702903744
v 0.012362101115286354 0.013552122749388221 -0.029141886159777638
v 0.007295848801732065 0.023330103605985645 -0.03517236188054084
v 0.0035185813903808602 0.01246531214565039 -0.030821427702903744
v 0.001489137415774167 0.01582036539912224 -0.03272098302841186
v 0.005309440195560456 0.0054504573345184335 -0.025395957753062245
v -0.0014639655128121378 0.004921532701700927 -0.025519357994198796
v 0.0035185813903808602 0.01246531214565039 -0.030821427702903744
v 0.012362101115286354 0.013552122749388221 -0.029141886159777638
v 0.0035185813903808602 0.01246531214565039 -0.030821427702903744
v 0.012500766664743427 0.02029460668563843 -0.03246204555034637
v 0.007295848801732065 0.023330103605985645 -0.03517236188054084
v 0.012500766664743427 0.02029460668563843 -0.03246204555034637
v 0.0035185813903808602 0.01246531214565039 -0.030821427702903744
v -0.0036611959803849467 0.013800660148262981 -0.031434163451194756
v 0.0035185813903808602 0.01246531214565039 -0.030821427702903744
v -0.0014639655128121378 0.004921532701700927 -0.025519357994198796
v -0.0036611959803849467 0.013800660148262981 -0.031434163451194756
v 0.001489137415774167 0.01582036539912224 -0.03272098302841186
v 0.0035185813903808602 0.01246531214565039 -0.030821427702903744
v 0.02788770943880082 -0.04271325096488 0.21502767503261563
v 0.02889735624194146 -0.041605491191148765 0.21518781781196591
v 0.028351193293929107 -0.04177439212799073 0.21775661408901212
v 0.02893312461674214 -0.04181422665715218 0.21223144233226773
v 0.02889735624194146 -0.041605491191148765 0.21518781781196591
v 0.02788770943880082 -0.04271325096488 0.21502767503261563
v 0.02889735624194146 -0.041605491191148765 0.21518781781196591
v 0.02893312461674214 -0.04181422665715218 0.21223144233226773
v 0.029643746092915542 -0.0403975397348404 0.21504092216491696
v 0.029276750981807716 -0.04026173055171967 0.2179651856422424
v 0.028351193293929107 -0.04177439212799073 0.21775661408901212
v 0.02889735624194146 -0.041605491191148765 0.21518781781196591
v 0.029276750981807716 -0.04026173055171967 0.2179651856422424
v 0.02889735624194146 -0.041605491191148765 0.21518781781196591
v 0.029643746092915542 -0.0403975397348404 0.21504092216491696
v 0.02788770943880082 -0.04271325096488 0.21502767503261563
v 0.027887647971510894 -0.04292796179652215 0.2123538255691528
v 0.02893312461674214 -0.04181422665715218 0.21223144233226773
v 0.02893312461674214 -0.04181422665715218 0.21223144233226773
v 0.027887647971510894 -0.04292796179652215 0.2123538255691528
v 0.028211224824190147 -0.04257129132747651 0.209499716758728
v 0.028211224824190147 -0.04257129132747651 0.209499716758728
v 0.027887647971510894 -0.04292796179652215 0.2123538255691528
v 0.027041153982281692 -0.04359217733144761 0.20973236858844754
v 0.027041153982281692 -0.04359217733144761 0.20973236858844754
v 0.027887647971510894 -0.04292796179652215 0.2123538255691528
v 0.026638563722372062 -0.04381092637777329 0.212315559387207
v 0.02788770943880082 -0.04271325096488 0.21502767503261563
v 0.026638563722372062 -0.04381092637777329 0.212315559387207
v 0.027887647971510894 -0.04292796179652215 0.2123538255691528
v 0.015336826443672184 -0.04610574990510941 0.1954148560762405
v 0.015536678023636345 -0.046089731156826026 0.1969870328903198
v 0.00996733643114567 -0.04643813520669938 0.19303931295871732
v 0.01821844652295113 -0.0458282195031643 0.2001438736915588
v 0.015536678023636345 -0.046089731156826026 0.1969870328903198
v 0.015336826443672184 -0.04610574990510941 0.1954148560762405
v 0.015536678023636345 -0.046089731156826026 0.1969870328903198
v 0.01821844652295113 -0.0458282195031643 0.2001438736915588
v 0.00996733643114567 -0.04643813520669938 0.19303931295871732
v 0.01821844652295113 -0.0458282195031643 0.2001438736915588
v 0.012813916429877285 -0.04593679308891297 0.199006050825119
v 0.0026300337631255393 -0.04660023003816605 0.19133725762367246
v 0.022979946807026867 -0.045016389340162284 0.20961266756057736
v 0.012813916429877285 -0.04593679308891297 0.199006050825119
v 0.01821844652295113 -0.0458282195031643 0.2001438736915588
v -0.016437835991382602 -0.04591983556747437 0.1992630213499069
v 0.0026300337631255393 -0.04660023003816605 0.19133725762367246
v 0.012813916429877285 -0.04593679308891297 0.199006050825119
v -0.016437835991382602 -0.04591983556747437 0.1992630213499069
v 0.012813916429877285 -0.04593679308891297 0.199006050825119
v 0.022979946807026867 -0.045016389340162284 0.20961266756057736
v 0.022979946807026867 -0.045016389340162284 0.20961266756057736
v 0.00965025555342436 -0.043881233781576164 0.22266654670238492
v -0.016437835991382602 -0.04591983556747437 0.1992630213499069
v 0.019924268126487735 -0.0434347689151764 0.22750429809093473
v 0.00965025555342436 -0.043881233781576164 0.22266654670238492
v 0.022979946807026867 -0.045016389340162284 0.20961266756057736
v -0.015493615530431274 -0.02043133229017258 0.2409422695636749
v -0.01792361401021481 -0.02081733569502831 0.23947174847126004
v -0.016619307920336727 -0.023090703412890438 0.2402214854955673
v -0.017965348437428478 0.04259947314858437 0.23850680887699124
v -0.01792361401021481 -0.02081733569502831 0.23947174847126004
v -0.017198849469423298 0.05009747669100763 0.23892685770988462
v -0.01792361401021481 -0.02081733569502831 0.23947174847126004
v -0.015493615530431274 -0.02043133229017258 0.2409422695636749
v -0.017198849469423298 0.05009747669100763 0.23892685770988462
v -0.020242333412170414 0.050016708672046675 0.236756294965744
v -0.01792361401021481 -0.02081733569502831 0.23947174847126004
v -0.017965348437428478 0.04259947314858437 0.23850680887699124
v -0.009164805524051191 -0.019786413758993152 0.2435798645019531
v -0.01087924186140299 0.043618708848953254 0.2421535402536392
v -0.013102354481816295 0.050042700022459044 0.24125269055366513
v -0.01087924186140299 0.043618708848953254 0.2421535402536392
v -0.009164805524051191 -0.019786413758993152 0.2435798645019531
v -0.009182970039546491 0.04259930551052094 0.24276906251907346
v -0.004326618742197753 -0.042418491095304496 0.2383894175291061
v 0.004111030604690314 -0.042507410049438484 0.23793447017669675
v 0.004211510065943004 -0.041934695094823844 0.23955594003200528
v 0.0058629140257835406 -0.03860733658075333 0.24216336011886594
v 0.00868845544755459 -0.03867849707603455 0.24145877361297605
v 0.006565922405570747 -0.03724146634340287 0.24232824146747586
v 0.004095781594514848 -0.03743610158562661 0.24273203313350675
v 0.0058629140257835406 -0.03860733658075333 0.24216336011886594
v 0.006565922405570747 -0.03724146634340287 0.24232824146747586
v 0.004113725852221251 -0.03879282996058465 0.24236045777797696
v 0.0058629140257835406 -0.03860733658075333 0.24216336011886594
v 0.004095781594514848 -0.03743610158562661 0.24273203313350675
v 0.00868845544755459 -0.03867849707603455 0.24145877361297605
v 0.0058629140257835406 -0.03860733658075333 0.24216336011886594
v 0.0043714912608265885 -0.039575465023517616 0.24199073016643521
v 0.0058629140257835406 -0.03860733658075333 0.24216336011886594
v 0.004113725852221251 -0.03879282996058465 0.24236045777797696
v 0.0043714912608265885 -0.039575465023517616 0.24199073016643521
v 0.004251274280250073 -0.0412825495004654 0.24054153263568875
v -0.004247574601322413 -0.041769992560148246 0.23983061313629148
v 0.004211510065943004 -0.041934695094823844 0.23955594003200528
v -0.004247574601322413 -0.041769992560148246 0.23983061313629148
v -0.004326618742197753 -0.042418491095304496 0.2383894175291061
v 0.004211510065943004 -0.041934695094823844 0.23955594003200528
v -0.004338206723332406 -0.04051037505269051 0.2413327246904373
v -0.004269205033779145 -0.04112797975540162 0.24071928858757016
v 0.0044911857694387445 -0.0405445583164692 0.2412823289632797
v 0.004251274280250073 -0.0412825495004654 0.24054153263568875
v 0.0044911857694387445 -0.0405445583164692 0.2412823289632797
v -0.004269205033779145 -0.04112797975540162 0.24071928858757016
v -0.004247574601322413 -0.041769992560148246 0.23983061313629148
v 0.004251274280250073 -0.0412825495004654 0.24054153263568875
v -0.004269205033779145 -0.04112797975540162 0.24071928858757016
v 0.010019378736615183 -0.04012567177414895 0.2402546554803848
v 0.01411998458206654 -0.03980491310358048 0.23868195712566373
v 0.01146798860281706 -0.03873030468821526 0.24046739935874936
v 0.010019378736615183 -0.04012567177414895 0.2402546554803848
v 0.01146798860281706 -0.03873030468821526 0.24046739935874936
v 0.00868845544755459 -0.03867849707603455 0.24145877361297605
v 0.014495536684989933 -0.037785105407238014 0.23931314051151273
v 0.01146798860281706 -0.03873030468821526 0.24046739935874936
v 0.01411998458206654 -0.03980491310358048 0.23868195712566373
v 0.012144124135375026 -0.037069637328386314 0.24053011834621427
v 0.01146798860281706 -0.03873030468821526 0.24046739935874936
v 0.014495536684989933 -0.037785105407238014 0.23931314051151273
v 0.012144124135375026 -0.037069637328386314 0.24053011834621427
v 0.00917608477175236 -0.03716793283820153 0.24163563549518582
v 0.01146798860281706 -0.03873030468821526 0.24046739935874936
v 0.00868845544755459 -0.03867849707603455 0.24145877361297605
v 0.01146798860281706 -0.03873030468821526 0.24046739935874936
v 0.00917608477175236 -0.03716793283820153 0.24163563549518582
v -0.03170713037252427 -0.028333250433206565 0.21816976368427274
v -0.029249407351017005 -0.03802107647061349 0.22093829512596128
v -0.031009126454591758 -0.027521876618266113 0.22133478522300717
v -0.02833049930632115 -0.03821468725800515 0.2236104607582092
v -0.031009126454591758 -0.027521876618266113 0.22133478522300717
v -0.029249407351017005 -0.03802107647061349 0.22093829512596128
v -0.02833049930632115 -0.03821468725800515 0.2236104607582092
v -0.02999778091907502 -0.026745434850454337 0.22438967227935788
v -0.031009126454591758 -0.027521876618266113 0.22133478522300717
v -0.030915785580873496 -0.02516636066138745 0.2218361049890518
v -0.031009126454591758 -0.027521876618266113 0.22133478522300717
v -0.02999778091907502 -0.026745434850454337 0.22438967227935788
v -0.031009126454591758 -0.027521876618266113 0.22133478522300717
v -0.030915785580873496 -0.02516636066138745 0.2218361049890518
v -0.03147233277559281 -0.025743253529071815 0.21967193484306333
v -0.03170713037252427 -0.028333250433206565 0.21816976368427274
v -0.031009126454591758 -0.027521876618266113 0.22133478522300717
v -0.03147233277559281 -0.025743253529071815 0.21967193484306333
v -0.025033043697476394 -0.044593382626771934 0.21078231930732724
v -0.022607101127505306 -0.04522623866796494 0.20692709088325498
v -0.023839505389332778 -0.04476480185985566 0.212076723575592
v -0.025033043697476394 -0.044593382626771934 0.21078231930732724
v -0.023839505389332778 -0.04476480185985566 0.212076723575592
v -0.024561297148466117 -0.044285543262958534 0.2162436246871948
v -0.024561297148466117 -0.044285543262958534 0.2162436246871948
v -0.023839505389332778 -0.04476480185985566 0.212076723575592
v -0.023075308650732044 -0.04397932812571526 0.22100085020065305
v -0.02687847428023816 -0.04374196752905846 0.21088206768035886
v -0.02585051022469998 -0.043853089213371284 0.21640087664127347
v -0.0272006280720234 -0.043069411069154746 0.2166168242692947
v -0.025033043697476394 -0.044593382626771934 0.21078231930732724
v -0.02585051022469998 -0.043853089213371284 0.21640087664127347
v -0.02687847428023816 -0.04374196752905846 0.21088206768035886
v -0.025033043697476394 -0.044593382626771934 0.21078231930732724
v -0.024561297148466117 -0.044285543262958534 0.2162436246871948
v -0.02585051022469998 -0.043853089213371284 0.21640087664127347
v -0.02585051022469998 -0.043853089213371284 0.21640087664127347
v -0.025495957583189018 -0.04308130219578744 0.22168600559234616
v -0.0272006280720234 -0.043069411069154746 0.2166168242692947
v -0.024561297148466117 -0.044285543262958534 0.2162436246871948
v -0.02423196844756604 -0.043675504624843604 0.22139516472816465
v -0.02585051022469998 -0.043853089213371284 0.21640087664127347
v -0.025495957583189018 -0.04308130219578744 0.22168600559234616
v -0.02585051022469998 -0.043853089213371284 0.21640087664127347
v -0.02423196844756604 -0.043675504624843604 0.22139516472816465
v 0.008359305560588838 -0.04242131486535073 0.23756808042526242
v 0.004111030604690314 -0.042507410049438484 0.23793447017669675
v 0.01308295596390963 -0.042823459953069694 0.23438724875450132
v 0.01308295596390963 -0.042823459953069694 0.23438724875450132
v 0.019924268126487735 -0.0434347689151764 0.22750429809093473
v 0.01618984714150429 -0.04278752207756043 0.23314389586448667
v 0.008060422725975515 -0.041738197207450874 0.23908099532127378
v 0.011920350603759292 -0.041862830519676215 0.2375461012125015
v 0.009754345752298834 -0.04102501273155213 0.2395326197147369
v 0.011920350603759292 -0.041862830519676215 0.2375461012125015
v 0.014787221327424053 -0.04123398289084435 0.23701561987400052
v 0.009754345752298834 -0.04102501273155213 0.2395326197147369
v -0.023056842386722568 -0.02184778079390526 0.23521842062473294
v -0.023954879492521293 0.04385564848780633 0.23312576115131375
v -0.025088749825954444 -0.02241367101669312 0.23293541371822354
v -0.023954879492521293 0.04385564848780633 0.23312576115131375
v -0.023056842386722568 -0.02184778079390526 0.23521842062473294
v -0.022656267508864406 0.04260008037090302 0.23453970253467557
v -0.021607479080557827 -0.021556690335273746 0.2365944981575012
v -0.023056842386722568 -0.02184778079390526 0.23521842062473294
v -0.022385556250810627 -0.024093197658658035 0.23581087589263913
v -0.022656267508864406 0.04260008037090302 0.23453970253467557
v -0.023056842386722568 -0.02184778079390526 0.23521842062473294
v -0.021085603162646297 0.043854687362909324 0.2360616475343704
v -0.021085603162646297 0.043854687362909324 0.2360616475343704
v -0.023056842386722568 -0.02184778079390526 0.23521842062473294
v -0.021607479080557827 -0.021556690335273746 0.2365944981575012
v -0.023056842386722568 -0.02184778079390526 0.23521842062473294
v -0.024679763242602355 -0.02472499385476113 0.23333641886711118
v -0.022385556250810627 -0.024093197658658035 0.23581087589263913
v -0.024679763242602355 -0.02472499385476113 0.23333641886711118
v -0.023056842386722568 -0.02184778079390526 0.23521842062473294
v -0.025088749825954444 -0.02241367101669312 0.23293541371822354
v -0.025689745321869857 -0.03805115073919297 0.2288469225168228
v -0.02498632855713368 -0.03974243625998498 0.22891531884670255
v -0.023470764979720123 -0.03911024704575539 0.23144753277301786
v -0.02646563947200776 -0.03986611962318421 0.2263497561216354
v -0.02498632855713368 -0.03974243625998498 0.22891531884670255
v -0.025689745321869857 -0.03805115073919297 0.2288469225168228
v -0.02646563947200776 -0.03986611962318421 0.2263497561216354
v -0.02513770759105683 -0.040939528495073325 0.22743788361549375
v -0.02498632855713368 -0.03974243625998498 0.22891531884670255
v -0.021767960861325267 -0.040659956634044654 0.23215253651142118
v -0.023470764979720123 -0.03911024704575539 0.23144753277301786
v -0.02498632855713368 -0.03974243625998498 0.22891531884670255
v -0.021767960861325267 -0.040659956634044654 0.23215253651142118
v -0.02498632855713368 -0.03974243625998498 0.22891531884670255
v -0.02513770759105683 -0.040939528495073325 0.22743788361549375
v 0.023537391796708114 -0.03802972286939622 0.23181474208831784
v 0.023263886570930484 -0.03962421044707299 0.2313188016414642
v 0.025408264249563224 -0.03802872449159623 0.2292886972427368
v 0.025408264249563224 -0.03802872449159623 0.2292886972427368
v 0.023263886570930484 -0.03962421044707299 0.2313188016414642
v 0.024990383535623557 -0.03974080830812455 0.22891014814376828
v 0.02130534872412682 -0.03951621800661088 0.2335446625947952
v 0.023263886570930484 -0.03962421044707299 0.2313188016414642
v 0.023537391796708114 -0.03802972286939622 0.23181474208831784
v 0.02130534872412682 -0.03951621800661088 0.2335446625947952
v 0.022712623700499538 -0.0407182164490223 0.23097500205039975
v 0.023263886570930484 -0.03962421044707299 0.2313188016414642
v 0.028428103774786002 -0.0375284031033516 0.223511129617691
v 0.02689990960061551 -0.038653522729873664 0.22645857930183408
v 0.027943184599280364 -0.039505131542682655 0.22364392876625058
v 0.027091141790151603 -0.03753247484564782 0.22651773691177365
v 0.02689990960061551 -0.038653522729873664 0.22645857930183408
v 0.028428103774786002 -0.0375284031033516 0.223511129617691
v 0.027943184599280364 -0.039505131542682655 0.22364392876625058
v 0.02689990960061551 -0.038653522729873664 0.22645857930183408
v 0.026469264179468162 -0.039864290505647666 0.2263441830873489
v 0.025408264249563224 -0.03802872449159623 0.2292886972427368
v 0.02689990960061551 -0.038653522729873664 0.22645857930183408
v 0.027091141790151603 -0.03753247484564782 0.22651773691177365
v 0.024990383535623557 -0.03974080830812455 0.22891014814376828
v 0.026469264179468162 -0.039864290505647666 0.2263441830873489
v 0.02689990960061551 -0.038653522729873664 0.22645857930183408
v 0.024990383535623557 -0.03974080830812455 0.22891014814376828
v 0.02689990960061551 -0.038653522729873664 0.22645857930183408
v 0.025408264249563224 -0.03802872449159623 0.2292886972427368
v -0.02698428928852082 -0.02305947616696358 0.23033310472965238
v -0.02797998860478402 -0.023496657609939582 0.22872985899448392
v -0.02832396514713765 -0.025787018239498145 0.22805093228816983
v -0.028347790241241462 0.04384435713291169 0.22645024955272672
v -0.02797998860478402 -0.023496657609939582 0.22872985899448392
v -0.027451464906334884 0.042933586984872825 0.22808666527271268
v -0.027451464906334884 0.042933586984872825 0.22808666527271268
v -0.02797998860478402 -0.023496657609939582 0.22872985899448392
v -0.02599960938096047 0.05001387000083925 0.23041290044784543
v -0.02698428928852082 -0.02305947616696358 0.23033310472965238
v -0.02599960938096047 0.05001387000083925 0.23041290044784543
v -0.02797998860478402 -0.023496657609939582 0.22872985899448392
v -0.029916660860180862 -0.02444377355277539 0.22471898794174192
v -0.02832396514713765 -0.025787018239498145 0.22805093228816983
v -0.02797998860478402 -0.023496657609939582 0.22872985899448392
v -0.029916660860180862 -0.02444377355277539 0.22471898794174192
v -0.02797998860478402 -0.023496657609939582 0.22872985899448392
v -0.028347790241241462 0.04384435713291169 0.22645024955272672
v -0.029916660860180862 -0.02444377355277539 0.22471898794174192
v -0.028826480731368072 0.0500834994018078 0.2252714782953262
v -0.029561612755060203 0.0438990741968155 0.2234709858894348
v -0.029895137995481498 0.04361869767308236 0.2225178927183151
v -0.029561612755060203 0.0438990741968155 0.2234709858894348
v -0.028826480731368072 0.0500834994018078 0.2252714782953262
v -0.029561612755060203 0.0438990741968155 0.2234709858894348
v -0.029895137995481498 0.04361869767308236 0.2225178927183151
v -0.029916660860180862 -0.02444377355277539 0.22471898794174192
v 0.022712623700499538 -0.0407182164490223 0.23097500205039975
v 0.02080815471708775 -0.040588505566120155 0.23315317928791043
v 0.01924379169940949 -0.04147441685199738 0.23356847465038297
v 0.02130534872412682 -0.03951621800661088 0.2335446625947952
v 0.02080815471708775 -0.040588505566120155 0.23315317928791043
v 0.022712623700499538 -0.0407182164490223 0.23097500205039975
v 0.01924379169940949 -0.04147441685199738 0.23356847465038297
v 0.02080815471708775 -0.040588505566120155 0.23315317928791043
v 0.01762032695114613 -0.04042720794677735 0.236028715968132
v 0.01762032695114613 -0.04042720794677735 0.236028715968132
v 0.02080815471708775 -0.040588505566120155 0.23315317928791043
v 0.01913220621645451 -0.03941790014505387 0.23556354641914365
v 0.01913220621645451 -0.03941790014505387 0.23556354641914365
v 0.02080815471708775 -0.040588505566120155 0.23315317928791043
v 0.02130534872412682 -0.03951621800661088 0.2335446625947952
v 0.014679677784442905 -0.020353412255644802 0.2413801550865173
v 0.014646839350461963 0.05001536384224893 0.24049797654151914
v 0.012332283891737465 -0.02003392577171326 0.24244545400142667
v 0.009647599421441557 -0.019856955856084827 0.24342152476310727
v 0.012332283891737465 -0.02003392577171326 0.24244545400142667
v 0.010881641879677774 0.05002251639962198 0.2421387583017349
v 0.014679677784442905 -0.020353412255644802 0.2413801550865173
v 0.012332283891737465 -0.02003392577171326 0.24244545400142667
v 0.013918520882725719 -0.02253607474267483 0.24171169102191922
v 0.009647599421441557 -0.019856955856084827 0.24342152476310727
v 0.01044717710465193 -0.022353716194629673 0.2431058883666992
v 0.012332283891737465 -0.02003392577171326 0.24244545400142667
v 0.013918520882725719 -0.02253607474267483 0.24171169102191922
v 0.012332283891737465 -0.02003392577171326 0.24244545400142667
v 0.01044717710465193 -0.022353716194629673 0.2431058883666992
v 0.020320130512118343 0.050090972334146514 0.23660232126712796
v 0.018449762836098674 0.050022568553686156 0.23810721933841703
v 0.020575897768139843 -0.021199582144618038 0.23745846748352048
v 0.01718387380242348 0.04389910027384759 0.23899160325527188
v 0.018449762836098674 0.050022568553686156 0.23810721933841703
v 0.014646839350461963 0.05001536384224893 0.24049797654151914
v 0.014646839350461963 0.05001536384224893 0.24049797654151914
v 0.018449762836098674 0.050022568553686156 0.23810721933841703
v 0.017020212486386303 0.05034901574254037 0.23874020576477048
v 0.020224213600158695 0.05034901574254037 0.23634894192218778
v 0.017020212486386303 0.05034901574254037 0.23874020576477048
v 0.018449762836098674 0.050022568553686156 0.23810721933841703
v 0.020224213600158695 0.05034901574254037 0.23634894192218778
v 0.018449762836098674 0.050022568553686156 0.23810721933841703
v 0.020320130512118343 0.050090972334146514 0.23660232126712796
v 0.021655606105923656 -0.03796247392892838 0.2339185923337936
v 0.023537391796708114 -0.03802972286939622 0.23181474208831784
v 0.024769838899374015 -0.024834489449858672 0.2332113981246948
v 0.023597646504640586 0.050052892416715636 0.23347008228302
v 0.024846563115715987 -0.022342333570122722 0.23323059082031247
v 0.025096312165260322 0.042598400264978416 0.2316981106996536
v 0.025647033005952842 0.04424660652875901 0.23092053830623624
v 0.023597646504640586 0.050052892416715636 0.23347008228302
v 0.025096312165260322 0.042598400264978416 0.2316981106996536
v 0.020320130512118343 0.050090972334146514 0.23660232126712796
v 0.023597646504640586 0.050052892416715636 0.23347008228302
v 0.023096127435565 0.05034901946783067 0.2335676699876785
v 0.026982989162206657 0.05002091825008394 0.22887808084487912
v 0.023597646504640586 0.050052892416715636 0.23347008228302
v 0.025647033005952842 0.04424660652875901 0.23092053830623624
v 0.025588795542716987 0.05034901946783067 0.2304420322179794
v 0.023096127435565 0.05034901946783067 0.2335676699876785
v 0.023597646504640586 0.050052892416715636 0.23347008228302
v 0.025588795542716987 0.05034901946783067 0.2304420322179794
v 0.023597646504640586 0.050052892416715636 0.23347008228302
v 0.026982989162206657 0.05002091825008394 0.22887808084487912
v 0.024846563115715987 -0.022342333570122722 0.23323059082031247
v 0.02253917790949345 -0.02172471769154072 0.235755518078804
v 0.024769838899374015 -0.024834489449858672 0.2332113981246948
v 0.023597646504640586 0.050052892416715636 0.23347008228302
v 0.02253917790949345 -0.02172471769154072 0.235755518078804
v 0.024846563115715987 -0.022342333570122722 0.23323059082031247
v 0.020575897768139843 -0.021199582144618038 0.23745846748352048
v 0.02253917790949345 -0.02172471769154072 0.235755518078804
v 0.020320130512118343 0.050090972334146514 0.23660232126712796
v 0.009830997325479986 0.050349012017250075 0.24220225214958188
v 0.005963820032775404 0.050349008291959776 0.24321644008159635
v 0.008314569480717184 0.050085105001926436 0.242936298251152
v 0.009830997325479986 0.050349012017250075 0.24220225214958188
v -0.0019992168527096514 0.05034900456666948 0.24372763931751248
v 0.005963820032775404 0.050349008291959776 0.24321644008159635
v 0.001998713240027428 0.05034900456666948 0.24372763931751248
v 0.005963820032775404 0.050349008291959776 0.24321644008159635
v -0.0019992168527096514 0.05034900456666948 0.24372763931751248
v 0.0036946723703295 0.05002919957041742 0.24388927221298215
v 0.005963820032775404 0.050349008291959776 0.24321644008159635
v 0.001998713240027428 0.05034900456666948 0.24372763931751248
v 0.008314569480717184 0.050085105001926436 0.242936298251152
v 0.005963820032775404 0.050349008291959776 0.24321644008159635
v 0.0036946723703295 0.05002919957041742 0.24388927221298215
v 0.008314569480717184 0.050085105001926436 0.242936298251152
v 0.006558883469551803 0.042600341141223914 0.24344629049301145
v 0.006543863099068405 -0.019520051777362827 0.24418941140174863
v 0.0052193179726600656 0.043844394385814674 0.24371103942394254
v 0.006543863099068405 -0.019520051777362827 0.24418941140174863
v 0.006558883469551803 0.042600341141223914 0.24344629049301145
v 0.0052193179726600656 0.043844394385814674 0.24371103942394254
v 0.006558883469551803 0.042600341141223914 0.24344629049301145
v 0.008314569480717184 0.050085105001926436 0.242936298251152
v 0.0243888907134533 -0.04085815325379372 0.22861984372138974
v 0.026442328467965133 -0.04113076254725457 0.22480590641498563
v 0.026469264179468162 -0.039864290505647666 0.2263441830873489
v 0.024990383535623557 -0.03974080830812455 0.22891014814376828
v 0.0243888907134533 -0.04085815325379372 0.22861984372138974
v 0.026469264179468162 -0.039864290505647666 0.2263441830873489
v 0.026442328467965133 -0.04113076254725457 0.22480590641498563
v 0.0243888907134533 -0.04085815325379372 0.22861984372138974
v 0.025601956993341453 -0.04211243987083436 0.22447882592678067
v 0.025601956993341453 -0.04211243987083436 0.22447882592678067
v 0.0243888907134533 -0.04085815325379372 0.22861984372138974
v 0.022889636456966404 -0.04176843911409379 0.2293339818716049
v 0.022889636456966404 -0.04176843911409379 0.2293339818716049
v 0.0243888907134533 -0.04085815325379372 0.22861984372138974
v 0.022712623700499538 -0.0407182164490223 0.23097500205039975
v 0.0243888907134533 -0.04085815325379372 0.22861984372138974
v 0.023263886570930484 -0.03962421044707299 0.2313188016414642
v 0.022712623700499538 -0.0407182164490223 0.23097500205039975
v 0.023263886570930484 -0.03962421044707299 0.2313188016414642
v 0.0243888907134533 -0.04085815325379372 0.22861984372138974
v 0.024990383535623557 -0.03974080830812455 0.22891014814376828
v 0.018605861812829975 0.0076694856397807615 -0.021435914561152455
v 0.020800508558750156 0.014412986114621166 -0.02487572096288204
v 0.024301074445247657 0.009432510472834112 -0.017753962427377697
v 0.02847809903323651 0.004837014246731997 -0.007359202951192855
v 0.023819362744688995 0.0020737051963806157 -0.011411334387958048
v 0.024301074445247657 0.009432510472834112 -0.017753962427377697
v 0.029520532116293914 0.013694839552044872 -0.014279943890869616
v 0.02847809903323651 0.004837014246731997 -0.007359202951192855
v 0.024301074445247657 0.009432510472834112 -0.017753962427377697
v 0.023819362744688995 0.0020737051963806157 -0.011411334387958048
v 0.018243968486785892 -0.00014674523845314982 -0.014674783684313296
v 0.024301074445247657 0.009432510472834112 -0.017753962427377697
v 0.018605861812829975 0.0076694856397807615 -0.021435914561152455
v 0.024301074445247657 0.009432510472834112 -0.017753962427377697
v 0.018243968486785892 -0.00014674523845314982 -0.014674783684313296
v 0.00965025555342436 -0.043881233781576164 0.22266654670238492
v -0.01274583395570517 -0.04343586042523385 0.22767975926399228
v -0.016437835991382602 -0.04591983556747437 0.1992630213499069
v -0.01792361401021481 -0.02081733569502831 0.23947174847126004
v -0.01971356756985188 -0.023523833602666862 0.23812757432460782
v -0.016619307920336727 -0.023090703412890438 0.2402214854955673
v -0.017175605520606044 -0.03782694041728974 0.23767192661762235
v -0.016619307920336727 -0.023090703412890438 0.2402214854955673
v -0.01971356756985188 -0.023523833602666862 0.23812757432460782
v -0.022385556250810627 -0.024093197658658035 0.23581087589263913
v -0.019565515220165256 -0.03785999491810799 0.2358644604682922
v -0.01971356756985188 -0.023523833602666862 0.23812757432460782
v -0.017175605520606044 -0.03782694041728974 0.23767192661762235
v -0.01971356756985188 -0.023523833602666862 0.23812757432460782
v -0.019565515220165256 -0.03785999491810799 0.2358644604682922
v -0.01087924186140299 0.043618708848953254 0.2421535402536392
v -0.009926028549671175 0.04389908537268639 0.24248695373535153
v -0.013102354481816295 0.050042700022459044 0.24125269055366513
v -0.009926028549671175 0.04389908537268639 0.24248695373535153
v -0.01087924186140299 0.043618708848953254 0.2421535402536392
v -0.009182970039546491 0.04259930551052094 0.24276906251907346
v -0.007738593034446241 0.05009918659925462 0.24311211705207822
v -0.013102354481816295 0.050042700022459044 0.24125269055366513
v -0.009926028549671175 0.04389908537268639 0.24248695373535153
v -0.007738593034446241 0.05009918659925462 0.24311211705207822
v -0.009926028549671175 0.04389908537268639 0.24248695373535153
v -0.009182970039546491 0.04259930551052094 0.24276906251907346
v -0.021930120885372165 -0.043378874659538276 0.22611349821090695
v -0.023075308650732044 -0.04397932812571526 0.22100085020065305
v -0.018518868833780292 -0.04326314106583596 0.22945830225944516
v -0.023839505389332778 -0.04476480185985566 0.212076723575592
v -0.018518868833780292 -0.04326314106583596 0.22945830225944516
v -0.023075308650732044 -0.04397932812571526 0.22100085020065305
v -0.023839505389332778 -0.04476480185985566 0.212076723575592
v -0.022607101127505306 -0.04522623866796494 0.20692709088325498
v -0.018518868833780292 -0.04326314106583596 0.22945830225944516
v -0.016437835991382602 -0.04591983556747437 0.1992630213499069
v -0.018518868833780292 -0.04326314106583596 0.22945830225944516
v -0.022607101127505306 -0.04522623866796494 0.20692709088325498
v -0.01274583395570517 -0.04343586042523385 0.22767975926399228
v -0.018518868833780292 -0.04326314106583596 0.22945830225944516
v -0.016437835991382602 -0.04591983556747437 0.1992630213499069
v -0.004269205033779145 -0.04112797975540162 0.24071928858757016
v -0.009278837591409685 -0.04177863150835038 0.23868119716644284
v -0.004247574601322413 -0.041769992560148246 0.23983061313629148
v 0.011920350603759292 -0.041862830519676215 0.2375461012125015
v 0.01651541516184807 -0.04208962619304658 0.2346348315477371
v 0.014787221327424053 -0.04123398289084435 0.23701561987400052
v 0.01924379169940949 -0.04147441685199738 0.23356847465038297
v 0.014787221327424053 -0.04123398289084435 0.23701561987400052
v 0.01651541516184807 -0.04208962619304658 0.2346348315477371
v 0.01618984714150429 -0.04278752207756043 0.23314389586448667
v 0.020393606275320057 -0.04238065704703332 0.23089674115180966
v 0.01651541516184807 -0.04208962619304658 0.2346348315477371
v 0.01924379169940949 -0.04147441685199738 0.23356847465038297
v 0.01651541516184807 -0.04208962619304658 0.2346348315477371
v 0.020393606275320057 -0.04238065704703332 0.23089674115180966
v 0.01618984714150429 -0.04278752207756043 0.23314389586448667
v 0.01155933551490307 -0.042378555983304984 0.23660407960414884
v 0.01308295596390963 -0.042823459953069694 0.23438724875450132
v 0.01308295596390963 -0.042823459953069694 0.23438724875450132
v 0.01155933551490307 -0.042378555983304984 0.23660407960414884
v 0.008359305560588838 -0.04242131486535073 0.23756808042526242
v 0.01651541516184807 -0.04208962619304658 0.2346348315477371
v 0.01155933551490307 -0.042378555983304984 0.23660407960414884
v 0.01618984714150429 -0.04278752207756043 0.23314389586448667
v 0.01651541516184807 -0.04208962619304658 0.2346348315477371
v 0.011920350603759292 -0.041862830519676215 0.2375461012125015
v 0.01155933551490307 -0.042378555983304984 0.23660407960414884
v 0.008359305560588838 -0.04242131486535073 0.23756808042526242
v 0.01155933551490307 -0.042378555983304984 0.23660407960414884
v 0.008060422725975515 -0.041738197207450874 0.23908099532127378
v 0.011920350603759292 -0.041862830519676215 0.2375461012125015
v 0.008060422725975515 -0.041738197207450874 0.23908099532127378
v 0.01155933551490307 -0.042378555983304984 0.23660407960414884
v 0.012698466889560226 0.042599227279424674 0.2414663732051849
v 0.012332283891737465 -0.02003392577171326 0.24244545400142667
v 0.014646839350461963 0.05001536384224893 0.24049797654151914
v 0.014646839350461963 0.05001536384224893 0.24049797654151914
v 0.010881641879677774 0.05002251639962198 0.2421387583017349
v 0.012698466889560226 0.042599227279424674 0.2414663732051849
v 0.012332283891737465 -0.02003392577171326 0.24244545400142667
v 0.012698466889560226 0.042599227279424674 0.2414663732051849
v 0.010881641879677774 0.05002251639962198 0.2421387583017349
v 0.018449762836098674 0.050022568553686156 0.23810721933841703
v 0.018215643242001537 -0.020869223400950435 0.23926585912704465
v 0.020575897768139843 -0.021199582144618038 0.23745846748352048
v 0.018449762836098674 0.050022568553686156 0.23810721933841703
v 0.01718387380242348 0.04389910027384759 0.23899160325527188
v 0.018215643242001537 -0.020869223400950435 0.23926585912704465
v 0.01718387380242348 0.04389910027384759 0.23899160325527188
v 0.014646839350461963 0.05001536384224893 0.24049797654151914
v 0.018215643242001537 -0.020869223400950435 0.23926585912704465
v 0.014679677784442905 -0.020353412255644802 0.2413801550865173
v 0.016586303710937503 -0.023087197914719585 0.2402379214763641
v 0.018215643242001537 -0.020869223400950435 0.23926585912704465
v 0.014679677784442905 -0.020353412255644802 0.2413801550865173
v 0.018215643242001537 -0.020869223400950435 0.23926585912704465
v 0.014646839350461963 0.05001536384224893 0.24049797654151914
v 0.025408264249563224 -0.03802872449159623 0.2292886972427368
v 0.02654604986310006 -0.025397652760148055 0.2308545261621475
v 0.023537391796708114 -0.03802972286939622 0.23181474208831784
v 0.024769838899374015 -0.024834489449858672 0.2332113981246948
v 0.023537391796708114 -0.03802972286939622 0.23181474208831784
v 0.02654604986310006 -0.025397652760148055 0.2308545261621475
v 0.02852566912770272 -0.02589328587055207 0.22764538228511808
v 0.02654604986310006 -0.025397652760148055 0.2308545261621475
v 0.025408264249563224 -0.03802872449159623 0.2292886972427368
v 0.02654604986310006 -0.025397652760148055 0.2308545261621475
v 0.02852566912770272 -0.02589328587055207 0.22764538228511808
v 0.027484450489282615 -0.023298526182770733 0.2295366674661636
v 0.024846563115715987 -0.022342333570122722 0.23323059082031247
v 0.02654604986310006 -0.025397652760148055 0.2308545261621475
v 0.027484450489282615 -0.023298526182770733 0.2295366674661636
v 0.024769838899374015 -0.024834489449858672 0.2332113981246948
v 0.02654604986310006 -0.025397652760148055 0.2308545261621475
v 0.024846563115715987 -0.022342333570122722 0.23323059082031247
v 0.02253917790949345 -0.02172471769154072 0.235755518078804
v 0.020575897768139843 -0.021199582144618038 0.23745846748352048
v 0.02208206802606583 -0.023812284693121917 0.23615168035030362
v 0.02253917790949345 -0.02172471769154072 0.235755518078804
v 0.02208206802606583 -0.023812284693121917 0.23615168035030362
v 0.024769838899374015 -0.024834489449858672 0.2332113981246948
v 0.024769838899374015 -0.024834489449858672 0.2332113981246948
v 0.02208206802606583 -0.023812284693121917 0.23615168035030362
v 0.021655606105923656 -0.03796247392892838 0.2339185923337936
v 0.021655606105923656 -0.03796247392892838 0.2339185923337936
v 0.02208206802606583 -0.023812284693121917 0.23615168035030362
v 0.019451051950454715 -0.03790298849344254 0.2359463572502136
v 0.023597646504640586 0.050052892416715636 0.23347008228302
v 0.020320130512118343 0.050090972334146514 0.23660232126712796
v 0.021861582994461063 0.044170297682285316 0.23526149988174436
v 0.02253917790949345 -0.02172471769154072 0.235755518078804
v 0.021861582994461063 0.044170297682285316 0.23526149988174436
v 0.020320130512118343 0.050090972334146514 0.23660232126712796
v 0.021861582994461063 0.044170297682285316 0.23526149988174436
v 0.02253917790949345 -0.02172471769154072 0.235755518078804
v 0.023597646504640586 0.050052892416715636 0.23347008228302
v 0.024916371330618865 0.022072777152061466 -0.025293361395597454
v 0.02720198221504689 0.0167506504803896 -0.01994853094220161
v 0.020800508558750156 0.014412986114621166 -0.02487572096288204
v 0.024301074445247657 0.009432510472834112 -0.017753962427377697
v 0.020800508558750156 0.014412986114621166 -0.02487572096288204
v 0.02720198221504689 0.0167506504803896 -0.01994853094220161
v 0.024301074445247657 0.009432510472834112 -0.017753962427377697
v 0.02720198221504689 0.0167506504803896 -0.01994853094220161
v 0.029520532116293914 0.013694839552044872 -0.014279943890869616
v 0.029873317107558257 0.024600127711892135 -0.02056692168116569
v 0.02720198221504689 0.0167506504803896 -0.01994853094220161
v 0.024916371330618865 0.022072777152061466 -0.025293361395597454
v 0.0316721722483635 0.021425129845738414 -0.016050098463892933
v 0.02720198221504689 0.0167506504803896 -0.01994853094220161
v 0.029873317107558257 0.024600127711892135 -0.02056692168116569
v 0.029520532116293914 0.013694839552044872 -0.014279943890869616
v 0.02720198221504689 0.0167506504803896 -0.01994853094220161
v 0.0316721722483635 0.021425129845738414 -0.016050098463892933
v 0.00965025555342436 -0.043881233781576164 0.22266654670238492
v 0.0033449211623519668 -0.04267332330346108 0.23633185029029843
v -0.01274583395570517 -0.04343586042523385 0.22767975926399228
v 0.01308295596390963 -0.042823459953069694 0.23438724875450132
v 0.004111030604690314 -0.042507410049438484 0.23793447017669675
v 0.0033449211623519668 -0.04267332330346108 0.23633185029029843
v 0.019924268126487735 -0.0434347689151764 0.22750429809093473
v 0.0033449211623519668 -0.04267332330346108 0.23633185029029843
v 0.00965025555342436 -0.043881233781576164 0.22266654670238492
v 0.01308295596390963 -0.042823459953069694 0.23438724875450132
v 0.0033449211623519668 -0.04267332330346108 0.23633185029029843
v 0.019924268126487735 -0.0434347689151764 0.22750429809093473
v -0.01792361401021481 -0.02081733569502831 0.23947174847126004
v -0.020242333412170414 0.050016708672046675 0.236756294965744
v -0.02064348012208939 -0.021277815103530887 0.2374361604452133
v -0.01792361401021481 -0.02081733569502831 0.23947174847126004
v -0.02064348012208939 -0.021277815103530887 0.2374361604452133
v -0.01971356756985188 -0.023523833602666862 0.23812757432460782
v -0.021607479080557827 -0.021556690335273746 0.2365944981575012
v -0.02064348012208939 -0.021277815103530887 0.2374361604452133
v -0.020242333412170414 0.050016708672046675 0.236756294965744
v -0.021607479080557827 -0.021556690335273746 0.2365944981575012
v -0.022385556250810627 -0.024093197658658035 0.23581087589263913
v -0.02064348012208939 -0.021277815103530887 0.2374361604452133
v -0.01971356756985188 -0.023523833602666862 0.23812757432460782
v -0.02064348012208939 -0.021277815103530887 0.2374361604452133
v -0.022385556250810627 -0.024093197658658035 0.23581087589263913
v -0.02431281656026841 -0.04192604124546052 0.22707717120647428
v -0.023340428248047832 -0.04271309077739716 0.2266314476728439
v -0.021074276417493824 -0.04160853475332261 0.2316559851169586
v -0.02431281656026841 -0.04192604124546052 0.22707717120647428
v -0.021074276417493824 -0.04160853475332261 0.2316559851169586
v -0.021767960861325267 -0.040659956634044654 0.23215253651142118
v -0.009652453474700453 -0.04108559340238572 0.2394994348287582
v -0.009278837591409685 -0.04177863150835038 0.23868119716644284
v -0.004269205033779145 -0.04112797975540162 0.24071928858757016
v -0.009652453474700453 -0.04108559340238572 0.2394994348287582
v -0.004338206723332406 -0.04051037505269051 0.2413327246904373
v -0.008644263260066511 -0.03972654789686204 0.24096666276454923
v -0.004338206723332406 -0.04051037505269051 0.2413327246904373
v -0.009652453474700453 -0.04108559340238572 0.2394994348287582
v -0.004269205033779145 -0.04112797975540162 0.24071928858757016
v -0.011412248946726324 -0.03973528742790223 0.23999047279357907
v -0.009652453474700453 -0.04108559340238572 0.2394994348287582
v -0.008644263260066511 -0.03972654789686204 0.24096666276454923
v -0.004247574601322413 -0.041769992560148246 0.23983061313629148
v -0.009819093160331251 -0.04234163463115693 0.2373949438333511
v -0.004326618742197753 -0.042418491095304496 0.2383894175291061
v -0.009278837591409685 -0.04177863150835038 0.23868119716644284
v -0.009819093160331251 -0.04234163463115693 0.2373949438333511
v -0.004247574601322413 -0.041769992560148246 0.23983061313629148
v -0.015369977802038196 -0.04272619262337685 0.23380662500858304
v -0.009819093160331251 -0.04234163463115693 0.2373949438333511
v -0.01635144650936127 -0.042079992592334754 0.23476226627826688
v 0.018215643242001537 -0.020869223400950435 0.23926585912704465
v 0.019491888582706455 -0.023567717522382743 0.2382787317037582
v 0.020575897768139843 -0.021199582144618038 0.23745846748352048
v 0.02208206802606583 -0.023812284693121917 0.23615168035030362
v 0.020575897768139843 -0.021199582144618038 0.23745846748352048
v 0.019491888582706455 -0.023567717522382743 0.2382787317037582
v 0.018215643242001537 -0.020869223400950435 0.23926585912704465
v 0.016586303710937503 -0.023087197914719585 0.2402379214763641
v 0.019491888582706455 -0.023567717522382743 0.2382787317037582
v 0.01705141365528107 -0.03780046850442887 0.2377669662237167
v 0.019491888582706455 -0.023567717522382743 0.2382787317037582
v 0.016586303710937503 -0.023087197914719585 0.2402379214763641
v 0.019451051950454715 -0.03790298849344254 0.2359463572502136
v 0.019491888582706455 -0.023567717522382743 0.2382787317037582
v 0.01705141365528107 -0.03780046850442887 0.2377669662237167
v 0.02208206802606583 -0.023812284693121917 0.23615168035030362
v 0.019491888582706455 -0.023567717522382743 0.2382787317037582
v 0.019451051950454715 -0.03790298849344254 0.2359463572502136
v -0.01635144650936127 -0.042079992592334754 0.23476226627826688
v -0.01931945234537125 -0.04291671141982079 0.23040483891963956
v -0.015369977802038196 -0.04272619262337685 0.23380662500858304
v -0.021930120885372165 -0.043378874659538276 0.22611349821090695
v -0.01931945234537125 -0.04291671141982079 0.23040483891963956
v -0.023340428248047832 -0.04271309077739716 0.2266314476728439
v -0.018518868833780292 -0.04326314106583596 0.22945830225944516
v -0.01931945234537125 -0.04291671141982079 0.23040483891963956
v -0.021930120885372165 -0.043378874659538276 0.22611349821090695
v -0.015369977802038196 -0.04272619262337685 0.23380662500858304
v -0.01931945234537125 -0.04291671141982079 0.23040483891963956
v -0.018518868833780292 -0.04326314106583596 0.22945830225944516
v -0.016763066872954372 -0.039332199841737754 0.23735941946506497
v -0.017542248591780666 -0.040424507111310966 0.23608785867691037
v -0.01405696384608746 -0.03980484604835511 0.23871557414531705
v -0.01405696384608746 -0.03980484604835511 0.23871557414531705
v -0.017542248591780666 -0.040424507111310966 0.23608785867691037
v -0.016995722427964214 -0.04134120792150498 0.2354854345321655
v -0.016763066872954372 -0.039332199841737754 0.23735941946506497
v -0.019127516075968746 -0.03941923007369042 0.23556694388389585
v -0.017542248591780666 -0.040424507111310966 0.23608785867691037
v -0.021767960861325267 -0.040659956634044654 0.23215253651142118
v -0.017542248591780666 -0.040424507111310966 0.23608785867691037
v -0.019127516075968746 -0.03941923007369042 0.23556694388389585
v -0.021074276417493824 -0.04160853475332261 0.2316559851169586
v -0.017542248591780666 -0.040424507111310966 0.23608785867691037
v -0.021767960861325267 -0.040659956634044654 0.23215253651142118
v -0.016995722427964214 -0.04134120792150498 0.2354854345321655
v -0.017542248591780666 -0.040424507111310966 0.23608785867691037
v -0.021074276417493824 -0.04160853475332261 0.2316559851169586
v -0.01635144650936127 -0.042079992592334754 0.23476226627826688
v -0.013170516118407253 -0.04158058762550355 0.237428143620491
v -0.016995722427964214 -0.04134120792150498 0.2354854345321655
v -0.009652453474700453 -0.04108559340238572 0.2394994348287582
v -0.013170516118407253 -0.04158058762550355 0.237428143620491
v -0.009278837591409685 -0.04177863150835038 0.23868119716644284
v -0.016995722427964214 -0.04134120792150498 0.2354854345321655
v -0.013170516118407253 -0.04158058762550355 0.237428143620491
v -0.01405696384608746 -0.03980484604835511 0.23871557414531705
v -0.009819093160331251 -0.04234163463115693 0.2373949438333511
v -0.013170516118407253 -0.04158058762550355 0.237428143620491
v -0.01635144650936127 -0.042079992592334754 0.23476226627826688
v -0.009819093160331251 -0.04234163463115693 0.2373949438333511
v -0.009278837591409685 -0.04177863150835038 0.23868119716644284
v -0.013170516118407253 -0.04158058762550355 0.237428143620491
v -0.011412248946726324 -0.03973528742790223 0.23999047279357907
v -0.01405696384608746 -0.03980484604835511 0.23871557414531705
v -0.013170516118407253 -0.04158058762550355 0.237428143620491
v -0.009652453474700453 -0.04108559340238572 0.2394994348287582
v -0.011412248946726324 -0.03973528742790223 0.23999047279357907
v -0.013170516118407253 -0.04158058762550355 0.237428143620491
v -0.009819093160331251 -0.04234163463115693 0.2373949438333511
v -0.009790702722966673 -0.04267288371920586 0.23621730506420133
v -0.004326618742197753 -0.042418491095304496 0.2383894175291061
v -0.009790702722966673 -0.04267288371920586 0.23621730506420133
v -0.009819093160331251 -0.04234163463115693 0.2373949438333511
v -0.015369977802038196 -0.04272619262337685 0.23380662500858304
v -0.009790702722966673 -0.04267288371920586 0.23621730506420133
v -0.015369977802038196 -0.04272619262337685 0.23380662500858304
v -0.018518868833780292 -0.04326314106583596 0.22945830225944516
v -0.004326618742197753 -0.042418491095304496 0.2383894175291061
v -0.009790702722966673 -0.04267288371920586 0.23621730506420133
v 0.004111030604690314 -0.042507410049438484 0.23793447017669675
v 0.0033449211623519668 -0.04267332330346108 0.23633185029029843
v 0.004111030604690314 -0.042507410049438484 0.23793447017669675
v -0.009790702722966673 -0.04267288371920586 0.23621730506420133
v -0.01274583395570517 -0.04343586042523385 0.22767975926399228
v -0.009790702722966673 -0.04267288371920586 0.23621730506420133
v -0.018518868833780292 -0.04326314106583596 0.22945830225944516
v 0.0033449211623519668 -0.04267332330346108 0.23633185029029843
v -0.009790702722966673 -0.04267288371920586 0.23621730506420133
v -0.01274583395570517 -0.04343586042523385 0.22767975926399228
v -0.020258195698261264 -0.04236939176917077 0.23105341196060178
v -0.01931945234537125 -0.04291671141982079 0.23040483891963956
v -0.01635144650936127 -0.042079992592334754 0.23476226627826688
v -0.016995722427964214 -0.04134120792150498 0.2354854345321655
v -0.020258195698261264 -0.04236939176917077 0.23105341196060178
v -0.01635144650936127 -0.042079992592334754 0.23476226627826688
v -0.021074276417493824 -0.04160853475332261 0.2316559851169586
v -0.020258195698261264 -0.04236939176917077 0.23105341196060178
v -0.016995722427964214 -0.04134120792150498 0.2354854345321655
v -0.021074276417493824 -0.04160853475332261 0.2316559851169586
v -0.023340428248047832 -0.04271309077739716 0.2266314476728439
v -0.020258195698261264 -0.04236939176917077 0.23105341196060178
v -0.01931945234537125 -0.04291671141982079 0.23040483891963956
v -0.020258195698261264 -0.04236939176917077 0.23105341196060178
v -0.023340428248047832 -0.04271309077739716 0.2266314476728439
v 0.028529066592454917 0.05034902319312097 0.19996312260627744
v 0.029279587790369994 0.05034902319312097 0.22336740791797635
v 0.029909806326031692 0.05034902319312097 0.2037149667739868
v 0.026679871603846557 0.05034902319312097 0.1964185535907745
v 0.027661299332976348 0.05034902319312097 0.22702315449714658
v 0.029279587790369994 0.05034902319312097 0.22336740791797635
v 0.030799435451626785 0.05034902319312097 0.2076127231121063
v 0.029909806326031692 0.05034902319312097 0.2037149667739868
v 0.029279587790369994 0.05034902319312097 0.22336740791797635
v 0.030799435451626785 0.05034902319312097 0.2076127231121063
v 0.029279587790369994 0.05034902319312097 0.22336740791797635
v 0.031183328479528434 0.05034902319312097 0.21159216761589048
v 0.028529066592454917 0.05034902319312097 0.19996312260627744
v 0.026679871603846557 0.05034902319312097 0.1964185535907745
v 0.029279587790369994 0.05034902319312097 0.22336740791797635
v 0.031055176630616195 0.05034902319312097 0.21558801829814908
v 0.029279587790369994 0.05034902319312097 0.22336740791797635
v 0.030417116358876235 0.05034902319312097 0.21953475475311277
v 0.031055176630616195 0.05034902319312097 0.21558801829814908
v 0.031183328479528434 0.05034902319312097 0.21159216761589048
v 0.029279587790369994 0.05034902319312097 0.22336740791797635
usemtl DefaultMaterial
f 1 2 3
f 4 5 6
f 7 8 9
f 10 11 12
f 13 14 15
f 16 17 18
f 19 20 21
f 22 23 24
f 25 26 27
f 28 29 30
f 31 32 33
f 34 35 36
f 37 38 39
f 40 41 42
f 43 44 45
f 46 47 48
f 49 50 51
f 52 53 54
f 55 56 57
f 58 59 60
f 61 62 63
f 64 65 66
f 67 68 69
f 70 71 72
f 73 74 75
f 76 77 78
f 79 80 81
f 82 83 84
f 85 86 87
f 88 89 90
f 91 92 93
f 94 95 96
f 97 98 99
f 100 101 102
f 103 104 105
f 106 107 108
f 109 110 111
f 112 113 114
f 115 116 117
f 118 119 120
f 121 122 123
f 124 125 126
f 127 128 129
f 130 131 132
f 133 134 135
f 136 137 138
f 139 140 141
f 142 143 144
f 145 146 147
f 148 149 150
f 151 152 153
f 154 155 156
f 157 158 159
f 160 161 162
f 163 164 165
f 166 167 168
f 169 170 171
f 172 173 174
f 175 176 177
f 178 179 180
f 181 182 183
f 184 185 186
f 187 188 189
f 190 191 192
f 193 194 195
f 196 197 198
f 199 200 201
f 202 203 204
f 205 206 207
f 208 209 210
f 211 212 213
f 214 215 216
f 217 218 219
f 220 221 222
f 223 224 225
f 226 227 228
f 229 230 231
f 232 233 234
f 235 236 237
f 238 239 240
f 241 242 243
f 244 245 246
f 247 248 249
f 250 251 252
f 253 254 255
f 256 257 258
f 259 260 261
f 262 263 264
f 265 266 267
f 268 269 270
f 271 272 273
f 274 275 276
f 277 278 279
f 280 281 282
f 283 284 285
f 286 287 288
f 289 290 291
f 292 293 294
f 295 296 297
f 298 299 300
f 301 302 303
f 304 305 306
f 307 308 309
f 310 311 312
f 313 314 315
f 316 317 318
f 319 320 321
f 322 323 324
f 325 326 327
f 328 329 330
f 331 332 333
f 334 335 336
f 337 338 339
f 340 341 342
f 343 344 345
f 346 347 348
f 349 350 351
f 352 353 354
f 355 356 357
f 358 359 360
f 361 362 363
f 364 365 366
f 367 368 369
f 370 371 372
f 373 374 375
f 376 377 378
f 379 380 381
f 382 383 384
f 385 386 387
f 388 389 390
f 391 392 393
f 394 395 396
f 397 398 399
f 400 401 402
f 403 404 405
f 406 407 408
f 409 410 411
f 412 413 414
f 415 416 417
f 418 419 420
f 421 422 423
f 424 425 426
f 427 428 429
f 430 431 432
f 433 434 435
f 436 437 438
f 439 440 441
f 442 443 444
f 445 446 447
f 448 449 450
f 451 452 453
f 454 455 456
f 457 458 459
f 460 461 462
f 463 464 465
f 466 467 468
f 469 470 471
f 472 473 474
f 475 476 477
f 478 479 480
f 481 482 483
f 484 485 486
f 487 488 489
f 490 491 492
f 493 494 495
f 496 497 498
f 499 500 501
f 502 503 504
f 505 506 507
f 508 509 510
f 511 512 513
f 514 515 516
f 517 518 519
f 520 521 522
f 523 524 525
f 526 527 528
f 529 530 531
f 532 533 534
f 535 536 537
f 538 539 540
f 541 542 543
f 544 545 546
f 547 548 549
f 550 551 552
f 553 554 555
f 556 557 558
f 559 560 561
f 562 563 564
f 565 566 567
f 568 569 570
f 571 572 573
f 574 575 576
f 577 578 579
f 580 581 582
f 583 584 585
f 586 587 588
f 589 590 591
f 592 593 594
f 595 596 597
f 598 599 600
f 601 602 603
f 604 605 606
f 607 608 609
f 610 611 612
f 613 614 615
f 616 617 618
f 619 620 621
f 622 623 624
f 625 626 627
f 628 629 630
f 631 632 633
f 634 635 636
f 637 638 639
f 640 641 642
f 643 644 645
f 646 647 648
f 649 650 651
f 652 653 654
f 655 656 657
f 658 659 660
f 661 662 663
f 664 665 666
f 667 668 669
f 670 671 672
f 673 674 675
f 676 677 678
f 679 680 681
f 682 683 684
f 685 686 687
f 688 689 690
f 691 692 693
f 694 695 696
f 697 698 699
f 700 701 702
f 703 704 705
f 706 707 708
f 709 710 711
f 712 713 714
f 715 716 717
f 718 719 720
f 721 722 723
f 724 725 726
f 727 728 729
f 730 731 732
f 733 734 735
f 736 737 738
f 739 740 741
f 742 743 744
f 745 746 747
f 748 749 750
f 751 752 753
f 754 755 756
f 757 758 759
f 760 761 762
f 763 764 765
f 766 767 768
f 769 770 771
f 772 773 774
f 775 776 777
f 778 779 780
f 781 782 783
f 784 785 786
f 787 788 789
f 790 791 792
f 793 794 795
f 796 797 798
f 799 800 801
f 802 803 804
f 805 806 807
f 808 809 810
f 811 812 813
f 814 815 816
f 817 818 819
f 820 821 822
f 823 824 825
f 826 827 828
f 829 830 831
f 832 833 834
f 835 836 837
f 838 839 840
f 841 842 843
f 844 845 846
f 847 848 849
f 850 851 852
f 853 854 855
f 856 857 858
f 859 860 861
f 862 863 864
f 865 866 867
f 868 869 870
f 871 872 873
f 874 875 876
f 877 878 879
f 880 881 882
f 883 884 885
f 886 887 888
f 889 890 891
f 892 893 894
f 895 896 897
f 898 899 900
f 901 902 903
f 904 905 906
f 907 908 909
f 910 911 912
f 913 914 915
f 916 917 918
f 919 920 921
f 922 923 924
f 925 926 927
f 928 929 930
f 931 932 933
f 934 935 936
f 937 938 939
f 940 941 942
f 943 944 945
f 946 947 948
f 949 950 951
f 952 953 954
f 955 956 957
f 958 959 960
f 961 962 963
f 964 965 966
f 967 968 969
f 970 971 972
f 973 974 975
f 976 977 978
f 979 980 981
f 982 983 984
f 985 986 987
f 988 989 990
f 991 992 993
f 994 995 996
f 997 998 999
f 1000 1001 1002
f 1003 1004 1005
f 1006 1007 1008
f 1009 1010 1011
f 1012 1013 1014
f 1015 1016 1017
f 1018 1019 1020
f 1021 1022 1023
f 1024 1025 1026
f 1027 1028 1029
f 1030 1031 1032
f 1033 1034 1035
f 1036 1037 1038
f 1039 1040 1041
f 1042 1043 1044
f 1045 1046 1047
f 1048 1049 1050
f 1051 1052 1053
f 1054 1055 1056
f 1057 1058 1059
f 1060 1061 1062
f 1063 1064 1065
f 1066 1067 1068
f 1069 1070 1071
f 1072 1073 1074
f 1075 1076 1077
f 1078 1079 1080
f 1081 1082 1083
f 1084 1085 1086
f 1087 1088 1089
f 1090 1091 1092
f 1093 1094 1095
f 1096 1097 1098
f 1099 1100 1101
f 1102 1103 1104
f 1105 1106 1107
f 1108 1109 1110
f 1111 1112 1113
f 1114 1115 1116
f 1117 1118 1119
f 1120 1121 1122
f 1123 1124 1125
f 1126 1127 1128
f 1129 1130 1131
f 1132 1133 1134
f 1135 1136 1137
f 1138 1139 1140
f 1141 1142 1143
f 1144 1145 1146
f 1147 1148 1149
f 1150 1151 1152
f 1153 1154 1155
f 1156 1157 1158
f 1159 1160 1161
f 1162 1163 1164
f 1165 1166 1167
f 1168 1169 1170
f 1171 1172 1173
f 1174 1175 1176
f 1177 1178 1179
f 1180 1181 1182
f 1183 1184 1185
f 1186 1187 1188
f 1189 1190 1191
f 1192 1193 1194
f 1195 1196 1197
f 1198 1199 1200
f 1201 1202 1203
f 1204 1205 1206
f 1207 1208 1209
f 1210 1211 1212
f 1213 1214 1215
f 1216 1217 1218
f 1219 1220 1221
f 1222 1223 1224
f 1225 1226 1227
f 1228 1229 1230
f 1231 1232 1233
f 1234 1235 1236
f 1237 1238 1239
f 1240 1241 1242
f 1243 1244 1245
f 1246 1247 1248
f 1249 1250 1251
f 1252 1253 1254
f 1255 1256 1257
f 1258 1259 1260
f 1261 1262 1263
f 1264 1265 1266
f 1267 1268 1269
f 1270 1271 1272
f 1273 1274 1275
f 1276 1277 1278
f 1279 1280 1281
f 1282 1283 1284
f 1285 1286 1287
f 1288 1289 1290
f 1291 1292 1293
f 1294 1295 1296
f 1297 1298 1299
f 1300 1301 1302
f 1303 1304 1305
f 1306 1307 1308
f 1309 1310 1311
f 1312 1313 1314
f 1315 1316 1317
f 1318 1319 1320
f 1321 1322 1323
f 1324 1325 1326
f 1327 1328 1329
f 1330 1331 1332
f 1333 1334 1335
f 1336 1337 1338
f 1339 1340 1341
f 1342 1343 1344
f 1345 1346 1347
f 1348 1349 1350
f 1351 1352 1353
f 1354 1355 1356
f 1357 1358 1359
f 1360 1361 1362
f 1363 1364 1365
f 1366 1367 1368
f 1369 1370 1371
f 1372 1373 1374
f 1375 1376 1377
f 1378 1379 1380
f 1381 1382 1383
f 1384 1385 1386
f 1387 1388 1389
f 1390 1391 1392
f 1393 1394 1395
f 1396 1397 1398
f 1399 1400 1401
f 1402 1403 1404
f 1405 1406 1407
f 1408 1409 1410
f 1411 1412 1413
f 1414 1415 1416
f 1417 1418 1419
f 1420 1421 1422
f 1423 1424 1425
f 1426 1427 1428
f 1429 1430 1431
f 1432 1433 1434
f 1435 1436 1437
f 1438 1439 1440
f 1441 1442 1443
f 1444 1445 1446
f 1447 1448 1449
f 1450 1451 1452
f 1453 1454 1455
f 1456 1457 1458
f 1459 1460 1461
f 1462 1463 1464
f 1465 1466 1467
f 1468 1469 1470
f 1471 1472 1473
f 1474 1475 1476
f 1477 1478 1479
f 1480 1481 1482
f 1483 1484 1485
f 1486 1487 1488
f 1489 1490 1491
f 1492 1493 1494
f 1495 1496 1497
f 1498 1499 1500
f 1501 1502 1503
f 1504 1505 1506
f 1507 1508 1509
f 1510 1511 1512
f 1513 1514 1515
f 1516 1517 1518
f 1519 1520 1521
f 1522 1523 1524
f 1525 1526 1527
f 1528 1529 1530
f 1531 1532 1533
f 1534 1535 1536
f 1537 1538 1539
f 1540 1541 1542
f 1543 1544 1545
f 1546 1547 1548
f 1549 1550 1551
f 1552 1553 1554
f 1555 1556 1557
f 1558 1559 1560
f 1561 1562 1563
f 1564 1565 1566
f 1567 1568 1569
f 1570 1571 1572
f 1573 1574 1575
f 1576 1577 1578
f 1579 1580 1581
f 1582 1583 1584
f 1585 1586 1587
f 1588 1589 1590
f 1591 1592 1593
f 1594 1595 1596
f 1597 1598 1599
f 1600 1601 1602
f 1603 1604 1605
f 1606 1607 1608
f 1609 1610 1611
f 1612 1613 1614
f 1615 1616 1617
f 1618 1619 1620
f 1621 1622 1623
f 1624 1625 1626
f 1627 1628 1629
f 1630 1631 1632
f 1633 1634 1635
f 1636 1637 1638
f 1639 1640 1641
f 1642 1643 1644
f 1645 1646 1647
f 1648 1649 1650
f 1651 1652 1653
f 1654 1655 1656
f 1657 1658 1659
f 1660 1661 1662
f 1663 1664 1665
f 1666 1667 1668
f 1669 1670 1671
f 1672 1673 1674
f 1675 1676 1677
f 1678 1679 1680
f 1681 1682 1683
f 1684 1685 1686
f 1687 1688 1689
f 1690 1691 1692
f 1693 1694 1695
f 1696 1697 1698
f 1699 1700 1701
f 1702 1703 1704
f 1705 1706 1707
f 1708 1709 1710
f 1711 1712 1713
f 1714 1715 1716
f 1717 1718 1719
f 1720 1721 1722
f 1723 1724 1725
f 1726 1727 1728
f 1729 1730 1731
f 1732 1733 1734
f 1735 1736 1737
f 1738 1739 1740
f 1741 1742 1743
f 1744 1745 1746
f 1747 1748 1749
f 1750 1751 1752
f 1753 1754 1755
f 1756 1757 1758
f 1759 1760 1761
f 1762 1763 1764
f 1765 1766 1767
f 1768 1769 1770
f 1771 1772 1773
f 1774 1775 1776
f 1777 1778 1779
f 1780 1781 1782
f 1783 1784 1785
f 1786 1787 1788
f 1789 1790 1791
f 1792 1793 1794
f 1795 1796 1797
f 1798 1799 1800
f 1801 1802 1803
f 1804 1805 1806
f 1807 1808 1809
f 1810 1811 1812
f 1813 1814 1815
f 1816 1817 1818
f 1819 1820 1821
f 1822 1823 1824
f 1825 1826 1827
f 1828 1829 1830
f 1831 1832 1833
f 1834 1835 1836
f 1837 1838 1839
f 1840 1841 1842
f 1843 1844 1845
f 1846 1847 1848
f 1849 1850 1851
f 1852 1853 1854
f 1855 1856 1857
f 1858 1859 1860
f 1861 1862 1863
f 1864 1865 1866
f 1867 1868 1869
f 1870 1871 1872
f 1873 1874 1875
f 1876 1877 1878
f 1879 1880 1881
f 1882 1883 1884
f 1885 1886 1887
f 1888 1889 1890
f 1891 1892 1893
f 1894 1895 1896
f 1897 1898 1899
f 1900 1901 1902
f 1903 1904 1905
f 1906 1907 1908
f 1909 1910 1911
f 1912 1913 1914
f 1915 1916 1917
f 1918 1919 1920
f 1921 1922 1923
f 1924 1925 1926
f 1927 1928 1929
f 1930 1931 1932
f 1933 1934 1935
f 1936 1937 1938
f 1939 1940 1941
f 1942 1943 1944
f 1945 1946 1947
f 1948 1949 1950
f 1951 1952 1953
f 1954 1955 1956
f 1957 1958 1959
f 1960 1961 1962
f 1963 1964 1965
f 1966 1967 1968
f 1969 1970 1971
f 1972 1973 1974
f 1975 1976 1977
f 1978 1979 1980
f 1981 1982 1983
f 1984 1985 1986
f 1987 1988 1989
f 1990 1991 1992
f 1993 1994 1995
f 1996 1997 1998
f 1999 2000 2001
f 2002 2003 2004
f 2005 2006 2007
f 2008 2009 2010
f 2011 2012 2013
f 2014 2015 2016
f 2017 2018 2019
f 2020 2021 2022
f 2023 2024 2025
f 2026 2027 2028
f 2029 2030 2031
f 2032 2033 2034
f 2035 2036 2037
f 2038 2039 2040
f 2041 2042 2043
f 2044 2045 2046
f 2047 2048 2049
f 2050 2051 2052
f 2053 2054 2055
f 2056 2057 2058
f 2059 2060 2061
f 2062 2063 2064
f 2065 2066 2067
f 2068 2069 2070
f 2071 2072 2073
f 2074 2075 2076
f 2077 2078 2079
f 2080 2081 2082
f 2083 2084 2085
f 2086 2087 2088
f 2089 2090 2091
f 2092 2093 2094
f 2095 2096 2097
f 2098 2099 2100
f 2101 2102 2103
f 2104 2105 2106
f 2107 2108 2109
f 2110 2111 2112
f 2113 2114 2115
f 2116 2117 2118
f 2119 2120 2121
f 2122 2123 2124
f 2125 2126 2127
f 2128 2129 2130
f 2131 2132 2133
f 2134 2135 2136
f 2137 2138 2139
f 2140 2141 2142
f 2143 2144 2145
f 2146 2147 2148
f 2149 2150 2151
f 2152 2153 2154
f 2155 2156 2157
f 2158 2159 2160
f 2161 2162 2163
f 2164 2165 2166
f 2167 2168 2169
f 2170 2171 2172
f 2173 2174 2175
f 2176 2177 2178
f 2179 2180 2181
f 2182 2183 2184
f 2185 2186 2187
f 2188 2189 2190
f 2191 2192 2193
f 2194 2195 2196
f 2197 2198 2199
f 2200 2201 2202
f 2203 2204 2205
f 2206 2207 2208
f 2209 2210 2211
f 2212 2213 2214
f 2215 2216 2217
f 2218 2219 2220
f 2221 2222 2223
f 2224 2225 2226
f 2227 2228 2229
f 2230 2231 2232
f 2233 2234 2235
f 2236 2237 2238
f 2239 2240 2241
f 2242 2243 2244
f 2245 2246 2247
f 2248 2249 2250
f 2251 2252 2253
f 2254 2255 2256
f 2257 2258 2259
f 2260 2261 2262
f 2263 2264 2265
f 2266 2267 2268
f 2269 2270 2271
f 2272 2273 2274
f 2275 2276 2277
f 2278 2279 2280
f 2281 2282 2283
f 2284 2285 2286
f 2287 2288 2289
f 2290 2291 2292
f 2293 2294 2295
f 2296 2297 2298
f 2299 2300 2301
f 2302 2303 2304
f 2305 2306 2307
f 2308 2309 2310
f 2311 2312 2313
f 2314 2315 2316
f 2317 2318 2319
f 2320 2321 2322
f 2323 2324 2325
f 2326 2327 2328
f 2329 2330 2331
f 2332 2333 2334
f 2335 2336 2337
f 2338 2339 2340
f 2341 2342 2343
f 2344 2345 2346
f 2347 2348 2349
f 2350 2351 2352
f 2353 2354 2355
f 2356 2357 2358
f 2359 2360 2361
f 2362 2363 2364
f 2365 2366 2367
f 2368 2369 2370
f 2371 2372 2373
f 2374 2375 2376
f 2377 2378 2379
f 2380 2381 2382
f 2383 2384 2385
f 2386 2387 2388
f 2389 2390 2391
f 2392 2393 2394
f 2395 2396 2397
f 2398 2399 2400
f 2401 2402 2403
f 2404 2405 2406
f 2407 2408 2409
f 2410 2411 2412
f 2413 2414 2415
f 2416 2417 2418
f 2419 2420 2421
f 2422 2423 2424
f 2425 2426 2427
f 2428 2429 2430
f 2431 2432 2433
f 2434 2435 2436
f 2437 2438 2439
f 2440 2441 2442
f 2443 2444 2445
f 2446 2447 2448
f 2449 2450 2451
f 2452 2453 2454
f 2455 2456 2457
f 2458 2459 2460
f 2461 2462 2463
f 2464 2465 2466
f 2467 2468 2469
f 2470 2471 2472
f 2473 2474 2475
f 2476 2477 2478
f 2479 2480 2481
f 2482 2483 2484
f 2485 2486 2487
f 2488 2489 2490
f 2491 2492 2493
f 2494 2495 2496
f 2497 2498 2499
f 2500 2501 2502
f 2503 2504 2505
f 2506 2507 2508
f 2509 2510 2511
f 2512 2513 2514
f 2515 2516 2517
f 2518 2519 2520
f 2521 2522 2523
f 2524 2525 2526
f 2527 2528 2529
f 2530 2531 2532
f 2533 2534 2535
f 2536 2537 2538
f 2539 2540 2541
f 2542 2543 2544
f 2545 2546 2547
f 2548 2549 2550
f 2551 2552 2553
f 2554 2555 2556
f 2557 2558 2559
f 2560 2561 2562
f 2563 2564 2565
f 2566 2567 2568
f 2569 2570 2571
f 2572 2573 2574
f 2575 2576 2577
f 2578 2579 2580
f 2581 2582 2583
f 2584 2585 2586
f 2587 2588 2589
f 2590 2591 2592
f 2593 2594 2595
f 2596 2597 2598
f 2599 2600 2601
f 2602 2603 2604
f 2605 2606 2607
f 2608 2609 2610
f 2611 2612 2613
f 2614 2615 2616
f 2617 2618 2619
f 2620 2621 2622
f 2623 2624 2625
f 2626 2627 2628
f 2629 2630 2631
f 2632 2633 2634
f 2635 2636 2637
f 2638 2639 2640
f 2641 2642 2643
f 2644 2645 2646
f 2647 2648 2649
f 2650 2651 2652
f 2653 2654 2655
f 2656 2657 2658
f 2659 2660 2661
f 2662 2663 2664
f 2665 2666 2667
f 2668 2669 2670
f 2671 2672 2673
f 2674 2675 2676
f 2677 2678 2679
f 2680 2681 2682
f 2683 2684 2685
f 2686 2687 2688
f 2689 2690 2691
f 2692 2693 2694
f 2695 2696 2697
f 2698 2699 2700
f 2701 2702 2703
f 2704 2705 2706
f 2707 2708 2709
f 2710 2711 2712
f 2713 2714 2715
f 2716 2717 2718
f 2719 2720 2721
f 2722 2723 2724
f 2725 2726 2727
f 2728 2729 2730
f 2731 2732 2733
f 2734 2735 2736
f 2737 2738 2739
f 2740 2741 2742
f 2743 2744 2745
f 2746 2747 2748
f 2749 2750 2751
f 2752 2753 2754
f 2755 2756 2757
f 2758 2759 2760
f 2761 2762 2763
f 2764 2765 2766
f 2767 2768 2769
f 2770 2771 2772
f 2773 2774 2775
f 2776 2777 2778
f 2779 2780 2781
f 2782 2783 2784
f 2785 2786 2787
f 2788 2789 2790
f 2791 2792 2793
f 2794 2795 2796
f 2797 2798 2799
f 2800 2801 2802
f 2803 2804 2805
f 2806 2807 2808
f 2809 2810 2811
f 2812 2813 2814
f 2815 2816 2817
f 2818 2819 2820
f 2821 2822 2823
f 2824 2825 2826
f 2827 2828 2829
f 2830 2831 2832
f 2833 2834 2835
f 2836 2837 2838
f 2839 2840 2841
f 2842 2843 2844
f 2845 2846 2847
f 2848 2849 2850
f 2851 2852 2853
f 2854 2855 2856
f 2857 2858 2859
f 2860 2861 2862
f 2863 2864 2865
f 2866 2867 2868
f 2869 2870 2871
f 2872 2873 2874
f 2875 2876 2877
f 2878 2879 2880
f 2881 2882 2883
f 2884 2885 2886
f 2887 2888 2889
f 2890 2891 2892
f 2893 2894 2895
f 2896 2897 2898
f 2899 2900 2901
f 2902 2903 2904
f 2905 2906 2907
f 2908 2909 2910
f 2911 2912 2913
f 2914 2915 2916
f 2917 2918 2919
f 2920 2921 2922
f 2923 2924 2925
f 2926 2927 2928
f 2929 2930 2931
f 2932 2933 2934
f 2935 2936 2937
f 2938 2939 2940
f 2941 2942 2943
f 2944 2945 2946
f 2947 2948 2949
f 2950 2951 2952
f 2953 2954 2955
f 2956 2957 2958
f 2959 2960 2961
f 2962 2963 2964
f 2965 2966 2967
f 2968 2969 2970
f 2971 2972 2973
f 2974 2975 2976
f 2977 2978 2979
f 2980 2981 2982
f 2983 2984 2985
f 2986 2987 2988
f 2989 2990 2991
f 2992 2993 2994
f 2995 2996 2997
f 2998 2999 3000
f 3001 3002 3003
f 3004 3005 3006
f 3007 3008 3009
f 3010 3011 3012
f 3013 3014 3015
f 3016 3017 3018
f 3019 3020 3021
f 3022 3023 3024
f 3025 3026 3027
f 3028 3029 3030
f 3031 3032 3033
f 3034 3035 3036
f 3037 3038 3039
f 3040 3041 3042
f 3043 3044 3045
f 3046 3047 3048
f 3049 3050 3051
f 3052 3053 3054
f 3055 3056 3057
f 3058 3059 3060
f 3061 3062 3063
f 3064 3065 3066
f 3067 3068 3069
f 3070 3071 3072
f 3073 3074 3075
f 3076 3077 3078
