mtllib shoulder_link_collisions_shoulder_mesh.mtl
v 0.046975009143352585 -0.0007556518539786349 0.030674206092953682
v 0.04693944007158287 0.0026023311074823176 0.03226049989461899
v 0.04698366671800621 -0.0014858037466183324 0.031042708083987236
v 0.04501402378082282 0.06218953058123597 -0.0023037437349557877
v 0.04693944007158287 0.0026023311074823176 0.03226049989461899
v 0.046975009143352585 -0.0007556518539786349 0.030674206092953682
v 0.015069328248500848 0.04240120947360998 -0.056451212614774704
v 0.01217441726475956 0.041919745504856165 -0.05705111473798752
v 0.00915534514933826 0.04405822232365614 -0.056451208889484406
v 0.015069328248500848 0.04240120947360998 -0.056451212614774704
v 0.02045883983373645 0.03847759589552884 -0.05705120041966438
v 0.01217441726475956 0.041919745504856165 -0.05705111473798752
v 0.0060864998959004974 0.06294919550418862 -0.04443502798676491
v 0.015069328248500848 0.04240120947360998 -0.056451212614774704
v 0.00915534514933826 0.04405822232365614 -0.056451208889484406
v 0.017808198928833036 0.06294919550418862 0.04084686189889908
v 0.02322500012815002 0.06294920295476922 0.03804010525345802
v 0.043671682476997445 0.06294987350702294 0.009483207017183304
v 0.012059663422405739 0.06294919550418862 0.04288991168141365
v 0.017808198928833036 0.06294919550418862 0.04084686189889908
v 0.043671682476997445 0.06294987350702294 0.009483207017183304
v 0.04499938338994987 3.450306707009081e-08 -0.05645120143890381
v 0.04501402378082282 0.06218953058123597 -0.0023037437349557877
v 0.046975009143352585 -0.0007556518539786349 0.030674206092953682
v 0.04499938338994987 3.450306707009081e-08 -0.05645120143890381
v 0.046975009143352585 -0.0007556518539786349 0.030674206092953682
v 0.04698366671800621 -0.0014858037466183324 0.031042708083987236
v 0.044894423335790704 0.062429614365100944 0.002918943529948592
v 0.044595126062631676 0.06294921040534981 0.0028984625823795795
v 0.043671682476997445 0.06294987350702294 0.009483207017183304
v 0.04333978146314628 0.0045552318915724815 -0.057051192969083786
v 0.03774008899927145 0.02178930118680003 -0.057051196694374084
v 0.04228404164314276 0.010542629286646857 -0.057051192969083786
v 0.0373381562530995 0.06219117343425759 -0.02538389526307583
v 0.03968787565827376 0.06294921040534981 -0.020716585218906403
v 0.04127393290400511 0.01792785339057448 -0.05645120143890381
v -0.006086669862270365 0.06294918060302743 0.04413112625479698
v -9.956299606983537e-08 0.06294918805360802 0.04454747587442398
v 0.043671682476997445 0.06294987350702294 0.009483207017183304
v 0.012145875953137894 0.04070323705673223 0.05709773302078247
v 0.01599339768290522 0.0392564050853253 0.05693858489394188
v 0.012059663422405739 0.06294919550418862 0.04288991168141365
v 0.01599339768290522 0.0392564050853253 0.05693858489394188
v 0.017808198928833036 0.06294919550418862 0.04084686189889908
v 0.012059663422405739 0.06294919550418862 0.04288991168141365
v -0.04576536267995841 0.010396666824817671 0.03688846156001091
v -0.04638940095901496 0.007129701320081959 0.035516176372766495
v -0.04388331249356277 0.005746157374233015 0.04798541218042374
v 0.0030708119738847065 0.04489452019333846 -0.056451212614774704
v 0.0060864998959004974 0.06294919550418862 -0.04443502798676491
v 0.00915534514933826 0.04405822232365614 -0.056451208889484406
v 0.003039830597117548 0.04347240179777151 -0.05705120414495468
v 0.02045883983373645 0.03847759589552884 -0.05705120041966438
v 0.02561477571725849 0.03525580838322644 -0.05705120041966438
v 0.01217441726475956 0.041919745504856165 -0.05705111473798752
v 0.02045883983373645 0.03847759589552884 -0.05705120041966438
v 0.003039830597117548 0.04347240179777151 -0.05705120414495468
v 0.00915534514933826 0.04405822232365614 -0.056451208889484406
v 0.01217441726475956 0.041919745504856165 -0.05705111473798752
v 0.003039830597117548 0.04347240179777151 -0.05705120414495468
v 0.003039830597117548 0.04347240179777151 -0.05705120414495468
v 0.0030708119738847065 0.04489452019333846 -0.056451212614774704
v 0.00915534514933826 0.04405822232365614 -0.056451208889484406
v -0.04692252725362785 -0.0028918711468577424 0.030169203877449036
v -0.046992689371109085 0.0013291845098137873 0.03193584829568863
v -0.04499944671988494 -1.627971357720528e-08 -0.056451231241226196
v -0.04692252725362785 -0.0028918711468577424 0.030169203877449036
v -0.04499944671988494 -1.627971357720528e-08 -0.056451231241226196
v -0.04458031803369529 -0.0061274352483451444 -0.056451231241226196
v -0.038448389619588914 -0.023380983620882066 -0.0564512275159359
v -0.03612826764583593 -0.024368831887841256 -0.057051219046115875
v -0.03490656986832624 -0.028398597612977066 -0.0564512275159359
v -0.0414456874132157 -0.013466524891555327 -0.057051222771406174
v -0.04127399250864989 -0.01792782731354239 -0.056451231241226196
v -0.043330732733011315 -0.012140714563429371 -0.056451231241226196
v -0.04499949887394912 0.06214917451143273 -0.00015195697778835893
v -0.04499944671988494 -1.627971357720528e-08 -0.056451231241226196
v -0.046992689371109085 0.0013291845098137873 0.03193584829568863
v -0.04499949887394912 0.06214917451143273 -0.00015195697778835893
v -0.04480785131454475 0.06218833848834046 -0.004720797296613455
v -0.04499944671988494 -1.627971357720528e-08 -0.056451231241226196
v 0.003070862730965023 -0.04489449411630637 -0.0564512200653553
v -0.003070874139666562 -0.044894497841596666 -0.0564512200653553
v -6.348574999037747e-09 -0.04357853159308439 -0.05705121159553528
v -0.040405362844467226 0.01632479764521124 -0.057051222771406174
v -0.04228411242365843 0.010542592033743872 -0.057051222771406174
v -0.04333074763417251 0.012140679173171536 -0.056451231241226196
v -0.03793568164110189 -0.027749152854085007 0.020250851288437843
v -0.038448389619588914 -0.023380983620882066 -0.0564512275159359
v -0.03490656986832624 -0.028398597612977066 -0.0564512275159359
v -0.02070266939699653 -0.039954319596290644 -0.0564512237906456
v -0.017724998295307187 -0.03981098905205732 -0.05705121532082558
v -0.015069390647113347 -0.04240118712186819 -0.0564512200653553
v 0.04211842268705374 0.06294921040534981 0.014816994778811932
v 0.04343836009502418 0.062144488096237266 0.011623756028711796
v 0.043671682476997445 0.06294987350702294 0.009483207017183304
v 0.04343836009502418 0.062144488096237266 0.011623756028711796
v 0.04211842268705374 0.06294921040534981 0.014816994778811932
v 0.04220210388302809 0.062192324548959815 0.015675650909543037
v 0.04501402378082282 0.06218953058123597 -0.0023037437349557877
v 0.04498359188437469 0.06183593347668656 9.022925223689526e-05
v 0.04693944007158287 0.0026023311074823176 0.03226049989461899
v 0.04498359188437469 0.06183593347668656 9.022925223689526e-05
v 0.044894423335790704 0.062429614365100944 0.002918943529948592
v 0.04693944007158287 0.0026023311074823176 0.03226049989461899
v 0.04498359188437469 0.06183593347668656 9.022925223689526e-05
v 0.04501402378082282 0.06218953058123597 -0.0023037437349557877
v 0.044894423335790704 0.062429614365100944 0.002918943529948592
v 0.04428902640938766 0.06217851489782342 0.008208872750401497
v 0.044894423335790704 0.062429614365100944 0.002918943529948592
v 0.043671682476997445 0.06294987350702294 0.009483207017183304
v 0.04343836009502418 0.062144488096237266 0.011623756028711796
v 0.04428902640938766 0.06217851489782342 0.008208872750401497
v 0.043671682476997445 0.06294987350702294 0.009483207017183304
v 0.03774008899927145 0.02178930118680003 -0.057051196694374084
v 0.04040528461337096 0.01632484421133997 -0.057051192969083786
v 0.04228404164314276 0.010542629286646857 -0.057051192969083786
v 0.04040528461337096 0.01632484421133997 -0.057051192969083786
v 0.03774008899927145 0.02178930118680003 -0.057051196694374084
v 0.04127393290400511 0.01792785339057448 -0.05645120143890381
v 0.04042610898613936 0.06219117343425759 -0.02006472460925579
v 0.04127393290400511 0.01792785339057448 -0.05645120143890381
v 0.03968787565827376 0.06294921040534981 -0.020716585218906403
v 0.04042610898613936 0.06219117343425759 -0.02006472460925579
v 0.042764216661453316 0.06218953058123597 -0.014368646778166294
v 0.04127393290400511 0.01792785339057448 -0.05645120143890381
v 0.04228404164314276 0.010542629286646857 -0.057051192969083786
v 0.04040528461337096 0.01632484421133997 -0.057051192969083786
v 0.04333067685365684 0.01214072853326799 -0.05645120143890381
v 0.04333067685365684 0.01214072853326799 -0.05645120143890381
v 0.04040528461337096 0.01632484421133997 -0.057051192969083786
v 0.04127393290400511 0.01792785339057448 -0.05645120143890381
v 0.04333067685365684 0.01214072853326799 -0.05645120143890381
v 0.04127393290400511 0.01792785339057448 -0.05645120143890381
v 0.042764216661453316 0.06218953058123597 -0.014368646778166294
v 0.04405812919139869 0.06242960318923005 -0.009307353757321835
v 0.04333067685365684 0.01214072853326799 -0.05645120143890381
v 0.042764216661453316 0.06218953058123597 -0.014368646778166294
v 0.03927067667245871 0.01672411896288397 0.0530167855322361
v 0.03848206624388701 0.020892951637506513 0.05207148566842079
v 0.03863823413848883 0.01988096535205844 0.052336420863866806
v 0.03446911275386816 0.02594263851642612 0.05398746579885483
v 0.03863823413848883 0.01988096535205844 0.052336420863866806
v 0.03848206624388701 0.020892951637506513 0.05207148566842079
v 0.03927067667245871 0.01672411896288397 0.0530167855322361
v 0.03863823413848883 0.01988096535205844 0.052336420863866806
v 0.03446911275386816 0.02594263851642612 0.05398746579885483
v 0.039520662277937 0.017336815595626855 0.05248390510678291
v 0.03848206624388701 0.020892951637506513 0.05207148566842079
v 0.03927067667245871 0.01672411896288397 0.0530167855322361
v 0.04115496203303343 0.013601794838905352 0.051568496972322464
v 0.039520662277937 0.017336815595626855 0.05248390510678291
v 0.03927067667245871 0.01672411896288397 0.0530167855322361
v 0.04220210388302809 0.062192324548959815 0.015675650909543037
v 0.039581026881933275 0.06219117343425759 0.02139175683259964
v 0.040391560643911424 0.01790668442845347 0.05062704533338547
v 0.03848206624388701 0.020892951637506513 0.05207148566842079
v 0.039581026881933275 0.06219117343425759 0.02139175683259964
v 0.03627582639455801 0.06218952313065537 0.026586757972836494
v 0.03288711607456212 0.06242960691452035 0.030562525615096092
v 0.02914597466588025 0.062191165983676994 0.03421814739704132
v 0.03294375166296964 0.02803320251405243 0.05418571084737778
v 0.03288711607456212 0.06242960691452035 0.030562525615096092
v 0.03446911275386816 0.02594263851642612 0.05398746579885483
v 0.03627582639455801 0.06218952313065537 0.026586757972836494
v 0.03446911275386816 0.02594263851642612 0.05398746579885483
v 0.03288711607456212 0.06242960691452035 0.030562525615096092
v 0.03294375166296964 0.02803320251405243 0.05418571084737778
v 0.02358187548816208 0.036110419780015994 0.05572623386979103
v 0.02322500012815002 0.06294920295476922 0.03804010525345802
v 0.017808198928833036 0.06294919550418862 0.04084686189889908
v 0.02914597466588025 0.062191165983676994 0.03421814739704132
v 0.03288711607456212 0.06242960691452035 0.030562525615096092
v 0.028209166601300285 0.06294920295476922 0.03452190011739731
v 0.028209166601300285 0.06294920295476922 0.03452190011739731
v 0.043671682476997445 0.06294987350702294 0.009483207017183304
v 0.02322500012815002 0.06294920295476922 0.03804010525345802
v 0.006086471024900684 0.06294918805360802 0.04413113370537758
v 0.012059663422405739 0.06294919550418862 0.04288991168141365
v 0.043671682476997445 0.06294987350702294 0.009483207017183304
v 0.006086471024900684 0.06294918805360802 0.04413113370537758
v 0.043671682476997445 0.06294987350702294 0.009483207017183304
v -9.956299606983537e-08 0.06294918805360802 0.04454747587442398
v 0.006086471024900684 0.06294918805360802 0.04413113370537758
v 0.012145875953137894 0.04070323705673223 0.05709773302078247
v 0.012059663422405739 0.06294919550418862 0.04288991168141365
v 0.019950080662965806 0.03808700293302541 0.05619543045759201
v 0.023075543344020878 0.035265929996967364 0.05650310963392258
v 0.02358187548816208 0.036110419780015994 0.05572623386979103
v 0.019950080662965806 0.03808700293302541 0.05619543045759201
v 0.02358187548816208 0.036110419780015994 0.05572623386979103
v 0.017808198928833036 0.06294919550418862 0.04084686189889908
v 0.03136087954044347 -0.01102566067129375 0.05361040681600571
v 0.02311802282929424 -0.022556217387318642 0.052590563893318176
v 0.029759583994746253 -0.01736664772033694 0.05288029834628105
v 0.04317712411284454 0.009976428002119078 0.0486387200653553
v 0.04343836009502418 0.062144488096237266 0.011623756028711796
v 0.04220210388302809 0.062192324548959815 0.015675650909543037
v 0.04317712411284454 0.009976428002119078 0.0486387200653553
v 0.04428902640938766 0.06217851489782342 0.008208872750401497
v 0.04343836009502418 0.062144488096237266 0.011623756028711796
v 0.04317712411284454 0.009976428002119078 0.0486387200653553
v 0.04388378933072097 0.0057717589661479074 0.04798084869980812
v 0.045591574162244866 0.011018310673534884 0.0373019315302372
v 0.045591574162244866 0.011018310673534884 0.0373019315302372
v 0.04428902640938766 0.06217851489782342 0.008208872750401497
v 0.04317712411284454 0.009976428002119078 0.0486387200653553
v 0.041684556752443376 0.013889931142330189 0.050450149923563004
v 0.04220210388302809 0.062192324548959815 0.015675650909543037
v 0.040391560643911424 0.01790668442845347 0.05062704533338547
v -0.04127401486039168 0.01792780682444575 -0.056451231241226196
v -0.04333074763417251 0.012140679173171536 -0.056451231241226196
v -0.04220226407051093 0.062192279845476234 -0.01597956381738186
v -0.04127401486039168 0.01792780682444575 -0.056451231241226196
v -0.040405362844467226 0.01632479764521124 -0.057051222771406174
v -0.04333074763417251 0.012140679173171536 -0.056451231241226196
v -0.037740170955658014 0.0217892583459616 -0.057051219046115875
v -0.04127401486039168 0.01792780682444575 -0.056451231241226196
v -0.0384484194219113 0.023380959406495126 -0.0564512275159359
v -0.040405362844467226 0.01632479764521124 -0.057051222771406174
v -0.04127401486039168 0.01792780682444575 -0.056451231241226196
v -0.037740170955658014 0.0217892583459616 -0.057051219046115875
v -0.04220226407051093 0.062192279845476234 -0.01597956381738186
v -0.04333074763417251 0.012140679173171536 -0.056451231241226196
v -0.04392695054411895 0.062161397188901985 -0.010161769576370716
v -0.04499944671988494 -1.627971357720528e-08 -0.056451231241226196
v -0.04480785131454475 0.06218833848834046 -0.004720797296613455
v -0.04458032548427589 0.0061274035833776075 -0.056451231241226196
v -0.04458032548427589 0.0061274035833776075 -0.056451231241226196
v -0.04333985224366195 0.004555182997137314 -0.057051222771406174
v -0.04499944671988494 -1.627971357720528e-08 -0.056451231241226196
v -0.04392695054411895 0.062161397188901985 -0.010161769576370716
v -0.04458032548427589 0.0061274035833776075 -0.056451231241226196
v -0.04480785131454475 0.06218833848834046 -0.004720797296613455
v -0.04458032548427589 0.0061274035833776075 -0.056451231241226196
v -0.04392695054411895 0.062161397188901985 -0.010161769576370716
v -0.04333074763417251 0.012140679173171536 -0.056451231241226196
v -0.04228411242365843 0.010542592033743872 -0.057051222771406174
v -0.04333985224366195 0.004555182997137314 -0.057051222771406174
v -0.04458032548427589 0.0061274035833776075 -0.056451231241226196
v -0.04458032548427589 0.0061274035833776075 -0.056451231241226196
v -0.04333074763417251 0.012140679173171536 -0.056451231241226196
v -0.04228411242365843 0.010542592033743872 -0.057051222771406174
v -0.028209337964654014 0.06294917315244683 -0.034825798124074936
v -0.03490659967064863 0.028398575261235275 -0.0564512275159359
v -0.032668013125658084 0.06294917315244683 -0.030661690980196
v -0.032668013125658084 0.06294917315244683 -0.030661690980196
v -0.03490659967064863 0.028398575261235275 -0.0564512275159359
v -0.0384484194219113 0.023380959406495126 -0.0564512275159359
v -0.030272254720330287 0.03134777769446377 -0.057051219046115875
v 0.02561477571725849 0.03525580838322644 -0.05705120041966438
v -0.006064968649297962 -0.04315442964434629 -0.05705121532082558
v -0.006064968649297962 -0.04315442964434629 -0.05705121532082558
v -0.040405362844467226 0.01632479764521124 -0.057051222771406174
v -0.030272254720330287 0.03134777769446377 -0.057051219046115875
v -0.006064968649297962 -0.04315442964434629 -0.05705121532082558
v 0.02561477571725849 0.03525580838322644 -0.05705120041966438
v 0.03774008899927145 0.02178930118680003 -0.057051196694374084
v -0.0414456874132157 -0.013466524891555327 -0.057051222771406174
v -0.040405362844467226 0.01632479764521124 -0.057051222771406174
v -0.006064968649297962 -0.04315442964434629 -0.05705121532082558
v -0.006064968649297962 -0.04315442964434629 -0.05705121532082558
v 0.0280117336660624 -0.03338307887315754 -0.05705120041966438
v -6.348574999037747e-09 -0.04357853159308439 -0.05705121159553528
v -0.006064968649297962 -0.04315442964434629 -0.05705121532082558
v -6.348574999037747e-09 -0.04357853159308439 -0.05705121159553528
v -0.003070874139666562 -0.044894497841596666 -0.0564512200653553
v -0.003070874139666562 -0.044894497841596666 -0.0564512200653553
v -0.009155407547950759 -0.04405821114778524 -0.0564512237906456
v -0.006064968649297962 -0.04315442964434629 -0.05705121532082558
v -0.030714539811015178 0.032887186855077785 -0.0564512275159359
v -0.03490659967064863 0.028398575261235275 -0.0564512275159359
v -0.028209337964654014 0.06294917315244683 -0.034825798124074936
v -0.030714539811015178 0.032887186855077785 -0.0564512275159359
v -0.030272254720330287 0.03134777769446377 -0.057051219046115875
v -0.03490659967064863 0.028398575261235275 -0.0564512275159359
v -0.0256148781627417 0.035255778580904056 -0.05705121532082558
v -0.030714539811015178 0.032887186855077785 -0.0564512275159359
v -0.02595033496618275 0.03676316142082219 -0.0564512237906456
v -0.030714539811015178 0.032887186855077785 -0.0564512275159359
v -0.0256148781627417 0.035255778580904056 -0.05705121532082558
v -0.030272254720330287 0.03134777769446377 -0.057051219046115875
v -0.0343404076993466 0.026829624548554455 -0.057051219046115875
v -0.03490659967064863 0.028398575261235275 -0.0564512275159359
v -0.030272254720330287 0.03134777769446377 -0.057051219046115875
v -0.0343404076993466 0.026829624548554455 -0.057051219046115875
v -0.030272254720330287 0.03134777769446377 -0.057051219046115875
v -0.040405362844467226 0.01632479764521124 -0.057051222771406174
v -0.0343404076993466 0.026829624548554455 -0.057051219046115875
v -0.040405362844467226 0.01632479764521124 -0.057051222771406174
v -0.037740170955658014 0.0217892583459616 -0.057051219046115875
v -0.0343404076993466 0.026829624548554455 -0.057051219046115875
v -0.037740170955658014 0.0217892583459616 -0.057051219046115875
v -0.0384484194219113 0.023380959406495126 -0.0564512275159359
v -0.0384484194219113 0.023380959406495126 -0.0564512275159359
v -0.03490659967064863 0.028398575261235275 -0.0564512275159359
v -0.0343404076993466 0.026829624548554455 -0.057051219046115875
v -0.043354131281375954 0.010032522492110743 0.04781903699040413
v -0.04576536267995841 0.010396666824817671 0.03688846156001091
v -0.04388331249356277 0.005746157374233015 0.04798541218042374
v 0.03651799634099012 0.06294921040534981 -0.02592921070754528
v 0.03968787565827376 0.06294921040534981 -0.020716585218906403
v 0.0373381562530995 0.06219117343425759 -0.02538389526307583
v 0.03651799634099012 0.06294921040534981 -0.02592921070754528
v 0.043671682476997445 0.06294987350702294 0.009483207017183304
v 0.03968787565827376 0.06294921040534981 -0.020716585218906403
v 0.03651799634099012 0.06294921040534981 -0.02592921070754528
v 0.03266785666346555 0.06294921040534981 -0.03066166862845421
v 0.043671682476997445 0.06294987350702294 0.009483207017183304
v 0.028209188953042075 0.06294920295476922 -0.03482578322291374
v 0.02322502620518211 0.06294920295476922 -0.038343992084264755
v 0.043671682476997445 0.06294987350702294 0.009483207017183304
v 0.028209188953042075 0.06294920295476922 -0.03482578322291374
v 0.043671682476997445 0.06294987350702294 0.009483207017183304
v 0.03266785666346555 0.06294921040534981 -0.03066166862845421
v 0.02045883983373645 0.03847759589552884 -0.05705120041966438
v 0.015069328248500848 0.04240120947360998 -0.056451212614774704
v 0.020702607929706605 0.039954338222742136 -0.056451208889484406
v 0.012059691362082977 0.06294919550418862 -0.043193791061639786
v 0.0060864998959004974 0.06294919550418862 -0.04443502798676491
v 0.043671682476997445 0.06294987350702294 0.009483207017183304
v 0.012059691362082977 0.06294919550418862 -0.043193791061639786
v 0.015069328248500848 0.04240120947360998 -0.056451212614774704
v 0.0060864998959004974 0.06294919550418862 -0.04443502798676491
v 0.012059691362082977 0.06294919550418862 -0.043193791061639786
v 0.020702607929706605 0.039954338222742136 -0.056451208889484406
v 0.015069328248500848 0.04240120947360998 -0.056451212614774704
v -0.02322517149150375 0.06294917315244683 -0.03834400698542595
v -0.017808372154831914 0.06294918060302743 -0.0411507673561573
v -0.02595033496618275 0.03676316142082219 -0.0564512237906456
v -0.02322517149150375 0.06294917315244683 -0.03834400698542595
v -0.030714539811015178 0.032887186855077785 -0.0564512275159359
v -0.028209337964654014 0.06294917315244683 -0.034825798124074936
v -0.02322517149150375 0.06294917315244683 -0.03834400698542595
v -0.02595033496618275 0.03676316142082219 -0.0564512237906456
v -0.030714539811015178 0.032887186855077785 -0.0564512275159359
v 0.0060864998959004974 0.06294919550418862 -0.04443502798676491
v 0.0030708119738847065 0.04489452019333846 -0.056451212614774704
v -7.043315974897279e-08 0.06294918805360802 -0.04485137388110161
v -0.015069439075887228 0.04240119084715849 -0.0564512200653553
v -0.012059825472533722 0.06294918060302743 -0.04319379851222038
v -0.006086640991270552 0.06294918805360802 -0.044435035437345505
v -0.04458031803369529 -0.0061274352483451444 -0.056451231241226196
v -0.04641704633831985 -0.007423790171742449 0.02836160734295845
v -0.04662298783659942 -0.005470838397741325 0.028176622465252876
v -0.04662298783659942 -0.005470838397741325 0.028176622465252876
v -0.04692252725362785 -0.0028918711468577424 0.030169203877449036
v -0.04458031803369529 -0.0061274352483451444 -0.056451231241226196
v -0.04692252725362785 -0.0028918711468577424 0.030169203877449036
v -0.04662298783659942 -0.005470838397741325 0.028176622465252876
v -0.04641704633831985 -0.007423790171742449 0.02836160734295845
v -0.044220197945833276 -0.01595096103847029 0.024885131046175957
v -0.04505935311317451 -0.0132954139262438 0.02558378130197525
v -0.043330732733011315 -0.012140714563429371 -0.056451231241226196
v -0.044220197945833276 -0.01595096103847029 0.024885131046175957
v -0.04127399250864989 -0.01792782731354239 -0.056451231241226196
v -0.0430931709706784 -0.0188107565045357 0.02371559478342533
v -0.044220197945833276 -0.01595096103847029 0.024885131046175957
v -0.043330732733011315 -0.012140714563429371 -0.056451231241226196
v -0.04127399250864989 -0.01792782731354239 -0.056451231241226196
v -0.04127399250864989 -0.01792782731354239 -0.056451231241226196
v -0.0414456874132157 -0.013466524891555327 -0.057051222771406174
v -0.039168164134025636 -0.019103592261672044 -0.057051219046115875
v -0.039168164134025636 -0.019103592261672044 -0.057051219046115875
v -0.0414456874132157 -0.013466524891555327 -0.057051222771406174
v -0.03612826764583593 -0.024368831887841256 -0.057051219046115875
v -0.039168164134025636 -0.019103592261672044 -0.057051219046115875
v -0.038448389619588914 -0.023380983620882066 -0.0564512275159359
v -0.04127399250864989 -0.01792782731354239 -0.056451231241226196
v -0.039168164134025636 -0.019103592261672044 -0.057051219046115875
v -0.03612826764583593 -0.024368831887841256 -0.057051219046115875
v -0.038448389619588914 -0.023380983620882066 -0.0564512275159359
v -0.043420083820819924 -0.004499297123402363 -0.057051222771406174
v -0.043330732733011315 -0.012140714563429371 -0.056451231241226196
v -0.04458031803369529 -0.0061274352483451444 -0.056451231241226196
v -0.043420083820819924 -0.004499297123402363 -0.057051222771406174
v -0.0414456874132157 -0.013466524891555327 -0.057051222771406174
v -0.043330732733011315 -0.012140714563429371 -0.056451231241226196
v -0.04458031803369529 -0.0061274352483451444 -0.056451231241226196
v -0.04499944671988494 -1.627971357720528e-08 -0.056451231241226196
v -0.043420083820819924 -0.004499297123402363 -0.057051222771406174
v -0.043420083820819924 -0.004499297123402363 -0.057051222771406174
v -0.04499944671988494 -1.627971357720528e-08 -0.056451231241226196
v -0.04333985224366195 0.004555182997137314 -0.057051222771406174
v -0.044979188591241906 0.0624740421772004 0.002020383020862937
v -0.04499949887394912 0.06214917451143273 -0.00015195697778835893
v -0.046992689371109085 0.0013291845098137873 0.03193584829568863
v -0.044979188591241906 0.0624740421772004 0.002020383020862937
v -0.04674258828163154 0.004092446528375154 0.03434323891997337
v -0.04638940095901496 0.007129701320081959 0.035516176372766495
v -0.044979188591241906 0.0624740421772004 0.002020383020862937
v -0.04480785131454475 0.06218833848834046 -0.004720797296613455
v -0.04499949887394912 0.06214917451143273 -0.00015195697778835893
v 0.039960265159606996 -0.024761648848652874 0.021252362057566643
v 0.03859337791800505 -0.026831002905964886 0.020764460787177086
v 0.03844835236668593 -0.023380940780043633 -0.05645120516419411
v 0.03844835236668593 -0.023380940780043633 -0.05645120516419411
v 0.03859337791800505 -0.026831002905964886 0.020764460787177086
v 0.034906540066003855 -0.028398558497428932 -0.05645120516419411
v 0.04499938338994987 3.450306707009081e-08 -0.05645120143890381
v 0.044580254703760216 0.006127453874796637 -0.05645120143890381
v 0.04501402378082282 0.06218953058123597 -0.0023037437349557877
v 0.044580254703760216 0.006127453874796637 -0.05645120143890381
v 0.04333067685365684 0.01214072853326799 -0.05645120143890381
v 0.04405812919139869 0.06242960318923005 -0.009307353757321835
v 0.044580254703760216 0.006127453874796637 -0.05645120143890381
v 0.04499938338994987 3.450306707009081e-08 -0.05645120143890381
v 0.04333978146314628 0.0045552318915724815 -0.057051192969083786
v 0.044580254703760216 0.006127453874796637 -0.05645120143890381
v 0.04333978146314628 0.0045552318915724815 -0.057051192969083786
v 0.04228404164314276 0.010542629286646857 -0.057051192969083786
v 0.04228404164314276 0.010542629286646857 -0.057051192969083786
v 0.04333067685365684 0.01214072853326799 -0.05645120143890381
v 0.044580254703760216 0.006127453874796637 -0.05645120143890381
v 0.044894423335790704 0.062429614365100944 0.002918943529948592
v 0.044595126062631676 0.06294921040534981 -0.003202318213880062
v 0.044595126062631676 0.06294921040534981 0.0028984625823795795
v 0.044595126062631676 0.06294921040534981 -0.003202318213880062
v 0.044894423335790704 0.062429614365100944 0.002918943529948592
v 0.04501402378082282 0.06218953058123597 -0.0023037437349557877
v 0.043671682476997445 0.06294987350702294 0.009483207017183304
v 0.044595126062631676 0.06294921040534981 0.0028984625823795795
v 0.044595126062631676 0.06294921040534981 -0.003202318213880062
v 0.04211843013763434 0.06294921040534981 -0.015120867639780045
v 0.04405812919139869 0.06242960318923005 -0.009307353757321835
v 0.042764216661453316 0.06218953058123597 -0.014368646778166294
v 0.04211843013763434 0.06294921040534981 -0.015120867639780045
v 0.04042610898613936 0.06219117343425759 -0.02006472460925579
v 0.03968787565827376 0.06294921040534981 -0.020716585218906403
v 0.04211843013763434 0.06294921040534981 -0.015120867639780045
v 0.042764216661453316 0.06218953058123597 -0.014368646778166294
v 0.04042610898613936 0.06219117343425759 -0.02006472460925579
v 0.04211843013763434 0.06294921040534981 -0.015120867639780045
v 0.03968787565827376 0.06294921040534981 -0.020716585218906403
v 0.043671682476997445 0.06294987350702294 0.009483207017183304
v 0.008951172232627883 -0.04272442683577543 -0.0570511519908905
v -6.348574999037747e-09 -0.04357853159308439 -0.05705121159553528
v 0.017724981531500844 -0.03981097042560583 -0.05705120041966438
v 0.008951172232627883 -0.04272442683577543 -0.0570511519908905
v 0.003070862730965023 -0.04489449411630637 -0.0564512200653553
v -6.348574999037747e-09 -0.04357853159308439 -0.05705121159553528
v 0.015069376677274728 -0.0424011684954167 -0.056451212614774704
v 0.008951172232627883 -0.04272442683577543 -0.0570511519908905
v 0.017724981531500844 -0.03981097042560583 -0.05705120041966438
v 0.017724981531500844 -0.03981097042560583 -0.05705120041966438
v -6.348574999037747e-09 -0.04357853159308439 -0.05705121159553528
v 0.02309310063719753 -0.03695668652653699 -0.05705120041966438
v 0.02309310063719753 -0.03695668652653699 -0.05705120041966438
v -6.348574999037747e-09 -0.04357853159308439 -0.05705121159553528
v 0.0280117336660624 -0.03338307887315754 -0.05705120041966438
v 0.03238515183329587 -0.029159720987081566 -0.057051196694374084
v 0.034906540066003855 -0.028398558497428932 -0.05645120516419411
v 0.030714478343725253 -0.032887164503335994 -0.05645120516419411
v 0.030714478343725253 -0.032887164503335994 -0.05645120516419411
v 0.0280117336660624 -0.03338307887315754 -0.05705120041966438
v 0.03238515183329587 -0.029159720987081566 -0.057051196694374084
v 0.036128234118223246 -0.024368790909647973 -0.057051196694374084
v 0.03238515183329587 -0.029159720987081566 -0.057051196694374084
v 0.0280117336660624 -0.03338307887315754 -0.05705120041966438
v 0.036128234118223246 -0.024368790909647973 -0.057051196694374084
v 0.03844835236668593 -0.023380940780043633 -0.05645120516419411
v 0.034906540066003855 -0.028398558497428932 -0.05645120516419411
v 0.036128234118223246 -0.024368790909647973 -0.057051196694374084
v 0.034906540066003855 -0.028398558497428932 -0.05645120516419411
v 0.03238515183329587 -0.029159720987081566 -0.057051196694374084
v -0.0414456874132157 -0.013466524891555327 -0.057051222771406174
v -0.03238518536090856 -0.0291597563773394 -0.057051219046115875
v -0.03612826764583593 -0.024368831887841256 -0.057051219046115875
v -0.03490656986832624 -0.028398597612977066 -0.0564512275159359
v -0.03612826764583593 -0.024368831887841256 -0.057051219046115875
v -0.03238518536090856 -0.0291597563773394 -0.057051219046115875
v -0.03238518536090856 -0.0291597563773394 -0.057051219046115875
v -0.006064968649297962 -0.04315442964434629 -0.05705121532082558
v -0.017724998295307187 -0.03981098905205732 -0.05705121532082558
v -0.006064968649297962 -0.04315442964434629 -0.05705121532082558
v -0.03238518536090856 -0.0291597563773394 -0.057051219046115875
v -0.0414456874132157 -0.013466524891555327 -0.057051222771406174
v -0.025950293987989467 -0.036763176321983386 -0.0564512237906456
v -0.02801175788044934 -0.03338311240077023 -0.05705121532082558
v -0.02309312112629417 -0.03695671260356908 -0.05705121532082558
v -0.02309312112629417 -0.03695671260356908 -0.05705121532082558
v -0.017724998295307187 -0.03981098905205732 -0.05705121532082558
v -0.02070266939699653 -0.039954319596290644 -0.0564512237906456
v -0.02309312112629417 -0.03695671260356908 -0.05705121532082558
v -0.02070266939699653 -0.039954319596290644 -0.0564512237906456
v -0.025950293987989467 -0.036763176321983386 -0.0564512237906456
v -0.02309312112629417 -0.03695671260356908 -0.05705121532082558
v -0.03238518536090856 -0.0291597563773394 -0.057051219046115875
v -0.017724998295307187 -0.03981098905205732 -0.05705121532082558
v -0.02801175788044934 -0.03338311240077023 -0.05705121532082558
v -0.03238518536090856 -0.0291597563773394 -0.057051219046115875
v -0.02309312112629417 -0.03695671260356908 -0.05705121532082558
v -0.030714502558112193 -0.03288719803094868 -0.0564512275159359
v -0.02801175788044934 -0.03338311240077023 -0.05705121532082558
v -0.025950293987989467 -0.036763176321983386 -0.0564512237906456
v -0.03490656986832624 -0.028398597612977066 -0.0564512275159359
v -0.03238518536090856 -0.0291597563773394 -0.057051219046115875
v -0.030714502558112193 -0.03288719803094868 -0.0564512275159359
v -0.030714502558112193 -0.03288719803094868 -0.0564512275159359
v -0.03238518536090856 -0.0291597563773394 -0.057051219046115875
v -0.02801175788044934 -0.03338311240077023 -0.05705121532082558
v -0.027119105681777042 -0.03825315088033681 0.01748153381049633
v -0.028021696954965637 -0.03774353489279752 0.016116518527269363
v -0.026045266538858455 -0.03913329169154173 0.015506414696574211
v -0.028021696954965637 -0.03774353489279752 0.016116518527269363
v -0.025950293987989467 -0.036763176321983386 -0.0564512237906456
v -0.026045266538858455 -0.03913329169154173 0.015506414696574211
v -0.028821771964430854 -0.03701335936784749 0.017753537744283676
v -0.029306977987289474 -0.03671998530626302 0.016982970759272575
v -0.028021696954965637 -0.03774353489279752 0.016116518527269363
v -0.028821771964430854 -0.03701335936784749 0.017753537744283676
v -0.028021696954965637 -0.03774353489279752 0.016116518527269363
v -0.027119105681777042 -0.03825315088033681 0.01748153381049633
v 0.046248357743024895 0.007503845263272534 0.03611826151609421
v 0.045591574162244866 0.011018310673534884 0.0373019315302372
v 0.04388378933072097 0.0057717589661479074 0.04798084869980812
v -0.04104844108223921 0.000983045902103187 0.052248187363147736
v -0.03940580040216452 0.0008677901350893092 0.05338922515511513
v -0.039366576820612016 0.004733361769467598 0.05377405881881714
v -0.02993213757872586 0.030751345679163974 0.05506814271211624
v -0.02630257420241837 0.03274139761924748 0.05623012036085129
v -0.026920352131128353 0.03356415033340458 0.05541277676820755
v -0.03651817142963415 0.06294916570186623 0.0256253182888031
v -0.0348008312284947 0.02601712197065357 0.05353018641471863
v -0.03320428356528287 0.06220110505819329 0.030358536168932915
v -0.0348008312284947 0.02601712197065357 0.05353018641471863
v -0.03651817142963415 0.06294916570186623 0.0256253182888031
v -0.03733829781413084 0.06219112873077401 0.02508002333343029
v 0.0136704705655575 -0.028817219659686127 0.052011407911777496
v 0.006182976067066202 -0.030814781785011333 0.05185861513018608
v 0.011179980821907538 -0.03108133375644688 0.05165546014904976
v -0.0032009410206228542 -0.03130941838026051 0.051807962357997894
v 0.006182976067066202 -0.030814781785011333 0.05185861513018608
v -0.011356061324477213 -0.029353972524404564 0.05199252441525459
v 0.03740541636943823 0.023247839882969887 0.05197719484567642
v 0.03848206624388701 0.020892951637506513 0.05207148566842079
v 0.03627582639455801 0.06218952313065537 0.026586757972836494
v 0.03446911275386816 0.02594263851642612 0.05398746579885483
v 0.03740541636943823 0.023247839882969887 0.05197719484567642
v 0.03627582639455801 0.06218952313065537 0.026586757972836494
v 0.03740541636943823 0.023247839882969887 0.05197719484567642
v 0.03446911275386816 0.02594263851642612 0.05398746579885483
v 0.03848206624388701 0.020892951637506513 0.05207148566842079
v 0.040391560643911424 0.01790668442845347 0.05062704533338547
v 0.039581026881933275 0.06219117343425759 0.02139175683259964
v 0.039639007300138536 0.017895525321364427 0.05208251625299454
v 0.039639007300138536 0.017895525321364427 0.05208251625299454
v 0.039581026881933275 0.06219117343425759 0.02139175683259964
v 0.03848206624388701 0.020892951637506513 0.05207148566842079
v 0.03848206624388701 0.020892951637506513 0.05207148566842079
v 0.039520662277937 0.017336815595626855 0.05248390510678291
v 0.039639007300138536 0.017895525321364427 0.05208251625299454
v 0.039639007300138536 0.017895525321364427 0.05208251625299454
v 0.039520662277937 0.017336815595626855 0.05248390510678291
v 0.04115496203303343 0.013601794838905352 0.051568496972322464
v 0.039639007300138536 0.017895525321364427 0.05208251625299454
v 0.041684556752443376 0.013889931142330189 0.050450149923563004
v 0.040391560643911424 0.01790668442845347 0.05062704533338547
v 0.041684556752443376 0.013889931142330189 0.050450149923563004
v 0.039639007300138536 0.017895525321364427 0.05208251625299454
v 0.04115496203303343 0.013601794838905352 0.051568496972322464
v 0.039581026881933275 0.06219117343425759 0.02139175683259964
v 0.03651798143982893 0.06294921040534981 0.02562534064054489
v 0.03627582639455801 0.06218952313065537 0.026586757972836494
v 0.03651798143982893 0.06294921040534981 0.02562534064054489
v 0.03288711607456212 0.06242960691452035 0.030562525615096092
v 0.03627582639455801 0.06218952313065537 0.026586757972836494
v 0.04220210388302809 0.062192324548959815 0.015675650909543037
v 0.04211842268705374 0.06294921040534981 0.014816994778811932
v 0.039687860757112566 0.06294921040534981 0.02041270025074482
v 0.039687860757112566 0.06294921040534981 0.02041270025074482
v 0.039581026881933275 0.06219117343425759 0.02139175683259964
v 0.04220210388302809 0.062192324548959815 0.015675650909543037
v 0.039687860757112566 0.06294921040534981 0.02041270025074482
v 0.03651798143982893 0.06294921040534981 0.02562534064054489
v 0.039581026881933275 0.06219117343425759 0.02139175683259964
v 0.039687860757112566 0.06294921040534981 0.02041270025074482
v 0.04211842268705374 0.06294921040534981 0.014816994778811932
v 0.043671682476997445 0.06294987350702294 0.009483207017183304
v 0.039687860757112566 0.06294921040534981 0.02041270025074482
v 0.043671682476997445 0.06294987350702294 0.009483207017183304
v 0.03651798143982893 0.06294921040534981 0.02562534064054489
v 0.02485179342329506 0.030855713412165683 0.05712507292628288
v 0.025735396891832393 0.02855584956705574 0.057067934423685074
v 0.027636425569653553 0.028070675209164658 0.05685891583561897
v 0.03244528546929364 0.027483848854899445 0.0549350380897522
v 0.03446911275386816 0.02594263851642612 0.05398746579885483
v 0.03294375166296964 0.02803320251405243 0.05418571084737778
v 0.02322500012815002 0.06294920295476922 0.03804010525345802
v 0.02358187548816208 0.036110419780015994 0.05572623386979103
v 0.0268942024558783 0.0335839688777924 0.05541479215025902
v 0.0268942024558783 0.0335839688777924 0.05541479215025902
v 0.02358187548816208 0.036110419780015994 0.05572623386979103
v 0.023075543344020878 0.035265929996967364 0.05650310963392258
v 0.0268942024558783 0.0335839688777924 0.05541479215025902
v 0.028209166601300285 0.06294920295476922 0.03452190011739731
v 0.02322500012815002 0.06294920295476922 0.03804010525345802
v -0.004107301589101559 0.04238801077008253 0.05728456750512123
v -9.956299606983537e-08 0.06294918805360802 0.04454747587442398
v -0.006086669862270365 0.06294918060302743 0.04413112625479698
v 0.00817245524376632 0.041750833392143305 0.057213641703128815
v 0.012145875953137894 0.04070323705673223 0.05709773302078247
v 0.006086471024900684 0.06294918805360802 0.04413113370537758
v -9.956299606983537e-08 0.06294918805360802 0.04454747587442398
v 2.0105049770791114e-05 0.042601644992828425 0.05730833113193512
v 0.002086133463308218 0.042546857148408945 0.0573020800948143
v 0.002086133463308218 0.042546857148408945 0.0573020800948143
v 2.0105049770791114e-05 0.042601644992828425 0.05730833113193512
v 0.0011074481299147027 0.04184496775269514 0.05768464133143425
v 0.019641630351543458 0.03743734583258634 0.056739602237939835
v 0.017808198928833036 0.06294919550418862 0.04084686189889908
v 0.01599339768290522 0.0392564050853253 0.05693858489394188
v 0.019641630351543458 0.03743734583258634 0.056739602237939835
v 0.019950080662965806 0.03808700293302541 0.05619543045759201
v 0.017808198928833036 0.06294919550418862 0.04084686189889908
v 0.023075543344020878 0.035265929996967364 0.05650310963392258
v 0.019950080662965806 0.03808700293302541 0.05619543045759201
v 0.019641630351543458 0.03743734583258634 0.056739602237939835
v 0.019641630351543458 0.03743734583258634 0.056739602237939835
v 0.01917303167283538 0.036485228687524844 0.05725867673754692
v 0.023075543344020878 0.035265929996967364 0.05650310963392258
v 0.015629963949322725 0.03830083832144742 0.057435858994722366
v 0.019641630351543458 0.03743734583258634 0.056739602237939835
v 0.01599339768290522 0.0392564050853253 0.05693858489394188
v 0.01917303167283538 0.036485228687524844 0.05725867673754692
v 0.019641630351543458 0.03743734583258634 0.056739602237939835
v 0.015629963949322725 0.03830083832144742 0.057435858994722366
v -0.023380754515528714 0.03567729145288472 0.05613886937499046
v -0.02322519756853584 0.06294917315244683 0.03804009035229683
v -0.026920352131128353 0.03356415033340458 0.05541277676820755
v -0.02630257420241837 0.03274139761924748 0.05623012036085129
v -0.023380754515528714 0.03567729145288472 0.05613886937499046
v -0.026920352131128353 0.03356415033340458 0.05541277676820755
v -0.025328721851110497 0.02899849973618988 0.057105693966150284
v -0.027450341731309932 0.028199721127748528 0.056885190308094025
v -0.030107356607914016 0.02288254350423816 0.056561585515737534
v -0.025328721851110497 0.02899849973618988 0.057105693966150284
v -0.01633919402956965 0.0357342697679997 0.057698268443346024
v -0.021436786279082333 0.03301992639899258 0.05741329491138458
v -0.021436786279082333 0.03301992639899258 0.05741329491138458
v -0.024760438129305878 0.031015014275908512 0.05712472274899483
v -0.025328721851110497 0.02899849973618988 0.057105693966150284
v -0.025328721851110497 0.02899849973618988 0.057105693966150284
v -0.024760438129305878 0.031015014275908512 0.05712472274899483
v -0.027450341731309932 0.028199721127748528 0.056885190308094025
v -0.03471982106566435 0.0069016786292195416 0.05517850071191788
v -0.01633919402956965 0.0357342697679997 0.057698268443346024
v -0.025328721851110497 0.02899849973618988 0.057105693966150284
v -0.028372751548886344 0.029076702892780342 0.05653921142220497
v -0.024760438129305878 0.031015014275908512 0.05712472274899483
v -0.025585701689124146 0.03183514252305035 0.05680670216679573
v -0.028372751548886344 0.029076702892780342 0.05653921142220497
v -0.027450341731309932 0.028199721127748528 0.056885190308094025
v -0.024760438129305878 0.031015014275908512 0.05712472274899483
v -0.02971579879522328 0.025425646454095875 0.05662500858306885
v -0.030107356607914016 0.02288254350423816 0.056561585515737534
v -0.027450341731309932 0.028199721127748528 0.056885190308094025
v -0.028372751548886344 0.029076702892780342 0.05653921142220497
v -0.02971579879522328 0.025425646454095875 0.05662500858306885
v -0.027450341731309932 0.028199721127748528 0.056885190308094025
v 0.03262929618358617 -0.014777270145714302 0.052880823612213135
v 0.034952994436025675 -0.01362296752631666 0.05244796723127365
v 0.03545572608709341 -0.00821418408304454 0.053477782756090164
v 0.03629506006836897 0.005857474170625218 0.05495584011077881
v 0.036232501268386896 0.0006991008995100866 0.05448892340064049
v 0.03766723349690443 0.004410981200635439 0.0545002706348896
v 0.035354491323232706 0.00565389636904002 0.055053357034921646
v 0.036232501268386896 0.0006991008995100866 0.05448892340064049
v 0.03629506006836897 0.005857474170625218 0.05495584011077881
v 0.037359960377216395 0.008122281171381484 0.05484316870570183
v 0.03629506006836897 0.005857474170625218 0.05495584011077881
v 0.03766723349690443 0.004410981200635439 0.0545002706348896
v 0.03494819253683096 0.0003616260364651685 0.05459325760602951
v 0.036232501268386896 0.0006991008995100866 0.05448892340064049
v 0.035354491323232706 0.00565389636904002 0.055053357034921646
v 0.03494819253683096 0.0003616260364651685 0.05459325760602951
v 0.035354491323232706 0.00565389636904002 0.055053357034921646
v 0.031876515597105075 0.014142259024083633 0.05580856651067734
v 0.03494819253683096 0.0003616260364651685 0.05459325760602951
v 0.031876515597105075 0.014142259024083633 0.05580856651067734
v 0.03136087954044347 -0.01102566067129375 0.05361040681600571
v 0.04324153810739524 0.005537942983210095 0.049700818955898285
v 0.04388378933072097 0.0057717589661479074 0.04798084869980812
v 0.04258522763848312 0.009702518582344067 0.0502760075032711
v 0.04317712411284454 0.009976428002119078 0.0486387200653553
v 0.04258522763848312 0.009702518582344067 0.0502760075032711
v 0.04388378933072097 0.0057717589661479074 0.04798084869980812
v 0.04258522763848312 0.009702518582344067 0.0502760075032711
v 0.041684556752443376 0.013889931142330189 0.050450149923563004
v 0.04115496203303343 0.013601794838905352 0.051568496972322464
v 0.041684556752443376 0.013889931142330189 0.050450149923563004
v 0.04258522763848312 0.009702518582344067 0.0502760075032711
v 0.04317712411284454 0.009976428002119078 0.0486387200653553
v 0.042065136134624544 0.01411580666899683 0.04928794503211975
v 0.04317712411284454 0.009976428002119078 0.0486387200653553
v 0.04220210388302809 0.062192324548959815 0.015675650909543037
v 0.04220210388302809 0.062192324548959815 0.015675650909543037
v 0.041684556752443376 0.013889931142330189 0.050450149923563004
v 0.042065136134624544 0.01411580666899683 0.04928794503211975
v 0.042065136134624544 0.01411580666899683 0.04928794503211975
v 0.041684556752443376 0.013889931142330189 0.050450149923563004
v 0.04317712411284454 0.009976428002119078 0.0486387200653553
v 0.044175848364830086 0.0015231494326144476 0.047342464327812195
v 0.04388378933072097 0.0057717589661479074 0.04798084869980812
v 0.04324153810739524 0.005537942983210095 0.049700818955898285
v 0.043491821736097405 0.001347379642538728 0.04912697896361351
v 0.044175848364830086 0.0015231494326144476 0.047342464327812195
v 0.04324153810739524 0.005537942983210095 0.049700818955898285
v 0.039370600134134355 0.004699051845818764 0.053771015256643295
v 0.037359960377216395 0.008122281171381484 0.05484316870570183
v 0.03766723349690443 0.004410981200635439 0.0545002706348896
v 0.03766723349690443 0.004410981200635439 0.0545002706348896
v 0.03940553963184363 0.0008605518378317368 0.05338849127292633
v 0.039370600134134355 0.004699051845818764 0.053771015256643295
v 0.039370600134134355 0.004699051845818764 0.053771015256643295
v 0.03940553963184363 0.0008605518378317368 0.05338849127292633
v 0.04104906320571906 0.0010069180279970182 0.05225059390068054
v 0.039370600134134355 0.004699051845818764 0.053771015256643295
v 0.04104906320571906 0.0010069180279970182 0.05225059390068054
v 0.040931407362222734 0.004989416338503368 0.052687983959913254
v 0.04243735969066627 0.00117190752644092 0.050799936056137085
v 0.040931407362222734 0.004989416338503368 0.052687983959913254
v 0.04104906320571906 0.0010069180279970182 0.05225059390068054
v 0.04243735969066627 0.00117190752644092 0.050799936056137085
v 0.0433315001428128 -0.002882899949327115 0.048555515706539154
v 0.043491821736097405 0.001347379642538728 0.04912697896361351
v 0.04333069175481803 -0.012140665203332917 -0.05645120143890381
v 0.043969444930553506 -0.01662391796708109 0.024840103462338448
v 0.041273955255746904 -0.01792778074741366 -0.05645120143890381
v 0.04333069175481803 -0.012140665203332917 -0.05645120143890381
v 0.041273955255746904 -0.01792778074741366 -0.05645120143890381
v 0.04144563898444182 -0.013466478325426596 -0.057051192969083786
v -0.03958117961883551 0.06219112873077401 -0.02169566974043846
v -0.036518156528472956 0.06294916570186623 -0.02592923305928707
v -0.0384484194219113 0.023380959406495126 -0.0564512275159359
v -0.0384484194219113 0.023380959406495126 -0.0564512275159359
v -0.04127401486039168 0.01792780682444575 -0.056451231241226196
v -0.03958117961883551 0.06219112873077401 -0.02169566974043846
v -0.03958117961883551 0.06219112873077401 -0.02169566974043846
v -0.039688032120466295 0.06294916570186623 -0.020716611295938492
v -0.036518156528472956 0.06294916570186623 -0.02592923305928707
v -0.03958117961883551 0.06219112873077401 -0.02169566974043846
v -0.04127401486039168 0.01792780682444575 -0.056451231241226196
v -0.04220226407051093 0.062192279845476234 -0.01597956381738186
v -0.03958117961883551 0.06219112873077401 -0.02169566974043846
v -0.04220226407051093 0.062192279845476234 -0.01597956381738186
v -0.039688032120466295 0.06294916570186623 -0.020716611295938492
v -0.0384484194219113 0.023380959406495126 -0.0564512275159359
v -0.036518156528472956 0.06294916570186623 -0.02592923305928707
v -0.036278985440731104 0.06219113245606431 -0.026884639635682106
v -0.036278985440731104 0.06219113245606431 -0.026884639635682106
v -0.032668013125658084 0.06294917315244683 -0.030661690980196
v -0.0384484194219113 0.023380959406495126 -0.0564512275159359
v -0.036278985440731104 0.06219113245606431 -0.026884639635682106
v -0.036518156528472956 0.06294916570186623 -0.02592923305928707
v -0.032668013125658084 0.06294917315244683 -0.030661690980196
v 0.039168119430542055 -0.019103547558188463 -0.057051196694374084
v -0.006064968649297962 -0.04315442964434629 -0.05705121532082558
v 0.03774008899927145 0.02178930118680003 -0.057051196694374084
v 0.0280117336660624 -0.03338307887315754 -0.05705120041966438
v -0.006064968649297962 -0.04315442964434629 -0.05705121532082558
v 0.039168119430542055 -0.019103547558188463 -0.057051196694374084
v 0.039168119430542055 -0.019103547558188463 -0.057051196694374084
v 0.036128234118223246 -0.024368790909647973 -0.057051196694374084
v 0.0280117336660624 -0.03338307887315754 -0.05705120041966438
v 0.04144563898444182 -0.013466478325426596 -0.057051192969083786
v 0.041273955255746904 -0.01792778074741366 -0.05645120143890381
v 0.039168119430542055 -0.019103547558188463 -0.057051196694374084
v 0.039168119430542055 -0.019103547558188463 -0.057051196694374084
v 0.041273955255746904 -0.01792778074741366 -0.05645120143890381
v 0.03844835236668593 -0.023380940780043633 -0.05645120516419411
v 0.03844835236668593 -0.023380940780043633 -0.05645120516419411
v 0.036128234118223246 -0.024368790909647973 -0.057051196694374084
v 0.039168119430542055 -0.019103547558188463 -0.057051196694374084
v -0.012011881917715092 -0.041890390217304285 -0.05705121159553528
v -0.015069390647113347 -0.04240118712186819 -0.0564512200653553
v -0.017724998295307187 -0.03981098905205732 -0.05705121532082558
v -0.006064968649297962 -0.04315442964434629 -0.05705121532082558
v -0.012011881917715092 -0.041890390217304285 -0.05705121159553528
v -0.017724998295307187 -0.03981098905205732 -0.05705121532082558
v -0.012011881917715092 -0.041890390217304285 -0.05705121159553528
v -0.009155407547950759 -0.04405821114778524 -0.0564512237906456
v -0.015069390647113347 -0.04240118712186819 -0.0564512200653553
v -0.012011881917715092 -0.041890390217304285 -0.05705121159553528
v -0.006064968649297962 -0.04315442964434629 -0.05705121532082558
v -0.009155407547950759 -0.04405821114778524 -0.0564512237906456
v -0.04152965918183333 0.013769595883786697 0.05085833743214607
v -0.04276438057422645 0.06218947842717179 0.014064746908843517
v -0.04208338633179671 0.014060781337320824 0.049279700964689255
v -0.04152965918183333 0.013769595883786697 0.05085833743214607
v -0.04216699302196509 0.009514921344816697 0.051056794822216034
v -0.040624193847179475 0.013343905098736304 0.05237632989883423
v -0.04042627662420279 0.06219112873077401 0.01976081170141697
v -0.04211860522627837 0.06294916570186623 0.014816966839134693
v -0.04276438057422645 0.06218947842717179 0.014064746908843517
v -0.04042627662420279 0.06219112873077401 0.01976081170141697
v -0.04276438057422645 0.06218947842717179 0.014064746908843517
v -0.04152965918183333 0.013769595883786697 0.05085833743214607
v -0.04042627662420279 0.06219112873077401 0.01976081170141697
v -0.04152965918183333 0.013769595883786697 0.05085833743214607
v -0.04038165882229811 0.01790658943355086 0.0506548173725605
v -0.03733829781413084 0.06219112873077401 0.02508002333343029
v -0.04042627662420279 0.06219112873077401 0.01976081170141697
v -0.03845243901014334 0.02095867134630683 0.05207066610455513
v -0.04208338633179671 0.014060781337320824 0.049279700964689255
v -0.04276438057422645 0.06218947842717179 0.014064746908843517
v -0.04292946308851249 0.00981827918440105 0.0494597926735878
v -0.04292946308851249 0.00981827918440105 0.0494597926735878
v -0.04276438057422645 0.06218947842717179 0.014064746908843517
v -0.043354131281375954 0.010032522492110743 0.04781903699040413
v -0.04292946308851249 0.00981827918440105 0.0494597926735878
v -0.04152965918183333 0.013769595883786697 0.05085833743214607
v -0.04208338633179671 0.014060781337320824 0.049279700964689255
v -0.04216699302196509 0.009514921344816697 0.051056794822216034
v -0.04152965918183333 0.013769595883786697 0.05085833743214607
v -0.04292946308851249 0.00981827918440105 0.0494597926735878
v -0.04292946308851249 0.00981827918440105 0.0494597926735878
v -0.043354131281375954 0.010032522492110743 0.04781903699040413
v -0.04388331249356277 0.005746157374233015 0.04798541218042374
v 0.03266785666346555 0.06294921040534981 -0.03066166862845421
v 0.03651799634099012 0.06294921040534981 -0.02592921070754528
v 0.033121023327112246 0.06217958033084878 -0.030763806775212288
v 0.03844832256436354 0.023381002247333558 -0.05645120516419411
v 0.04127393290400511 0.01792785339057448 -0.05645120143890381
v 0.03774008899927145 0.02178930118680003 -0.057051196694374084
v 0.03266785666346555 0.06294921040534981 -0.03066166862845421
v 0.033121023327112246 0.06217958033084878 -0.030763806775212288
v 0.03844832256436354 0.023381002247333558 -0.05645120516419411
v 0.03844832256436354 0.023381002247333558 -0.05645120516419411
v 0.033121023327112246 0.06217958033084878 -0.030763806775212288
v 0.03651799634099012 0.06294921040534981 -0.02592921070754528
v 0.0373381562530995 0.06219117343425759 -0.02538389526307583
v 0.04127393290400511 0.01792785339057448 -0.05645120143890381
v 0.03844832256436354 0.023381002247333558 -0.05645120516419411
v 0.03844832256436354 0.023381002247333558 -0.05645120516419411
v 0.03651799634099012 0.06294921040534981 -0.02592921070754528
v 0.0373381562530995 0.06219117343425759 -0.02538389526307583
v 0.03071444109082227 0.03288722038269047 -0.05645120516419411
v 0.02322502620518211 0.06294920295476922 -0.038343992084264755
v 0.028209188953042075 0.06294920295476922 -0.03482578322291374
v 0.017808225005865125 0.06294920295476922 -0.04115075245499611
v 0.043671682476997445 0.06294987350702294 0.009483207017183304
v 0.02322502620518211 0.06294920295476922 -0.038343992084264755
v 0.017808225005865125 0.06294920295476922 -0.04115075245499611
v 0.012059691362082977 0.06294919550418862 -0.043193791061639786
v 0.043671682476997445 0.06294987350702294 0.009483207017183304
v 0.017808225005865125 0.06294920295476922 -0.04115075245499611
v 0.020702607929706605 0.039954338222742136 -0.056451208889484406
v 0.012059691362082977 0.06294919550418862 -0.043193791061639786
v -0.02070271410048011 0.039954315871000345 -0.0564512237906456
v -0.017808372154831914 0.06294918060302743 -0.0411507673561573
v -0.012059825472533722 0.06294918060302743 -0.04319379851222038
v -0.015069439075887228 0.04240119084715849 -0.0564512200653553
v -0.02070271410048011 0.039954315871000345 -0.0564512237906456
v -0.012059825472533722 0.06294918060302743 -0.04319379851222038
v -0.02595033496618275 0.03676316142082219 -0.0564512237906456
v -0.017808372154831914 0.06294918060302743 -0.0411507673561573
v -0.02070271410048011 0.039954315871000345 -0.0564512237906456
v -0.009155457839369788 0.04405821114778524 -0.056451216340065
v -0.015069439075887228 0.04240119084715849 -0.0564512200653553
v -0.006086640991270552 0.06294918805360802 -0.044435035437345505
v -0.014904790557920955 0.04095043987035757 -0.05705121159553528
v -0.02070271410048011 0.039954315871000345 -0.0564512237906456
v -0.015069439075887228 0.04240119084715849 -0.0564512200653553
v -0.04684867337346084 0.0035219620913267183 0.03342634439468384
v -0.044979188591241906 0.0624740421772004 0.002020383020862937
v -0.046992689371109085 0.0013291845098137873 0.03193584829568863
v -0.044979188591241906 0.0624740421772004 0.002020383020862937
v -0.04684867337346084 0.0035219620913267183 0.03342634439468384
v -0.04674258828163154 0.004092446528375154 0.03434323891997337
v -0.04638940095901496 0.007129701320081959 0.035516176372766495
v -0.04576536267995841 0.010396666824817671 0.03688846156001091
v -0.044230904430151055 0.062200944870710456 0.008637548424303532
v -0.044230904430151055 0.062200944870710456 0.008637548424303532
v -0.044979188591241906 0.0624740421772004 0.002020383020862937
v -0.04638940095901496 0.007129701320081959 0.035516176372766495
v -0.04576536267995841 0.010396666824817671 0.03688846156001091
v -0.043354131281375954 0.010032522492110743 0.04781903699040413
v -0.044230904430151055 0.062200944870710456 0.008637548424303532
v -0.044230904430151055 0.062200944870710456 0.008637548424303532
v -0.043354131281375954 0.010032522492110743 0.04781903699040413
v -0.04276438057422645 0.06218947842717179 0.014064746908843517
v 0.0369012169539929 -0.029124768450856247 0.019816158339381218
v 0.03639321774244314 -0.029749443754553833 0.019203275442123413
v 0.034906540066003855 -0.028398558497428932 -0.05645120516419411
v 0.0369012169539929 -0.029124768450856247 0.019816158339381218
v 0.034906540066003855 -0.028398558497428932 -0.05645120516419411
v 0.03859337791800505 -0.026831002905964886 0.020764460787177086
v 0.044580254703760216 0.006127453874796637 -0.05645120143890381
v 0.044580210000276635 0.06214922666549691 -0.006279366556555033
v 0.04501402378082282 0.06218953058123597 -0.0023037437349557877
v 0.044580210000276635 0.06214922666549691 -0.006279366556555033
v 0.044580254703760216 0.006127453874796637 -0.05645120143890381
v 0.04405812919139869 0.06242960318923005 -0.009307353757321835
v 0.044580210000276635 0.06214922666549691 -0.006279366556555033
v 0.044595126062631676 0.06294921040534981 -0.003202318213880062
v 0.04501402378082282 0.06218953058123597 -0.0023037437349557877
v 0.04405812919139869 0.06242960318923005 -0.009307353757321835
v 0.044595126062631676 0.06294921040534981 -0.003202318213880062
v 0.044580210000276635 0.06214922666549691 -0.006279366556555033
v 0.04376440867781646 0.06294921040534981 -0.00924630742520094
v 0.044595126062631676 0.06294921040534981 -0.003202318213880062
v 0.04405812919139869 0.06242960318923005 -0.009307353757321835
v 0.04211843013763434 0.06294921040534981 -0.015120867639780045
v 0.04376440867781646 0.06294921040534981 -0.00924630742520094
v 0.04405812919139869 0.06242960318923005 -0.009307353757321835
v 0.043671682476997445 0.06294987350702294 0.009483207017183304
v 0.044595126062631676 0.06294921040534981 -0.003202318213880062
v 0.04376440867781646 0.06294921040534981 -0.00924630742520094
v 0.04376440867781646 0.06294921040534981 -0.00924630742520094
v 0.04211843013763434 0.06294921040534981 -0.015120867639780045
v 0.043671682476997445 0.06294987350702294 0.009483207017183304
v 0.006129138637334118 -0.04659665003418929 0.01277394313365221
v 0.003070862730965023 -0.04489449411630637 -0.0564512200653553
v 0.009155395440757289 -0.04405819997191435 -0.056451216340065
v 0.008951172232627883 -0.04272442683577543 -0.0570511519908905
v 0.009155395440757289 -0.04405819997191435 -0.056451216340065
v 0.003070862730965023 -0.04489449411630637 -0.0564512200653553
v 0.009155395440757289 -0.04405819997191435 -0.056451216340065
v 0.008951172232627883 -0.04272442683577543 -0.0570511519908905
v 0.015069376677274728 -0.0424011684954167 -0.056451212614774704
v -0.03490656986832624 -0.028398597612977066 -0.0564512275159359
v -0.030714502558112193 -0.03288719803094868 -0.0564512275159359
v -0.033394765108823825 -0.033082108944654506 0.01813175156712532
v -0.03917907550930983 -0.025972995907068287 0.020844727754592896
v -0.038448389619588914 -0.023380983620882066 -0.0564512275159359
v -0.03793568164110189 -0.027749152854085007 0.020250851288437843
v -0.03917907550930983 -0.025972995907068287 0.020844727754592896
v -0.04053068533539778 -0.023811794817447694 0.021741744130849838
v -0.038448389619588914 -0.023380983620882066 -0.0564512275159359
v -0.04198598489165312 -0.021079594269394902 0.022453445941209793
v -0.0430931709706784 -0.0188107565045357 0.02371559478342533
v -0.04127399250864989 -0.01792782731354239 -0.056451231241226196
v -0.003070874139666562 -0.044894497841596666 -0.0564512200653553
v 0.003070862730965023 -0.04489449411630637 -0.0564512200653553
v 0.0006682702223770331 -0.04700250923633582 0.01260434277355671
v 0.0006682702223770331 -0.04700250923633582 0.01260434277355671
v -0.0015528149669989967 -0.04698281362652785 0.012415599077939987
v -0.003070874139666562 -0.044894497841596666 -0.0564512200653553
v 0.0461187660694123 0.008722370490431798 0.03604234755039215
v 0.04428902640938766 0.06217851489782342 0.008208872750401497
v 0.045591574162244866 0.011018310673534884 0.0373019315302372
v 0.045591574162244866 0.011018310673534884 0.0373019315302372
v 0.046248357743024895 0.007503845263272534 0.03611826151609421
v 0.0461187660694123 0.008722370490431798 0.03604234755039215
v 0.0461187660694123 0.008722370490431798 0.03604234755039215
v 0.046248357743024895 0.007503845263272534 0.03611826151609421
v 0.04428902640938766 0.06217851489782342 0.008208872750401497
v -0.044220197945833276 -0.01595096103847029 0.024885131046175957
v -0.04507191479206092 -0.013069051317870634 0.027398554608225822
v -0.04505935311317451 -0.0132954139262438 0.02558378130197525
v -0.04115677997469908 -0.0030346319545060435 0.05144689604640007
v -0.04126021265983588 -0.0070548988878727055 0.05021233484148979
v -0.04051189497113234 -0.006995211355388174 0.051004741340875626
v -0.04691664502024658 0.0007385357748717079 0.03307130187749863
v -0.04684867337346084 0.0035219620913267183 0.03342634439468384
v -0.046992689371109085 0.0013291845098137873 0.03193584829568863
v -0.04684867337346084 0.0035219620913267183 0.03342634439468384
v -0.04691664502024658 0.0007385357748717079 0.03307130187749863
v -0.04674258828163154 0.004092446528375154 0.03434323891997337
v -0.04638940095901496 0.007129701320081959 0.035516176372766495
v -0.04417715221643455 0.0014687719522044082 0.047333959490060806
v -0.04388331249356277 0.005746157374233015 0.04798541218042374
v -0.04674258828163154 0.004092446528375154 0.03434323891997337
v -0.04417715221643455 0.0014687719522044082 0.047333959490060806
v -0.04638940095901496 0.007129701320081959 0.035516176372766495
v -0.04691664502024658 0.0007385357748717079 0.03307130187749863
v -0.04417715221643455 0.0014687719522044082 0.047333959490060806
v -0.04674258828163154 0.004092446528375154 0.03434323891997337
v -0.03940580040216452 0.0008677901350893092 0.05338922515511513
v -0.037659782916307505 0.004527535755187279 0.054511114954948425
v -0.039366576820612016 0.004733361769467598 0.05377405881881714
v -0.03946815058588988 0.012899786233901995 0.053616445511579514
v -0.038169153034687105 0.012274409644305722 0.054540012031793594
v -0.03785002604126936 0.015880798920989057 0.05441785231232643
v -0.03589400649070745 0.009680389426648629 0.05528854578733444
v -0.036348689347505625 0.004230142105370765 0.0548032782971859
v -0.03471982106566435 0.0069016786292195416 0.05517850071191788
v -0.02934830822050576 -0.014505528844892998 0.05330483987927437
v -0.02566627413034443 -0.022221680730581315 0.0524495430290699
v -0.02148527838289741 -0.02329462394118312 0.052535444498062134
v -0.02148527838289741 -0.02329462394118312 0.052535444498062134
v 0.018579034134745626 -0.018671939149498964 0.05293948948383331
v 0.03136087954044347 -0.01102566067129375 0.05361040681600571
v -0.02148527838289741 -0.02329462394118312 0.052535444498062134
v -0.03408127650618559 -0.0033255049493163867 0.05428365617990494
v -0.02934830822050576 -0.014505528844892998 0.05330483987927437
v -0.02148527838289741 -0.02329462394118312 0.052535444498062134
v 0.03136087954044347 -0.01102566067129375 0.05361040681600571
v -0.03408127650618559 -0.0033255049493163867 0.05428365617990494
v -0.02882406115531926 -0.018569927662611032 0.05277377367019653
v -0.02566627413034443 -0.022221680730581315 0.0524495430290699
v -0.02934830822050576 -0.014505528844892998 0.05330483987927437
v -0.02322519756853584 0.06294917315244683 0.03804009035229683
v -0.028209360316395805 0.06294917315244683 0.034521885216236115
v -0.026920352131128353 0.03356415033340458 0.05541277676820755
v -0.028209360316395805 0.06294917315244683 0.034521885216236115
v -0.02993213757872586 0.030751345679163974 0.05506814271211624
v -0.026920352131128353 0.03356415033340458 0.05541277676820755
v -0.03333878144621854 0.028244290500879326 0.05357884615659714
v -0.03274618461728101 0.02756719850003723 0.054663415998220444
v -0.03320428356528287 0.06220110505819329 0.030358536168932915
v -0.03320428356528287 0.06220110505819329 0.030358536168932915
v -0.0348008312284947 0.02601712197065357 0.05353018641471863
v -0.03333878144621854 0.028244290500879326 0.05357884615659714
v -0.03333878144621854 0.028244290500879326 0.05357884615659714
v -0.0348008312284947 0.02601712197065357 0.05353018641471863
v -0.03274618461728101 0.02756719850003723 0.054663415998220444
v -0.0373749658465386 0.0232941918075085 0.05199640989303589
v -0.03733829781413084 0.06219112873077401 0.02508002333343029
v -0.03845243901014334 0.02095867134630683 0.05207066610455513
v -0.0348008312284947 0.02601712197065357 0.05353018641471863
v -0.0373749658465386 0.0232941918075085 0.05199640989303589
v -0.03845243901014334 0.02095867134630683 0.05207066610455513
v -0.0373749658465386 0.0232941918075085 0.05199640989303589
v -0.0348008312284947 0.02601712197065357 0.05353018641471863
v -0.03733829781413084 0.06219112873077401 0.02508002333343029
v -0.03288470208644872 0.024687506258487733 0.055623020976781845
v -0.03338850662112241 0.025112036615610157 0.05523351579904556
v -0.03785002604126936 0.015880798920989057 0.05441785231232643
v -0.0348008312284947 0.02601712197065357 0.05353018641471863
v -0.03417630866169935 0.025712117552757298 0.054389309138059616
v -0.03274618461728101 0.02756719850003723 0.054663415998220444
v -0.03417630866169935 0.025712117552757298 0.054389309138059616
v -0.0348008312284947 0.02601712197065357 0.05353018641471863
v -0.03845243901014334 0.02095867134630683 0.05207066610455513
v -0.03845243901014334 0.02095867134630683 0.05207066610455513
v -0.03929825872182852 0.016678107902407667 0.053000371903181076
v -0.03417630866169935 0.025712117552757298 0.054389309138059616
v 0.006182976067066202 -0.030814781785011333 0.05185861513018608
v 0.0136704705655575 -0.028817219659686127 0.052011407911777496
v 0.01885510794818404 -0.02572989091277126 0.0523153692483902
v 0.02311802282929424 -0.022556217387318642 0.052590563893318176
v 0.03136087954044347 -0.01102566067129375 0.05361040681600571
v 0.01885510794818404 -0.02572989091277126 0.0523153692483902
v 0.03136087954044347 -0.01102566067129375 0.05361040681600571
v 0.018579034134745626 -0.018671939149498964 0.05293948948383331
v 0.01885510794818404 -0.02572989091277126 0.0523153692483902
v -0.02148527838289741 -0.02329462394118312 0.052535444498062134
v 0.01885510794818404 -0.02572989091277126 0.0523153692483902
v 0.018579034134745626 -0.018671939149498964 0.05293948948383331
v -0.011356061324477213 -0.029353972524404564 0.05199252441525459
v 0.006182976067066202 -0.030814781785011333 0.05185861513018608
v 0.01885510794818404 -0.02572989091277126 0.0523153692483902
v 0.01885510794818404 -0.02572989091277126 0.0523153692483902
v -0.02148527838289741 -0.02329462394118312 0.052535444498062134
v -0.011356061324477213 -0.029353972524404564 0.05199252441525459
v -0.008391855284571662 -0.031844988465309185 0.05158907175064087
v -0.00678088003769518 -0.033420663326978725 0.05118103325366974
v -0.0015654339222237492 -0.032991282641887706 0.05145580694079399
v -0.0032009410206228542 -0.03130941838026051 0.051807962357997894
v -0.008391855284571662 -0.031844988465309185 0.05158907175064087
v -0.0015654339222237492 -0.032991282641887706 0.05145580694079399
v -0.008391855284571662 -0.031844988465309185 0.05158907175064087
v -0.0032009410206228542 -0.03130941838026051 0.051807962357997894
v -0.011356061324477213 -0.029353972524404564 0.05199252441525459
v 0.028677929192781493 -0.02059359475970271 0.05235171690583229
v 0.03262929618358617 -0.014777270145714302 0.052880823612213135
v 0.029759583994746253 -0.01736664772033694 0.05288029834628105
v 0.03266783431172376 0.06294920295476922 0.030357787385582924
v 0.028209166601300285 0.06294920295476922 0.03452190011739731
v 0.03288711607456212 0.06242960691452035 0.030562525615096092
v 0.03288711607456212 0.06242960691452035 0.030562525615096092
v 0.03651798143982893 0.06294921040534981 0.02562534064054489
v 0.03266783431172376 0.06294920295476922 0.030357787385582924
v 0.03266783431172376 0.06294920295476922 0.030357787385582924
v 0.043671682476997445 0.06294987350702294 0.009483207017183304
v 0.028209166601300285 0.06294920295476922 0.03452190011739731
v 0.03266783431172376 0.06294920295476922 0.030357787385582924
v 0.03651798143982893 0.06294921040534981 0.02562534064054489
v 0.043671682476997445 0.06294987350702294 0.009483207017183304
v 0.028399536386132285 0.02904873713850979 0.056536659598350525
v 0.02485179342329506 0.030855713412165683 0.05712507292628288
v 0.027636425569653553 0.028070675209164658 0.05685891583561897
v 0.02921555936336522 0.02994674816727642 0.05592872574925423
v 0.028399536386132285 0.02904873713850979 0.056536659598350525
v 0.031109062954783488 0.026258952915668522 0.05610455200076103
v 0.03176080435514455 0.026840161532163655 0.055650029331445694
v 0.02921555936336522 0.02994674816727642 0.05592872574925423
v 0.031109062954783488 0.026258952915668522 0.05610455200076103
v 0.03176080435514455 0.026840161532163655 0.055650029331445694
v 0.03244528546929364 0.027483848854899445 0.0549350380897522
v 0.02921555936336522 0.02994674816727642 0.05592872574925423
v 0.026286689564585727 0.032752785831689876 0.05623107776045799
v 0.0268942024558783 0.0335839688777924 0.05541479215025902
v 0.023075543344020878 0.035265929996967364 0.05650310963392258
v 0.03294375166296964 0.02803320251405243 0.05418571084737778
v 0.02914597466588025 0.062191165983676994 0.03421814739704132
v 0.03023092634975915 0.031109564006328624 0.054559506475925446
v 0.028209166601300285 0.06294920295476922 0.03452190011739731
v 0.03023092634975915 0.031109564006328624 0.054559506475925446
v 0.02914597466588025 0.062191165983676994 0.03421814739704132
v -0.0020494440104812414 0.04254859685897833 0.05730240419507027
v 2.0105049770791114e-05 0.042601644992828425 0.05730833113193512
v -9.956299606983537e-08 0.06294918805360802 0.04454747587442398
v -0.0020494440104812414 0.04254859685897833 0.05730240419507027
v -9.956299606983537e-08 0.06294918805360802 0.04454747587442398
v -0.004107301589101559 0.04238801077008253 0.05728456750512123
v 0.008003548718988908 0.04079857468605047 0.05768049880862236
v 0.00817245524376632 0.041750833392143305 0.057213641703128815
v 0.0040718442760407985 0.04143736511468893 0.057741232216358185
v 0.008003548718988908 0.04079857468605047 0.05768049880862236
v 0.0040718442760407985 0.04143736511468893 0.057741232216358185
v 0.004077407531440264 0.0404671654105187 0.057980701327323914
v 0.00817245524376632 0.041750833392143305 0.057213641703128815
v 0.008003548718988908 0.04079857468605047 0.05768049880862236
v 0.012145875953137894 0.04070323705673223 0.05709773302078247
v 0.0040718442760407985 0.04143736511468893 0.057741232216358185
v 0.00817245524376632 0.041750833392143305 0.057213641703128815
v 0.00413038162514568 0.042385261505842264 0.05728431046009064
v 0.0011074481299147027 0.04184496775269514 0.05768464133143425
v 0.0040718442760407985 0.04143736511468893 0.057741232216358185
v 0.00413038162514568 0.042385261505842264 0.05728431046009064
v 0.00413038162514568 0.042385261505842264 0.05728431046009064
v 0.002086133463308218 0.042546857148408945 0.0573020800948143
v 0.0011074481299147027 0.04184496775269514 0.05768464133143425
v 0.00413038162514568 0.042385261505842264 0.05728431046009064
v 0.00817245524376632 0.041750833392143305 0.057213641703128815
v 0.006086471024900684 0.06294918805360802 0.04413113370537758
v 0.00413038162514568 0.042385261505842264 0.05728431046009064
v 0.006086471024900684 0.06294918805360802 0.04413113370537758
v -9.956299606983537e-08 0.06294918805360802 0.04454747587442398
v -9.956299606983537e-08 0.06294918805360802 0.04454747587442398
v 0.002086133463308218 0.042546857148408945 0.0573020800948143
v 0.00413038162514568 0.042385261505842264 0.05728431046009064
v 0.019559698179364236 0.016443701460957548 0.056014250963926315
v -0.01633919402956965 0.0357342697679997 0.057698268443346024
v -0.03471982106566435 0.0069016786292195416 0.05517850071191788
v -0.03471982106566435 0.0069016786292195416 0.05517850071191788
v -0.03408127650618559 -0.0033255049493163867 0.05428365617990494
v 0.019559698179364236 0.016443701460957548 0.056014250963926315
v 0.019559698179364236 0.016443701460957548 0.056014250963926315
v -0.03408127650618559 -0.0033255049493163867 0.05428365617990494
v 0.03136087954044347 -0.01102566067129375 0.05361040681600571
v 0.019559698179364236 0.016443701460957548 0.056014250963926315
v 0.03136087954044347 -0.01102566067129375 0.05361040681600571
v 0.031876515597105075 0.014142259024083633 0.05580856651067734
v 0.019559698179364236 0.016443701460957548 0.056014250963926315
v 0.007355450186878454 0.03902960196137433 0.05798399820923805
v -0.01633919402956965 0.0357342697679997 0.057698268443346024
v 0.001061880844645204 0.04117593541741377 0.0579095333814621
v 0.0017697871662676363 0.04016148671507841 0.05805104970932007
v 0.004077407531440264 0.0404671654105187 0.057980701327323914
v 0.001061880844645204 0.04117593541741377 0.0579095333814621
v 0.0040718442760407985 0.04143736511468893 0.057741232216358185
v 0.0011074481299147027 0.04184496775269514 0.05768464133143425
v 0.001061880844645204 0.04117593541741377 0.0579095333814621
v 0.004077407531440264 0.0404671654105187 0.057980701327323914
v 0.0040718442760407985 0.04143736511468893 0.057741232216358185
v -0.00327866012230516 0.040004480630159434 0.05804912745952606
v 0.007355450186878454 0.03902960196137433 0.05798399820923805
v 0.0017697871662676363 0.04016148671507841 0.05805104970932007
v 0.013547527603805086 0.03712162747979169 0.05781704559922218
v 0.011619333177804964 0.03875529393553739 0.05783336982131004
v 0.007355450186878454 0.03902960196137433 0.05798399820923805
v 0.013547527603805086 0.03712162747979169 0.05781704559922218
v 0.019559698179364236 0.016443701460957548 0.056014250963926315
v 0.025735396891832393 0.02855584956705574 0.057067934423685074
v 0.019559698179364236 0.016443701460957548 0.056014250963926315
v 0.013547527603805086 0.03712162747979169 0.05781704559922218
v 0.007355450186878454 0.03902960196137433 0.05798399820923805
v 0.011882446706295033 0.03974836692214018 0.05757741257548332
v 0.01599339768290522 0.0392564050853253 0.05693858489394188
v 0.012145875953137894 0.04070323705673223 0.05709773302078247
v 0.011882446706295033 0.03974836692214018 0.05757741257548332
v 0.015629963949322725 0.03830083832144742 0.057435858994722366
v 0.01599339768290522 0.0392564050853253 0.05693858489394188
v 0.012145875953137894 0.04070323705673223 0.05709773302078247
v 0.008003548718988908 0.04079857468605047 0.05768049880862236
v 0.011882446706295033 0.03974836692214018 0.05757741257548332
v 0.011619333177804964 0.03875529393553739 0.05783336982131004
v 0.015629963949322725 0.03830083832144742 0.057435858994722366
v 0.011882446706295033 0.03974836692214018 0.05757741257548332
v 0.015350490808486963 0.03730064257979398 0.05769266560673714
v 0.015629963949322725 0.03830083832144742 0.057435858994722366
v 0.011619333177804964 0.03875529393553739 0.05783336982131004
v 0.015350490808486963 0.03730064257979398 0.05769266560673714
v 0.013547527603805086 0.03712162747979169 0.05781704559922218
v 0.018674366176128415 0.035483714193105746 0.05754253268241882
v 0.013547527603805086 0.03712162747979169 0.05781704559922218
v 0.015350490808486963 0.03730064257979398 0.05769266560673714
v 0.011619333177804964 0.03875529393553739 0.05783336982131004
v 0.015350490808486963 0.03730064257979398 0.05769266560673714
v 0.018674366176128415 0.035483714193105746 0.05754253268241882
v 0.01917303167283538 0.036485228687524844 0.05725867673754692
v 0.01917303167283538 0.036485228687524844 0.05725867673754692
v 0.015629963949322725 0.03830083832144742 0.057435858994722366
v 0.015350490808486963 0.03730064257979398 0.05769266560673714
v 0.006182976067066202 -0.030814781785011333 0.05185861513018608
v 0.006569758988916884 -0.03217427060008053 0.051562320441007614
v 0.011179980821907538 -0.03108133375644688 0.05165546014904976
v 0.020358031615614922 -0.03645398840308194 0.04580524191260338
v 0.02158419415354732 -0.0365672074258328 0.044710058718919754
v 0.02396293170750145 -0.03426232188940053 0.04606768861413002
v 0.02158419415354732 -0.0365672074258328 0.044710058718919754
v 0.020358031615614922 -0.03645398840308194 0.04580524191260338
v 0.017825897783041028 -0.03849790245294576 0.04446521773934364
v -0.02322519756853584 0.06294917315244683 0.03804009035229683
v -0.023380754515528714 0.03567729145288472 0.05613886937499046
v -0.017808398231864003 0.06294917315244683 0.040846846997737885
v -0.022817358374595677 0.03478662669658666 0.05680500343441963
v -0.02630257420241837 0.03274139761924748 0.05623012036085129
v -0.025585701689124146 0.03183514252305035 0.05680670216679573
v -0.022817358374595677 0.03478662669658666 0.05680500343441963
v -0.023380754515528714 0.03567729145288472 0.05613886937499046
v -0.02630257420241837 0.03274139761924748 0.05623012036085129
v -0.03382658958435064 0.02531342394649986 0.054841622710227966
v -0.03417630866169935 0.025712117552757298 0.054389309138059616
v -0.03929825872182852 0.016678107902407667 0.053000371903181076
v -0.03417630866169935 0.025712117552757298 0.054389309138059616
v -0.03382658958435064 0.02531342394649986 0.054841622710227966
v -0.03274618461728101 0.02756719850003723 0.054663415998220444
v -0.04388331249356277 0.005746157374233015 0.04798541218042374
v -0.04417715221643455 0.0014687719522044082 0.047333959490060806
v -0.043242864310741494 0.005521161947399385 0.049696799367666245
v -0.043242864310741494 0.005521161947399385 0.049696799367666245
v -0.04292946308851249 0.00981827918440105 0.0494597926735878
v -0.04388331249356277 0.005746157374233015 0.04798541218042374
v -0.04216699302196509 0.009514921344816697 0.051056794822216034
v -0.04292946308851249 0.00981827918440105 0.0494597926735878
v -0.043242864310741494 0.005521161947399385 0.049696799367666245
v -0.04243708401918418 0.0011323023354634658 0.050795454531908035
v -0.04104844108223921 0.000983045902103187 0.052248187363147736
v -0.040929313749075 0.004994930233806379 0.05268806964159012
v -0.040929313749075 0.004994930233806379 0.05268806964159012
v -0.04104844108223921 0.000983045902103187 0.052248187363147736
v -0.039366576820612016 0.004733361769467598 0.05377405881881714
v -0.00678088003769518 -0.033420663326978725 0.05118103325366974
v -0.003079047659412031 -0.03379659354686741 0.05117383971810341
v -0.0015654339222237492 -0.032991282641887706 0.05145580694079399
v -0.004208598751574762 -0.034949611872434665 0.05069341883063316
v -0.003079047659412031 -0.03379659354686741 0.05117383971810341
v -0.00678088003769518 -0.033420663326978725 0.05118103325366974
v 0.004830718971788891 -0.0359088927507401 0.050197239965200424
v -0.004208598751574762 -0.034949611872434665 0.05069341883063316
v -0.005099807400256403 -0.03673788160085683 0.04969684034585953
v -0.0321453027427197 0.014158569276332874 0.055809542536735535
v -0.030107356607914016 0.02288254350423816 0.056561585515737534
v -0.03471982106566435 0.0069016786292195416 0.05517850071191788
v -0.03471982106566435 0.0069016786292195416 0.05517850071191788
v -0.025328721851110497 0.02899849973618988 0.057105693966150284
v -0.0321453027427197 0.014158569276332874 0.055809542536735535
v -0.0321453027427197 0.014158569276332874 0.055809542536735535
v -0.025328721851110497 0.02899849973618988 0.057105693966150284
v -0.030107356607914016 0.02288254350423816 0.056561585515737534
v -0.02920945547521119 0.029952099546790165 0.05592907592654228
v -0.02993213757872586 0.030751345679163974 0.05506814271211624
v -0.03274618461728101 0.02756719850003723 0.054663415998220444
v -0.02993213757872586 0.030751345679163974 0.05506814271211624
v -0.02920945547521119 0.029952099546790165 0.05592907592654228
v -0.02630257420241837 0.03274139761924748 0.05623012036085129
v -0.02920945547521119 0.029952099546790165 0.05592907592654228
v -0.025585701689124146 0.03183514252305035 0.05680670216679573
v -0.02630257420241837 0.03274139761924748 0.05623012036085129
v -0.02920945547521119 0.029952099546790165 0.05592907592654228
v -0.028372751548886344 0.029076702892780342 0.05653921142220497
v -0.025585701689124146 0.03183514252305035 0.05680670216679573
v -0.02971579879522328 0.025425646454095875 0.05662500858306885
v -0.030873559415340472 0.02326478809118274 0.05646166205406189
v -0.030107356607914016 0.02288254350423816 0.056561585515737534
v -0.03095145523548131 0.026085136458277737 0.05620962381362915
v -0.02971579879522328 0.025425646454095875 0.05662500858306885
v -0.028372751548886344 0.029076702892780342 0.05653921142220497
v -0.03095145523548131 0.026085136458277737 0.05620962381362915
v -0.03288470208644872 0.024687506258487733 0.055623020976781845
v -0.03227381780743604 0.02438511885702613 0.05598060414195061
v -0.028372751548886344 0.029076702892780342 0.05653921142220497
v -0.02920945547521119 0.029952099546790165 0.05592907592654228
v -0.03095145523548131 0.026085136458277737 0.05620962381362915
v 0.03024260327219968 0.02287207730114463 0.05654272064566612
v 0.027636425569653553 0.028070675209164658 0.05685891583561897
v 0.025735396891832393 0.02855584956705574 0.057067934423685074
v 0.03024260327219968 0.02287207730114463 0.05654272064566612
v 0.025735396891832393 0.02855584956705574 0.057067934423685074
v 0.031876515597105075 0.014142259024083633 0.05580856651067734
v 0.034643486142158564 -0.017515556886792207 0.05126502364873886
v 0.03346002101898198 -0.021237676963210134 0.05021001771092415
v 0.03553169593214994 -0.017898119986057306 0.05056063458323479
v 0.036361381411552485 -0.018243113532662416 0.0497615821659565
v 0.03553169593214994 -0.017898119986057306 0.05056063458323479
v 0.03426948189735418 -0.02167532034218314 0.04938460886478424
v 0.03553169593214994 -0.017898119986057306 0.05056063458323479
v 0.03346002101898198 -0.021237676963210134 0.05021001771092415
v 0.03426948189735418 -0.02167532034218314 0.04938460886478424
v 0.03811864554882056 -0.014603340998291988 0.05016157776117325
v 0.036361381411552485 -0.018243113532662416 0.0497615821659565
v 0.03712011501193052 -0.018545260652899766 0.04887867718935013
v 0.03712011501193052 -0.018545260652899766 0.04887867718935013
v 0.035673283040523585 -0.02239370159804824 0.0474909245967865
v 0.037797495722770746 -0.018800515681505228 0.047925107181072235
v 0.04061965271830565 -0.011046120896935477 0.04932830110192299
v 0.04090894386172301 -0.007008254993706951 0.05063214898109436
v 0.03950202837586409 -0.010845208540558829 0.05057753250002861
v 0.04169696941971785 -0.021715978160500554 0.02274683490395546
v 0.041122574359178606 -0.02250218577682975 0.023917729035019875
v 0.039960265159606996 -0.024761648848652874 0.021252362057566643
v 0.04169696941971785 -0.021715978160500554 0.02274683490395546
v 0.039960265159606996 -0.024761648848652874 0.021252362057566643
v 0.03844835236668593 -0.023380940780043633 -0.05645120516419411
v 0.041273955255746904 -0.01792778074741366 -0.05645120143890381
v 0.04169696941971785 -0.021715978160500554 0.02274683490395546
v 0.03844835236668593 -0.023380940780043633 -0.05645120516419411
v 0.033158011734485675 -0.011400380171835438 0.053410787135362625
v 0.03262929618358617 -0.014777270145714302 0.052880823612213135
v 0.03545572608709341 -0.00821418408304454 0.053477782756090164
v 0.033158011734485675 -0.011400380171835438 0.053410787135362625
v 0.03136087954044347 -0.01102566067129375 0.05361040681600571
v 0.029759583994746253 -0.01736664772033694 0.05288029834628105
v 0.029759583994746253 -0.01736664772033694 0.05288029834628105
v 0.03262929618358617 -0.014777270145714302 0.052880823612213135
v 0.033158011734485675 -0.011400380171835438 0.053410787135362625
v 0.046894934028387146 0.0004396923177409923 0.033079784363508224
v 0.046800874173641274 -0.002870042575523261 0.031775329262018204
v 0.04698366671800621 -0.0014858037466183324 0.031042708083987236
v 0.04669491574168212 0.0040242820978164725 0.034664757549762726
v 0.046248357743024895 0.007503845263272534 0.03611826151609421
v 0.04388378933072097 0.0057717589661479074 0.04798084869980812
v 0.04669491574168212 0.0040242820978164725 0.034664757549762726
v 0.04388378933072097 0.0057717589661479074 0.04798084869980812
v 0.044175848364830086 0.0015231494326144476 0.047342464327812195
v 0.046894934028387146 0.0004396923177409923 0.033079784363508224
v 0.04669491574168212 0.0040242820978164725 0.034664757549762726
v 0.044175848364830086 0.0015231494326144476 0.047342464327812195
v 0.0376128144562245 0.0007307070191018293 0.054160404950380325
v 0.03940553963184363 0.0008605518378317368 0.05338849127292633
v 0.03766723349690443 0.004410981200635439 0.0545002706348896
v 0.03766723349690443 0.004410981200635439 0.0545002706348896
v 0.036232501268386896 0.0006991008995100866 0.05448892340064049
v 0.0376128144562245 0.0007307070191018293 0.054160404950380325
v 0.036232501268386896 0.0006991008995100866 0.05448892340064049
v 0.037202890962362345 -0.002927575958892707 0.053822942078113556
v 0.0376128144562245 0.0007307070191018293 0.054160404950380325
v 0.035405188798904474 -0.004809050355106598 0.05399712175130844
v 0.03545572608709341 -0.00821418408304454 0.053477782756090164
v 0.037202890962362345 -0.002927575958892707 0.053822942078113556
v 0.035405188798904474 -0.004809050355106598 0.05399712175130844
v 0.037202890962362345 -0.002927575958892707 0.053822942078113556
v 0.036232501268386896 0.0006991008995100866 0.05448892340064049
v 0.035405188798904474 -0.004809050355106598 0.05399712175130844
v 0.033158011734485675 -0.011400380171835438 0.053410787135362625
v 0.03545572608709341 -0.00821418408304454 0.053477782756090164
v 0.03494819253683096 0.0003616260364651685 0.05459325760602951
v 0.035405188798904474 -0.004809050355106598 0.05399712175130844
v 0.036232501268386896 0.0006991008995100866 0.05448892340064049
v 0.035405188798904474 -0.004809050355106598 0.05399712175130844
v 0.03494819253683096 0.0003616260364651685 0.05459325760602951
v 0.03136087954044347 -0.01102566067129375 0.05361040681600571
v 0.035405188798904474 -0.004809050355106598 0.05399712175130844
v 0.03136087954044347 -0.01102566067129375 0.05361040681600571
v 0.033158011734485675 -0.011400380171835438 0.053410787135362625
v 0.04243735969066627 0.00117190752644092 0.050799936056137085
v 0.04224686324596411 0.005274089053273208 0.05130212754011154
v 0.040931407362222734 0.004989416338503368 0.052687983959913254
v 0.04224686324596411 0.005274089053273208 0.05130212754011154
v 0.040425345301628175 0.008971152827143681 0.05312693119049072
v 0.040931407362222734 0.004989416338503368 0.052687983959913254
v 0.04224686324596411 0.005274089053273208 0.05130212754011154
v 0.043491821736097405 0.001347379642538728 0.04912697896361351
v 0.04324153810739524 0.005537942983210095 0.049700818955898285
v 0.04224686324596411 0.005274089053273208 0.05130212754011154
v 0.04243735969066627 0.00117190752644092 0.050799936056137085
v 0.043491821736097405 0.001347379642538728 0.04912697896361351
v 0.04243735969066627 0.00117190752644092 0.050799936056137085
v 0.04222656786441809 -0.0029578099492937365 0.05029953271150589
v 0.0433315001428128 -0.002882899949327115 0.048555515706539154
v 0.04222656786441809 -0.0029578099492937365 0.05029953271150589
v 0.04243735969066627 0.00117190752644092 0.050799936056137085
v 0.04104906320571906 0.0010069180279970182 0.05225059390068054
v 0.04698366671800621 -0.0014858037466183324 0.031042708083987236
v 0.046800874173641274 -0.002870042575523261 0.031775329262018204
v 0.046757884323597024 -0.004546296317130333 0.030142974108457565
v 0.04466843605041511 -0.014647914096713085 0.02530638501048088
v 0.043969444930553506 -0.01662391796708109 0.024840103462338448
v 0.04333069175481803 -0.012140665203332917 -0.05645120143890381
v 0.04466843605041511 -0.014647914096713085 0.02530638501048088
v 0.04412880912423141 -0.015857018530368826 0.026531914249062538
v 0.043969444930553506 -0.01662391796708109 0.024840103462338448
v -0.04367193579673774 0.06294966489076623 -0.00978706032037735
v -0.04392695054411895 0.062161397188901985 -0.010161769576370716
v -0.04480785131454475 0.06218833848834046 -0.004720797296613455
v -0.028209337964654014 0.06294917315244683 -0.034825798124074936
v -0.032668013125658084 0.06294917315244683 -0.030661690980196
v -0.04367193579673774 0.06294966489076623 -0.00978706032037735
v -0.04367193579673774 0.06294966489076623 -0.00978706032037735
v -0.032668013125658084 0.06294917315244683 -0.030661690980196
v -0.036518156528472956 0.06294916570186623 -0.02592923305928707
v -0.036518156528472956 0.06294916570186623 -0.02592923305928707
v -0.039688032120466295 0.06294916570186623 -0.020716611295938492
v -0.04367193579673774 0.06294966489076623 -0.00978706032037735
v -0.04367193579673774 0.06294966489076623 -0.00978706032037735
v -0.028209360316395805 0.06294917315244683 0.034521885216236115
v -0.02322519756853584 0.06294917315244683 0.03804009035229683
v -0.04367193579673774 0.06294966489076623 -0.00978706032037735
v -0.02322517149150375 0.06294917315244683 -0.03834400698542595
v -0.028209337964654014 0.06294917315244683 -0.034825798124074936
v -0.02322519756853584 0.06294917315244683 0.03804009035229683
v -0.017808398231864003 0.06294917315244683 0.040846846997737885
v -0.04367193579673774 0.06294966489076623 -0.00978706032037735
v -0.017808372154831914 0.06294918060302743 -0.0411507673561573
v -0.02322517149150375 0.06294917315244683 -0.03834400698542595
v -0.04367193579673774 0.06294966489076623 -0.00978706032037735
v -0.012059825472533722 0.06294918060302743 -0.04319379851222038
v -0.017808372154831914 0.06294918060302743 -0.0411507673561573
v -0.04367193579673774 0.06294966489076623 -0.00978706032037735
v -0.04367193579673774 0.06294966489076623 -0.00978706032037735
v -0.006086640991270552 0.06294918805360802 -0.044435035437345505
v -0.012059825472533722 0.06294918060302743 -0.04319379851222038
v -0.04367193579673774 0.06294966489076623 -0.00978706032037735
v -7.043315974897279e-08 0.06294918805360802 -0.04485137388110161
v -0.006086640991270552 0.06294918805360802 -0.044435035437345505
v -0.04367193579673774 0.06294966489076623 -0.00978706032037735
v 0.043671682476997445 0.06294987350702294 0.009483207017183304
v 0.0060864998959004974 0.06294919550418862 -0.04443502798676491
v 0.0060864998959004974 0.06294919550418862 -0.04443502798676491
v -7.043315974897279e-08 0.06294918805360802 -0.04485137388110161
v -0.04367193579673774 0.06294966489076623 -0.00978706032037735
v 0.03774008899927145 0.02178930118680003 -0.057051196694374084
v 0.04333978146314628 0.0045552318915724815 -0.057051192969083786
v 0.04355197399854667 -0.0015208350960165282 -0.057051192969083786
v 0.04355197399854667 -0.0015208350960165282 -0.057051192969083786
v 0.039168119430542055 -0.019103547558188463 -0.057051196694374084
v 0.03774008899927145 0.02178930118680003 -0.057051196694374084
v 0.04355197399854667 -0.0015208350960165282 -0.057051192969083786
v 0.04333978146314628 0.0045552318915724815 -0.057051192969083786
v 0.04499938338994987 3.450306707009081e-08 -0.05645120143890381
v 0.04499938338994987 3.450306707009081e-08 -0.05645120143890381
v 0.04458026215434081 -0.006127384956926115 -0.05645120143890381
v 0.04355197399854667 -0.0015208350960165282 -0.057051192969083786
v -0.04211860522627837 0.06294916570186623 0.014816966839134693
v -0.04042627662420279 0.06219112873077401 0.01976081170141697
v -0.03968804702162749 0.06294916570186623 0.02041267417371273
v -0.03968804702162749 0.06294916570186623 0.02041267417371273
v -0.04367193579673774 0.06294966489076623 -0.00978706032037735
v -0.04211860522627837 0.06294916570186623 0.014816966839134693
v -0.04367193579673774 0.06294966489076623 -0.00978706032037735
v -0.03968804702162749 0.06294916570186623 0.02041267417371273
v -0.03651817142963415 0.06294916570186623 0.0256253182888031
v -0.03733829781413084 0.06219112873077401 0.02508002333343029
v -0.03651817142963415 0.06294916570186623 0.0256253182888031
v -0.03968804702162749 0.06294916570186623 0.02041267417371273
v -0.03968804702162749 0.06294916570186623 0.02041267417371273
v -0.04042627662420279 0.06219112873077401 0.01976081170141697
v -0.03733829781413084 0.06219112873077401 0.02508002333343029
v 0.02561477571725849 0.03525580838322644 -0.05705120041966438
v 0.03071444109082227 0.03288722038269047 -0.05645120516419411
v 0.030272159725427676 0.03134781122207646 -0.057051196694374084
v 0.03490651026368147 0.02839861437678341 -0.05645120516419411
v 0.028209188953042075 0.06294920295476922 -0.03482578322291374
v 0.03266785666346555 0.06294921040534981 -0.03066166862845421
v 0.03490651026368147 0.02839861437678341 -0.05645120516419411
v 0.03071444109082227 0.03288722038269047 -0.05645120516419411
v 0.028209188953042075 0.06294920295476922 -0.03482578322291374
v 0.03844832256436354 0.023381002247333558 -0.05645120516419411
v 0.03490651026368147 0.02839861437678341 -0.05645120516419411
v 0.03266785666346555 0.06294921040534981 -0.03066166862845421
v 0.03490651026368147 0.02839861437678341 -0.05645120516419411
v 0.030272159725427676 0.03134781122207646 -0.057051196694374084
v 0.03071444109082227 0.03288722038269047 -0.05645120516419411
v 0.017808225005865125 0.06294920295476922 -0.04115075245499611
v 0.025950230658054393 0.03676319122314458 -0.056451208889484406
v 0.020702607929706605 0.039954338222742136 -0.056451208889484406
v 0.025950230658054393 0.03676319122314458 -0.056451208889484406
v 0.03071444109082227 0.03288722038269047 -0.05645120516419411
v 0.02561477571725849 0.03525580838322644 -0.05705120041966438
v 0.02322502620518211 0.06294920295476922 -0.038343992084264755
v 0.03071444109082227 0.03288722038269047 -0.05645120516419411
v 0.025950230658054393 0.03676319122314458 -0.056451208889484406
v 0.025950230658054393 0.03676319122314458 -0.056451208889484406
v 0.017808225005865125 0.06294920295476922 -0.04115075245499611
v 0.02322502620518211 0.06294920295476922 -0.038343992084264755
v 0.025950230658054393 0.03676319122314458 -0.056451208889484406
v 0.02561477571725849 0.03525580838322644 -0.05705120041966438
v 0.02045883983373645 0.03847759589552884 -0.05705120041966438
v 0.02045883983373645 0.03847759589552884 -0.05705120041966438
v 0.020702607929706605 0.039954338222742136 -0.056451208889484406
v 0.025950230658054393 0.03676319122314458 -0.056451208889484406
v -0.0030709248967468786 0.04489451646804816 -0.056451212614774704
v -0.006086640991270552 0.06294918805360802 -0.044435035437345505
v -7.043315974897279e-08 0.06294918805360802 -0.04485137388110161
v -0.0030709248967468786 0.04489451646804816 -0.056451212614774704
v -0.009155457839369788 0.04405821114778524 -0.056451216340065
v -0.006086640991270552 0.06294918805360802 -0.044435035437345505
v -0.0030709248967468786 0.04489451646804816 -0.056451212614774704
v -7.043315974897279e-08 0.06294918805360802 -0.04485137388110161
v 0.0030708119738847065 0.04489452019333846 -0.056451212614774704
v -0.0030709248967468786 0.04489451646804816 -0.056451212614774704
v -0.0030399411916732836 0.04347239807248121 -0.05705120414495468
v -0.009155457839369788 0.04405821114778524 -0.056451216340065
v -0.0030709248967468786 0.04489451646804816 -0.056451212614774704
v 0.003039830597117548 0.04347240179777151 -0.05705120414495468
v -0.0030399411916732836 0.04347239807248121 -0.05705120414495468
v 0.003039830597117548 0.04347240179777151 -0.05705120414495468
v -0.0030709248967468786 0.04489451646804816 -0.056451212614774704
v 0.0030708119738847065 0.04489452019333846 -0.056451212614774704
v -0.02070271410048011 0.039954315871000345 -0.0564512237906456
v -0.014904790557920955 0.04095043987035757 -0.05705121159553528
v -0.02045893855392936 0.03847757354378705 -0.05705121532082558
v -0.02045893855392936 0.03847757354378705 -0.05705121532082558
v -0.0256148781627417 0.035255778580904056 -0.05705121532082558
v -0.02595033496618275 0.03676316142082219 -0.0564512237906456
v -0.02595033496618275 0.03676316142082219 -0.0564512237906456
v -0.02070271410048011 0.039954315871000345 -0.0564512237906456
v -0.02045893855392936 0.03847757354378705 -0.05705121532082558
v -0.02045893855392936 0.03847757354378705 -0.05705121532082558
v -0.030272254720330287 0.03134777769446377 -0.057051219046115875
v -0.0256148781627417 0.035255778580904056 -0.05705121532082558
v -0.02045893855392936 0.03847757354378705 -0.05705121532082558
v 0.02561477571725849 0.03525580838322644 -0.05705120041966438
v -0.030272254720330287 0.03134777769446377 -0.057051219046115875
v -0.02045893855392936 0.03847757354378705 -0.05705121532082558
v 0.003039830597117548 0.04347240179777151 -0.05705120414495468
v 0.02561477571725849 0.03525580838322644 -0.05705120041966438
v -0.02045893855392936 0.03847757354378705 -0.05705121532082558
v -0.014904790557920955 0.04095043987035757 -0.05705121159553528
v 0.003039830597117548 0.04347240179777151 -0.05705120414495468
v -0.015069439075887228 0.04240119084715849 -0.0564512200653553
v -0.009155457839369788 0.04405821114778524 -0.056451216340065
v -0.009060544893145575 0.042626250535249766 -0.05705120787024498
v -0.009060544893145575 0.042626250535249766 -0.05705120787024498
v -0.014904790557920955 0.04095043987035757 -0.05705121159553528
v -0.015069439075887228 0.04240119084715849 -0.0564512200653553
v -0.009060544893145575 0.042626250535249766 -0.05705120787024498
v -0.009155457839369788 0.04405821114778524 -0.056451216340065
v -0.0030399411916732836 0.04347239807248121 -0.05705120414495468
v 0.003039830597117548 0.04347240179777151 -0.05705120414495468
v -0.009060544893145575 0.042626250535249766 -0.05705120787024498
v -0.0030399411916732836 0.04347239807248121 -0.05705120414495468
v -0.009060544893145575 0.042626250535249766 -0.05705120787024498
v 0.003039830597117548 0.04347240179777151 -0.05705120414495468
v -0.014904790557920955 0.04095043987035757 -0.05705121159553528
v 0.03744595497846609 -0.028204722329974213 0.021613018587231636
v 0.0369012169539929 -0.029124768450856247 0.019816158339381218
v 0.03859337791800505 -0.026831002905964886 0.020764460787177086
v 0.020702652633190186 -0.03995429724454885 -0.056451208889484406
v 0.015069376677274728 -0.0424011684954167 -0.056451212614774704
v 0.017724981531500844 -0.03981097042560583 -0.05705120041966438
v 0.02309310063719753 -0.03695668652653699 -0.05705120041966438
v 0.020702652633190186 -0.03995429724454885 -0.056451208889484406
v 0.017724981531500844 -0.03981097042560583 -0.05705120041966438
v -0.036470346152782496 -0.02965068258345131 0.019597405567765236
v -0.03731299191713339 -0.028417343273758926 0.02141951397061348
v -0.03793568164110189 -0.027749152854085007 0.020250851288437843
v -0.036470346152782496 -0.02965068258345131 0.019597405567765236
v -0.03793568164110189 -0.027749152854085007 0.020250851288437843
v -0.03490656986832624 -0.028398597612977066 -0.0564512275159359
v -0.03181474655866628 -0.03460717201232915 0.017425719648599625
v -0.033394765108823825 -0.033082108944654506 0.01813175156712532
v -0.030714502558112193 -0.03288719803094868 -0.0564512275159359
v -0.030442699790000964 -0.035683412104845096 0.01844039000570774
v -0.029306977987289474 -0.03671998530626302 0.016982970759272575
v -0.028821771964430854 -0.03701335936784749 0.017753537744283676
v -0.03731299191713339 -0.028417343273758926 0.02141951397061348
v -0.036241222172975596 -0.025304855778813397 0.04142658784985542
v -0.039346743375063005 -0.02551130577921871 0.022583549842238426
v -0.039346743375063005 -0.02551130577921871 0.022583549842238426
v -0.04107645153999335 -0.02269260399043563 0.023553600534796715
v -0.04053068533539778 -0.023811794817447694 0.021741744130849838
v -0.04053068533539778 -0.023811794817447694 0.021741744130849838
v -0.0414573140442372 -0.02214101143181327 0.022566743195056915
v -0.038448389619588914 -0.023380983620882066 -0.0564512275159359
v -0.04127399250864989 -0.01792782731354239 -0.056451231241226196
v -0.038448389619588914 -0.023380983620882066 -0.0564512275159359
v -0.0414573140442372 -0.02214101143181327 0.022566743195056915
v -0.0414573140442372 -0.02214101143181327 0.022566743195056915
v -0.04198598489165312 -0.021079594269394902 0.022453445941209793
v -0.04127399250864989 -0.01792782731354239 -0.056451231241226196
v -0.0414573140442372 -0.02214101143181327 0.022566743195056915
v -0.04053068533539778 -0.023811794817447694 0.021741744130849838
v -0.04107645153999335 -0.02269260399043563 0.023553600534796715
v -0.0414573140442372 -0.02214101143181327 0.022566743195056915
v -0.0430931709706784 -0.0188107565045357 0.02371559478342533
v -0.04198598489165312 -0.021079594269394902 0.022453445941209793
v -0.03434897214174276 -0.027737705036997833 0.04131010174751282
v -0.036241222172975596 -0.025304855778813397 0.04142658784985542
v -0.03731299191713339 -0.028417343273758926 0.02141951397061348
v -0.013286586850881597 -0.04509066790342337 0.013138250447809696
v -0.015069390647113347 -0.04240118712186819 -0.0564512200653553
v -0.009155407547950759 -0.04405821114778524 -0.0564512237906456
v 0.00337778427638114 -0.0468821823596955 0.012568392790853977
v 0.003070862730965023 -0.04489449411630637 -0.0564512200653553
v 0.006129138637334118 -0.04659665003418929 0.01277394313365221
v 0.00337778427638114 -0.0468821823596955 0.012568392790853977
v 0.0006682702223770331 -0.04700250923633582 0.01260434277355671
v 0.003070862730965023 -0.04489449411630637 -0.0564512200653553
v -0.007497814483940613 -0.04637855663895613 0.012273382395505905
v -0.009670468978583828 -0.04600461944937712 0.012791553512215614
v -0.009155407547950759 -0.04405821114778524 -0.0564512237906456
v -0.036348689347505625 0.004230142105370765 0.0548032782971859
v -0.036099150776863154 -0.0008364861132577072 0.0543554313480854
v -0.03471982106566435 0.0069016786292195416 0.05517850071191788
v -0.036099150776863154 -0.0008364861132577072 0.0543554313480854
v -0.03408127650618559 -0.0033255049493163867 0.05428365617990494
v -0.03471982106566435 0.0069016786292195416 0.05517850071191788
v -0.042853400111198495 -0.01908621564507487 0.025084080174565315
v -0.03892554715275771 -0.02103929594159129 0.042147502303123474
v -0.03996757790446288 -0.019051609560847307 0.042410917580127716
v -0.0455122962594033 -0.011728344485163704 0.02701309137046337
v -0.04505935311317451 -0.0132954139262438 0.02558378130197525
v -0.04507191479206092 -0.013069051317870634 0.027398554608225822
v -0.0455122962594033 -0.011728344485163704 0.02701309137046337
v -0.043330732733011315 -0.012140714563429371 -0.056451231241226196
v -0.04505935311317451 -0.0132954139262438 0.02558378130197525
v -0.04192483425140387 -0.007094254251569519 0.049353886395692825
v -0.042526591569185326 -0.002997238188982014 0.049861595034599304
v -0.04249778017401702 -0.007113135885447273 0.04844335466623306
v -0.04151194915175444 -0.011212679557502285 0.047912511974573135
v -0.04192483425140387 -0.007094254251569519 0.049353886395692825
v -0.04249778017401702 -0.007113135885447273 0.04844335466623306
v -0.04126021265983588 -0.0070548988878727055 0.05021233484148979
v -0.04024820402264601 -0.011027061380445971 0.04974864795804024
v -0.04051189497113234 -0.006995211355388174 0.051004741340875626
v -0.04126021265983588 -0.0070548988878727055 0.05021233484148979
v -0.04115677997469908 -0.0030346319545060435 0.05144689604640007
v -0.041882902383804384 -0.003021860495209698 0.050686389207839966
v -0.04192483425140387 -0.007094254251569519 0.049353886395692825
v -0.041882902383804384 -0.003021860495209698 0.050686389207839966
v -0.042526591569185326 -0.002997238188982014 0.049861595034599304
v -0.041882902383804384 -0.003021860495209698 0.050686389207839966
v -0.04192483425140387 -0.007094254251569519 0.049353886395692825
v -0.04126021265983588 -0.0070548988878727055 0.05021233484148979
v -0.041882902383804384 -0.003021860495209698 0.050686389207839966
v -0.04243708401918418 0.0011323023354634658 0.050795454531908035
v -0.042526591569185326 -0.002997238188982014 0.049861595034599304
v -0.041882902383804384 -0.003021860495209698 0.050686389207839966
v -0.04104844108223921 0.000983045902103187 0.052248187363147736
v -0.04243708401918418 0.0011323023354634658 0.050795454531908035
v -0.041882902383804384 -0.003021860495209698 0.050686389207839966
v -0.04115677997469908 -0.0030346319545060435 0.05144689604640007
v -0.04104844108223921 0.000983045902103187 0.052248187363147736
v -0.04035863280296332 -0.003035276662558321 0.052131179720163345
v -0.04115677997469908 -0.0030346319545060435 0.05144689604640007
v -0.04051189497113234 -0.006995211355388174 0.051004741340875626
v -0.04035863280296332 -0.003035276662558321 0.052131179720163345
v -0.03880869969725615 -0.006818431895226249 0.05234462022781372
v -0.03907049074769026 -0.0029637992847710887 0.053008783608675
v -0.04035863280296332 -0.003035276662558321 0.052131179720163345
v -0.04104844108223921 0.000983045902103187 0.052248187363147736
v -0.04115677997469908 -0.0030346319545060435 0.05144689604640007
v -0.04104844108223921 0.000983045902103187 0.052248187363147736
v -0.04035863280296332 -0.003035276662558321 0.052131179720163345
v -0.03940580040216452 0.0008677901350893092 0.05338922515511513
v -0.04035863280296332 -0.003035276662558321 0.052131179720163345
v -0.03907049074769026 -0.0029637992847710887 0.053008783608675
v -0.03940580040216452 0.0008677901350893092 0.05338922515511513
v -0.04221722483634955 -0.01126775890588762 0.0464458204805851
v -0.0431837514042855 -0.007098047528415928 0.04702937975525856
v -0.042680803686380456 -0.011269410140812413 0.04491166025400162
v -0.04221722483634955 -0.01126775890588762 0.0464458204805851
v -0.04151194915175444 -0.011212679557502285 0.047912511974573135
v -0.04249778017401702 -0.007113135885447273 0.04844335466623306
v -0.0431837514042855 -0.007098047528415928 0.04702937975525856
v -0.04221722483634955 -0.01126775890588762 0.0464458204805851
v -0.04249778017401702 -0.007113135885447273 0.04844335466623306
v -0.046992689371109085 0.0013291845098137873 0.03193584829568863
v -0.04692252725362785 -0.0028918711468577424 0.030169203877449036
v -0.0469463877379895 -0.001617546775378289 0.03133298456668854
v -0.0469463877379895 -0.001617546775378289 0.03133298456668854
v -0.04691664502024658 0.0007385357748717079 0.03307130187749863
v -0.046992689371109085 0.0013291845098137873 0.03193584829568863
v -0.03895528987050063 0.008573410101234925 0.054157692939043045
v -0.040929313749075 0.004994930233806379 0.05268806964159012
v -0.039366576820612016 0.004733361769467598 0.05377405881881714
v -0.03946815058588988 0.012899786233901995 0.053616445511579514
v -0.03895528987050063 0.008573410101234925 0.054157692939043045
v -0.038169153034687105 0.012274409644305722 0.054540012031793594
v -0.03850325196981436 0.016056759282946607 0.05392000451683998
v -0.03929825872182852 0.016678107902407667 0.053000371903181076
v -0.040624193847179475 0.013343905098736304 0.05237632989883423
v -0.040624193847179475 0.013343905098736304 0.05237632989883423
v -0.03946815058588988 0.012899786233901995 0.053616445511579514
v -0.03850325196981436 0.016056759282946607 0.05392000451683998
v -0.03850325196981436 0.016056759282946607 0.05392000451683998
v -0.03946815058588988 0.012899786233901995 0.053616445511579514
v -0.03785002604126936 0.015880798920989057 0.05441785231232643
v -0.03850325196981436 0.016056759282946607 0.05392000451683998
v -0.03382658958435064 0.02531342394649986 0.054841622710227966
v -0.03929825872182852 0.016678107902407667 0.053000371903181076
v -0.03785002604126936 0.015880798920989057 0.05441785231232643
v -0.03338850662112241 0.025112036615610157 0.05523351579904556
v -0.03850325196981436 0.016056759282946607 0.05392000451683998
v -0.03382658958435064 0.02531342394649986 0.054841622710227966
v -0.03850325196981436 0.016056759282946607 0.05392000451683998
v -0.03338850662112241 0.025112036615610157 0.05523351579904556
v -0.04216699302196509 0.009514921344816697 0.051056794822216034
v -0.04137541726231581 0.00923388358205558 0.05214403569698334
v -0.040624193847179475 0.013343905098736304 0.05237632989883423
v -0.04137541726231581 0.00923388358205558 0.05214403569698334
v -0.03946815058588988 0.012899786233901995 0.053616445511579514
v -0.040624193847179475 0.013343905098736304 0.05237632989883423
v -0.03471982106566435 0.0069016786292195416 0.05517850071191788
v -0.030107356607914016 0.02288254350423816 0.056561585515737534
v -0.03414867818355566 0.01427638903260233 0.055782973766326904
v -0.03414867818355566 0.01427638903260233 0.055782973766326904
v -0.03589400649070745 0.009680389426648629 0.05528854578733444
v -0.03471982106566435 0.0069016786292195416 0.05517850071191788
v -0.03414867818355566 0.01427638903260233 0.055782973766326904
v -0.0351503267884255 0.01459119003266098 0.05563848093152046
v -0.03589400649070745 0.009680389426648629 0.05528854578733444
v -0.030107356607914016 0.02288254350423816 0.056561585515737534
v -0.030873559415340472 0.02326478809118274 0.05646166205406189
v -0.03414867818355566 0.01427638903260233 0.055782973766326904
v -0.03414867818355566 0.01427638903260233 0.055782973766326904
v -0.030873559415340472 0.02326478809118274 0.05646166205406189
v -0.0351503267884255 0.01459119003266098 0.05563848093152046
v -0.03720961883664137 0.015541396103799364 0.054848190397024155
v -0.03614745661616331 0.015203975141048452 0.05533117055892944
v -0.03227381780743604 0.02438511885702613 0.05598060414195061
v -0.03288470208644872 0.024687506258487733 0.055623020976781845
v -0.03720961883664137 0.015541396103799364 0.054848190397024155
v -0.03227381780743604 0.02438511885702613 0.05598060414195061
v -0.03720961883664137 0.015541396103799364 0.054848190397024155
v -0.03288470208644872 0.024687506258487733 0.055623020976781845
v -0.03785002604126936 0.015880798920989057 0.05441785231232643
v -0.03785002604126936 0.015880798920989057 0.05441785231232643
v -0.038169153034687105 0.012274409644305722 0.054540012031793594
v -0.03720961883664137 0.015541396103799364 0.054848190397024155
v -0.038169153034687105 0.012274409644305722 0.054540012031793594
v -0.03614745661616331 0.015203975141048452 0.05533117055892944
v -0.03720961883664137 0.015541396103799364 0.054848190397024155
v -0.031829915940761615 -0.014037559740245361 0.05317792668938637
v -0.03272544220089917 -0.01459713466465475 0.05289792641997337
v -0.02882406115531926 -0.018569927662611032 0.05277377367019653
v -0.031829915940761615 -0.014037559740245361 0.05317792668938637
v -0.02882406115531926 -0.018569927662611032 0.05277377367019653
v -0.02934830822050576 -0.014505528844892998 0.05330483987927437
v -0.02148527838289741 -0.02329462394118312 0.052535444498062134
v -0.020525429397821458 -0.026477944105863606 0.0520707443356514
v -0.011356061324477213 -0.029353972524404564 0.05199252441525459
v -0.020525429397821458 -0.026477944105863606 0.0520707443356514
v -0.02148527838289741 -0.02329462394118312 0.052535444498062134
v -0.02566627413034443 -0.022221680730581315 0.0524495430290699
v -0.03105107881128793 -0.024393664672970803 0.049879107624292374
v -0.03344324976205831 -0.021261025220155744 0.05020715668797493
v -0.03182771801948552 -0.024923976510763203 0.04902849346399307
v -0.032668035477399875 0.06294916570186623 0.030357765033841133
v -0.03651817142963415 0.06294916570186623 0.0256253182888031
v -0.03320428356528287 0.06220110505819329 0.030358536168932915
v -0.03320428356528287 0.06220110505819329 0.030358536168932915
v -0.03274618461728101 0.02756719850003723 0.054663415998220444
v -0.032668035477399875 0.06294916570186623 0.030357765033841133
v -0.032668035477399875 0.06294916570186623 0.030357765033841133
v -0.04367193579673774 0.06294966489076623 -0.00978706032037735
v -0.03651817142963415 0.06294916570186623 0.0256253182888031
v -0.028209360316395805 0.06294917315244683 0.034521885216236115
v -0.04367193579673774 0.06294966489076623 -0.00978706032037735
v -0.032668035477399875 0.06294916570186623 0.030357765033841133
v 0.02311802282929424 -0.022556217387318642 0.052590563893318176
v 0.0266587790101767 -0.02114349231123927 0.05254474654793739
v 0.029759583994746253 -0.01736664772033694 0.05288029834628105
v 0.0266587790101767 -0.02114349231123927 0.05254474654793739
v 0.028677929192781493 -0.02059359475970271 0.05235171690583229
v 0.029759583994746253 -0.01736664772033694 0.05288029834628105
v -0.00678088003769518 -0.033420663326978725 0.05118103325366974
v -0.008391855284571662 -0.031844988465309185 0.05158907175064087
v -0.011909683234989662 -0.032121971249580425 0.051303207874298096
v 0.03186574578285222 -0.024880029261112248 0.04903308302164078
v 0.032578203827142764 -0.02535103261470798 0.048095837235450745
v 0.03426948189735418 -0.02167532034218314 0.04938460886478424
v 0.03346002101898198 -0.021237676963210134 0.05021001771092415
v 0.03186574578285222 -0.024880029261112248 0.04903308302164078
v 0.03426948189735418 -0.02167532034218314 0.04938460886478424
v 0.03322857618331914 -0.01691354624927046 0.052135445177555084
v 0.034643486142158564 -0.017515556886792207 0.05126502364873886
v 0.034952994436025675 -0.01362296752631666 0.05244796723127365
v 0.03322857618331914 -0.01691354624927046 0.052135445177555084
v 0.034952994436025675 -0.01362296752631666 0.05244796723127365
v 0.03262929618358617 -0.014777270145714302 0.052880823612213135
v 0.025592148303985634 0.03182647377252583 0.05680584907531738
v 0.021990368142724072 0.03331485390663151 0.05733229219913483
v 0.02485179342329506 0.030855713412165683 0.05712507292628288
v 0.02485179342329506 0.030855713412165683 0.05712507292628288
v 0.028399536386132285 0.02904873713850979 0.056536659598350525
v 0.025592148303985634 0.03182647377252583 0.05680584907531738
v 0.025592148303985634 0.03182647377252583 0.05680584907531738
v 0.028399536386132285 0.02904873713850979 0.056536659598350525
v 0.02921555936336522 0.02994674816727642 0.05592872574925423
v 0.02921555936336522 0.02994674816727642 0.05592872574925423
v 0.026286689564585727 0.032752785831689876 0.05623107776045799
v 0.025592148303985634 0.03182647377252583 0.05680584907531738
v 0.02975614927709107 0.030564647167921108 0.05529801547527313
v 0.028209166601300285 0.06294920295476922 0.03452190011739731
v 0.0268942024558783 0.0335839688777924 0.05541479215025902
v 0.02975614927709107 0.030564647167921108 0.05529801547527313
v 0.03023092634975915 0.031109564006328624 0.054559506475925446
v 0.028209166601300285 0.06294920295476922 0.03452190011739731
v 0.02975614927709107 0.030564647167921108 0.05529801547527313
v 0.026286689564585727 0.032752785831689876 0.05623107776045799
v 0.02921555936336522 0.02994674816727642 0.05592872574925423
v 0.02975614927709107 0.030564647167921108 0.05529801547527313
v 0.0268942024558783 0.0335839688777924 0.05541479215025902
v 0.026286689564585727 0.032752785831689876 0.05623107776045799
v 0.02921555936336522 0.02994674816727642 0.05592872574925423
v 0.03244528546929364 0.027483848854899445 0.0549350380897522
v 0.02975614927709107 0.030564647167921108 0.05529801547527313
v 0.02975614927709107 0.030564647167921108 0.05529801547527313
v 0.03244528546929364 0.027483848854899445 0.0549350380897522
v 0.03294375166296964 0.02803320251405243 0.05418571084737778
v 0.03294375166296964 0.02803320251405243 0.05418571084737778
v 0.03023092634975915 0.031109564006328624 0.054559506475925446
v 0.02975614927709107 0.030564647167921108 0.05529801547527313
v -0.002037046942859891 0.041837763041257914 0.05765992030501366
v 0.0011074481299147027 0.04184496775269514 0.05768464133143425
v 2.0105049770791114e-05 0.042601644992828425 0.05730833113193512
v 2.0105049770791114e-05 0.042601644992828425 0.05730833113193512
v -0.0020494440104812414 0.04254859685897833 0.05730240419507027
v -0.002037046942859891 0.041837763041257914 0.05765992030501366
v -0.002037046942859891 0.041837763041257914 0.05765992030501366
v -0.0020494440104812414 0.04254859685897833 0.05730240419507027
v -0.004107301589101559 0.04238801077008253 0.05728456750512123
v 0.007843769155442727 0.03979733586311346 0.057930853217840195
v 0.008003548718988908 0.04079857468605047 0.05768049880862236
v 0.004077407531440264 0.0404671654105187 0.057980701327323914
v 0.007843769155442727 0.03979733586311346 0.057930853217840195
v 0.007355450186878454 0.03902960196137433 0.05798399820923805
v 0.011619333177804964 0.03875529393553739 0.05783336982131004
v 0.011619333177804964 0.03875529393553739 0.05783336982131004
v 0.011882446706295033 0.03974836692214018 0.05757741257548332
v 0.007843769155442727 0.03979733586311346 0.057930853217840195
v 0.007843769155442727 0.03979733586311346 0.057930853217840195
v 0.011882446706295033 0.03974836692214018 0.05757741257548332
v 0.008003548718988908 0.04079857468605047 0.05768049880862236
v 0.004077407531440264 0.0404671654105187 0.057980701327323914
v 0.0017697871662676363 0.04016148671507841 0.05805104970932007
v 0.007843769155442727 0.03979733586311346 0.057930853217840195
v 0.0017697871662676363 0.04016148671507841 0.05805104970932007
v 0.007355450186878454 0.03902960196137433 0.05798399820923805
v 0.007843769155442727 0.03979733586311346 0.057930853217840195
v 0.02805259637534623 0.01885655894875529 0.05622138828039169
v 0.031876515597105075 0.014142259024083633 0.05580856651067734
v 0.025735396891832393 0.02855584956705574 0.057067934423685074
v 0.019559698179364236 0.016443701460957548 0.056014250963926315
v 0.02805259637534623 0.01885655894875529 0.05622138828039169
v 0.025735396891832393 0.02855584956705574 0.057067934423685074
v 0.02805259637534623 0.01885655894875529 0.05622138828039169
v 0.019559698179364236 0.016443701460957548 0.056014250963926315
v 0.031876515597105075 0.014142259024083633 0.05580856651067734
v -0.007766282185912144 0.0398219488561154 0.05793149396777153
v -0.00327866012230516 0.040004480630159434 0.05804912745952606
v -0.004910824354738005 0.040862336754798945 0.05788017436861992
v 0.02005990780889991 0.033519338816404384 0.05750137194991112
v 0.013547527603805086 0.03712162747979169 0.05781704559922218
v 0.025735396891832393 0.02855584956705574 0.057067934423685074
v 0.013547527603805086 0.03712162747979169 0.05781704559922218
v 0.02005990780889991 0.033519338816404384 0.05750137194991112
v 0.018674366176128415 0.035483714193105746 0.05754253268241882
v 0.02005990780889991 0.033519338816404384 0.05750137194991112
v 0.021990368142724072 0.03331485390663151 0.05733229219913483
v 0.018674366176128415 0.035483714193105746 0.05754253268241882
v 0.02005990780889991 0.033519338816404384 0.05750137194991112
v 0.025735396891832393 0.02855584956705574 0.057067934423685074
v 0.02485179342329506 0.030855713412165683 0.05712507292628288
v 0.02005990780889991 0.033519338816404384 0.05750137194991112
v 0.02485179342329506 0.030855713412165683 0.05712507292628288
v 0.021990368142724072 0.03331485390663151 0.05733229219913483
v -0.00019403078476898402 -0.040508016943931635 0.04729069769382477
v -0.005470969714224347 -0.04035659879446035 0.04646578058600426
v -0.00757401390001179 -0.041010931134223993 0.045167695730924606
v -0.00757401390001179 -0.041010931134223993 0.045167695730924606
v -0.005470969714224347 -0.04035659879446035 0.04646578058600426
v -0.008218064904212964 -0.03997879847884184 0.046421609818935394
v -0.00019403078476898402 -0.040508016943931635 0.04729069769382477
v -0.008218064904212964 -0.03997879847884184 0.046421609818935394
v -0.005470969714224347 -0.04035659879446035 0.04646578058600426
v -0.01225687377154829 -0.038966402411460925 0.04653863236308098
v -0.008218064904212964 -0.03997879847884184 0.046421609818935394
v -0.011952389031648655 -0.038091901689767886 0.04758848994970322
v 0.01228943746536972 -0.038957510143518496 0.04653967171907425
v 0.016179684549570108 -0.03755921497941022 0.04670057073235512
v 0.01578244008123877 -0.03673110529780393 0.04773816466331482
v 0.011454454623162764 -0.040063019841909464 0.045376237481832504
v 0.014567118138074897 -0.03905918449163442 0.045492883771657944
v 0.01228943746536972 -0.038957510143518496 0.04653967171907425
v 0.01228943746536972 -0.038957510143518496 0.04653967171907425
v 0.014567118138074897 -0.03905918449163442 0.045492883771657944
v 0.016179684549570108 -0.03755921497941022 0.04670057073235512
v 0.008433440700173392 -0.03309013694524769 0.05121863633394241
v 0.013408856466412565 -0.031554974615573925 0.05135123431682587
v 0.011179980821907538 -0.03108133375644688 0.05165546014904976
v 0.009026133455336108 -0.03419891744852071 0.05073913186788559
v 0.013408856466412565 -0.031554974615573925 0.05135123431682587
v 0.008433440700173392 -0.03309013694524769 0.05121863633394241
v 0.008433440700173392 -0.03309013694524769 0.05121863633394241
v 0.011179980821907538 -0.03108133375644688 0.05165546014904976
v 0.006569758988916884 -0.03217427060008053 0.051562320441007614
v 0.013912731781601927 -0.0326783768832684 0.0508631132543087
v 0.017176607623696355 -0.031216567382216495 0.05100007355213165
v 0.013408856466412565 -0.031554974615573925 0.05135123431682587
v 0.013912731781601927 -0.0326783768832684 0.0508631132543087
v 0.013408856466412565 -0.031554974615573925 0.05135123431682587
v 0.009026133455336108 -0.03419891744852071 0.05073913186788559
v 0.017276180908083943 -0.0284806247800589 0.05188824608922005
v 0.01885510794818404 -0.02572989091277126 0.0523153692483902
v 0.0136704705655575 -0.028817219659686127 0.052011407911777496
v 0.017276180908083943 -0.0284806247800589 0.05188824608922005
v 0.0136704705655575 -0.028817219659686127 0.052011407911777496
v 0.011179980821907538 -0.03108133375644688 0.05165546014904976
v 0.011179980821907538 -0.03108133375644688 0.05165546014904976
v 0.013408856466412565 -0.031554974615573925 0.05135123431682587
v 0.017276180908083943 -0.0284806247800589 0.05188824608922005
v 0.0189207270741463 -0.03415006771683698 0.048858270049095154
v 0.0153507646173239 -0.03581517934799199 0.048683762550354004
v 0.01578244008123877 -0.03673110529780393 0.04773816466331482
v 0.011984149925410767 -0.03808331117033963 0.04758945479989052
v 0.01578244008123877 -0.03673110529780393 0.04773816466331482
v 0.0153507646173239 -0.03581517934799199 0.048683762550354004
v 0.011984149925410767 -0.03808331117033963 0.04758945479989052
v 0.01228943746536972 -0.038957510143518496 0.04653967171907425
v 0.01578244008123877 -0.03673110529780393 0.04773816466331482
v 0.016179684549570108 -0.03755921497941022 0.04670057073235512
v 0.017405468970537213 -0.03792158141732221 0.045636363327503204
v 0.019925115630030663 -0.03577589988708501 0.04690457880496979
v 0.017405468970537213 -0.03792158141732221 0.045636363327503204
v 0.020358031615614922 -0.03645398840308194 0.04580524191260338
v 0.019925115630030663 -0.03577589988708501 0.04690457880496979
v 0.020358031615614922 -0.03645398840308194 0.04580524191260338
v 0.017405468970537213 -0.03792158141732221 0.045636363327503204
v 0.017825897783041028 -0.03849790245294576 0.04446521773934364
v 0.017405468970537213 -0.03792158141732221 0.045636363327503204
v 0.016179684549570108 -0.03755921497941022 0.04670057073235512
v 0.014567118138074897 -0.03905918449163442 0.045492883771657944
v 0.018362913280725507 -0.03322447091341023 0.049686282873153687
v 0.0189207270741463 -0.03415006771683698 0.048858270049095154
v 0.021661758422851597 -0.03130327165126805 0.049879491329193115
v 0.021661758422851597 -0.03130327165126805 0.049879491329193115
v 0.020987078547477753 -0.03039899654686455 0.05058056116104126
v 0.018362913280725507 -0.03322447091341023 0.049686282873153687
v 0.0153507646173239 -0.03581517934799199 0.048683762550354004
v 0.018362913280725507 -0.03322447091341023 0.049686282873153687
v 0.014890730381011985 -0.03482441231608396 0.049525268375873566
v 0.018362913280725507 -0.03322447091341023 0.049686282873153687
v 0.0153507646173239 -0.03581517934799199 0.048683762550354004
v 0.0189207270741463 -0.03415006771683698 0.048858270049095154
v 0.023464228957891502 -0.03364350274205212 0.04714847356081009
v 0.020358031615614922 -0.03645398840308194 0.04580524191260338
v 0.02396293170750145 -0.03426232188940053 0.04606768861413002
v 0.020358031615614922 -0.03645398840308194 0.04580524191260338
v 0.023464228957891502 -0.03364350274205212 0.04714847356081009
v 0.019925115630030663 -0.03577589988708501 0.04690457880496979
v 0.024754388257861176 -0.029082661494612732 0.050102654844522476
v 0.027634948492050213 -0.026559852063655888 0.05035572126507759
v 0.026815328747034115 -0.02583917044103149 0.0510215163230896
v 0.0189207270741463 -0.03415006771683698 0.048858270049095154
v 0.022305702790617978 -0.0321537628769875 0.04906738921999931
v 0.021661758422851597 -0.03130327165126805 0.049879491329193115
v 0.022305702790617978 -0.0321537628769875 0.04906738921999931
v 0.024754388257861176 -0.029082661494612732 0.050102654844522476
v 0.021661758422851597 -0.03130327165126805 0.049879491329193115
v 0.026764554902911228 -0.031187141314148945 0.04742932319641113
v 0.023464228957891502 -0.03364350274205212 0.04714847356081009
v 0.02396293170750145 -0.03426232188940053 0.04606768861413002
v 0.02614625170826916 -0.030554119497537655 0.04841367155313492
v 0.023464228957891502 -0.03364350274205212 0.04714847356081009
v 0.026764554902911228 -0.031187141314148945 0.04742932319641113
v -0.022181862965226208 0.03384528309106831 0.057228658348321915
v -0.022817358374595677 0.03478662669658666 0.05680500343441963
v -0.025585701689124146 0.03183514252305035 0.05680670216679573
v -0.022181862965226208 0.03384528309106831 0.057228658348321915
v -0.024760438129305878 0.031015014275908512 0.05712472274899483
v -0.021436786279082333 0.03301992639899258 0.05741329491138458
v -0.022181862965226208 0.03384528309106831 0.057228658348321915
v -0.025585701689124146 0.03183514252305035 0.05680670216679573
v -0.024760438129305878 0.031015014275908512 0.05712472274899483
v -0.03963574767112738 0.017792658880352998 0.05213382467627525
v -0.040624193847179475 0.013343905098736304 0.05237632989883423
v -0.03929825872182852 0.016678107902407667 0.053000371903181076
v -0.03963574767112738 0.017792658880352998 0.05213382467627525
v -0.04152965918183333 0.013769595883786697 0.05085833743214607
v -0.040624193847179475 0.013343905098736304 0.05237632989883423
v -0.03963574767112738 0.017792658880352998 0.05213382467627525
v -0.03929825872182852 0.016678107902407667 0.053000371903181076
v -0.03845243901014334 0.02095867134630683 0.05207066610455513
v -0.03963574767112738 0.017792658880352998 0.05213382467627525
v -0.04038165882229811 0.01790658943355086 0.0506548173725605
v -0.04152965918183333 0.013769595883786697 0.05085833743214607
v -0.04042627662420279 0.06219112873077401 0.01976081170141697
v -0.03963574767112738 0.017792658880352998 0.05213382467627525
v -0.03845243901014334 0.02095867134630683 0.05207066610455513
v -0.03963574767112738 0.017792658880352998 0.05213382467627525
v -0.04042627662420279 0.06219112873077401 0.01976081170141697
v -0.04038165882229811 0.01790658943355086 0.0506548173725605
v -0.0434923209249974 0.0012986094225198048 0.04912060499191284
v -0.043242864310741494 0.005521161947399385 0.049696799367666245
v -0.04417715221643455 0.0014687719522044082 0.047333959490060806
v -0.042526591569185326 -0.002997238188982014 0.049861595034599304
v -0.04243708401918418 0.0011323023354634658 0.050795454531908035
v -0.0434923209249974 0.0012986094225198048 0.04912060499191284
v -0.003079047659412031 -0.03379659354686741 0.05117383971810341
v 0.002023196779191497 -0.03310833498835568 0.051418643444776535
v -0.0015654339222237492 -0.032991282641887706 0.05145580694079399
v 0.002023196779191497 -0.03310833498835568 0.051418643444776535
v 0.008433440700173392 -0.03309013694524769 0.05121863633394241
v 0.006569758988916884 -0.03217427060008053 0.051562320441007614
v 0.002023196779191497 -0.03310833498835568 0.051418643444776535
v 0.006569758988916884 -0.03217427060008053 0.051562320441007614
v 0.006182976067066202 -0.030814781785011333 0.05185861513018608
v 0.002023196779191497 -0.03310833498835568 0.051418643444776535
v -0.0032009410206228542 -0.03130941838026051 0.051807962357997894
v -0.0015654339222237492 -0.032991282641887706 0.05145580694079399
v -0.0032009410206228542 -0.03130941838026051 0.051807962357997894
v 0.002023196779191497 -0.03310833498835568 0.051418643444776535
v 0.006182976067066202 -0.030814781785011333 0.05185861513018608
v 0.009026133455336108 -0.03419891744852071 0.05073913186788559
v 0.004830718971788891 -0.0359088927507401 0.050197239965200424
v 0.007355751004070055 -0.0358270294964314 0.050053782761096954
v -0.031901415437459994 0.02684607915580276 0.055568985641002655
v -0.02920945547521119 0.029952099546790165 0.05592907592654228
v -0.03274618461728101 0.02756719850003723 0.054663415998220444
v -0.03274618461728101 0.02756719850003723 0.054663415998220444
v -0.03382658958435064 0.02531342394649986 0.054841622710227966
v -0.031901415437459994 0.02684607915580276 0.055568985641002655
v -0.031901415437459994 0.02684607915580276 0.055568985641002655
v -0.03382658958435064 0.02531342394649986 0.054841622710227966
v -0.03338850662112241 0.025112036615610157 0.05523351579904556
v -0.031901415437459994 0.02684607915580276 0.055568985641002655
v -0.03095145523548131 0.026085136458277737 0.05620962381362915
v -0.02920945547521119 0.029952099546790165 0.05592907592654228
v -0.031901415437459994 0.02684607915580276 0.055568985641002655
v -0.03338850662112241 0.025112036615610157 0.05523351579904556
v -0.03288470208644872 0.024687506258487733 0.055623020976781845
v -0.03095145523548131 0.026085136458277737 0.05620962381362915
v -0.031901415437459994 0.02684607915580276 0.055568985641002655
v -0.03288470208644872 0.024687506258487733 0.055623020976781845
v -0.03164847195148473 0.02382156811654571 0.056269433349370956
v -0.030873559415340472 0.02326478809118274 0.05646166205406189
v -0.02971579879522328 0.025425646454095875 0.05662500858306885
v -0.03164847195148473 0.02382156811654571 0.056269433349370956
v -0.03095145523548131 0.026085136458277737 0.05620962381362915
v -0.03227381780743604 0.02438511885702613 0.05598060414195061
v -0.02971579879522328 0.025425646454095875 0.05662500858306885
v -0.03095145523548131 0.026085136458277737 0.05620962381362915
v -0.03164847195148473 0.02382156811654571 0.056269433349370956
v -0.03164847195148473 0.02382156811654571 0.056269433349370956
v -0.03227381780743604 0.02438511885702613 0.05598060414195061
v -0.03614745661616331 0.015203975141048452 0.05533117055892944
v -0.03164847195148473 0.02382156811654571 0.056269433349370956
v -0.03614745661616331 0.015203975141048452 0.05533117055892944
v -0.0351503267884255 0.01459119003266098 0.05563848093152046
v -0.0351503267884255 0.01459119003266098 0.05563848093152046
v -0.030873559415340472 0.02326478809118274 0.05646166205406189
v -0.03164847195148473 0.02382156811654571 0.056269433349370956
v 0.038959991186857286 0.008552432060241711 0.05415567383170128
v 0.040425345301628175 0.008971152827143681 0.05312693119049072
v 0.038227401673793855 0.012286709621548668 0.05450810119509697
v 0.039370600134134355 0.004699051845818764 0.053771015256643295
v 0.038959991186857286 0.008552432060241711 0.05415567383170128
v 0.037359960377216395 0.008122281171381484 0.05484316870570183
v 0.038959991186857286 0.008552432060241711 0.05415567383170128
v 0.039370600134134355 0.004699051845818764 0.053771015256643295
v 0.040931407362222734 0.004989416338503368 0.052687983959913254
v 0.040425345301628175 0.008971152827143681 0.05312693119049072
v 0.038959991186857286 0.008552432060241711 0.05415567383170128
v 0.040931407362222734 0.004989416338503368 0.052687983959913254
v 0.038959991186857286 0.008552432060241711 0.05415567383170128
v 0.036682441830635126 0.01195543352514507 0.05518929660320282
v 0.037359960377216395 0.008122281171381484 0.05484316870570183
v 0.038959991186857286 0.008552432060241711 0.05415567383170128
v 0.038227401673793855 0.012286709621548668 0.05450810119509697
v 0.036682441830635126 0.01195543352514507 0.05518929660320282
v 0.039559297263622346 0.012929230928421038 0.05353541299700737
v 0.0377951785922051 0.015791358426213285 0.05447310954332352
v 0.038227401673793855 0.012286709621548668 0.05450810119509697
v 0.040425345301628175 0.008971152827143681 0.05312693119049072
v 0.039559297263622346 0.012929230928421038 0.05353541299700737
v 0.038227401673793855 0.012286709621548668 0.05450810119509697
v 0.039559297263622346 0.012929230928421038 0.05353541299700737
v 0.03863569349050528 0.01631923019886019 0.05373809486627579
v 0.0377951785922051 0.015791358426213285 0.05447310954332352
v 0.04165763407945639 0.009361460804939282 0.051805634051561356
v 0.04258522763848312 0.009702518582344067 0.0502760075032711
v 0.04115496203303343 0.013601794838905352 0.051568496972322464
v 0.040425345301628175 0.008971152827143681 0.05312693119049072
v 0.04224686324596411 0.005274089053273208 0.05130212754011154
v 0.04165763407945639 0.009361460804939282 0.051805634051561356
v 0.04324153810739524 0.005537942983210095 0.049700818955898285
v 0.04258522763848312 0.009702518582344067 0.0502760075032711
v 0.04165763407945639 0.009361460804939282 0.051805634051561356
v 0.04165763407945639 0.009361460804939282 0.051805634051561356
v 0.04224686324596411 0.005274089053273208 0.05130212754011154
v 0.04324153810739524 0.005537942983210095 0.049700818955898285
v 0.03686702251434332 0.015381380915641805 0.05503826215863228
v 0.03217125684022908 0.024322740733623536 0.056038931012153625
v 0.03598498925566679 0.01498349104076626 0.05540776625275612
v 0.03686702251434332 0.015381380915641805 0.05503826215863228
v 0.038227401673793855 0.012286709621548668 0.05450810119509697
v 0.0377951785922051 0.015791358426213285 0.05447310954332352
v 0.03686702251434332 0.015381380915641805 0.05503826215863228
v 0.036682441830635126 0.01195543352514507 0.05518929660320282
v 0.038227401673793855 0.012286709621548668 0.05450810119509697
v 0.03686702251434332 0.015381380915641805 0.05503826215863228
v 0.03598498925566679 0.01498349104076626 0.05540776625275612
v 0.036682441830635126 0.01195543352514507 0.05518929660320282
v 0.027636425569653553 0.028070675209164658 0.05685891583561897
v 0.03024260327219968 0.02287207730114463 0.05654272064566612
v 0.030939288437366534 0.023414893075823815 0.056468140333890915
v 0.03409546613693243 0.014282341115176697 0.05578763037919998
v 0.030939288437366534 0.023414893075823815 0.056468140333890915
v 0.03024260327219968 0.02287207730114463 0.05654272064566612
v 0.03409546613693243 0.014282341115176697 0.05578763037919998
v 0.031876515597105075 0.014142259024083633 0.05580856651067734
v 0.035354491323232706 0.00565389636904002 0.055053357034921646
v 0.03409546613693243 0.014282341115176697 0.05578763037919998
v 0.03024260327219968 0.02287207730114463 0.05654272064566612
v 0.031876515597105075 0.014142259024083633 0.05580856651067734
v 0.03161525726318364 -0.02860835753381256 0.045705389231443405
v 0.03377250209450727 -0.02609583362936977 0.04601723328232765
v 0.033216238021850635 -0.025757748633623158 0.04708539694547653
v 0.033216238021850635 -0.025757748633623158 0.04708539694547653
v 0.03377250209450727 -0.02609583362936977 0.04601723328232765
v 0.035673283040523585 -0.02239370159804824 0.0474909245967865
v 0.03811864554882056 -0.014603340998291988 0.05016157776117325
v 0.03712011501193052 -0.018545260652899766 0.04887867718935013
v 0.03888444602489478 -0.014820407144725342 0.049307931214571
v 0.04061965271830565 -0.011046120896935477 0.04932830110192299
v 0.03888444602489478 -0.014820407144725342 0.049307931214571
v 0.03956698626279837 -0.014999634586274645 0.04838504269719124
v 0.037797495722770746 -0.018800515681505228 0.047925107181072235
v 0.03956698626279837 -0.014999634586274645 0.04838504269719124
v 0.03888444602489478 -0.014820407144725342 0.049307931214571
v 0.03888444602489478 -0.014820407144725342 0.049307931214571
v 0.03712011501193052 -0.018545260652899766 0.04887867718935013
v 0.037797495722770746 -0.018800515681505228 0.047925107181072235
v 0.03888444602489478 -0.014820407144725342 0.049307931214571
v 0.03950202837586409 -0.010845208540558829 0.05057753250002861
v 0.03811864554882056 -0.014603340998291988 0.05016157776117325
v 0.03888444602489478 -0.014820407144725342 0.049307931214571
v 0.04061965271830565 -0.011046120896935477 0.04932830110192299
v 0.03950202837586409 -0.010845208540558829 0.05057753250002861
v 0.0350105799734593 -0.022062376141548184 0.04847376048564911
v 0.036361381411552485 -0.018243113532662416 0.0497615821659565
v 0.03426948189735418 -0.02167532034218314 0.04938460886478424
v 0.0350105799734593 -0.022062376141548184 0.04847376048564911
v 0.03712011501193052 -0.018545260652899766 0.04887867718935013
v 0.036361381411552485 -0.018243113532662416 0.0497615821659565
v 0.035673283040523585 -0.02239370159804824 0.0474909245967865
v 0.03712011501193052 -0.018545260652899766 0.04887867718935013
v 0.0350105799734593 -0.022062376141548184 0.04847376048564911
v 0.0350105799734593 -0.022062376141548184 0.04847376048564911
v 0.03426948189735418 -0.02167532034218314 0.04938460886478424
v 0.032578203827142764 -0.02535103261470798 0.048095837235450745
v 0.032578203827142764 -0.02535103261470798 0.048095837235450745
v 0.033216238021850635 -0.025757748633623158 0.04708539694547653
v 0.0350105799734593 -0.022062376141548184 0.04847376048564911
v 0.0350105799734593 -0.022062376141548184 0.04847376048564911
v 0.033216238021850635 -0.025757748633623158 0.04708539694547653
v 0.035673283040523585 -0.02239370159804824 0.0474909245967865
v 0.03728019818663603 -0.014351354911923428 0.05093305930495262
v 0.03811864554882056 -0.014603340998291988 0.05016157776117325
v 0.03950202837586409 -0.010845208540558829 0.05057753250002861
v 0.0382314026355744 -0.01060520857572557 0.051667470484972
v 0.03728019818663603 -0.014351354911923428 0.05093305930495262
v 0.03950202837586409 -0.010845208540558829 0.05057753250002861
v 0.03728019818663603 -0.014351354911923428 0.05093305930495262
v 0.036361381411552485 -0.018243113532662416 0.0497615821659565
v 0.03811864554882056 -0.014603340998291988 0.05016157776117325
v 0.03728019818663603 -0.014351354911923428 0.05093305930495262
v 0.03553169593214994 -0.017898119986057306 0.05056063458323479
v 0.036361381411552485 -0.018243113532662416 0.0497615821659565
v 0.03545572608709341 -0.00821418408304454 0.053477782756090164
v 0.034952994436025675 -0.01362296752631666 0.05244796723127365
v 0.03634880483150488 -0.010198971256613745 0.05277382954955101
v 0.03940553963184363 0.0008605518378317368 0.05338849127292633
v 0.0376128144562245 0.0007307070191018293 0.054160404950380325
v 0.03906777873635298 -0.0029742687474936286 0.05300755426287651
v 0.03906777873635298 -0.0029742687474936286 0.05300755426287651
v 0.0376128144562245 0.0007307070191018293 0.054160404950380325
v 0.037202890962362345 -0.002927575958892707 0.053822942078113556
v 0.03927012532949454 -0.006855768617242584 0.05205526202917099
v 0.03950202837586409 -0.010845208540558829 0.05057753250002861
v 0.04090894386172301 -0.007008254993706951 0.05063214898109436
v 0.03927012532949454 -0.006855768617242584 0.05205526202917099
v 0.0382314026355744 -0.01060520857572557 0.051667470484972
v 0.03950202837586409 -0.010845208540558829 0.05057753250002861
v 0.04303399100899703 -0.01891299150884154 0.023965753614902496
v 0.041273955255746904 -0.01792778074741366 -0.05645120143890381
v 0.043969444930553506 -0.01662391796708109 0.024840103462338448
v 0.04440471902489669 -0.002441545017063621 0.044997259974479675
v 0.046800874173641274 -0.002870042575523261 0.031775329262018204
v 0.046894934028387146 0.0004396923177409923 0.033079784363508224
v 0.04693581163883217 0.002001509768888357 0.03296160697937012
v 0.04669491574168212 0.0040242820978164725 0.034664757549762726
v 0.046894934028387146 0.0004396923177409923 0.033079784363508224
v 0.04693581163883217 0.002001509768888357 0.03296160697937012
v 0.04698366671800621 -0.0014858037466183324 0.031042708083987236
v 0.04693944007158287 0.0026023311074823176 0.03226049989461899
v 0.04693581163883217 0.002001509768888357 0.03296160697937012
v 0.046894934028387146 0.0004396923177409923 0.033079784363508224
v 0.04698366671800621 -0.0014858037466183324 0.031042708083987236
v 0.046248357743024895 0.007503845263272534 0.03611826151609421
v 0.04669491574168212 0.0040242820978164725 0.034664757549762726
v 0.04665641859173782 0.0053702956065535615 0.03445853292942047
v 0.044894423335790704 0.062429614365100944 0.002918943529948592
v 0.04428902640938766 0.06217851489782342 0.008208872750401497
v 0.04665641859173782 0.0053702956065535615 0.03445853292942047
v 0.04428902640938766 0.06217851489782342 0.008208872750401497
v 0.046248357743024895 0.007503845263272534 0.03611826151609421
v 0.04665641859173782 0.0053702956065535615 0.03445853292942047
v 0.04669491574168212 0.0040242820978164725 0.034664757549762726
v 0.04693581163883217 0.002001509768888357 0.03296160697937012
v 0.04665641859173782 0.0053702956065535615 0.03445853292942047
v 0.04665641859173782 0.0053702956065535615 0.03445853292942047
v 0.04693944007158287 0.0026023311074823176 0.03226049989461899
v 0.044894423335790704 0.062429614365100944 0.002918943529948592
v 0.04665641859173782 0.0053702956065535615 0.03445853292942047
v 0.04693581163883217 0.002001509768888357 0.03296160697937012
v 0.04693944007158287 0.0026023311074823176 0.03226049989461899
v 0.046852484345436166 -0.003488802583888178 0.029545219615101814
v 0.04458026215434081 -0.006127384956926115 -0.05645120143890381
v 0.04499938338994987 3.450306707009081e-08 -0.05645120143890381
v 0.046852484345436166 -0.003488802583888178 0.029545219615101814
v 0.04499938338994987 3.450306707009081e-08 -0.05645120143890381
v 0.04698366671800621 -0.0014858037466183324 0.031042708083987236
v 0.04698366671800621 -0.0014858037466183324 0.031042708083987236
v 0.046757884323597024 -0.004546296317130333 0.030142974108457565
v 0.046852484345436166 -0.003488802583888178 0.029545219615101814
v 0.04458026215434081 -0.006127384956926115 -0.05645120143890381
v 0.04609612375497825 -0.009038464166224015 0.027299735695123672
v 0.04587334394454963 -0.010218535549938693 0.027609851211309433
v 0.04587334394454963 -0.010218535549938693 0.027609851211309433
v 0.04333069175481803 -0.012140665203332917 -0.05645120143890381
v 0.04458026215434081 -0.006127384956926115 -0.05645120143890381
v 0.04609612375497825 -0.009038464166224015 0.027299735695123672
v 0.046374641358852456 -0.007520232815295468 0.028942948207259178
v 0.04587334394454963 -0.010218535549938693 0.027609851211309433
v -0.04211859777569777 0.06294916570186623 -0.015120895579457283
v -0.039688032120466295 0.06294916570186623 -0.020716611295938492
v -0.04220226407051093 0.062192279845476234 -0.01597956381738186
v -0.04211859777569777 0.06294916570186623 -0.015120895579457283
v -0.04367193579673774 0.06294966489076623 -0.00978706032037735
v -0.039688032120466295 0.06294916570186623 -0.020716611295938492
v -0.04220226407051093 0.062192279845476234 -0.01597956381738186
v -0.04392695054411895 0.062161397188901985 -0.010161769576370716
v -0.04211859777569777 0.06294916570186623 -0.015120895579457283
v -0.04367193579673774 0.06294966489076623 -0.00978706032037735
v -0.04211859777569777 0.06294916570186623 -0.015120895579457283
v -0.04392695054411895 0.062161397188901985 -0.010161769576370716
v -0.044595297425985406 0.06294916570186623 0.0028984337113797665
v -0.044979188591241906 0.0624740421772004 0.002020383020862937
v -0.044230904430151055 0.062200944870710456 0.008637548424303532
v 0.04144563898444182 -0.013466478325426596 -0.057051192969083786
v 0.039168119430542055 -0.019103547558188463 -0.057051196694374084
v 0.042916465550661156 -0.007567302323877822 -0.057051192969083786
v 0.039168119430542055 -0.019103547558188463 -0.057051196694374084
v 0.04355197399854667 -0.0015208350960165282 -0.057051192969083786
v 0.042916465550661156 -0.007567302323877822 -0.057051192969083786
v 0.042916465550661156 -0.007567302323877822 -0.057051192969083786
v 0.04355197399854667 -0.0015208350960165282 -0.057051192969083786
v 0.04458026215434081 -0.006127384956926115 -0.05645120143890381
v 0.042916465550661156 -0.007567302323877822 -0.057051192969083786
v 0.04333069175481803 -0.012140665203332917 -0.05645120143890381
v 0.04144563898444182 -0.013466478325426596 -0.057051192969083786
v 0.042916465550661156 -0.007567302323877822 -0.057051192969083786
v 0.04458026215434081 -0.006127384956926115 -0.05645120143890381
v 0.04333069175481803 -0.012140665203332917 -0.05645120143890381
v 0.030272159725427676 0.03134781122207646 -0.057051196694374084
v 0.03490651026368147 0.02839861437678341 -0.05645120516419411
v 0.034340318292379435 0.02682966366410259 -0.057051196694374084
v 0.034340318292379435 0.02682966366410259 -0.057051196694374084
v 0.03774008899927145 0.02178930118680003 -0.057051196694374084
v 0.02561477571725849 0.03525580838322644 -0.05705120041966438
v 0.02561477571725849 0.03525580838322644 -0.05705120041966438
v 0.030272159725427676 0.03134781122207646 -0.057051196694374084
v 0.034340318292379435 0.02682966366410259 -0.057051196694374084
v 0.034340318292379435 0.02682966366410259 -0.057051196694374084
v 0.03844832256436354 0.023381002247333558 -0.05645120516419411
v 0.03774008899927145 0.02178930118680003 -0.057051196694374084
v 0.034340318292379435 0.02682966366410259 -0.057051196694374084
v 0.03490651026368147 0.02839861437678341 -0.05645120516419411
v 0.03844832256436354 0.023381002247333558 -0.05645120516419411
v 0.023412073031067883 -0.04075948521494871 0.0150661151856184
v 0.020702652633190186 -0.03995429724454885 -0.056451208889484406
v 0.025950271636247677 -0.036763146519661 -0.056451208889484406
v 0.025950271636247677 -0.036763146519661 -0.056451208889484406
v 0.020702652633190186 -0.03995429724454885 -0.056451208889484406
v 0.02309310063719753 -0.03695668652653699 -0.05705120041966438
v 0.025950271636247677 -0.036763146519661 -0.056451208889484406
v 0.0280117336660624 -0.03338307887315754 -0.05705120041966438
v 0.030714478343725253 -0.032887164503335994 -0.05645120516419411
v 0.025950271636247677 -0.036763146519661 -0.056451208889484406
v 0.02309310063719753 -0.03695668652653699 -0.05705120041966438
v 0.0280117336660624 -0.03338307887315754 -0.05705120041966438
v 0.017825897783041028 -0.03849790245294576 0.04446521773934364
v 0.017405468970537213 -0.03792158141732221 0.045636363327503204
v 0.014845673926174663 -0.03970239683985716 0.04430978745222092
v 0.014845673926174663 -0.03970239683985716 0.04430978745222092
v 0.017405468970537213 -0.03792158141732221 0.045636363327503204
v 0.014567118138074897 -0.03905918449163442 0.045492883771657944
v 0.03268352895975118 -0.029686275869607964 0.040799014270305634
v 0.0328515619039536 -0.02914176508784298 0.04231938719749451
v 0.030890960246324588 -0.03151318058371548 0.0405227392911911
v 0.024420579895377197 -0.03998395055532461 0.016998291015625
v 0.021318290382623707 -0.04173276945948606 0.016255134716629982
v 0.023412073031067883 -0.04075948521494871 0.0150661151856184
v 0.025230949744582214 -0.03613071888685231 0.03978051617741585
v 0.02725987508893017 -0.03812301158905034 0.017659848555922508
v 0.027168121188879055 -0.03472372516989713 0.040001798421144485
v 0.022676957771182095 -0.03748778626322751 0.04107050597667694
v 0.02596983127295975 -0.03492334112524991 0.04262274131178856
v 0.022284278646111523 -0.03733937069773679 0.04228951409459114
v 0.018344318494200734 -0.03939271345734602 0.04200698062777519
v 0.022284278646111523 -0.03733937069773679 0.04228951409459114
v 0.022006684914231335 -0.036982350051403094 0.04351409897208214
v 0.025193110108375587 -0.034244630485773135 0.04500068351626396
v 0.02396293170750145 -0.03426232188940053 0.04606768861413002
v 0.02158419415354732 -0.0365672074258328 0.044710058718919754
v 0.025193110108375587 -0.034244630485773135 0.04500068351626396
v 0.02158419415354732 -0.0365672074258328 0.044710058718919754
v 0.022006684914231335 -0.036982350051403094 0.04351409897208214
v -0.033394765108823825 -0.033082108944654506 0.01813175156712532
v -0.03506200388073927 -0.03130462393164639 0.018813902512192726
v -0.03490656986832624 -0.028398597612977066 -0.0564512275159359
v -0.03506200388073927 -0.03130462393164639 0.018813902512192726
v -0.036470346152782496 -0.02965068258345131 0.019597405567765236
v -0.03490656986832624 -0.028398597612977066 -0.0564512275159359
v -0.030303860083222438 -0.03594049811363225 0.01680837571620941
v -0.03181474655866628 -0.03460717201232915 0.017425719648599625
v -0.030714502558112193 -0.03288719803094868 -0.0564512275159359
v -0.030303860083222438 -0.03594049811363225 0.01680837571620941
v -0.028021696954965637 -0.03774353489279752 0.016116518527269363
v -0.029306977987289474 -0.03671998530626302 0.016982970759272575
v -0.030303860083222438 -0.03594049811363225 0.01680837571620941
v -0.030714502558112193 -0.03288719803094868 -0.0564512275159359
v -0.025950293987989467 -0.036763176321983386 -0.0564512237906456
v -0.025950293987989467 -0.036763176321983386 -0.0564512237906456
v -0.028021696954965637 -0.03774353489279752 0.016116518527269363
v -0.030303860083222438 -0.03594049811363225 0.01680837571620941
v -0.030442699790000964 -0.035683412104845096 0.01844039000570774
v -0.030303860083222438 -0.03594049811363225 0.01680837571620941
v -0.029306977987289474 -0.03671998530626302 0.016982970759272575
v -0.030303860083222438 -0.03594049811363225 0.01680837571620941
v -0.030442699790000964 -0.035683412104845096 0.01844039000570774
v -0.03181474655866628 -0.03460717201232915 0.017425719648599625
v -0.026722349226474804 -0.03508625179529195 0.03980886563658714
v -0.030442699790000964 -0.035683412104845096 0.01844039000570774
v -0.028821771964430854 -0.03701335936784749 0.017753537744283676
v -0.026722349226474804 -0.03508625179529195 0.03980886563658714
v -0.028821771964430854 -0.03701335936784749 0.017753537744283676
v -0.027119105681777042 -0.03825315088033681 0.01748153381049633
v -0.026722349226474804 -0.03508625179529195 0.03980886563658714
v -0.027119105681777042 -0.03825315088033681 0.01748153381049633
v -0.025445053353905716 -0.03593834862113004 0.04010150209069252
v -0.03917907550930983 -0.025972995907068287 0.020844727754592896
v -0.039222300052642885 -0.025888310745358502 0.021261516958475113
v -0.04053068533539778 -0.023811794817447694 0.021741744130849838
v -0.039222300052642885 -0.025888310745358502 0.021261516958475113
v -0.039346743375063005 -0.02551130577921871 0.022583549842238426
v -0.04053068533539778 -0.023811794817447694 0.021741744130849838
v -0.039222300052642885 -0.025888310745358502 0.021261516958475113
v -0.03917907550930983 -0.025972995907068287 0.020844727754592896
v -0.03793568164110189 -0.027749152854085007 0.020250851288437843
v -0.03793568164110189 -0.027749152854085007 0.020250851288437843
v -0.03731299191713339 -0.028417343273758926 0.02141951397061348
v -0.039222300052642885 -0.025888310745358502 0.021261516958475113
v -0.03731299191713339 -0.028417343273758926 0.02141951397061348
v -0.039346743375063005 -0.02551130577921871 0.022583549842238426
v -0.039222300052642885 -0.025888310745358502 0.021261516958475113
v -0.036241222172975596 -0.025304855778813397 0.04142658784985542
v -0.03434897214174276 -0.027737705036997833 0.04131010174751282
v -0.03419335559010511 -0.027603881433606186 0.04250115156173706
v -0.03419335559010511 -0.027603881433606186 0.04250115156173706
v -0.03434897214174276 -0.027737705036997833 0.04131010174751282
v -0.032347481697797824 -0.030022507533431095 0.04081365093588829
v -0.031239181756973315 -0.03085024468600754 0.04203125834465027
v -0.03419335559010511 -0.027603881433606186 0.04250115156173706
v -0.032347481697797824 -0.030022507533431095 0.04081365093588829
v -0.01819697394967082 -0.0433416403830052 0.013881842605769634
v -0.02070266939699653 -0.039954319596290644 -0.0564512237906456
v -0.015069390647113347 -0.04240118712186819 -0.0564512200653553
v -0.01162213087081911 -0.04553848877549178 0.01330483891069889
v -0.009155407547950759 -0.04405821114778524 -0.0564512237906456
v -0.009670468978583828 -0.04600461944937712 0.012791553512215614
v -0.01162213087081911 -0.04553848877549178 0.01330483891069889
v -0.013286586850881597 -0.04509066790342337 0.013138250447809696
v -0.009155407547950759 -0.04405821114778524 -0.0564512237906456
v -0.014501770958304428 -0.044588647782802644 0.014927039854228497
v -0.014914728701114677 -0.04141194745898252 0.03896400332450867
v -0.018080996349453954 -0.04325789958238607 0.015542681328952312
v -0.013286586850881597 -0.04509066790342337 0.013138250447809696
v -0.01162213087081911 -0.04553848877549178 0.01330483891069889
v -0.014501770958304428 -0.044588647782802644 0.014927039854228497
v -0.02433856390416626 -0.04007523879408842 0.01674073003232479
v -0.021433636546134983 -0.04169083386659628 0.016203731298446655
v -0.021578501909971272 -0.038387153297662784 0.039496708661317825
v -0.017218584194779424 -0.04052431136369711 0.03907100856304169
v -0.018080996349453954 -0.04325789958238607 0.015542681328952312
v -0.014914728701114677 -0.04141194745898252 0.03896400332450867
v -0.017218584194779424 -0.04052431136369711 0.03907100856304169
v -0.021433636546134983 -0.04169083386659628 0.016203731298446655
v -0.018080996349453954 -0.04325789958238607 0.015542681328952312
v -0.03775539994239813 -0.010537166148424162 0.05196843296289444
v -0.03880869969725615 -0.006818431895226249 0.05234462022781372
v -0.03865110501647002 -0.010725975036621108 0.05131565034389496
v -0.03775539994239813 -0.010537166148424162 0.05196843296289444
v -0.03681351244449621 -0.010327008552849307 0.05252321809530258
v -0.03880869969725615 -0.006818431895226249 0.05234462022781372
v -0.03775539994239813 -0.010537166148424162 0.05196843296289444
v -0.03635419905185705 -0.014132768847048302 0.05160566791892052
v -0.03681351244449621 -0.010327008552849307 0.05252321809530258
v -0.03541035205125814 -0.013821592554450054 0.052184462547302246
v -0.03681351244449621 -0.010327008552849307 0.05252321809530258
v -0.03635419905185705 -0.014132768847048302 0.05160566791892052
v -0.03541035205125814 -0.013821592554450054 0.052184462547302246
v -0.03369184955954557 -0.017133507877588296 0.05186361446976662
v -0.03443568199872976 -0.013489326462149637 0.05265836790204048
v -0.03541035205125814 -0.013821592554450054 0.052184462547302246
v -0.03443568199872976 -0.013489326462149637 0.05265836790204048
v -0.03584050759673124 -0.010099251754581942 0.05297566205263138
v -0.03681351244449621 -0.010327008552849307 0.05252321809530258
v -0.03541035205125814 -0.013821592554450054 0.052184462547302246
v -0.03584050759673124 -0.010099251754581942 0.05297566205263138
v -0.037659782916307505 0.004527535755187279 0.054511114954948425
v -0.037617806345224436 0.0008246828801929962 0.05416931211948395
v -0.036348689347505625 0.004230142105370765 0.0548032782971859
v -0.037617806345224436 0.0008246828801929962 0.05416931211948395
v -0.036099150776863154 -0.0008364861132577072 0.0543554313480854
v -0.036348689347505625 0.004230142105370765 0.0548032782971859
v -0.037617806345224436 0.0008246828801929962 0.05416931211948395
v -0.03940580040216452 0.0008677901350893092 0.05338922515511513
v -0.03907049074769026 -0.0029637992847710887 0.053008783608675
v -0.037617806345224436 0.0008246828801929962 0.05416931211948395
v -0.037659782916307505 0.004527535755187279 0.054511114954948425
v -0.03940580040216452 0.0008677901350893092 0.05338922515511513
v -0.03836721554398543 -0.019042076542973543 0.046910420060157776
v -0.04012988880276686 -0.015210728161036989 0.04739945009350777
v -0.038861077278852525 -0.01919726468622687 0.04586096107959747
v -0.038861077278852525 -0.01919726468622687 0.04586096107959747
v -0.039677906781435075 -0.01842718012630942 0.04499981179833412
v -0.03767592832446104 -0.022129347547888784 0.04446377977728844
v -0.03892554715275771 -0.02103929594159129 0.042147502303123474
v -0.03907425329089171 -0.0203182324767113 0.043567951768636703
v -0.03996757790446288 -0.019051609560847307 0.042410917580127716
v -0.039677906781435075 -0.01842718012630942 0.04499981179833412
v -0.03907425329089171 -0.0203182324767113 0.043567951768636703
v -0.03767592832446104 -0.022129347547888784 0.04446377977728844
v -0.037711758166551645 -0.023099618032574685 0.041803836822509766
v -0.03892554715275771 -0.02103929594159129 0.042147502303123474
v -0.04107645153999335 -0.02269260399043563 0.023553600534796715
v -0.037711758166551645 -0.023099618032574685 0.041803836822509766
v -0.04107645153999335 -0.02269260399043563 0.023553600534796715
v -0.039346743375063005 -0.02551130577921871 0.022583549842238426
v -0.037711758166551645 -0.023099618032574685 0.041803836822509766
v -0.039346743375063005 -0.02551130577921871 0.022583549842238426
v -0.036241222172975596 -0.025304855778813397 0.04142658784985542
v -0.037711758166551645 -0.023099618032574685 0.041803836822509766
v -0.03907425329089171 -0.0203182324767113 0.043567951768636703
v -0.03892554715275771 -0.02103929594159129 0.042147502303123474
v -0.04107645153999335 -0.02269260399043563 0.023553600534796715
v -0.03892554715275771 -0.02103929594159129 0.042147502303123474
v -0.04167780652642256 -0.021622285246849088 0.02359018847346306
v -0.04167780652642256 -0.021622285246849088 0.02359018847346306
v -0.03892554715275771 -0.02103929594159129 0.042147502303123474
v -0.042853400111198495 -0.01908621564507487 0.025084080174565315
v -0.04167780652642256 -0.021622285246849088 0.02359018847346306
v -0.0414573140442372 -0.02214101143181327 0.022566743195056915
v -0.04107645153999335 -0.02269260399043563 0.023553600534796715
v -0.0414573140442372 -0.02214101143181327 0.022566743195056915
v -0.04167780652642256 -0.021622285246849088 0.02359018847346306
v -0.0430931709706784 -0.0188107565045357 0.02371559478342533
v -0.04167780652642256 -0.021622285246849088 0.02359018847346306
v -0.042853400111198495 -0.01908621564507487 0.025084080174565315
v -0.0430931709706784 -0.0188107565045357 0.02371559478342533
v -0.045821864157915185 -0.010348231531679644 0.02673369087278843
v -0.04458031803369529 -0.0061274352483451444 -0.056451231241226196
v -0.043330732733011315 -0.012140714563429371 -0.056451231241226196
v -0.0455122962594033 -0.011728344485163704 0.02701309137046337
v -0.045821864157915185 -0.010348231531679644 0.02673369087278843
v -0.043330732733011315 -0.012140714563429371 -0.056451231241226196
v -0.045821864157915185 -0.010348231531679644 0.02673369087278843
v -0.04641704633831985 -0.007423790171742449 0.02836160734295845
v -0.04458031803369529 -0.0061274352483451444 -0.056451231241226196
v -0.045821864157915185 -0.010348231531679644 0.02673369087278843
v -0.0455122962594033 -0.011728344485163704 0.02701309137046337
v -0.04641704633831985 -0.007423790171742449 0.02836160734295845
v -0.040573474019765916 -0.017510162666440034 0.04342474043369293
v -0.03996757790446288 -0.019051609560847307 0.042410917580127716
v -0.03907425329089171 -0.0203182324767113 0.043567951768636703
v -0.040573474019765916 -0.017510162666440034 0.04342474043369293
v -0.03907425329089171 -0.0203182324767113 0.043567951768636703
v -0.039677906781435075 -0.01842718012630942 0.04499981179833412
v -0.040573474019765916 -0.017510162666440034 0.04342474043369293
v -0.042853400111198495 -0.01908621564507487 0.025084080174565315
v -0.03996757790446288 -0.019051609560847307 0.042410917580127716
v -0.040573474019765916 -0.017510162666440034 0.04342474043369293
v -0.039677906781435075 -0.01842718012630942 0.04499981179833412
v -0.041020825505256715 -0.01537118572741749 0.04534277692437172
v -0.041020825505256715 -0.01537118572741749 0.04534277692437172
v -0.0414178334176541 -0.015454589389264604 0.043775562196969986
v -0.040573474019765916 -0.017510162666440034 0.04342474043369293
v -0.0414178334176541 -0.015454589389264604 0.043775562196969986
v -0.0421323291957379 -0.013792095705866833 0.04324747622013092
v -0.04507191479206092 -0.013069051317870634 0.027398554608225822
v -0.04408234730362899 -0.016094567254185697 0.026081416755914688
v -0.0414178334176541 -0.015454589389264604 0.043775562196969986
v -0.04507191479206092 -0.013069051317870634 0.027398554608225822
v -0.04408234730362899 -0.016094567254185697 0.026081416755914688
v -0.04507191479206092 -0.013069051317870634 0.027398554608225822
v -0.044220197945833276 -0.01595096103847029 0.024885131046175957
v -0.042853400111198495 -0.01908621564507487 0.025084080174565315
v -0.040573474019765916 -0.017510162666440034 0.04342474043369293
v -0.04408234730362899 -0.016094567254185697 0.026081416755914688
v -0.04408234730362899 -0.016094567254185697 0.026081416755914688
v -0.040573474019765916 -0.017510162666440034 0.04342474043369293
v -0.0414178334176541 -0.015454589389264604 0.043775562196969986
v -0.04024820402264601 -0.011027061380445971 0.04974864795804024
v -0.03953867405653006 -0.015070108696818373 0.048377349972724915
v -0.038856234401464525 -0.014889660291373749 0.049300629645586014
v -0.03953867405653006 -0.015070108696818373 0.048377349972724915
v -0.04012988880276686 -0.015210728161036989 0.04739945009350777
v -0.03836721554398543 -0.019042076542973543 0.046910420060157776
v -0.03948631510138518 -0.010890153236687197 0.05057230964303017
v -0.04024820402264601 -0.011027061380445971 0.04974864795804024
v -0.038856234401464525 -0.014889660291373749 0.049300629645586014
v -0.04051189497113234 -0.006995211355388174 0.051004741340875626
v -0.04024820402264601 -0.011027061380445971 0.04974864795804024
v -0.03948631510138518 -0.010890153236687197 0.05057230964303017
v -0.04126021265983588 -0.0070548988878727055 0.05021233484148979
v -0.04192483425140387 -0.007094254251569519 0.049353886395692825
v -0.04092609509825713 -0.011134889908134953 0.048857271671295166
v -0.04092609509825713 -0.011134889908134953 0.048857271671295166
v -0.04024820402264601 -0.011027061380445971 0.04974864795804024
v -0.04126021265983588 -0.0070548988878727055 0.05021233484148979
v -0.04092609509825713 -0.011134889908134953 0.048857271671295166
v -0.04192483425140387 -0.007094254251569519 0.049353886395692825
v -0.04151194915175444 -0.011212679557502285 0.047912511974573135
v -0.04092609509825713 -0.011134889908134953 0.048857271671295166
v -0.03953867405653006 -0.015070108696818373 0.048377349972724915
v -0.04024820402264601 -0.011027061380445971 0.04974864795804024
v -0.04092609509825713 -0.011134889908134953 0.048857271671295166
v -0.04151194915175444 -0.011212679557502285 0.047912511974573135
v -0.04012988880276686 -0.015210728161036989 0.04739945009350777
v -0.04012988880276686 -0.015210728161036989 0.04739945009350777
v -0.03953867405653006 -0.015070108696818373 0.048377349972724915
v -0.04092609509825713 -0.011134889908134953 0.048857271671295166
v -0.04035863280296332 -0.003035276662558321 0.052131179720163345
v -0.03969047218561179 -0.006915943697094927 0.051718819886446
v -0.03880869969725615 -0.006818431895226249 0.05234462022781372
v -0.03969047218561179 -0.006915943697094927 0.051718819886446
v -0.04035863280296332 -0.003035276662558321 0.052131179720163345
v -0.04051189497113234 -0.006995211355388174 0.051004741340875626
v -0.03969047218561179 -0.006915943697094927 0.051718819886446
v -0.03865110501647002 -0.010725975036621108 0.05131565034389496
v -0.03880869969725615 -0.006818431895226249 0.05234462022781372
v -0.04051189497113234 -0.006995211355388174 0.051004741340875626
v -0.03948631510138518 -0.010890153236687197 0.05057230964303017
v -0.03969047218561179 -0.006915943697094927 0.051718819886446
v -0.03969047218561179 -0.006915943697094927 0.051718819886446
v -0.03948631510138518 -0.010890153236687197 0.05057230964303017
v -0.03865110501647002 -0.010725975036621108 0.05131565034389496
v -0.04638989642262466 -0.006278018001466998 0.03075585328042507
v -0.046392109245061944 -0.007226333022117624 0.02941002883017063
v -0.04581515863537795 -0.009610977955162537 0.02941048890352249
v -0.04405258968472488 -0.0028243311680853406 0.04668834060430527
v -0.04691664502024658 0.0007385357748717079 0.03307130187749863
v -0.04438258334994323 -0.0026592644862830674 0.04501936957240105
v -0.04405258968472488 -0.0028243311680853406 0.04668834060430527
v -0.04417715221643455 0.0014687719522044082 0.047333959490060806
v -0.04691664502024658 0.0007385357748717079 0.03307130187749863
v -0.04405258968472488 -0.0028243311680853406 0.04668834060430527
v -0.0434923209249974 0.0012986094225198048 0.04912060499191284
v -0.04417715221643455 0.0014687719522044082 0.047333959490060806
v -0.042680803686380456 -0.011269410140812413 0.04491166025400162
v -0.0431837514042855 -0.007098047528415928 0.04702937975525856
v -0.04372457042336471 -0.007062725257128487 0.04512936994433403
v -0.04581515863537795 -0.009610977955162537 0.02941048890352249
v -0.04372457042336471 -0.007062725257128487 0.04512936994433403
v -0.04638989642262466 -0.006278018001466998 0.03075585328042507
v -0.04405258968472488 -0.0028243311680853406 0.04668834060430527
v -0.04372457042336471 -0.007062725257128487 0.04512936994433403
v -0.0431837514042855 -0.007098047528415928 0.04702937975525856
v -0.041020825505256715 -0.01537118572741749 0.04534277692437172
v -0.04221722483634955 -0.01126775890588762 0.0464458204805851
v -0.04205027967691428 -0.013348292559385317 0.04460020363330841
v -0.04205027967691428 -0.013348292559385317 0.04460020363330841
v -0.04221722483634955 -0.01126775890588762 0.0464458204805851
v -0.042680803686380456 -0.011269410140812413 0.04491166025400162
v -0.04205027967691428 -0.013348292559385317 0.04460020363330841
v -0.0414178334176541 -0.015454589389264604 0.043775562196969986
v -0.041020825505256715 -0.01537118572741749 0.04534277692437172
v -0.04205027967691428 -0.013348292559385317 0.04460020363330841
v -0.0421323291957379 -0.013792095705866833 0.04324747622013092
v -0.0414178334176541 -0.015454589389264604 0.043775562196969986
v -0.04507191479206092 -0.013069051317870634 0.027398554608225822
v -0.0421323291957379 -0.013792095705866833 0.04324747622013092
v -0.04205027967691428 -0.013348292559385317 0.04460020363330841
v -0.040624678134918275 -0.015310896560549757 0.04638263210654259
v -0.04012988880276686 -0.015210728161036989 0.04739945009350777
v -0.04151194915175444 -0.011212679557502285 0.047912511974573135
v -0.04221722483634955 -0.01126775890588762 0.0464458204805851
v -0.040624678134918275 -0.015310896560549757 0.04638263210654259
v -0.04151194915175444 -0.011212679557502285 0.047912511974573135
v -0.040624678134918275 -0.015310896560549757 0.04638263210654259
v -0.04221722483634955 -0.01126775890588762 0.0464458204805851
v -0.041020825505256715 -0.01537118572741749 0.04534277692437172
v -0.040624678134918275 -0.015310896560549757 0.04638263210654259
v -0.041020825505256715 -0.01537118572741749 0.04534277692437172
v -0.039677906781435075 -0.01842718012630942 0.04499981179833412
v -0.038861077278852525 -0.01919726468622687 0.04586096107959747
v -0.040624678134918275 -0.015310896560549757 0.04638263210654259
v -0.039677906781435075 -0.01842718012630942 0.04499981179833412
v -0.040624678134918275 -0.015310896560549757 0.04638263210654259
v -0.038861077278852525 -0.01919726468622687 0.04586096107959747
v -0.04012988880276686 -0.015210728161036989 0.04739945009350777
v -0.04668760299682624 -0.004784321412444121 0.03061227686703205
v -0.046392109245061944 -0.007226333022117624 0.02941002883017063
v -0.04638989642262466 -0.006278018001466998 0.03075585328042507
v -0.04668760299682624 -0.004784321412444121 0.03061227686703205
v -0.04692252725362785 -0.0028918711468577424 0.030169203877449036
v -0.04641704633831985 -0.007423790171742449 0.02836160734295845
v -0.046392109245061944 -0.007226333022117624 0.02941002883017063
v -0.04668760299682624 -0.004784321412444121 0.03061227686703205
v -0.04641704633831985 -0.007423790171742449 0.02836160734295845
v -0.04372457042336471 -0.007062725257128487 0.04512936994433403
v -0.04668760299682624 -0.004784321412444121 0.03061227686703205
v -0.04638989642262466 -0.006278018001466998 0.03075585328042507
v -0.03734463825821882 0.008221202529966842 0.05485241115093231
v -0.037659782916307505 0.004527535755187279 0.054511114954948425
v -0.036348689347505625 0.004230142105370765 0.0548032782971859
v -0.03589400649070745 0.009680389426648629 0.05528854578733444
v -0.03734463825821882 0.008221202529966842 0.05485241115093231
v -0.036348689347505625 0.004230142105370765 0.0548032782971859
v -0.03734463825821882 0.008221202529966842 0.05485241115093231
v -0.039366576820612016 0.004733361769467598 0.05377405881881714
v -0.037659782916307505 0.004527535755187279 0.054511114954948425
v -0.03734463825821882 0.008221202529966842 0.05485241115093231
v -0.03895528987050063 0.008573410101234925 0.054157692939043045
v -0.039366576820612016 0.004733361769467598 0.05377405881881714
v -0.04042559489607817 0.008964532986283314 0.053125906735658646
v -0.03895528987050063 0.008573410101234925 0.054157692939043045
v -0.03946815058588988 0.012899786233901995 0.053616445511579514
v -0.040929313749075 0.004994930233806379 0.05268806964159012
v -0.03895528987050063 0.008573410101234925 0.054157692939043045
v -0.04042559489607817 0.008964532986283314 0.053125906735658646
v -0.04137541726231581 0.00923388358205558 0.05214403569698334
v -0.04042559489607817 0.008964532986283314 0.053125906735658646
v -0.03946815058588988 0.012899786233901995 0.053616445511579514
v -0.04042559489607817 0.008964532986283314 0.053125906735658646
v -0.04137541726231581 0.00923388358205558 0.05214403569698334
v -0.040929313749075 0.004994930233806379 0.05268806964159012
v -0.04243708401918418 0.0011323023354634658 0.050795454531908035
v -0.040929313749075 0.004994930233806379 0.05268806964159012
v -0.04224663600325591 0.005265418440103538 0.0513000562787056
v -0.040929313749075 0.004994930233806379 0.05268806964159012
v -0.04137541726231581 0.00923388358205558 0.05214403569698334
v -0.04224663600325591 0.005265418440103538 0.0513000562787056
v -0.04224663600325591 0.005265418440103538 0.0513000562787056
v -0.0434923209249974 0.0012986094225198048 0.04912060499191284
v -0.04243708401918418 0.0011323023354634658 0.050795454531908035
v -0.0434923209249974 0.0012986094225198048 0.04912060499191284
v -0.04224663600325591 0.005265418440103538 0.0513000562787056
v -0.043242864310741494 0.005521161947399385 0.049696799367666245
v -0.04216699302196509 0.009514921344816697 0.051056794822216034
v -0.043242864310741494 0.005521161947399385 0.049696799367666245
v -0.04224663600325591 0.005265418440103538 0.0513000562787056
v -0.04224663600325591 0.005265418440103538 0.0513000562787056
v -0.04137541726231581 0.00923388358205558 0.05214403569698334
v -0.04216699302196509 0.009514921344816697 0.051056794822216034
v -0.036099150776863154 -0.0008364861132577072 0.0543554313480854
v -0.03456373512744909 -0.007704984396696101 0.053743816912174225
v -0.03408127650618559 -0.0033255049493163867 0.05428365617990494
v -0.03408127650618559 -0.0033255049493163867 0.05428365617990494
v -0.03456373512744909 -0.007704984396696101 0.053743816912174225
v -0.02934830822050576 -0.014505528844892998 0.05330483987927437
v -0.03456373512744909 -0.007704984396696101 0.053743816912174225
v -0.031829915940761615 -0.014037559740245361 0.05317792668938637
v -0.02934830822050576 -0.014505528844892998 0.05330483987927437
v -0.03710147365927702 -0.018580311909317995 0.04887407645583153
v -0.03809057176113135 -0.014671162702143211 0.050154656171798706
v -0.038856234401464525 -0.014889660291373749 0.049300629645586014
v -0.03809057176113135 -0.014671162702143211 0.050154656171798706
v -0.03948631510138518 -0.010890153236687197 0.05057230964303017
v -0.038856234401464525 -0.014889660291373749 0.049300629645586014
v -0.03809057176113135 -0.014671162702143211 0.050154656171798706
v -0.03865110501647002 -0.010725975036621108 0.05131565034389496
v -0.03948631510138518 -0.010890153236687197 0.05057230964303017
v -0.036342658102512415 -0.018277553841471696 0.04975735396146774
v -0.03809057176113135 -0.014671162702143211 0.050154656171798706
v -0.03710147365927702 -0.018580311909317995 0.04887407645583153
v -0.030758965760469485 -0.031645026057958645 0.04046209529042244
v -0.031239181756973315 -0.03085024468600754 0.04203125834465027
v -0.032347481697797824 -0.030022507533431095 0.04081365093588829
v -0.027957376092672393 -0.03380069509148602 0.04160400852560997
v -0.031239181756973315 -0.03085024468600754 0.04203125834465027
v -0.030758965760469485 -0.031645026057958645 0.04046209529042244
v -0.036233082413673456 -0.022691426798701318 0.046447042375802994
v -0.0377789624035359 -0.01883604004979136 0.0479201041162014
v -0.03836721554398543 -0.019042076542973543 0.046910420060157776
v -0.0377789624035359 -0.01883604004979136 0.0479201041162014
v -0.03953867405653006 -0.015070108696818373 0.048377349972724915
v -0.03836721554398543 -0.019042076542973543 0.046910420060157776
v -0.0377789624035359 -0.01883604004979136 0.0479201041162014
v -0.03710147365927702 -0.018580311909317995 0.04887407645583153
v -0.038856234401464525 -0.014889660291373749 0.049300629645586014
v -0.0377789624035359 -0.01883604004979136 0.0479201041162014
v -0.038856234401464525 -0.014889660291373749 0.049300629645586014
v -0.03953867405653006 -0.015070108696818373 0.048377349972724915
v -0.028763534501195 0.06220095232129105 0.034579675644636154
v -0.032668035477399875 0.06294916570186623 0.030357765033841133
v -0.03274618461728101 0.02756719850003723 0.054663415998220444
v -0.028209360316395805 0.06294917315244683 0.034521885216236115
v -0.032668035477399875 0.06294916570186623 0.030357765033841133
v -0.028763534501195 0.06220095232129105 0.034579675644636154
v -0.028763534501195 0.06220095232129105 0.034579675644636154
v -0.03274618461728101 0.02756719850003723 0.054663415998220444
v -0.02993213757872586 0.030751345679163974 0.05506814271211624
v -0.02993213757872586 0.030751345679163974 0.05506814271211624
v -0.028209360316395805 0.06294917315244683 0.034521885216236115
v -0.028763534501195 0.06220095232129105 0.034579675644636154
v -0.014718204736709617 -0.029669143259525337 0.051793601363897324
v -0.008391855284571662 -0.031844988465309185 0.05158907175064087
v -0.011356061324477213 -0.029353972524404564 0.05199252441525459
v -0.014718204736709617 -0.029669143259525337 0.051793601363897324
v -0.011909683234989662 -0.032121971249580425 0.051303207874298096
v -0.008391855284571662 -0.031844988465309185 0.05158907175064087
v -0.011909683234989662 -0.032121971249580425 0.051303207874298096
v -0.014718204736709617 -0.029669143259525337 0.051793601363897324
v -0.01817289926111701 -0.02934705838561062 0.051555924117565155
v -0.014718204736709617 -0.029669143259525337 0.051793601363897324
v -0.011356061324477213 -0.029353972524404564 0.05199252441525459
v -0.020525429397821458 -0.026477944105863606 0.0520707443356514
v -0.014718204736709617 -0.029669143259525337 0.051793601363897324
v -0.020525429397821458 -0.026477944105863606 0.0520707443356514
v -0.01817289926111701 -0.02934705838561062 0.051555924117565155
v 0.031088432297110606 -0.024350980296731026 0.04988342151045799
v 0.03186574578285222 -0.024880029261112248 0.04903308302164078
v 0.03346002101898198 -0.021237676963210134 0.05021001771092415
v 0.03259418159723287 -0.020756023004651097 0.05093897134065628
v 0.03346002101898198 -0.021237676963210134 0.05021001771092415
v 0.034643486142158564 -0.017515556886792207 0.05126502364873886
v 0.03025766275823121 -0.023771727457642586 0.05063561350107193
v 0.031088432297110606 -0.024350980296731026 0.04988342151045799
v 0.03259418159723287 -0.020756023004651097 0.05093897134065628
v 0.03259418159723287 -0.020756023004651097 0.05093897134065628
v 0.031088432297110606 -0.024350980296731026 0.04988342151045799
v 0.03346002101898198 -0.021237676963210134 0.05021001771092415
v 0.03025766275823121 -0.023771727457642586 0.05063561350107193
v 0.03259418159723287 -0.020756023004651097 0.05093897134065628
v 0.031685318797826816 -0.020238071680068997 0.05156330391764641
v 0.034643486142158564 -0.017515556886792207 0.05126502364873886
v 0.03322857618331914 -0.01691354624927046 0.052135445177555084
v 0.031685318797826816 -0.020238071680068997 0.05156330391764641
v 0.031685318797826816 -0.020238071680068997 0.05156330391764641
v 0.03259418159723287 -0.020756023004651097 0.05093897134065628
v 0.034643486142158564 -0.017515556886792207 0.05126502364873886
v 0.03262929618358617 -0.014777270145714302 0.052880823612213135
v 0.028677929192781493 -0.02059359475970271 0.05235171690583229
v 0.03074742481112485 -0.019692199304699926 0.05207814648747444
v 0.03074742481112485 -0.019692199304699926 0.05207814648747444
v 0.03322857618331914 -0.01691354624927046 0.052135445177555084
v 0.03262929618358617 -0.014777270145714302 0.052880823612213135
v 0.03074742481112485 -0.019692199304699926 0.05207814648747444
v 0.031685318797826816 -0.020238071680068997 0.05156330391764641
v 0.03322857618331914 -0.01691354624927046 0.052135445177555084
v 0.021990368142724072 0.03331485390663151 0.05733229219913483
v 0.025592148303985634 0.03182647377252583 0.05680584907531738
v 0.022497002035379444 0.03432253375649457 0.057048141956329346
v 0.022497002035379444 0.03432253375649457 0.057048141956329346
v 0.01917303167283538 0.036485228687524844 0.05725867673754692
v 0.018674366176128415 0.035483714193105746 0.05754253268241882
v 0.018674366176128415 0.035483714193105746 0.05754253268241882
v 0.021990368142724072 0.03331485390663151 0.05733229219913483
v 0.022497002035379444 0.03432253375649457 0.057048141956329346
v 0.023075543344020878 0.035265929996967364 0.05650310963392258
v 0.01917303167283538 0.036485228687524844 0.05725867673754692
v 0.022497002035379444 0.03432253375649457 0.057048141956329346
v 0.022497002035379444 0.03432253375649457 0.057048141956329346
v 0.026286689564585727 0.032752785831689876 0.05623107776045799
v 0.023075543344020878 0.035265929996967364 0.05650310963392258
v 0.022497002035379444 0.03432253375649457 0.057048141956329346
v 0.025592148303985634 0.03182647377252583 0.05680584907531738
v 0.026286689564585727 0.032752785831689876 0.05623107776045799
v 0.03308814018964772 0.02494888007640842 0.055469248443841934
v 0.03176080435514455 0.026840161532163655 0.055650029331445694
v 0.031109062954783488 0.026258952915668522 0.05610455200076103
v 0.03308814018964772 0.02494888007640842 0.055469248443841934
v 0.031109062954783488 0.026258952915668522 0.05610455200076103
v 0.03217125684022908 0.024322740733623536 0.056038931012153625
v 0.03308814018964772 0.02494888007640842 0.055469248443841934
v 0.03686702251434332 0.015381380915641805 0.05503826215863228
v 0.0377951785922051 0.015791358426213285 0.05447310954332352
v 0.0377951785922051 0.015791358426213285 0.05447310954332352
v 0.03863569349050528 0.01631923019886019 0.05373809486627579
v 0.03308814018964772 0.02494888007640842 0.055469248443841934
v -0.006153307389467964 0.04212101176381117 0.05725483596324921
v -0.004107301589101559 0.04238801077008253 0.05728456750512123
v -0.006086669862270365 0.06294918060302743 0.04413112625479698
v -0.006086669862270365 0.06294918060302743 0.04413112625479698
v -0.0081953313201666 0.04174652695655828 0.057213470339775085
v -0.006153307389467964 0.04212101176381117 0.05725483596324921
v -0.004910824354738005 0.040862336754798945 0.05788017436861992
v -0.00327866012230516 0.040004480630159434 0.05804912745952606
v -0.002006303519010547 0.041102528572082575 0.05790860205888748
v -0.002006303519010547 0.041102528572082575 0.05790860205888748
v 0.001061880844645204 0.04117593541741377 0.0579095333814621
v 0.0011074481299147027 0.04184496775269514 0.05768464133143425
v -0.002037046942859891 0.041837763041257914 0.05765992030501366
v -0.002006303519010547 0.041102528572082575 0.05790860205888748
v 0.0011074481299147027 0.04184496775269514 0.05768464133143425
v 0.0017697871662676363 0.04016148671507841 0.05805104970932007
v 0.001061880844645204 0.04117593541741377 0.0579095333814621
v -0.002006303519010547 0.041102528572082575 0.05790860205888748
v -0.002006303519010547 0.041102528572082575 0.05790860205888748
v -0.00327866012230516 0.040004480630159434 0.05804912745952606
v 0.0017697871662676363 0.04016148671507841 0.05805104970932007
v -0.00841790717095138 0.038872890174388934 0.057966429740190506
v -0.007766282185912144 0.0398219488561154 0.05793149396777153
v -0.011529153212904947 0.03876315802335744 0.05784052237868309
v -0.00327866012230516 0.040004480630159434 0.05804912745952606
v -0.007766282185912144 0.0398219488561154 0.05793149396777153
v -0.00841790717095138 0.038872890174388934 0.057966429740190506
v -0.01633919402956965 0.0357342697679997 0.057698268443346024
v -0.00841790717095138 0.038872890174388934 0.057966429740190506
v -0.011529153212904947 0.03876315802335744 0.05784052237868309
v -0.00841790717095138 0.038872890174388934 0.057966429740190506
v -0.01633919402956965 0.0357342697679997 0.057698268443346024
v 0.007355450186878454 0.03902960196137433 0.05798399820923805
v 0.007355450186878454 0.03902960196137433 0.05798399820923805
v -0.00327866012230516 0.040004480630159434 0.05804912745952606
v -0.00841790717095138 0.038872890174388934 0.057966429740190506
v -0.007982831448316586 0.040806386619806345 0.057680778205394745
v -0.007766282185912144 0.0398219488561154 0.05793149396777153
v -0.004910824354738005 0.040862336754798945 0.05788017436861992
v -0.007982831448316586 0.040806386619806345 0.057680778205394745
v -0.006153307389467964 0.04212101176381117 0.05725483596324921
v -0.0081953313201666 0.04174652695655828 0.057213470339775085
v -0.00019403078476898402 -0.040508016943931635 0.04729069769382477
v -0.005406014155596503 -0.03814471885561948 0.04865971952676773
v -0.007787698414176715 -0.03806779161095624 0.048446234315633774
v 0.005220402032136925 -0.037245575338602115 0.04934206232428551
v 0.007355751004070055 -0.0358270294964314 0.050053782761096954
v 0.004830718971788891 -0.0359088927507401 0.050197239965200424
v -0.02937310561537747 -0.03217320144176487 0.04300175979733467
v -0.031239181756973315 -0.03085024468600754 0.04203125834465027
v -0.027957376092672393 -0.03380069509148602 0.04160400852560997
v -0.025954999029636425 -0.03493424504995351 0.04262128844857216
v -0.02937310561537747 -0.03217320144176487 0.04300175979733467
v -0.027957376092672393 -0.03380069509148602 0.04160400852560997
v -0.03210424259305005 -0.028880100697279015 0.04457961767911911
v -0.02937310561537747 -0.03217320144176487 0.04300175979733467
v -0.029031535610556648 -0.0318946018815041 0.04418317228555679
v -0.029031535610556648 -0.0318946018815041 0.04418317228555679
v -0.025954999029636425 -0.03493424504995351 0.04262128844857216
v -0.025644019246101418 -0.03461353853344922 0.04382583871483803
v -0.02937310561537747 -0.03217320144176487 0.04300175979733467
v -0.025954999029636425 -0.03493424504995351 0.04262128844857216
v -0.029031535610556648 -0.0318946018815041 0.04418317228555679
v -0.008011735975742352 -0.0390703789889813 0.04748043790459633
v -0.00019403078476898402 -0.040508016943931635 0.04729069769382477
v -0.007787698414176715 -0.03806779161095624 0.048446234315633774
v -0.008011735975742352 -0.0390703789889813 0.04748043790459633
v -0.008218064904212964 -0.03997879847884184 0.046421609818935394
v -0.00019403078476898402 -0.040508016943931635 0.04729069769382477
v -0.008218064904212964 -0.03997879847884184 0.046421609818935394
v -0.008011735975742352 -0.0390703789889813 0.04748043790459633
v -0.011952389031648655 -0.038091901689767886 0.04758848994970322
v -0.01573279127478602 -0.03867069259285932 0.045481856912374496
v -0.01225687377154829 -0.038966402411460925 0.04653863236308098
v -0.016152154654264474 -0.037570681422948886 0.04669918864965439
v -0.019571736454963715 -0.036926630884409 0.045691974461078644
v -0.01573279127478602 -0.03867069259285932 0.045481856912374496
v -0.016152154654264474 -0.037570681422948886 0.04669918864965439
v 4.1294861148344414e-05 -0.04072611406445509 0.046888887882232666
v -0.00019403078476898402 -0.040508016943931635 0.04729069769382477
v 1.0480399396328738e-05 -0.04232902452349668 0.043974876403808594
v 0.011454454623162764 -0.040063019841909464 0.045376237481832504
v 0.01228943746536972 -0.038957510143518496 0.04653967171907425
v 0.008281515911221516 -0.03996592760086065 0.0464228019118309
v 0.008281515911221516 -0.03996592760086065 0.0464228019118309
v 0.011984149925410767 -0.03808331117033963 0.04758945479989052
v 0.00807361025363208 -0.039057880640029956 0.047481607645750046
v 0.01228943746536972 -0.038957510143518496 0.04653967171907425
v 0.011984149925410767 -0.03808331117033963 0.04758945479989052
v 0.008281515911221516 -0.03996592760086065 0.0464228019118309
v 0.000685455626808108 -0.0404226109385491 0.04728885367512703
v 0.008281515911221516 -0.03996592760086065 0.0464228019118309
v 0.00807361025363208 -0.039057880640029956 0.047481607645750046
v 0.000685455626808108 -0.0404226109385491 0.04728885367512703
v -0.00019403078476898402 -0.040508016943931635 0.04729069769382477
v 0.004805545788258322 -0.0412293896079064 0.04539556801319122
v 0.017778679728508023 -0.0322416722774506 0.05040210112929344
v 0.014890730381011985 -0.03482441231608396 0.049525268375873566
v 0.018362913280725507 -0.03322447091341023 0.049686282873153687
v 0.017778679728508023 -0.0322416722774506 0.05040210112929344
v 0.018362913280725507 -0.03322447091341023 0.049686282873153687
v 0.020987078547477753 -0.03039899654686455 0.05058056116104126
v 0.01092950068414213 -0.03496813029050832 0.05013753101229668
v 0.013912731781601927 -0.0326783768832684 0.0508631132543087
v 0.009026133455336108 -0.03419891744852071 0.05073913186788559
v 0.009026133455336108 -0.03419891744852071 0.05073913186788559
v 0.007355751004070055 -0.0358270294964314 0.050053782761096954
v 0.01092950068414213 -0.03496813029050832 0.05013753101229668
v 0.01801849342882636 -0.02943366765975956 0.051547568291425705
v 0.013408856466412565 -0.031554974615573925 0.05135123431682587
v 0.017176607623696355 -0.031216567382216495 0.05100007355213165
v 0.01801849342882636 -0.02943366765975956 0.051547568291425705
v 0.017276180908083943 -0.0284806247800589 0.05188824608922005
v 0.013408856466412565 -0.031554974615573925 0.05135123431682587
v 0.02311802282929424 -0.022556217387318642 0.052590563893318176
v 0.01885510794818404 -0.02572989091277126 0.0523153692483902
v 0.02283149212598804 -0.024783065542578732 0.052219320088624954
v 0.02283149212598804 -0.024783065542578732 0.052219320088624954
v 0.01885510794818404 -0.02572989091277126 0.0523153692483902
v 0.017276180908083943 -0.0284806247800589 0.05188824608922005
v 0.02283149212598804 -0.024783065542578732 0.052219320088624954
v 0.0266587790101767 -0.02114349231123927 0.05254474654793739
v 0.02311802282929424 -0.022556217387318642 0.052590563893318176
v 0.02283149212598804 -0.024783065542578732 0.052219320088624954
v 0.017276180908083943 -0.0284806247800589 0.05188824608922005
v 0.01801849342882636 -0.02943366765975956 0.051547568291425705
v 0.02400119788944725 -0.0282661505043507 0.05078698694705963
v 0.024754388257861176 -0.029082661494612732 0.050102654844522476
v 0.026815328747034115 -0.02583917044103149 0.0510215163230896
v 0.02400119788944725 -0.0282661505043507 0.05078698694705963
v 0.025970092043280643 -0.025084121152758633 0.05157387629151344
v 0.023224676027894055 -0.027412321418523827 0.0513562336564064
v 0.02400119788944725 -0.0282661505043507 0.05078698694705963
v 0.026815328747034115 -0.02583917044103149 0.0510215163230896
v 0.025970092043280643 -0.025084121152758633 0.05157387629151344
v 0.02400119788944725 -0.0282661505043507 0.05078698694705963
v 0.023224676027894055 -0.027412321418523827 0.0513562336564064
v 0.020987078547477753 -0.03039899654686455 0.05058056116104126
v 0.02400119788944725 -0.0282661505043507 0.05078698694705963
v 0.020987078547477753 -0.03039899654686455 0.05058056116104126
v 0.021661758422851597 -0.03130327165126805 0.049879491329193115
v 0.021661758422851597 -0.03130327165126805 0.049879491329193115
v 0.024754388257861176 -0.029082661494612732 0.050102654844522476
v 0.02400119788944725 -0.0282661505043507 0.05078698694705963
v 0.025472979992628136 -0.029849220067262688 0.0493086576461792
v 0.024754388257861176 -0.029082661494612732 0.050102654844522476
v 0.022305702790617978 -0.0321537628769875 0.04906738921999931
v 0.024754388257861176 -0.029082661494612732 0.050102654844522476
v 0.025472979992628136 -0.029849220067262688 0.0493086576461792
v 0.027634948492050213 -0.026559852063655888 0.05035572126507759
v 0.019925115630030663 -0.03577589988708501 0.04690457880496979
v 0.023464228957891502 -0.03364350274205212 0.04714847356081009
v 0.022909397259354626 -0.03293760120868687 0.0481531098484993
v 0.022909397259354626 -0.03293760120868687 0.0481531098484993
v 0.023464228957891502 -0.03364350274205212 0.04714847356081009
v 0.02614625170826916 -0.030554119497537655 0.04841367155313492
v 0.025472979992628136 -0.029849220067262688 0.0493086576461792
v 0.022909397259354626 -0.03293760120868687 0.0481531098484993
v 0.02614625170826916 -0.030554119497537655 0.04841367155313492
v 0.022909397259354626 -0.03293760120868687 0.0481531098484993
v 0.025472979992628136 -0.029849220067262688 0.0493086576461792
v 0.022305702790617978 -0.0321537628769875 0.04906738921999931
v 0.032578203827142764 -0.02535103261470798 0.048095837235450745
v 0.03186574578285222 -0.024880029261112248 0.04903308302164078
v 0.029819894582033202 -0.028407445177435913 0.04774634912610054
v -0.01998320035636428 0.03806762769818311 0.05619329959154129
v -0.017808398231864003 0.06294917315244683 0.040846846997737885
v -0.023380754515528714 0.03567729145288472 0.05613886937499046
v -0.017808398231864003 0.06294917315244683 0.040846846997737885
v -0.015999877825379396 0.03925363719463354 0.05693848058581352
v -0.01205985341221096 0.06294918060302743 0.042889904230833054
v -0.01205985341221096 0.06294918060302743 0.042889904230833054
v -0.006086669862270365 0.06294918060302743 0.04413112625479698
v 0.043671682476997445 0.06294987350702294 0.009483207017183304
v -0.01205985341221096 0.06294918060302743 0.042889904230833054
v 0.043671682476997445 0.06294987350702294 0.009483207017183304
v -0.04367193579673774 0.06294966489076623 -0.00978706032037735
v -0.01205985341221096 0.06294918060302743 0.042889904230833054
v -0.04367193579673774 0.06294966489076623 -0.00978706032037735
v -0.017808398231864003 0.06294917315244683 0.040846846997737885
v -0.01857361942529681 0.035546883940696765 0.057547494769096375
v -0.021436786279082333 0.03301992639899258 0.05741329491138458
v -0.01633919402956965 0.0357342697679997 0.057698268443346024
v -0.01857361942529681 0.035546883940696765 0.057547494769096375
v -0.022181862965226208 0.03384528309106831 0.057228658348321915
v -0.021436786279082333 0.03301992639899258 0.05741329491138458
v 0.008433440700173392 -0.03309013694524769 0.05121863633394241
v 0.002023196779191497 -0.03310833498835568 0.051418643444776535
v 0.0038780791219323934 -0.034733690321445514 0.05078067258000374
v 0.0038780791219323934 -0.034733690321445514 0.05078067258000374
v 0.004830718971788891 -0.0359088927507401 0.050197239965200424
v 0.009026133455336108 -0.03419891744852071 0.05073913186788559
v 0.009026133455336108 -0.03419891744852071 0.05073913186788559
v 0.008433440700173392 -0.03309013694524769 0.05121863633394241
v 0.0038780791219323934 -0.034733690321445514 0.05078067258000374
v 0.004830718971788891 -0.0359088927507401 0.050197239965200424
v 0.0038780791219323934 -0.034733690321445514 0.05078067258000374
v -0.004208598751574762 -0.034949611872434665 0.05069341883063316
v 0.0038780791219323934 -0.034733690321445514 0.05078067258000374
v -0.003079047659412031 -0.03379659354686741 0.05117383971810341
v -0.004208598751574762 -0.034949611872434665 0.05069341883063316
v 0.0038780791219323934 -0.034733690321445514 0.05078067258000374
v 0.002023196779191497 -0.03310833498835568 0.051418643444776535
v -0.003079047659412031 -0.03379659354686741 0.05117383971810341
v 0.040403496474027696 0.013282388448715227 0.05263269320130348
v 0.04165763407945639 0.009361460804939282 0.051805634051561356
v 0.04115496203303343 0.013601794838905352 0.051568496972322464
v 0.040403496474027696 0.013282388448715227 0.05263269320130348
v 0.04115496203303343 0.013601794838905352 0.051568496972322464
v 0.03927067667245871 0.01672411896288397 0.0530167855322361
v 0.040403496474027696 0.013282388448715227 0.05263269320130348
v 0.039559297263622346 0.012929230928421038 0.05353541299700737
v 0.040425345301628175 0.008971152827143681 0.05312693119049072
v 0.040425345301628175 0.008971152827143681 0.05312693119049072
v 0.04165763407945639 0.009361460804939282 0.051805634051561356
v 0.040403496474027696 0.013282388448715227 0.05263269320130348
v 0.03927067667245871 0.01672411896288397 0.0530167855322361
v 0.03863569349050528 0.01631923019886019 0.05373809486627579
v 0.040403496474027696 0.013282388448715227 0.05263269320130348
v 0.03863569349050528 0.01631923019886019 0.05373809486627579
v 0.039559297263622346 0.012929230928421038 0.05353541299700737
v 0.040403496474027696 0.013282388448715227 0.05263269320130348
v 0.03598498925566679 0.01498349104076626 0.05540776625275612
v 0.03217125684022908 0.024322740733623536 0.056038931012153625
v 0.031609799712896396 0.023843405768275292 0.05627698078751564
v 0.031609799712896396 0.023843405768275292 0.05627698078751564
v 0.030939288437366534 0.023414893075823815 0.056468140333890915
v 0.03598498925566679 0.01498349104076626 0.05540776625275612
v 0.035194497555494364 0.011577351018786446 0.055513735860586166
v 0.03629506006836897 0.005857474170625218 0.05495584011077881
v 0.037359960377216395 0.008122281171381484 0.05484316870570183
v 0.037359960377216395 0.008122281171381484 0.05484316870570183
v 0.036682441830635126 0.01195543352514507 0.05518929660320282
v 0.035194497555494364 0.011577351018786446 0.055513735860586166
v 0.035354491323232706 0.00565389636904002 0.055053357034921646
v 0.03629506006836897 0.005857474170625218 0.05495584011077881
v 0.035194497555494364 0.011577351018786446 0.055513735860586166
v 0.035194497555494364 0.011577351018786446 0.055513735860586166
v 0.03409546613693243 0.014282341115176697 0.05578763037919998
v 0.035354491323232706 0.00565389636904002 0.055053357034921646
v 0.03213406354188924 -0.028847916051745453 0.04458344727754593
v 0.03377250209450727 -0.02609583362936977 0.04601723328232765
v 0.03161525726318364 -0.02860835753381256 0.045705389231443405
v 0.034643486142158564 -0.017515556886792207 0.05126502364873886
v 0.03553169593214994 -0.017898119986057306 0.05056063458323479
v 0.03638180717825895 -0.014068358577787895 0.051611870527267456
v 0.03553169593214994 -0.017898119986057306 0.05056063458323479
v 0.03728019818663603 -0.014351354911923428 0.05093305930495262
v 0.03638180717825895 -0.014068358577787895 0.051611870527267456
v 0.03638180717825895 -0.014068358577787895 0.051611870527267456
v 0.034952994436025675 -0.01362296752631666 0.05244796723127365
v 0.034643486142158564 -0.017515556886792207 0.05126502364873886
v 0.03638180717825895 -0.014068358577787895 0.051611870527267456
v 0.03728019818663603 -0.014351354911923428 0.05093305930495262
v 0.0382314026355744 -0.01060520857572557 0.051667470484972
v 0.03638180717825895 -0.014068358577787895 0.051611870527267456
v 0.03634880483150488 -0.010198971256613745 0.05277382954955101
v 0.034952994436025675 -0.01362296752631666 0.05244796723127365
v 0.03638180717825895 -0.014068358577787895 0.051611870527267456
v 0.0382314026355744 -0.01060520857572557 0.051667470484972
v 0.03634880483150488 -0.010198971256613745 0.05277382954955101
v 0.03741754218935972 -0.006639881059527406 0.053112857043743134
v 0.037202890962362345 -0.002927575958892707 0.053822942078113556
v 0.03545572608709341 -0.00821418408304454 0.053477782756090164
v 0.03545572608709341 -0.00821418408304454 0.053477782756090164
v 0.03634880483150488 -0.010198971256613745 0.05277382954955101
v 0.03741754218935972 -0.006639881059527406 0.053112857043743134
v 0.03741754218935972 -0.006639881059527406 0.053112857043743134
v 0.03906777873635298 -0.0029742687474936286 0.05300755426287651
v 0.037202890962362345 -0.002927575958892707 0.053822942078113556
v 0.03741754218935972 -0.006639881059527406 0.053112857043743134
v 0.03927012532949454 -0.006855768617242584 0.05205526202917099
v 0.03906777873635298 -0.0029742687474936286 0.05300755426287651
v 0.03741754218935972 -0.006639881059527406 0.053112857043743134
v 0.03634880483150488 -0.010198971256613745 0.05277382954955101
v 0.0382314026355744 -0.01060520857572557 0.051667470484972
v 0.0382314026355744 -0.01060520857572557 0.051667470484972
v 0.03927012532949454 -0.006855768617242584 0.05205526202917099
v 0.03741754218935972 -0.006639881059527406 0.053112857043743134
v 0.04077827930450446 -0.0029884753748774568 0.051814738661050797
v 0.03927012532949454 -0.006855768617242584 0.05205526202917099
v 0.04090894386172301 -0.007008254993706951 0.05063214898109436
v 0.04222656786441809 -0.0029578099492937365 0.05029953271150589
v 0.04077827930450446 -0.0029884753748774568 0.051814738661050797
v 0.04090894386172301 -0.007008254993706951 0.05063214898109436
v 0.04077827930450446 -0.0029884753748774568 0.051814738661050797
v 0.04222656786441809 -0.0029578099492937365 0.05029953271150589
v 0.04104906320571906 0.0010069180279970182 0.05225059390068054
v 0.03906777873635298 -0.0029742687474936286 0.05300755426287651
v 0.03927012532949454 -0.006855768617242584 0.05205526202917099
v 0.04077827930450446 -0.0029884753748774568 0.051814738661050797
v 0.04104906320571906 0.0010069180279970182 0.05225059390068054
v 0.03940553963184363 0.0008605518378317368 0.05338849127292633
v 0.04077827930450446 -0.0029884753748774568 0.051814738661050797
v 0.03940553963184363 0.0008605518378317368 0.05338849127292633
v 0.03906777873635298 -0.0029742687474936286 0.05300755426287651
v 0.04077827930450446 -0.0029884753748774568 0.051814738661050797
v 0.04280538111925132 -0.019364152103662515 0.02316315844655037
v 0.04169696941971785 -0.021715978160500554 0.02274683490395546
v 0.041273955255746904 -0.01792778074741366 -0.05645120143890381
v 0.04280538111925132 -0.019364152103662515 0.02316315844655037
v 0.041273955255746904 -0.01792778074741366 -0.05645120143890381
v 0.04303399100899703 -0.01891299150884154 0.023965753614902496
v 0.04280538111925132 -0.019364152103662515 0.02316315844655037
v 0.04303399100899703 -0.01891299150884154 0.023965753614902496
v 0.04169696941971785 -0.021715978160500554 0.02274683490395546
v 0.041122574359178606 -0.02250218577682975 0.023917729035019875
v 0.04169696941971785 -0.021715978160500554 0.02274683490395546
v 0.04269430413842208 -0.01936150155961516 0.025176262483000755
v 0.04269430413842208 -0.01936150155961516 0.025176262483000755
v 0.04169696941971785 -0.021715978160500554 0.02274683490395546
v 0.04303399100899703 -0.01891299150884154 0.023965753614902496
v 0.039301380515098634 -0.025549922138452565 0.02270609326660633
v 0.041122574359178606 -0.02250218577682975 0.023917729035019875
v 0.03779895976185804 -0.022968418896198304 0.041781071573495865
v 0.039301380515098634 -0.025549922138452565 0.02270609326660633
v 0.03859337791800505 -0.026831002905964886 0.020764460787177086
v 0.039960265159606996 -0.024761648848652874 0.021252362057566643
v 0.039960265159606996 -0.024761648848652874 0.021252362057566643
v 0.041122574359178606 -0.02250218577682975 0.023917729035019875
v 0.039301380515098634 -0.025549922138452565 0.02270609326660633
v 0.039301380515098634 -0.025549922138452565 0.02270609326660633
v 0.03744595497846609 -0.028204722329974213 0.021613018587231636
v 0.03859337791800505 -0.026831002905964886 0.020764460787177086
v 0.03903903067111975 -0.020851986482739476 0.04208986088633537
v 0.03779895976185804 -0.022968418896198304 0.041781071573495865
v 0.041122574359178606 -0.02250218577682975 0.023917729035019875
v 0.03903903067111975 -0.020851986482739476 0.04208986088633537
v 0.03908604755997664 -0.020298121497035054 0.04356958717107773
v 0.03779895976185804 -0.022968418896198304 0.041781071573495865
v 0.041122574359178606 -0.02250218577682975 0.023917729035019875
v 0.04269430413842208 -0.01936150155961516 0.025176262483000755
v 0.03903903067111975 -0.020851986482739476 0.04208986088633537
v 0.0328515619039536 -0.02914176508784298 0.04231938719749451
v 0.03268352895975118 -0.029686275869607964 0.040799014270305634
v 0.03452759608626371 -0.027543578296899834 0.04123718664050102
v 0.03919932618737227 -0.018500767648220087 0.04601740092039108
v 0.04104905202984816 -0.015298349782824537 0.04535170644521713
v 0.04040060564875609 -0.015271366573870203 0.046904515475034714
v 0.0433315001428128 -0.002882899949327115 0.048555515706539154
v 0.04318721964955337 -0.007079044822603474 0.047033943235874176
v 0.04405487701296813 -0.0027703125961124936 0.04669656604528427
v 0.04405487701296813 -0.0027703125961124936 0.04669656604528427
v 0.04318721964955337 -0.007079044822603474 0.047033943235874176
v 0.04374878108501441 -0.006955651566386232 0.0451260469853878
v 0.04405487701296813 -0.0027703125961124936 0.04669656604528427
v 0.04374878108501441 -0.006955651566386232 0.0451260469853878
v 0.046800874173641274 -0.002870042575523261 0.031775329262018204
v 0.04405487701296813 -0.0027703125961124936 0.04669656604528427
v 0.046800874173641274 -0.002870042575523261 0.031775329262018204
v 0.04440471902489669 -0.002441545017063621 0.044997259974479675
v 0.043491821736097405 0.001347379642538728 0.04912697896361351
v 0.0433315001428128 -0.002882899949327115 0.048555515706539154
v 0.04405487701296813 -0.0027703125961124936 0.04669656604528427
v 0.04405487701296813 -0.0027703125961124936 0.04669656604528427
v 0.044175848364830086 0.0015231494326144476 0.047342464327812195
v 0.043491821736097405 0.001347379642538728 0.04912697896361351
v 0.04405487701296813 -0.0027703125961124936 0.04669656604528427
v 0.046894934028387146 0.0004396923177409923 0.033079784363508224
v 0.044175848364830086 0.0015231494326144476 0.047342464327812195
v 0.04405487701296813 -0.0027703125961124936 0.04669656604528427
v 0.04440471902489669 -0.002441545017063621 0.044997259974479675
v 0.046894934028387146 0.0004396923177409923 0.033079784363508224
v 0.04664274305105216 -0.005846287589520224 0.02893095463514328
v 0.04609612375497825 -0.009038464166224015 0.027299735695123672
v 0.04458026215434081 -0.006127384956926115 -0.05645120143890381
v 0.04664274305105216 -0.005846287589520224 0.02893095463514328
v 0.046374641358852456 -0.007520232815295468 0.028942948207259178
v 0.04609612375497825 -0.009038464166224015 0.027299735695123672
v 0.046852484345436166 -0.003488802583888178 0.029545219615101814
v 0.04664274305105216 -0.005846287589520224 0.02893095463514328
v 0.04458026215434081 -0.006127384956926115 -0.05645120143890381
v 0.04664274305105216 -0.005846287589520224 0.02893095463514328
v 0.046852484345436166 -0.003488802583888178 0.029545219615101814
v 0.046757884323597024 -0.004546296317130333 0.030142974108457565
v 0.046483516693115304 -0.006195694673806438 0.030385391786694527
v 0.046757884323597024 -0.004546296317130333 0.030142974108457565
v 0.046800874173641274 -0.002870042575523261 0.031775329262018204
v 0.046800874173641274 -0.002870042575523261 0.031775329262018204
v 0.04374878108501441 -0.006955651566386232 0.0451260469853878
v 0.046483516693115304 -0.006195694673806438 0.030385391786694527
v 0.046483516693115304 -0.006195694673806438 0.030385391786694527
v 0.04664274305105216 -0.005846287589520224 0.02893095463514328
v 0.046757884323597024 -0.004546296317130333 0.030142974108457565
v 0.04664274305105216 -0.005846287589520224 0.02893095463514328
v 0.046483516693115304 -0.006195694673806438 0.030385391786694527
v 0.046374641358852456 -0.007520232815295468 0.028942948207259178
v 0.045219719409942696 -0.012609054334461706 0.02532224915921688
v 0.04466843605041511 -0.014647914096713085 0.02530638501048088
v 0.04333069175481803 -0.012140665203332917 -0.05645120143890381
v 0.04587334394454963 -0.010218535549938693 0.027609851211309433
v 0.045219719409942696 -0.012609054334461706 0.02532224915921688
v 0.04333069175481803 -0.012140665203332917 -0.05645120143890381
v 0.045928552746772836 -0.009469999931752694 0.02906707674264908
v 0.04587334394454963 -0.010218535549938693 0.027609851211309433
v 0.046374641358852456 -0.007520232815295468 0.028942948207259178
v 0.046483516693115304 -0.006195694673806438 0.030385391786694527
v 0.045928552746772836 -0.009469999931752694 0.02906707674264908
v 0.046374641358852456 -0.007520232815295468 0.028942948207259178
v 0.045928552746772836 -0.009469999931752694 0.02906707674264908
v 0.04374878108501441 -0.006955651566386232 0.0451260469853878
v 0.04290851578116424 -0.011159623041749016 0.043852612376213074
v 0.045928552746772836 -0.009469999931752694 0.02906707674264908
v 0.046483516693115304 -0.006195694673806438 0.030385391786694527
v 0.04374878108501441 -0.006955651566386232 0.0451260469853878
v 0.045928552746772836 -0.009469999931752694 0.02906707674264908
v 0.04517011344432838 -0.012594785541296023 0.02782667800784111
v 0.04587334394454963 -0.010218535549938693 0.027609851211309433
v 0.04517011344432838 -0.012594785541296023 0.02782667800784111
v 0.045928552746772836 -0.009469999931752694 0.02906707674264908
v 0.04290851578116424 -0.011159623041749016 0.043852612376213074
v 0.04517011344432838 -0.012594785541296023 0.02782667800784111
v 0.041500750929117265 -0.01523347944021227 0.04380960762500763
v 0.04412880912423141 -0.015857018530368826 0.026531914249062538
v 0.04290851578116424 -0.011159623041749016 0.043852612376213074
v 0.041500750929117265 -0.01523347944021227 0.04380960762500763
v 0.04517011344432838 -0.012594785541296023 0.02782667800784111
v -0.04211860522627837 0.06294916570186623 0.014816966839134693
v -0.04367193579673774 0.06294966489076623 -0.00978706032037735
v -0.04376458376646049 0.06294916570186623 0.008942393586039543
v -0.04367193579673774 0.06294966489076623 -0.00978706032037735
v -0.044595297425985406 0.06294916570186623 0.0028984337113797665
v -0.04376458376646049 0.06294916570186623 0.008942393586039543
v -0.04376458376646049 0.06294916570186623 0.008942393586039543
v -0.044595297425985406 0.06294916570186623 0.0028984337113797665
v -0.044230904430151055 0.062200944870710456 0.008637548424303532
v -0.04376458376646049 0.06294916570186623 0.008942393586039543
v -0.04276438057422645 0.06218947842717179 0.014064746908843517
v -0.04211860522627837 0.06294916570186623 0.014816966839134693
v -0.04376458376646049 0.06294916570186623 0.008942393586039543
v -0.044230904430151055 0.062200944870710456 0.008637548424303532
v -0.04276438057422645 0.06218947842717179 0.014064746908843517
v -0.044595297425985406 0.06294916570186623 -0.003202347084879875
v -0.04367193579673774 0.06294966489076623 -0.00978706032037735
v -0.04480785131454475 0.06218833848834046 -0.004720797296613455
v -0.044595297425985406 0.06294916570186623 -0.003202347084879875
v -0.044595297425985406 0.06294916570186623 0.0028984337113797665
v -0.04367193579673774 0.06294966489076623 -0.00978706032037735
v -0.04480785131454475 0.06218833848834046 -0.004720797296613455
v -0.044979188591241906 0.0624740421772004 0.002020383020862937
v -0.044595297425985406 0.06294916570186623 -0.003202347084879875
v -0.044595297425985406 0.06294916570186623 0.0028984337113797665
v -0.044595297425985406 0.06294916570186623 -0.003202347084879875
v -0.044979188591241906 0.0624740421772004 0.002020383020862937
v 0.009155395440757289 -0.04405819997191435 -0.056451216340065
v 0.007707166951149714 -0.04636235907673842 0.012573681771755219
v 0.006129138637334118 -0.04659665003418929 0.01277394313365221
v 0.010183624923229233 -0.04588350281119353 0.012802516110241413
v 0.007707166951149714 -0.04636235907673842 0.012573681771755219
v 0.009155395440757289 -0.04405819997191435 -0.056451216340065
v 0.014384317211806797 -0.044581867754459444 0.01518980786204338
v 0.014201593585312389 -0.04167632758617407 0.03880871832370758
v 0.011512687429785746 -0.042471509426832255 0.03878168761730194
v 0.008831878192722811 -0.04309844598174101 0.038713958114385605
v 0.007869826629757893 -0.043026950210332926 0.04026498645544052
v 0.006815821398049603 -0.0434125922620297 0.03896181285381317
v 0.012245799414813538 -0.042007323354482706 0.040415097028017044
v 0.014201593585312389 -0.04167632758617407 0.03880871832370758
v 0.015432029962539697 -0.0409460105001927 0.04056790843605995
v 0.015432029962539697 -0.0409460105001927 0.04056790843605995
v 0.015278791077435041 -0.04064605385065084 0.04182985797524452
v 0.012245799414813538 -0.042007323354482706 0.040415097028017044
v 0.012245799414813538 -0.042007323354482706 0.040415097028017044
v 0.015278791077435041 -0.04064605385065084 0.04182985797524452
v 0.012121020816266556 -0.04169235378503805 0.04168686270713806
v 0.014201593585312389 -0.04167632758617407 0.03880871832370758
v 0.012245799414813538 -0.042007323354482706 0.040415097028017044
v 0.011512687429785746 -0.042471509426832255 0.03878168761730194
v 0.012121020816266556 -0.04169235378503805 0.04168686270713806
v 0.007869826629757893 -0.043026950210332926 0.04026498645544052
v 0.012245799414813538 -0.042007323354482706 0.040415097028017044
v 0.012245799414813538 -0.042007323354482706 0.040415097028017044
v 0.008831878192722811 -0.04309844598174101 0.038713958114385605
v 0.011512687429785746 -0.042471509426832255 0.03878168761730194
v 0.007869826629757893 -0.043026950210332926 0.04026498645544052
v 0.008831878192722811 -0.04309844598174101 0.038713958114385605
v 0.012245799414813538 -0.042007323354482706 0.040415097028017044
v 0.02095981873571876 -0.04207503423094755 0.014604903757572174
v 0.01992495730519298 -0.04257179051637655 0.013961131684482098
v 0.020702652633190186 -0.03995429724454885 -0.056451208889484406
v 0.021318290382623707 -0.04173276945948606 0.016255134716629982
v 0.02095981873571876 -0.04207503423094755 0.014604903757572174
v 0.023412073031067883 -0.04075948521494871 0.0150661151856184
v 0.017510434612631826 -0.04363428056240087 0.013725227676331997
v 0.0152674447745085 -0.044461440294981065 0.013373763300478458
v 0.015069376677274728 -0.0424011684954167 -0.056451212614774704
v 0.020702652633190186 -0.03995429724454885 -0.056451208889484406
v 0.017510434612631826 -0.04363428056240087 0.013725227676331997
v 0.015069376677274728 -0.0424011684954167 -0.056451212614774704
v 0.01992495730519298 -0.04257179051637655 0.013961131684482098
v 0.017510434612631826 -0.04363428056240087 0.013725227676331997
v 0.020702652633190186 -0.03995429724454885 -0.056451208889484406
v 0.011454454623162764 -0.040063019841909464 0.045376237481832504
v 0.007492110133171093 -0.04166989773511892 0.044090498238801956
v 0.011770415119826813 -0.040708031505346354 0.044185418635606766
v 0.011770415119826813 -0.040708031505346354 0.044185418635606766
v 0.014567118138074897 -0.03905918449163442 0.045492883771657944
v 0.011454454623162764 -0.040063019841909464 0.045376237481832504
v 0.011770415119826813 -0.040708031505346354 0.044185418635606766
v 0.014845673926174663 -0.03970239683985716 0.04430978745222092
v 0.014567118138074897 -0.03905918449163442 0.045492883771657944
v 0.003148984396830206 -0.04223962873220449 0.04395909234881401
v 0.0032937456853687815 -0.042803131043911036 0.04274306446313858
v 0.007492110133171093 -0.04166989773511892 0.044090498238801956
v 0.003148984396830206 -0.04223962873220449 0.04395909234881401
v 0.007492110133171093 -0.04166989773511892 0.044090498238801956
v 0.004805545788258322 -0.0412293896079064 0.04539556801319122
v 0.003148984396830206 -0.04223962873220449 0.04395909234881401
v 4.1294861148344414e-05 -0.04072611406445509 0.046888887882232666
v 1.0480399396328738e-05 -0.04232902452349668 0.043974876403808594
v 0.003148984396830206 -0.04223962873220449 0.04395909234881401
v 0.004805545788258322 -0.0412293896079064 0.04539556801319122
v -0.00019403078476898402 -0.040508016943931635 0.04729069769382477
v -0.00019403078476898402 -0.040508016943931635 0.04729069769382477
v 4.1294861148344414e-05 -0.04072611406445509 0.046888887882232666
v 0.003148984396830206 -0.04223962873220449 0.04395909234881401
v 0.0150833120569587 -0.04023194313049322 0.04308287426829338
v 0.012121020816266556 -0.04169235378503805 0.04168686270713806
v 0.015278791077435041 -0.04064605385065084 0.04182985797524452
v 0.017825897783041028 -0.03849790245294576 0.04446521773934364
v 0.014845673926174663 -0.03970239683985716 0.04430978745222092
v 0.0150833120569587 -0.04023194313049322 0.04308287426829338
v -0.01193564198911192 -0.041266307234764155 0.04294905439019203
v -0.00764244329184295 -0.04225387424230581 0.04281717166304588
v -0.01174875721335413 -0.04071308299899107 0.04418542981147766
v -0.015848260372877145 -0.039333868771791514 0.04436006024479866
v -0.01193564198911192 -0.041266307234764155 0.04294905439019203
v -0.01174875721335413 -0.04071308299899107 0.04418542981147766
v 0.007683313917368663 -0.04224607720971113 0.04281757026910782
v 0.011770415119826813 -0.040708031505346354 0.044185418635606766
v 0.007492110133171093 -0.04166989773511892 0.044090498238801956
v 0.007683313917368663 -0.04224607720971113 0.04281757026910782
v 0.007492110133171093 -0.04166989773511892 0.044090498238801956
v 0.0032937456853687815 -0.042803131043911036 0.04274306446313858
v 0.0033401299733668618 -0.04326488822698599 0.04146615415811539
v 0.007683313917368663 -0.04224607720971113 0.04281757026910782
v 0.0032937456853687815 -0.042803131043911036 0.04274306446313858
v 0.0045216549187898705 -0.04348664358258253 0.04019385576248169
v 0.004555812105536468 -0.043704453855753 0.038916341960430145
v 0.006815821398049603 -0.0434125922620297 0.03896181285381317
v 0.0045216549187898705 -0.04348664358258253 0.04019385576248169
v 0.006815821398049603 -0.0434125922620297 0.03896181285381317
v 0.007869826629757893 -0.043026950210332926 0.04026498645544052
v 0.026376739144325298 -0.0350250974297524 0.04142693057656288
v 0.025230949744582214 -0.03613071888685231 0.03978051617741585
v 0.027168121188879055 -0.03472372516989713 0.040001798421144485
v 0.026376739144325298 -0.0350250974297524 0.04142693057656288
v 0.02938855811953549 -0.032159514725208324 0.04300383850932121
v 0.02596983127295975 -0.03492334112524991 0.04262274131178856
v 0.026376739144325298 -0.0350250974297524 0.04142693057656288
v 0.02596983127295975 -0.03492334112524991 0.04262274131178856
v 0.022676957771182095 -0.03748778626322751 0.04107050597667694
v 0.025230949744582214 -0.03613071888685231 0.03978051617741585
v 0.026376739144325298 -0.0350250974297524 0.04142693057656288
v 0.022676957771182095 -0.03748778626322751 0.04107050597667694
v 0.03417548164725309 -0.03226979821920399 0.018034860491752625
v 0.030714478343725253 -0.032887164503335994 -0.05645120516419411
v 0.034906540066003855 -0.028398558497428932 -0.05645120516419411
v 0.02725987508893017 -0.03812301158905034 0.017659848555922508
v 0.030088277533650443 -0.03593306615948682 0.018566107377409935
v 0.027168121188879055 -0.03472372516989713 0.040001798421144485
v 0.027729937806725544 -0.037951331585645724 0.016214698553085327
v 0.030088277533650443 -0.03593306615948682 0.018566107377409935
v 0.02725987508893017 -0.03812301158905034 0.017659848555922508
v 0.025655534118413963 -0.03460519015789037 0.04382680356502533
v 0.025193110108375587 -0.034244630485773135 0.04500068351626396
v 0.022006684914231335 -0.036982350051403094 0.04351409897208214
v 0.025655534118413963 -0.03460519015789037 0.04382680356502533
v 0.022006684914231335 -0.036982350051403094 0.04351409897208214
v 0.022284278646111523 -0.03733937069773679 0.04228951409459114
v 0.025655534118413963 -0.03460519015789037 0.04382680356502533
v 0.022284278646111523 -0.03733937069773679 0.04228951409459114
v 0.02596983127295975 -0.03492334112524991 0.04262274131178856
v 0.0278630126267672 -0.031260650604963344 0.04647194594144821
v 0.029819894582033202 -0.028407445177435913 0.04774634912610054
v 0.026764554902911228 -0.031187141314148945 0.04742932319641113
v 0.0278630126267672 -0.031260650604963344 0.04647194594144821
v 0.026764554902911228 -0.031187141314148945 0.04742932319641113
v 0.02396293170750145 -0.03426232188940053 0.04606768861413002
v 0.025193110108375587 -0.034244630485773135 0.04500068351626396
v 0.0278630126267672 -0.031260650604963344 0.04647194594144821
v 0.02396293170750145 -0.03426232188940053 0.04606768861413002
v 0.030088277533650443 -0.03593306615948682 0.018566107377409935
v 0.029076036065816924 -0.033172015100717586 0.04023629054427147
v 0.027168121188879055 -0.03472372516989713 0.040001798421144485
v 0.029076036065816924 -0.033172015100717586 0.04023629054427147
v 0.026376739144325298 -0.0350250974297524 0.04142693057656288
v 0.027168121188879055 -0.03472372516989713 0.040001798421144485
v -0.03181474655866628 -0.03460717201232915 0.017425719648599625
v -0.03278549015522008 -0.03344261273741726 0.019756659865379333
v -0.033394765108823825 -0.033082108944654506 0.01813175156712532
v -0.030442699790000964 -0.035683412104845096 0.01844039000570774
v -0.03278549015522008 -0.03344261273741726 0.019756659865379333
v -0.03181474655866628 -0.03460717201232915 0.017425719648599625
v -0.03731299191713339 -0.028417343273758926 0.02141951397061348
v -0.036470346152782496 -0.02965068258345131 0.019597405567765236
v -0.035119801759719904 -0.031077247112989467 0.020328925922513008
v -0.036470346152782496 -0.02965068258345131 0.019597405567765236
v -0.03506200388073927 -0.03130462393164639 0.018813902512192726
v -0.035119801759719904 -0.031077247112989467 0.020328925922513008
v -0.032347481697797824 -0.030022507533431095 0.04081365093588829
v -0.03434897214174276 -0.027737705036997833 0.04131010174751282
v -0.035119801759719904 -0.031077247112989467 0.020328925922513008
v -0.035119801759719904 -0.031077247112989467 0.020328925922513008
v -0.03434897214174276 -0.027737705036997833 0.04131010174751282
v -0.03731299191713339 -0.028417343273758926 0.02141951397061348
v -0.035119801759719904 -0.031077247112989467 0.020328925922513008
v -0.030758965760469485 -0.031645026057958645 0.04046209529042244
v -0.032347481697797824 -0.030022507533431095 0.04081365093588829
v -0.035119801759719904 -0.031077247112989467 0.020328925922513008
v -0.03278549015522008 -0.03344261273741726 0.019756659865379333
v -0.030758965760469485 -0.031645026057958645 0.04046209529042244
v -0.035119801759719904 -0.031077247112989467 0.020328925922513008
v -0.03506200388073927 -0.03130462393164639 0.018813902512192726
v -0.033394765108823825 -0.033082108944654506 0.01813175156712532
v -0.033394765108823825 -0.033082108944654506 0.01813175156712532
v -0.03278549015522008 -0.03344261273741726 0.019756659865379333
v -0.035119801759719904 -0.031077247112989467 0.020328925922513008
v -0.03419335559010511 -0.027603881433606186 0.04250115156173706
v -0.03682567924261099 -0.024063466116786034 0.04301736503839493
v -0.036241222172975596 -0.025304855778813397 0.04142658784985542
v -0.03682567924261099 -0.024063466116786034 0.04301736503839493
v -0.037711758166551645 -0.023099618032574685 0.041803836822509766
v -0.036241222172975596 -0.025304855778813397 0.04142658784985542
v -0.03767592832446104 -0.022129347547888784 0.04446377977728844
v -0.03907425329089171 -0.0203182324767113 0.043567951768636703
v -0.03682567924261099 -0.024063466116786034 0.04301736503839493
v -0.037711758166551645 -0.023099618032574685 0.041803836822509766
v -0.03682567924261099 -0.024063466116786034 0.04301736503839493
v -0.03907425329089171 -0.0203182324767113 0.043567951768636703
v -0.03247011452913289 -0.029113611206412354 0.04342391714453697
v -0.03419335559010511 -0.027603881433606186 0.04250115156173706
v -0.031239181756973315 -0.03085024468600754 0.04203125834465027
v -0.03247011452913289 -0.029113611206412354 0.04342391714453697
v -0.02937310561537747 -0.03217320144176487 0.04300175979733467
v -0.03210424259305005 -0.028880100697279015 0.04457961767911911
v -0.03247011452913289 -0.029113611206412354 0.04342391714453697
v -0.031239181756973315 -0.03085024468600754 0.04203125834465027
v -0.02937310561537747 -0.03217320144176487 0.04300175979733467
v -0.013286586850881597 -0.04509066790342337 0.013138250447809696
v -0.014501770958304428 -0.044588647782802644 0.014927039854228497
v -0.016218669712543512 -0.044119723141193445 0.013796555809676647
v -0.01819697394967082 -0.0433416403830052 0.013881842605769634
v -0.016218669712543512 -0.044119723141193445 0.013796555809676647
v -0.018080996349453954 -0.04325789958238607 0.015542681328952312
v -0.016218669712543512 -0.044119723141193445 0.013796555809676647
v -0.014501770958304428 -0.044588647782802644 0.014927039854228497
v -0.018080996349453954 -0.04325789958238607 0.015542681328952312
v -0.015069390647113347 -0.04240118712186819 -0.0564512200653553
v -0.013286586850881597 -0.04509066790342337 0.013138250447809696
v -0.016218669712543512 -0.044119723141193445 0.013796555809676647
v -0.016218669712543512 -0.044119723141193445 0.013796555809676647
v -0.01819697394967082 -0.0433416403830052 0.013881842605769634
v -0.015069390647113347 -0.04240118712186819 -0.0564512200653553
v -0.011283028870821016 -0.045509260147810045 0.014573134481906891
v -0.014501770958304428 -0.044588647782802644 0.014927039854228497
v -0.01162213087081911 -0.04553848877549178 0.01330483891069889
v -0.011283028870821016 -0.045509260147810045 0.014573134481906891
v -0.01162213087081911 -0.04553848877549178 0.01330483891069889
v -0.009670468978583828 -0.04600461944937712 0.012791553512215614
v -0.025187643244862595 -0.03968931362032896 0.01563998870551586
v -0.027119105681777042 -0.03825315088033681 0.01748153381049633
v -0.026045266538858455 -0.03913329169154173 0.015506414696574211
v -0.025187643244862595 -0.03968931362032896 0.01563998870551586
v -0.02433856390416626 -0.04007523879408842 0.01674073003232479
v -0.027119105681777042 -0.03825315088033681 0.01748153381049633
v -0.026045266538858455 -0.03913329169154173 0.015506414696574211
v -0.025950293987989467 -0.036763176321983386 -0.0564512237906456
v -0.025187643244862595 -0.03968931362032896 0.01563998870551586
v -0.021433636546134983 -0.04169083386659628 0.016203731298446655
v -0.019436903297901185 -0.03951601311564451 0.03925297409296036
v -0.021578501909971272 -0.038387153297662784 0.039496708661317825
v -0.017218584194779424 -0.04052431136369711 0.03907100856304169
v -0.019436903297901185 -0.03951601311564451 0.03925297409296036
v -0.021433636546134983 -0.04169083386659628 0.016203731298446655
v -0.017309986054897336 -0.03983701393008238 0.04194182530045509
v -0.015406869351863885 -0.0409547276794911 0.040566347539424896
v -0.014224985614419006 -0.041032891720533426 0.041779715567827225
v -0.015406869351863885 -0.0409547276794911 0.040566347539424896
v -0.017218584194779424 -0.04052431136369711 0.03907100856304169
v -0.014914728701114677 -0.04141194745898252 0.03896400332450867
v -0.007818453945219529 -0.04622638598084456 0.01430173683911562
v -0.011283028870821016 -0.045509260147810045 0.014573134481906891
v -0.009670468978583828 -0.04600461944937712 0.012791553512215614
v -0.00993002206087114 -0.04225746169686323 0.041608549654483795
v -0.01193564198911192 -0.041266307234764155 0.04294905439019203
v -0.014224985614419006 -0.041032891720533426 0.041779715567827225
v -0.00764244329184295 -0.04225387424230581 0.04281717166304588
v -0.01193564198911192 -0.041266307234764155 0.04294905439019203
v -0.00993002206087114 -0.04225746169686323 0.041608549654483795
v -0.02389833517372612 -0.025403214618563687 0.05191510170698166
v -0.020525429397821458 -0.026477944105863606 0.0520707443356514
v -0.02566627413034443 -0.022221680730581315 0.0524495430290699
v -0.01817289926111701 -0.02934705838561062 0.051555924117565155
v -0.020525429397821458 -0.026477944105863606 0.0520707443356514
v -0.02389833517372612 -0.025403214618563687 0.05191510170698166
v -0.03462472558021551 -0.017548393458128 0.05126146227121353
v -0.03635419905185705 -0.014132768847048302 0.05160566791892052
v -0.03551293164491659 -0.017931818962097192 0.05055674910545349
v -0.03462472558021551 -0.017548393458128 0.05126146227121353
v -0.03541035205125814 -0.013821592554450054 0.052184462547302246
v -0.03635419905185705 -0.014132768847048302 0.05160566791892052
v -0.03541035205125814 -0.013821592554450054 0.052184462547302246
v -0.03462472558021551 -0.017548393458128 0.05126146227121353
v -0.03369184955954557 -0.017133507877588296 0.05186361446976662
v -0.03462472558021551 -0.017548393458128 0.05126146227121353
v -0.03551293164491659 -0.017931818962097192 0.05055674910545349
v -0.03344324976205831 -0.021261025220155744 0.05020715668797493
v -0.03272888436913495 -0.01669406332075598 0.05235844850540161
v -0.03272544220089917 -0.01459713466465475 0.05289792641997337
v -0.03443568199872976 -0.013489326462149637 0.05265836790204048
v -0.03369184955954557 -0.017133507877588296 0.05186361446976662
v -0.03272888436913495 -0.01669406332075598 0.05235844850540161
v -0.03443568199872976 -0.013489326462149637 0.05265836790204048
v -0.04386938735842712 -0.016815654933452627 0.025081142783164978
v -0.044220197945833276 -0.01595096103847029 0.024885131046175957
v -0.0430931709706784 -0.0188107565045357 0.02371559478342533
v -0.04386938735842712 -0.016815654933452627 0.025081142783164978
v -0.04408234730362899 -0.016094567254185697 0.026081416755914688
v -0.044220197945833276 -0.01595096103847029 0.024885131046175957
v -0.04386938735842712 -0.016815654933452627 0.025081142783164978
v -0.0430931709706784 -0.0188107565045357 0.02371559478342533
v -0.042853400111198495 -0.01908621564507487 0.025084080174565315
v -0.042853400111198495 -0.01908621564507487 0.025084080174565315
v -0.04408234730362899 -0.016094567254185697 0.026081416755914688
v -0.04386938735842712 -0.016815654933452627 0.025081142783164978
v -0.04572014883160598 -0.010581320151686682 0.028291746973991394
v -0.04581515863537795 -0.009610977955162537 0.02941048890352249
v -0.046392109245061944 -0.007226333022117624 0.02941002883017063
v -0.04572014883160598 -0.010581320151686682 0.028291746973991394
v -0.04641704633831985 -0.007423790171742449 0.02836160734295845
v -0.0455122962594033 -0.011728344485163704 0.02701309137046337
v -0.04572014883160598 -0.010581320151686682 0.028291746973991394
v -0.046392109245061944 -0.007226333022117624 0.02941002883017063
v -0.04641704633831985 -0.007423790171742449 0.02836160734295845
v -0.04572014883160598 -0.010581320151686682 0.028291746973991394
v -0.0455122962594033 -0.011728344485163704 0.02701309137046337
v -0.04507191479206092 -0.013069051317870634 0.027398554608225822
v -0.042526591569185326 -0.002997238188982014 0.049861595034599304
v -0.0434923209249974 0.0012986094225198048 0.04912060499191284
v -0.043328963220119546 -0.00293102604337037 0.048549357801675797
v -0.0434923209249974 0.0012986094225198048 0.04912060499191284
v -0.04405258968472488 -0.0028243311680853406 0.04668834060430527
v -0.043328963220119546 -0.00293102604337037 0.048549357801675797
v -0.043328963220119546 -0.00293102604337037 0.048549357801675797
v -0.04405258968472488 -0.0028243311680853406 0.04668834060430527
v -0.0431837514042855 -0.007098047528415928 0.04702937975525856
v -0.043328963220119546 -0.00293102604337037 0.048549357801675797
v -0.04249778017401702 -0.007113135885447273 0.04844335466623306
v -0.042526591569185326 -0.002997238188982014 0.049861595034599304
v -0.043328963220119546 -0.00293102604337037 0.048549357801675797
v -0.0431837514042855 -0.007098047528415928 0.04702937975525856
v -0.04249778017401702 -0.007113135885447273 0.04844335466623306
v -0.042680803686380456 -0.011269410140812413 0.04491166025400162
v -0.04372457042336471 -0.007062725257128487 0.04512936994433403
v -0.04294003918766982 -0.011145859956741349 0.04365202412009239
v -0.04294003918766982 -0.011145859956741349 0.04365202412009239
v -0.04372457042336471 -0.007062725257128487 0.04512936994433403
v -0.04581515863537795 -0.009610977955162537 0.02941048890352249
v -0.04572014883160598 -0.010581320151686682 0.028291746973991394
v -0.04294003918766982 -0.011145859956741349 0.04365202412009239
v -0.04581515863537795 -0.009610977955162537 0.02941048890352249
v -0.04294003918766982 -0.011145859956741349 0.04365202412009239
v -0.04572014883160598 -0.010581320151686682 0.028291746973991394
v -0.04507191479206092 -0.013069051317870634 0.027398554608225822
v -0.04507191479206092 -0.013069051317870634 0.027398554608225822
v -0.04205027967691428 -0.013348292559385317 0.04460020363330841
v -0.04294003918766982 -0.011145859956741349 0.04365202412009239
v -0.04294003918766982 -0.011145859956741349 0.04365202412009239
v -0.04205027967691428 -0.013348292559385317 0.04460020363330841
v -0.042680803686380456 -0.011269410140812413 0.04491166025400162
v -0.046863745898008416 -0.002318981569260362 0.03179014101624489
v -0.0469463877379895 -0.001617546775378289 0.03133298456668854
v -0.04692252725362785 -0.0028918711468577424 0.030169203877449036
v -0.04692252725362785 -0.0028918711468577424 0.030169203877449036
v -0.04668760299682624 -0.004784321412444121 0.03061227686703205
v -0.046863745898008416 -0.002318981569260362 0.03179014101624489
v -0.046863745898008416 -0.002318981569260362 0.03179014101624489
v -0.04691664502024658 0.0007385357748717079 0.03307130187749863
v -0.0469463877379895 -0.001617546775378289 0.03133298456668854
v -0.046863745898008416 -0.002318981569260362 0.03179014101624489
v -0.04668760299682624 -0.004784321412444121 0.03061227686703205
v -0.04372457042336471 -0.007062725257128487 0.04512936994433403
v -0.04438258334994323 -0.0026592644862830674 0.04501936957240105
v -0.04691664502024658 0.0007385357748717079 0.03307130187749863
v -0.046863745898008416 -0.002318981569260362 0.03179014101624489
v -0.046863745898008416 -0.002318981569260362 0.03179014101624489
v -0.04405258968472488 -0.0028243311680853406 0.04668834060430527
v -0.04438258334994323 -0.0026592644862830674 0.04501936957240105
v -0.046863745898008416 -0.002318981569260362 0.03179014101624489
v -0.04372457042336471 -0.007062725257128487 0.04512936994433403
v -0.04405258968472488 -0.0028243311680853406 0.04668834060430527
v -0.03667468577623373 0.011710459366440789 0.05518501624464989
v -0.03589400649070745 0.009680389426648629 0.05528854578733444
v -0.0351503267884255 0.01459119003266098 0.05563848093152046
v -0.03667468577623373 0.011710459366440789 0.05518501624464989
v -0.03734463825821882 0.008221202529966842 0.05485241115093231
v -0.03589400649070745 0.009680389426648629 0.05528854578733444
v -0.03667468577623373 0.011710459366440789 0.05518501624464989
v -0.0351503267884255 0.01459119003266098 0.05563848093152046
v -0.03614745661616331 0.015203975141048452 0.05533117055892944
v -0.03667468577623373 0.011710459366440789 0.05518501624464989
v -0.03614745661616331 0.015203975141048452 0.05533117055892944
v -0.038169153034687105 0.012274409644305722 0.054540012031793594
v -0.03667468577623373 0.011710459366440789 0.05518501624464989
v -0.038169153034687105 0.012274409644305722 0.054540012031793594
v -0.03895528987050063 0.008573410101234925 0.054157692939043045
v -0.03895528987050063 0.008573410101234925 0.054157692939043045
v -0.03734463825821882 0.008221202529966842 0.05485241115093231
v -0.03667468577623373 0.011710459366440789 0.05518501624464989
v -0.03721924498677259 -0.002827849704772238 0.05383245646953583
v -0.036099150776863154 -0.0008364861132577072 0.0543554313480854
v -0.037617806345224436 0.0008246828801929962 0.05416931211948395
v -0.03721924498677259 -0.002827849704772238 0.05383245646953583
v -0.037617806345224436 0.0008246828801929962 0.05416931211948395
v -0.03907049074769026 -0.0029637992847710887 0.053008783608675
v -0.011621665209531801 -0.03712591528892522 0.048545755445957184
v -0.008011735975742352 -0.0390703789889813 0.04748043790459633
v -0.007787698414176715 -0.03806779161095624 0.048446234315633774
v -0.011952389031648655 -0.038091901689767886 0.04758848994970322
v -0.008011735975742352 -0.0390703789889813 0.04748043790459633
v -0.011621665209531801 -0.03712591528892522 0.048545755445957184
v -0.004208598751574762 -0.034949611872434665 0.05069341883063316
v -0.007299320306628954 -0.03583828359842305 0.050052765756845474
v -0.005099807400256403 -0.03673788160085683 0.04969684034585953
v -0.017135558649897603 -0.03123857453465466 0.050998084247112274
v -0.011909683234989662 -0.032121971249580425 0.051303207874298096
v -0.01817289926111701 -0.02934705838561062 0.051555924117565155
v -0.02026093751192096 -0.029474230483174362 0.05116324871778488
v -0.017135558649897603 -0.03123857453465466 0.050998084247112274
v -0.01817289926111701 -0.02934705838561062 0.051555924117565155
v -0.037252321839332636 -0.014417545869946499 0.050926510244607925
v -0.03551293164491659 -0.017931818962097192 0.05055674910545349
v -0.03635419905185705 -0.014132768847048302 0.05160566791892052
v -0.03865110501647002 -0.010725975036621108 0.05131565034389496
v -0.03809057176113135 -0.014671162702143211 0.050154656171798706
v -0.037252321839332636 -0.014417545869946499 0.050926510244607925
v -0.037252321839332636 -0.014417545869946499 0.050926510244607925
v -0.036342658102512415 -0.018277553841471696 0.04975735396146774
v -0.03551293164491659 -0.017931818962097192 0.05055674910545349
v -0.03809057176113135 -0.014671162702143211 0.050154656171798706
v -0.036342658102512415 -0.018277553841471696 0.04975735396146774
v -0.037252321839332636 -0.014417545869946499 0.050926510244607925
v -0.03775539994239813 -0.010537166148424162 0.05196843296289444
v -0.037252321839332636 -0.014417545869946499 0.050926510244607925
v -0.03635419905185705 -0.014132768847048302 0.05160566791892052
v -0.037252321839332636 -0.014417545869946499 0.050926510244607925
v -0.03775539994239813 -0.010537166148424162 0.05196843296289444
v -0.03865110501647002 -0.010725975036621108 0.05131565034389496
v -0.03499372676014906 -0.022087104618549375 0.04847022891044617
v -0.036342658102512415 -0.018277553841471696 0.04975735396146774
v -0.03710147365927702 -0.018580311909317995 0.04887407645583153
v -0.027957376092672393 -0.03380069509148602 0.04160400852560997
v -0.030758965760469485 -0.031645026057958645 0.04046209529042244
v -0.02883219905197625 -0.033383410423994106 0.0401836633682251
v -0.02883219905197625 -0.033383410423994106 0.0401836633682251
v -0.026722349226474804 -0.03508625179529195 0.03980886563658714
v -0.027957376092672393 -0.03380069509148602 0.04160400852560997
v -0.026722349226474804 -0.03508625179529195 0.03980886563658714
v -0.02883219905197625 -0.033383410423994106 0.0401836633682251
v -0.030442699790000964 -0.035683412104845096 0.01844039000570774
v -0.02883219905197625 -0.033383410423994106 0.0401836633682251
v -0.03278549015522008 -0.03344261273741726 0.019756659865379333
v -0.030442699790000964 -0.035683412104845096 0.01844039000570774
v -0.030758965760469485 -0.031645026057958645 0.04046209529042244
v -0.03278549015522008 -0.03344261273741726 0.019756659865379333
v -0.02883219905197625 -0.033383410423994106 0.0401836633682251
v -0.03485951572656637 -0.02554077655076984 0.045082006603479385
v -0.03247011452913289 -0.029113611206412354 0.04342391714453697
v -0.03210424259305005 -0.028880100697279015 0.04457961767911911
v -0.02910901419818406 -0.027893297374248543 0.04870409518480301
v -0.03105107881128793 -0.024393664672970803 0.049879107624292374
v -0.03182771801948552 -0.024923976510763203 0.04902849346399307
v 0.028416570276022003 -0.02723486348986629 0.04958176612854004
v 0.03025766275823121 -0.023771727457642586 0.05063561350107193
v 0.027634948492050213 -0.026559852063655888 0.05035572126507759
v 0.028416570276022003 -0.02723486348986629 0.04958176612854004
v 0.031088432297110606 -0.024350980296731026 0.04988342151045799
v 0.03025766275823121 -0.023771727457642586 0.05063561350107193
v 0.028416570276022003 -0.02723486348986629 0.04958176612854004
v 0.027634948492050213 -0.026559852063655888 0.05035572126507759
v 0.025472979992628136 -0.029849220067262688 0.0493086576461792
v 0.028416570276022003 -0.02723486348986629 0.04958176612854004
v 0.025472979992628136 -0.029849220067262688 0.0493086576461792
v 0.02614625170826916 -0.030554119497537655 0.04841367155313492
v 0.028486946597695396 -0.022499794140458138 0.05181548371911049
v 0.028677929192781493 -0.02059359475970271 0.05235171690583229
v 0.025970092043280643 -0.025084121152758633 0.05157387629151344
v 0.028486946597695396 -0.022499794140458138 0.05181548371911049
v 0.03074742481112485 -0.019692199304699926 0.05207814648747444
v 0.028677929192781493 -0.02059359475970271 0.05235171690583229
v 0.026815328747034115 -0.02583917044103149 0.0510215163230896
v 0.028486946597695396 -0.022499794140458138 0.05181548371911049
v 0.025970092043280643 -0.025084121152758633 0.05157387629151344
v 0.03176080435514455 0.026840161532163655 0.055650029331445694
v 0.033821593970060404 0.025302797555923497 0.05484798923134804
v 0.03244528546929364 0.027483848854899445 0.0549350380897522
v 0.03308814018964772 0.02494888007640842 0.055469248443841934
v 0.033821593970060404 0.025302797555923497 0.05484798923134804
v 0.03176080435514455 0.026840161532163655 0.055650029331445694
v 0.03244528546929364 0.027483848854899445 0.0549350380897522
v 0.033821593970060404 0.025302797555923497 0.05484798923134804
v 0.03446911275386816 0.02594263851642612 0.05398746579885483
v 0.033821593970060404 0.025302797555923497 0.05484798923134804
v 0.03308814018964772 0.02494888007640842 0.055469248443841934
v 0.03863569349050528 0.01631923019886019 0.05373809486627579
v 0.03446911275386816 0.02594263851642612 0.05398746579885483
v 0.033821593970060404 0.025302797555923497 0.05484798923134804
v 0.03927067667245871 0.01672411896288397 0.0530167855322361
v 0.033821593970060404 0.025302797555923497 0.05484798923134804
v 0.03863569349050528 0.01631923019886019 0.05373809486627579
v 0.03927067667245871 0.01672411896288397 0.0530167855322361
v 0.03217125684022908 0.024322740733623536 0.056038931012153625
v 0.03686702251434332 0.015381380915641805 0.05503826215863228
v 0.03254817426204686 0.024338079616427453 0.05585474893450737
v 0.03254817426204686 0.024338079616427453 0.05585474893450737
v 0.03308814018964772 0.02494888007640842 0.055469248443841934
v 0.03217125684022908 0.024322740733623536 0.056038931012153625
v 0.03308814018964772 0.02494888007640842 0.055469248443841934
v 0.03254817426204686 0.024338079616427453 0.05585474893450737
v 0.03686702251434332 0.015381380915641805 0.05503826215863228
v -0.004965973086655148 0.04153759032487875 0.05765301734209061
v -0.007982831448316586 0.040806386619806345 0.057680778205394745
v -0.004910824354738005 0.040862336754798945 0.05788017436861992
v -0.007982831448316586 0.040806386619806345 0.057680778205394745
v -0.004965973086655148 0.04153759032487875 0.05765301734209061
v -0.006153307389467964 0.04212101176381117 0.05725483596324921
v -0.004107301589101559 0.04238801077008253 0.05728456750512123
v -0.006153307389467964 0.04212101176381117 0.05725483596324921
v -0.004965973086655148 0.04153759032487875 0.05765301734209061
v -0.004965973086655148 0.04153759032487875 0.05765301734209061
v -0.002037046942859891 0.041837763041257914 0.05765992030501366
v -0.004107301589101559 0.04238801077008253 0.05728456750512123
v -0.004910824354738005 0.040862336754798945 0.05788017436861992
v -0.002006303519010547 0.041102528572082575 0.05790860205888748
v -0.004965973086655148 0.04153759032487875 0.05765301734209061
v -0.004965973086655148 0.04153759032487875 0.05765301734209061
v -0.002006303519010547 0.041102528572082575 0.05790860205888748
v -0.002037046942859891 0.041837763041257914 0.05765992030501366
v -0.012181282974779625 0.04069381952285772 0.05709695816040039
v -0.007982831448316586 0.040806386619806345 0.057680778205394745
v -0.0081953313201666 0.04174652695655828 0.057213470339775085
v -0.012181282974779625 0.04069381952285772 0.05709695816040039
v -0.01205985341221096 0.06294918060302743 0.042889904230833054
v -0.015999877825379396 0.03925363719463354 0.05693848058581352
v -0.012181282974779625 0.04069381952285772 0.05709695816040039
v -0.0081953313201666 0.04174652695655828 0.057213470339775085
v -0.006086669862270365 0.06294918060302743 0.04413112625479698
v -0.01205985341221096 0.06294918060302743 0.042889904230833054
v -0.012181282974779625 0.04069381952285772 0.05709695816040039
v -0.006086669862270365 0.06294918060302743 0.04413112625479698
v -0.00757401390001179 -0.041010931134223993 0.045167695730924606
v -0.01174875721335413 -0.04071308299899107 0.04418542981147766
v -0.007540998514741671 -0.041679747402668055 0.04405537620186806
v -0.01174875721335413 -0.04071308299899107 0.04418542981147766
v -0.00764244329184295 -0.04225387424230581 0.04281717166304588
v -0.007540998514741671 -0.041679747402668055 0.04405537620186806
v 1.0656616723281348e-05 -0.04291725158691412 0.04272356256842613
v 1.0480399396328738e-05 -0.04232902452349668 0.043974876403808594
v -0.003287587780505424 -0.04280530288815504 0.042742446064949036
v 1.0656616723281348e-05 -0.04291725158691412 0.04272356256842613
v 0.0033401299733668618 -0.04326488822698599 0.04146615415811539
v 0.0032937456853687815 -0.042803131043911036 0.04274306446313858
v 1.0656616723281348e-05 -0.04291725158691412 0.04272356256842613
v 0.0032937456853687815 -0.042803131043911036 0.04274306446313858
v 0.003148984396830206 -0.04223962873220449 0.04395909234881401
v 1.0656616723281348e-05 -0.04291725158691412 0.04272356256842613
v 0.003148984396830206 -0.04223962873220449 0.04395909234881401
v 1.0480399396328738e-05 -0.04232902452349668 0.043974876403808594
v -0.0032789222896099143 -0.04220138490200048 0.044020820409059525
v -0.003287587780505424 -0.04280530288815504 0.042742446064949036
v 1.0480399396328738e-05 -0.04232902452349668 0.043974876403808594
v -0.0032789222896099143 -0.04220138490200048 0.044020820409059525
v 1.0480399396328738e-05 -0.04232902452349668 0.043974876403808594
v -0.00019403078476898402 -0.040508016943931635 0.04729069769382477
v -0.0032789222896099143 -0.04220138490200048 0.044020820409059525
v -0.00764244329184295 -0.04225387424230581 0.04281717166304588
v -0.003287587780505424 -0.04280530288815504 0.042742446064949036
v -0.0032789222896099143 -0.04220138490200048 0.044020820409059525
v -0.007540998514741671 -0.041679747402668055 0.04405537620186806
v -0.00764244329184295 -0.04225387424230581 0.04281717166304588
v -0.005099807400256403 -0.03673788160085683 0.04969684034585953
v -0.005406014155596503 -0.03814471885561948 0.04865971952676773
v -0.00017020535597112057 -0.04026674106717115 0.047490231692790985
v -0.00017020535597112057 -0.04026674106717115 0.047490231692790985
v -0.005406014155596503 -0.03814471885561948 0.04865971952676773
v -0.00019403078476898402 -0.040508016943931635 0.04729069769382477
v -0.00017020535597112057 -0.04026674106717115 0.047490231692790985
v 0.004830718971788891 -0.0359088927507401 0.050197239965200424
v -0.005099807400256403 -0.03673788160085683 0.04969684034585953
v -0.00017020535597112057 -0.04026674106717115 0.047490231692790985
v 0.005220402032136925 -0.037245575338602115 0.04934206232428551
v 0.004830718971788891 -0.0359088927507401 0.050197239965200424
v -0.00017020535597112057 -0.04026674106717115 0.047490231692790985
v -0.00019403078476898402 -0.040508016943931635 0.04729069769382477
v 0.000685455626808108 -0.0404226109385491 0.04728885367512703
v -0.00017020535597112057 -0.04026674106717115 0.047490231692790985
v 0.005260768346488484 -0.0381541140377522 0.048644572496414185
v 0.005220402032136925 -0.037245575338602115 0.04934206232428551
v -0.00017020535597112057 -0.04026674106717115 0.047490231692790985
v 0.000685455626808108 -0.0404226109385491 0.04728885367512703
v 0.005260768346488484 -0.0381541140377522 0.048644572496414185
v -0.019397864118218453 -0.03503013774752622 0.04792454093694687
v -0.019877996295690568 -0.03580218181014066 0.04690191522240639
v -0.016152154654264474 -0.037570681422948886 0.04669918864965439
v -0.019877996295690568 -0.03580218181014066 0.04690191522240639
v -0.019571736454963715 -0.036926630884409 0.045691974461078644
v -0.016152154654264474 -0.037570681422948886 0.04669918864965439
v -0.019877996295690568 -0.03580218181014066 0.04690191522240639
v -0.023519610986113586 -0.034605655819177676 0.045993492007255554
v -0.019571736454963715 -0.036926630884409 0.045691974461078644
v -0.022875299677252804 -0.03296034410595898 0.04815065860748291
v -0.022272389382123982 -0.03217576816678051 0.049065105617046356
v -0.02545346878468994 -0.02986466884613041 0.04930678382515907
v -0.022875299677252804 -0.03296034410595898 0.04815065860748291
v -0.019397864118218453 -0.03503013774752622 0.04792454093694687
v -0.022272389382123982 -0.03217576816678051 0.049065105617046356
v -0.022875299677252804 -0.03296034410595898 0.04815065860748291
v -0.019877996295690568 -0.03580218181014066 0.04690191522240639
v -0.019397864118218453 -0.03503013774752622 0.04792454093694687
v -0.027784695848822635 -0.03222430869936947 0.045247968286275864
v -0.029031535610556648 -0.0318946018815041 0.04418317228555679
v -0.025644019246101418 -0.03461353853344922 0.04382583871483803
v -0.01225687377154829 -0.038966402411460925 0.04653863236308098
v -0.01573279127478602 -0.03867069259285932 0.045481856912374496
v -0.01170847564935686 -0.04003364965319639 0.04531693458557129
v -0.01170847564935686 -0.04003364965319639 0.04531693458557129
v -0.01174875721335413 -0.04071308299899107 0.04418542981147766
v -0.00757401390001179 -0.041010931134223993 0.045167695730924606
v -0.01170847564935686 -0.04003364965319639 0.04531693458557129
v -0.015848260372877145 -0.039333868771791514 0.04436006024479866
v -0.01174875721335413 -0.04071308299899107 0.04418542981147766
v -0.01170847564935686 -0.04003364965319639 0.04531693458557129
v -0.01573279127478602 -0.03867069259285932 0.045481856912374496
v -0.015848260372877145 -0.039333868771791514 0.04436006024479866
v -0.00757401390001179 -0.041010931134223993 0.045167695730924606
v -0.008218064904212964 -0.03997879847884184 0.046421609818935394
v -0.01170847564935686 -0.04003364965319639 0.04531693458557129
v -0.008218064904212964 -0.03997879847884184 0.046421609818935394
v -0.01225687377154829 -0.038966402411460925 0.04653863236308098
v -0.01170847564935686 -0.04003364965319639 0.04531693458557129
v 0.007489652372896683 -0.04100264981389051 0.04519979655742645
v 0.004805545788258322 -0.0412293896079064 0.04539556801319122
v 0.007492110133171093 -0.04166989773511892 0.044090498238801956
v 0.007489652372896683 -0.04100264981389051 0.04519979655742645
v 0.007492110133171093 -0.04166989773511892 0.044090498238801956
v 0.011454454623162764 -0.040063019841909464 0.045376237481832504
v 0.008281515911221516 -0.03996592760086065 0.0464228019118309
v 0.007489652372896683 -0.04100264981389051 0.04519979655742645
v 0.011454454623162764 -0.040063019841909464 0.045376237481832504
v 0.01092950068414213 -0.03496813029050832 0.05013753101229668
v 0.014409034512937091 -0.03377354517579083 0.05025364086031914
v 0.013912731781601927 -0.0326783768832684 0.0508631132543087
v 0.014409034512937091 -0.03377354517579083 0.05025364086031914
v 0.014890730381011985 -0.03482441231608396 0.049525268375873566
v 0.017778679728508023 -0.0322416722774506 0.05040210112929344
v 0.013912731781601927 -0.0326783768832684 0.0508631132543087
v 0.014409034512937091 -0.03377354517579083 0.05025364086031914
v 0.017176607623696355 -0.031216567382216495 0.05100007355213165
v 0.014409034512937091 -0.03377354517579083 0.05025364086031914
v 0.017778679728508023 -0.0322416722774506 0.05040210112929344
v 0.017176607623696355 -0.031216567382216495 0.05100007355213165
v 0.01165256369858982 -0.03711763396859174 0.04854661598801613
v 0.0153507646173239 -0.03581517934799199 0.048683762550354004
v 0.014890730381011985 -0.03482441231608396 0.049525268375873566
v 0.01165256369858982 -0.03711763396859174 0.04854661598801613
v 0.011984149925410767 -0.03808331117033963 0.04758945479989052
v 0.0153507646173239 -0.03581517934799199 0.048683762550354004
v 0.01165256369858982 -0.03711763396859174 0.04854661598801613
v 0.00807361025363208 -0.039057880640029956 0.047481607645750046
v 0.011984149925410767 -0.03808331117033963 0.04758945479989052
v 0.020291656255722077 -0.02945473790168766 0.05116506293416023
v 0.01801849342882636 -0.02943366765975956 0.051547568291425705
v 0.017176607623696355 -0.031216567382216495 0.05100007355213165
v 0.020987078547477753 -0.03039899654686455 0.05058056116104126
v 0.023224676027894055 -0.027412321418523827 0.0513562336564064
v 0.020291656255722077 -0.02945473790168766 0.05116506293416023
v 0.017176607623696355 -0.031216567382216495 0.05100007355213165
v 0.017778679728508023 -0.0322416722774506 0.05040210112929344
v 0.020291656255722077 -0.02945473790168766 0.05116506293416023
v 0.020291656255722077 -0.02945473790168766 0.05116506293416023
v 0.017778679728508023 -0.0322416722774506 0.05040210112929344
v 0.020987078547477753 -0.03039899654686455 0.05058056116104126
v 0.028677929192781493 -0.02059359475970271 0.05235171690583229
v 0.0266587790101767 -0.02114349231123927 0.05254474654793739
v 0.02374320290982727 -0.025536090135574376 0.05190235748887062
v 0.0266587790101767 -0.02114349231123927 0.05254474654793739
v 0.02283149212598804 -0.024783065542578732 0.052219320088624954
v 0.02374320290982727 -0.025536090135574376 0.05190235748887062
v 0.025970092043280643 -0.025084121152758633 0.05157387629151344
v 0.028677929192781493 -0.02059359475970271 0.05235171690583229
v 0.02374320290982727 -0.025536090135574376 0.05190235748887062
v 0.02374320290982727 -0.025536090135574376 0.05190235748887062
v 0.023224676027894055 -0.027412321418523827 0.0513562336564064
v 0.025970092043280643 -0.025084121152758633 0.05157387629151344
v 0.02374320290982727 -0.025536090135574376 0.05190235748887062
v 0.02283149212598804 -0.024783065542578732 0.052219320088624954
v 0.01801849342882636 -0.02943366765975956 0.051547568291425705
v 0.02374320290982727 -0.025536090135574376 0.05190235748887062
v 0.020291656255722077 -0.02945473790168766 0.05116506293416023
v 0.023224676027894055 -0.027412321418523827 0.0513562336564064
v 0.02374320290982727 -0.025536090135574376 0.05190235748887062
v 0.01801849342882636 -0.02943366765975956 0.051547568291425705
v 0.020291656255722077 -0.02945473790168766 0.05116506293416023
v 0.019925115630030663 -0.03577589988708501 0.04690457880496979
v 0.022909397259354626 -0.03293760120868687 0.0481531098484993
v 0.019443932920694382 -0.03500461950898175 0.04792707413434982
v 0.019443932920694382 -0.03500461950898175 0.04792707413434982
v 0.0189207270741463 -0.03415006771683698 0.048858270049095154
v 0.01578244008123877 -0.03673110529780393 0.04773816466331482
v 0.019443932920694382 -0.03500461950898175 0.04792707413434982
v 0.022305702790617978 -0.0321537628769875 0.04906738921999931
v 0.0189207270741463 -0.03415006771683698 0.048858270049095154
v 0.019443932920694382 -0.03500461950898175 0.04792707413434982
v 0.022909397259354626 -0.03293760120868687 0.0481531098484993
v 0.022305702790617978 -0.0321537628769875 0.04906738921999931
v 0.019443932920694382 -0.03500461950898175 0.04792707413434982
v 0.01578244008123877 -0.03673110529780393 0.04773816466331482
v 0.016179684549570108 -0.03755921497941022 0.04670057073235512
v 0.019443932920694382 -0.03500461950898175 0.04792707413434982
v 0.016179684549570108 -0.03755921497941022 0.04670057073235512
v 0.019925115630030663 -0.03577589988708501 0.04690457880496979
v -0.019652843475341828 0.03743001818656926 0.056738995015621185
v -0.015999877825379396 0.03925363719463354 0.05693848058581352
v -0.017808398231864003 0.06294917315244683 0.040846846997737885
v -0.01998320035636428 0.03806762769818311 0.05619329959154129
v -0.019652843475341828 0.03743001818656926 0.056738995015621185
v -0.017808398231864003 0.06294917315244683 0.040846846997737885
v -0.019652843475341828 0.03743001818656926 0.056738995015621185
v -0.023380754515528714 0.03567729145288472 0.05613886937499046
v -0.022817358374595677 0.03478662669658666 0.05680500343441963
v -0.019652843475341828 0.03743001818656926 0.056738995015621185
v -0.01998320035636428 0.03806762769818311 0.05619329959154129
v -0.023380754515528714 0.03567729145288472 0.05613886937499046
v -0.015128693543374563 0.03734183311462407 0.05771197751164436
v -0.01633919402956965 0.0357342697679997 0.057698268443346024
v -0.011529153212904947 0.03876315802335744 0.05784052237868309
v -0.015128693543374563 0.03734183311462407 0.05771197751164436
v -0.01857361942529681 0.035546883940696765 0.057547494769096375
v -0.01633919402956965 0.0357342697679997 0.057698268443346024
v -0.015999877825379396 0.03925363719463354 0.05693848058581352
v -0.019652843475341828 0.03743001818656926 0.056738995015621185
v -0.015613679774105573 0.03830852359533315 0.05743660405278206
v -0.015128693543374563 0.03734183311462407 0.05771197751164436
v -0.015613679774105573 0.03830852359533315 0.05743660405278206
v -0.01857361942529681 0.035546883940696765 0.057547494769096375
v 0.027636425569653553 0.028070675209164658 0.05685891583561897
v 0.030939288437366534 0.023414893075823815 0.056468140333890915
v 0.030308032408356715 0.025568420067429577 0.05648390203714371
v 0.030308032408356715 0.025568420067429577 0.05648390203714371
v 0.030939288437366534 0.023414893075823815 0.056468140333890915
v 0.031609799712896396 0.023843405768275292 0.05627698078751564
v 0.030308032408356715 0.025568420067429577 0.05648390203714371
v 0.028399536386132285 0.02904873713850979 0.056536659598350525
v 0.027636425569653553 0.028070675209164658 0.05685891583561897
v 0.031109062954783488 0.026258952915668522 0.05610455200076103
v 0.028399536386132285 0.02904873713850979 0.056536659598350525
v 0.030308032408356715 0.025568420067429577 0.05648390203714371
v 0.030308032408356715 0.025568420067429577 0.05648390203714371
v 0.03217125684022908 0.024322740733623536 0.056038931012153625
v 0.031109062954783488 0.026258952915668522 0.05610455200076103
v 0.030308032408356715 0.025568420067429577 0.05648390203714371
v 0.031609799712896396 0.023843405768275292 0.05627698078751564
v 0.03217125684022908 0.024322740733623536 0.056038931012153625
v 0.034936547279357966 0.014758517034351845 0.05565299838781357
v 0.03409546613693243 0.014282341115176697 0.05578763037919998
v 0.035194497555494364 0.011577351018786446 0.055513735860586166
v 0.03598498925566679 0.01498349104076626 0.05540776625275612
v 0.030939288437366534 0.023414893075823815 0.056468140333890915
v 0.034936547279357966 0.014758517034351845 0.05565299838781357
v 0.030939288437366534 0.023414893075823815 0.056468140333890915
v 0.03409546613693243 0.014282341115176697 0.05578763037919998
v 0.034936547279357966 0.014758517034351845 0.05565299838781357
v 0.034936547279357966 0.014758517034351845 0.05565299838781357
v 0.036682441830635126 0.01195543352514507 0.05518929660320282
v 0.03598498925566679 0.01498349104076626 0.05540776625275612
v 0.034936547279357966 0.014758517034351845 0.05565299838781357
v 0.035194497555494364 0.011577351018786446 0.055513735860586166
v 0.036682441830635126 0.01195543352514507 0.05518929660320282
v 0.03175530955195432 -0.029857285320758858 0.04331769049167633
v 0.0328515619039536 -0.02914176508784298 0.04231938719749451
v 0.033887591212987955 -0.027504501864314117 0.04360712319612503
v 0.03175530955195432 -0.029857285320758858 0.04331769049167633
v 0.033887591212987955 -0.027504501864314117 0.04360712319612503
v 0.03213406354188924 -0.028847916051745453 0.04458344727754593
v 0.033887591212987955 -0.027504501864314117 0.04360712319612503
v 0.03648115694522863 -0.024027103558182748 0.044138103723526
v 0.03424213454127317 -0.02636298164725307 0.04490785673260689
v 0.03377250209450727 -0.02609583362936977 0.04601723328232765
v 0.03213406354188924 -0.028847916051745453 0.04458344727754593
v 0.03424213454127317 -0.02636298164725307 0.04490785673260689
v 0.03424213454127317 -0.02636298164725307 0.04490785673260689
v 0.03213406354188924 -0.028847916051745453 0.04458344727754593
v 0.033887591212987955 -0.027504501864314117 0.04360712319612503
v 0.035673283040523585 -0.02239370159804824 0.0474909245967865
v 0.03377250209450727 -0.02609583362936977 0.04601723328232765
v 0.036530073732137736 -0.02272745780646804 0.04596427455544472
v 0.03377250209450727 -0.02609583362936977 0.04601723328232765
v 0.03424213454127317 -0.02636298164725307 0.04490785673260689
v 0.036530073732137736 -0.02272745780646804 0.04596427455544472
v 0.036530073732137736 -0.02272745780646804 0.04596427455544472
v 0.03424213454127317 -0.02636298164725307 0.04490785673260689
v 0.03648115694522863 -0.024027103558182748 0.044138103723526
v 0.04328683391213424 -0.018122060224413896 0.025273397564888
v 0.04269430413842208 -0.01936150155961516 0.025176262483000755
v 0.04303399100899703 -0.01891299150884154 0.023965753614902496
v 0.04412880912423141 -0.015857018530368826 0.026531914249062538
v 0.04328683391213424 -0.018122060224413896 0.025273397564888
v 0.043969444930553506 -0.01662391796708109 0.024840103462338448
v 0.04328683391213424 -0.018122060224413896 0.025273397564888
v 0.04303399100899703 -0.01891299150884154 0.023965753614902496
v 0.043969444930553506 -0.01662391796708109 0.024840103462338448
v 0.036837138235569056 -0.024046631529927285 0.04302087798714638
v 0.03779895976185804 -0.022968418896198304 0.041781071573495865
v 0.03908604755997664 -0.020298121497035054 0.04356958717107773
v 0.04038875922560698 -0.01732355542480948 0.044545263051986694
v 0.041500750929117265 -0.01523347944021227 0.04380960762500763
v 0.04104905202984816 -0.015298349782824537 0.04535170644521713
v 0.04038875922560698 -0.01732355542480948 0.044545263051986694
v 0.04104905202984816 -0.015298349782824537 0.04535170644521713
v 0.03919932618737227 -0.018500767648220087 0.04601740092039108
v 0.04222656786441809 -0.0029578099492937365 0.05029953271150589
v 0.04223529249429709 -0.007083370350301275 0.04892197623848915
v 0.0433315001428128 -0.002882899949327115 0.048555515706539154
v 0.04223529249429709 -0.007083370350301275 0.04892197623848915
v 0.04318721964955337 -0.007079044822603474 0.047033943235874176
v 0.0433315001428128 -0.002882899949327115 0.048555515706539154
v 0.04223529249429709 -0.007083370350301275 0.04892197623848915
v 0.04222656786441809 -0.0029578099492937365 0.05029953271150589
v 0.04090894386172301 -0.007008254993706951 0.05063214898109436
v 0.04223529249429709 -0.007083370350301275 0.04892197623848915
v 0.04090894386172301 -0.007008254993706951 0.05063214898109436
v 0.04061965271830565 -0.011046120896935477 0.04932830110192299
v 0.04466843605041511 -0.014647914096713085 0.02530638501048088
v 0.045219719409942696 -0.012609054334461706 0.02532224915921688
v 0.04499100521206863 -0.013528880663216131 0.026485919952392578
v 0.04499100521206863 -0.013528880663216131 0.026485919952392578
v 0.045219719409942696 -0.012609054334461706 0.02532224915921688
v 0.04587334394454963 -0.010218535549938693 0.027609851211309433
v 0.04517011344432838 -0.012594785541296023 0.02782667800784111
v 0.04499100521206863 -0.013528880663216131 0.026485919952392578
v 0.04587334394454963 -0.010218535549938693 0.027609851211309433
v 0.04412880912423141 -0.015857018530368826 0.026531914249062538
v 0.04466843605041511 -0.014647914096713085 0.02530638501048088
v 0.04499100521206863 -0.013528880663216131 0.026485919952392578
v 0.04499100521206863 -0.013528880663216131 0.026485919952392578
v 0.04517011344432838 -0.012594785541296023 0.02782667800784111
v 0.04412880912423141 -0.015857018530368826 0.026531914249062538
v 0.0152674447745085 -0.044461440294981065 0.013373763300478458
v 0.014384317211806797 -0.044581867754459444 0.01518980786204338
v 0.012680846266448517 -0.04526902362704283 0.013107983395457268
v 0.015069376677274728 -0.0424011684954167 -0.056451212614774704
v 0.0152674447745085 -0.044461440294981065 0.013373763300478458
v 0.012680846266448517 -0.04526902362704283 0.013107983395457268
v 0.012680846266448517 -0.04526902362704283 0.013107983395457268
v 0.010183624923229233 -0.04588350281119353 0.012802516110241413
v 0.009155395440757289 -0.04405819997191435 -0.056451216340065
v 0.012680846266448517 -0.04526902362704283 0.013107983395457268
v 0.009155395440757289 -0.04405819997191435 -0.056451216340065
v 0.015069376677274728 -0.0424011684954167 -0.056451212614774704
v 0.009268167428672328 -0.046037964522838655 0.01365926768630743
v 0.007707166951149714 -0.04636235907673842 0.012573681771755219
v 0.010183624923229233 -0.04588350281119353 0.012802516110241413
v 0.007707166951149714 -0.04636235907673842 0.012573681771755219
v 0.009268167428672328 -0.046037964522838655 0.01365926768630743
v 0.006129138637334118 -0.04659665003418929 0.01277394313365221
v 0.017511691898107556 -0.04011270403862005 0.04068898782134056
v 0.015278791077435041 -0.04064605385065084 0.04182985797524452
v 0.015432029962539697 -0.0409460105001927 0.04056790843605995
v 0.018344318494200734 -0.03939271345734602 0.04200698062777519
v 0.015278791077435041 -0.04064605385065084 0.04182985797524452
v 0.017511691898107556 -0.04011270403862005 0.04068898782134056
v 0.02254651673138145 -0.03782353922724729 0.039749547839164734
v 0.025230949744582214 -0.03613071888685231 0.03978051617741585
v 0.022676957771182095 -0.03748778626322751 0.04107050597667694
v 0.021318290382623707 -0.04173276945948606 0.016255134716629982
v 0.024420579895377197 -0.03998395055532461 0.016998291015625
v 0.02254651673138145 -0.03782353922724729 0.039749547839164734
v 0.02254651673138145 -0.03782353922724729 0.039749547839164734
v 0.019766880199313195 -0.03935155272483831 0.039290253072977066
v 0.021318290382623707 -0.04173276945948606 0.016255134716629982
v 0.02254651673138145 -0.03782353922724729 0.039749547839164734
v 0.024420579895377197 -0.03998395055532461 0.016998291015625
v 0.02725987508893017 -0.03812301158905034 0.017659848555922508
v 0.02254651673138145 -0.03782353922724729 0.039749547839164734
v 0.02725987508893017 -0.03812301158905034 0.017659848555922508
v 0.025230949744582214 -0.03613071888685231 0.03978051617741585
v 0.023412073031067883 -0.04075948521494871 0.0150661151856184
v 0.025950271636247677 -0.036763146519661 -0.056451208889484406
v 0.02563803270459179 -0.03940398991107946 0.015445699915289879
v 0.027729937806725544 -0.037951331585645724 0.016214698553085327
v 0.02563803270459179 -0.03940398991107946 0.015445699915289879
v 0.025950271636247677 -0.036763146519661 -0.056451208889484406
v 0.02563803270459179 -0.03940398991107946 0.015445699915289879
v 0.024420579895377197 -0.03998395055532461 0.016998291015625
v 0.023412073031067883 -0.04075948521494871 0.0150661151856184
v 0.02725987508893017 -0.03812301158905034 0.017659848555922508
v 0.024420579895377197 -0.03998395055532461 0.016998291015625
v 0.02563803270459179 -0.03940398991107946 0.015445699915289879
v 0.02563803270459179 -0.03940398991107946 0.015445699915289879
v 0.027729937806725544 -0.037951331585645724 0.016214698553085327
v 0.02725987508893017 -0.03812301158905034 0.017659848555922508
v 0.030449040234088946 -0.035783443599939395 0.01742914505302906
v 0.030088277533650443 -0.03593306615948682 0.018566107377409935
v 0.027729937806725544 -0.037951331585645724 0.016214698553085327
v 0.022420195862650906 -0.041288394480943735 0.014325669035315514
v 0.020702652633190186 -0.03995429724454885 -0.056451208889484406
v 0.023412073031067883 -0.04075948521494871 0.0150661151856184
v 0.022420195862650906 -0.041288394480943735 0.014325669035315514
v 0.023412073031067883 -0.04075948521494871 0.0150661151856184
v 0.02095981873571876 -0.04207503423094755 0.014604903757572174
v 0.022420195862650906 -0.041288394480943735 0.014325669035315514
v 0.02095981873571876 -0.04207503423094755 0.014604903757572174
v 0.020702652633190186 -0.03995429724454885 -0.056451208889484406
v 0.017791321501135854 -0.04335410147905355 0.015615235082805157
v 0.014384317211806797 -0.044581867754459444 0.01518980786204338
v 0.0152674447745085 -0.044461440294981065 0.013373763300478458
v 0.017510434612631826 -0.04363428056240087 0.013725227676331997
v 0.017791321501135854 -0.04335410147905355 0.015615235082805157
v 0.0152674447745085 -0.044461440294981065 0.013373763300478458
v 0.014201593585312389 -0.04167632758617407 0.03880871832370758
v 0.014384317211806797 -0.044581867754459444 0.01518980786204338
v 0.017791321501135854 -0.04335410147905355 0.015615235082805157
v 0.017825897783041028 -0.03849790245294576 0.04446521773934364
v 0.0150833120569587 -0.04023194313049322 0.04308287426829338
v 0.018110293895006208 -0.03900090605020528 0.04324920475482941
v 0.018110293895006208 -0.03900090605020528 0.04324920475482941
v 0.018344318494200734 -0.03939271345734602 0.04200698062777519
v 0.022006684914231335 -0.036982350051403094 0.04351409897208214
v 0.018110293895006208 -0.03900090605020528 0.04324920475482941
v 0.015278791077435041 -0.04064605385065084 0.04182985797524452
v 0.018344318494200734 -0.03939271345734602 0.04200698062777519
v 0.018110293895006208 -0.03900090605020528 0.04324920475482941
v 0.0150833120569587 -0.04023194313049322 0.04308287426829338
v 0.015278791077435041 -0.04064605385065084 0.04182985797524452
v 0.018110293895006208 -0.03900090605020528 0.04324920475482941
v 0.02158419415354732 -0.0365672074258328 0.044710058718919754
v 0.017825897783041028 -0.03849790245294576 0.04446521773934364
v 0.018110293895006208 -0.03900090605020528 0.04324920475482941
v 0.022006684914231335 -0.036982350051403094 0.04351409897208214
v 0.02158419415354732 -0.0365672074258328 0.044710058718919754
v -0.0015528149669989967 -0.04698281362652785 0.012415599077939987
v 0.0006682702223770331 -0.04700250923633582 0.01260434277355671
v 0.00021625516819767686 -0.04689817875623709 0.013989660888910294
v 0.0006682702223770331 -0.04700250923633582 0.01260434277355671
v 0.00337778427638114 -0.0468821823596955 0.012568392790853977
v 0.00021625516819767686 -0.04689817875623709 0.013989660888910294
v -0.002250799443572763 -0.04388414323329931 0.03888842090964317
v 0.00021625516819767686 -0.04689817875623709 0.013989660888910294
v -9.054620750248446e-05 -0.04399110004305845 0.03853311762213707
v 0.00778768537566067 -0.04269709065556532 0.04154587164521217
v 0.007869826629757893 -0.043026950210332926 0.04026498645544052
v 0.012121020816266556 -0.04169235378503805 0.04168686270713806
v 0.0033401299733668618 -0.04326488822698599 0.04146615415811539
v 0.00778768537566067 -0.04269709065556532 0.04154587164521217
v 0.007683313917368663 -0.04224607720971113 0.04281757026910782
v 0.00778768537566067 -0.04269709065556532 0.04154587164521217
v 0.0045216549187898705 -0.04348664358258253 0.04019385576248169
v 0.007869826629757893 -0.043026950210332926 0.04026498645544052
v 0.0045216549187898705 -0.04348664358258253 0.04019385576248169
v 0.00778768537566067 -0.04269709065556532 0.04154587164521217
v 0.0033401299733668618 -0.04326488822698599 0.04146615415811539
v 0.011770415119826813 -0.040708031505346354 0.044185418635606766
v 0.007683313917368663 -0.04224607720971113 0.04281757026910782
v 0.011962519958615322 -0.041259642690420206 0.04294938966631889
v 0.0150833120569587 -0.04023194313049322 0.04308287426829338
v 0.011962519958615322 -0.041259642690420206 0.04294938966631889
v 0.012121020816266556 -0.04169235378503805 0.04168686270713806
v 0.011962519958615322 -0.041259642690420206 0.04294938966631889
v 0.00778768537566067 -0.04269709065556532 0.04154587164521217
v 0.012121020816266556 -0.04169235378503805 0.04168686270713806
v 0.011962519958615322 -0.041259642690420206 0.04294938966631889
v 0.007683313917368663 -0.04224607720971113 0.04281757026910782
v 0.00778768537566067 -0.04269709065556532 0.04154587164521217
v 0.014845673926174663 -0.03970239683985716 0.04430978745222092
v 0.011770415119826813 -0.040708031505346354 0.044185418635606766
v 0.011962519958615322 -0.041259642690420206 0.04294938966631889
v 0.011962519958615322 -0.041259642690420206 0.04294938966631889
v 0.0150833120569587 -0.04023194313049322 0.04308287426829338
v 0.014845673926174663 -0.03970239683985716 0.04430978745222092
v 0.002265567192807797 -0.04366161301732069 0.040167804807424545
v 0.0045216549187898705 -0.04348664358258253 0.04019385576248169
v 0.0033401299733668618 -0.04326488822698599 0.04146615415811539
v 0.002265567192807797 -0.04366161301732069 0.040167804807424545
v 0.004555812105536468 -0.043704453855753 0.038916341960430145
v 0.0045216549187898705 -0.04348664358258253 0.04019385576248169
v 0.032697368413209964 -0.03376896306872372 0.017979716882109642
v 0.03117389604449277 -0.03517324477434163 0.0169464573264122
v 0.030714478343725253 -0.032887164503335994 -0.05645120516419411
v 0.032697368413209964 -0.03376896306872372 0.017979716882109642
v 0.030714478343725253 -0.032887164503335994 -0.05645120516419411
v 0.03417548164725309 -0.03226979821920399 0.018034860491752625
v 0.032697368413209964 -0.03376896306872372 0.017979716882109642
v 0.030449040234088946 -0.035783443599939395 0.01742914505302906
v 0.03117389604449277 -0.03517324477434163 0.0169464573264122
v 0.034560360014438685 -0.031859807670116466 0.0186755433678627
v 0.034906540066003855 -0.028398558497428932 -0.05645120516419411
v 0.03639321774244314 -0.029749443754553833 0.019203275442123413
v 0.034560360014438685 -0.031859807670116466 0.0186755433678627
v 0.03417548164725309 -0.03226979821920399 0.018034860491752625
v 0.034906540066003855 -0.028398558497428932 -0.05645120516419411
v 0.034560360014438685 -0.031859807670116466 0.0186755433678627
v 0.03639321774244314 -0.029749443754553833 0.019203275442123413
v 0.0369012169539929 -0.029124768450856247 0.019816158339381218
v 0.034560360014438685 -0.031859807670116466 0.0186755433678627
v 0.032697368413209964 -0.03376896306872372 0.017979716882109642
v 0.03417548164725309 -0.03226979821920399 0.018034860491752625
v 0.029819894582033202 -0.028407445177435913 0.04774634912610054
v 0.0278630126267672 -0.031260650604963344 0.04647194594144821
v 0.030422037467360545 -0.028888668864965477 0.046710241585969925
v 0.033216238021850635 -0.025757748633623158 0.04708539694547653
v 0.030422037467360545 -0.028888668864965477 0.046710241585969925
v 0.03161525726318364 -0.02860835753381256 0.045705389231443405
v 0.030422037467360545 -0.028888668864965477 0.046710241585969925
v 0.033216238021850635 -0.025757748633623158 0.04708539694547653
v 0.032578203827142764 -0.02535103261470798 0.048095837235450745
v 0.032578203827142764 -0.02535103261470798 0.048095837235450745
v 0.029819894582033202 -0.028407445177435913 0.04774634912610054
v 0.030422037467360545 -0.028888668864965477 0.046710241585969925
v 0.025193110108375587 -0.034244630485773135 0.04500068351626396
v 0.025655534118413963 -0.03460519015789037 0.04382680356502533
v 0.02862072922289376 -0.031520873308181804 0.045339953154325485
v 0.02862072922289376 -0.031520873308181804 0.045339953154325485
v 0.0278630126267672 -0.031260650604963344 0.04647194594144821
v 0.025193110108375587 -0.034244630485773135 0.04500068351626396
v 0.030422037467360545 -0.028888668864965477 0.046710241585969925
v 0.02862072922289376 -0.031520873308181804 0.045339953154325485
v 0.03161525726318364 -0.02860835753381256 0.045705389231443405
v 0.02862072922289376 -0.031520873308181804 0.045339953154325485
v 0.030422037467360545 -0.028888668864965477 0.046710241585969925
v 0.0278630126267672 -0.031260650604963344 0.04647194594144821
v 0.02938855811953549 -0.032159514725208324 0.04300383850932121
v 0.026376739144325298 -0.0350250974297524 0.04142693057656288
v 0.02980505488812928 -0.03221152722835545 0.041834164410829544
v 0.026376739144325298 -0.0350250974297524 0.04142693057656288
v 0.029076036065816924 -0.033172015100717586 0.04023629054427147
v 0.02980505488812928 -0.03221152722835545 0.041834164410829544
v 0.02980505488812928 -0.03221152722835545 0.041834164410829544
v 0.029076036065816924 -0.033172015100717586 0.04023629054427147
v 0.030890960246324588 -0.03151318058371548 0.0405227392911911
v 0.02980505488812928 -0.03221152722835545 0.041834164410829544
v 0.030890960246324588 -0.03151318058371548 0.0405227392911911
v 0.0328515619039536 -0.02914176508784298 0.04231938719749451
v 0.03175530955195432 -0.029857285320758858 0.04331769049167633
v 0.02980505488812928 -0.03221152722835545 0.041834164410829544
v 0.0328515619039536 -0.02914176508784298 0.04231938719749451
v 0.02980505488812928 -0.03221152722835545 0.041834164410829544
v 0.03175530955195432 -0.029857285320758858 0.04331769049167633
v 0.02938855811953549 -0.032159514725208324 0.04300383850932121
v -0.01157077122479679 -0.04245897382497793 0.03878597542643547
v -0.014501770958304428 -0.044588647782802644 0.014927039854228497
v -0.011283028870821016 -0.045509260147810045 0.014573134481906891
v -0.022349761798977887 -0.04134760797023779 0.014755078591406345
v -0.021433636546134983 -0.04169083386659628 0.016203731298446655
v -0.02433856390416626 -0.04007523879408842 0.01674073003232479
v -0.025187643244862595 -0.03968931362032896 0.01563998870551586
v -0.022349761798977887 -0.04134760797023779 0.014755078591406345
v -0.02433856390416626 -0.04007523879408842 0.01674073003232479
v -0.019436903297901185 -0.03951601311564451 0.03925297409296036
v -0.019506197422742875 -0.03919436037540441 0.04082215204834938
v -0.021578501909971272 -0.038387153297662784 0.039496708661317825
v -0.009670468978583828 -0.04600461944937712 0.012791553512215614
v -0.007497814483940613 -0.04637855663895613 0.012273382395505905
v -0.0067186383530497655 -0.046521399170160356 0.012758353725075722
v -0.0067186383530497655 -0.046521399170160356 0.012758353725075722
v -0.007818453945219529 -0.04622638598084456 0.01430173683911562
v -0.009670468978583828 -0.04600461944937712 0.012791553512215614
v -0.0067186383530497655 -0.046521399170160356 0.012758353725075722
v -0.009155407547950759 -0.04405821114778524 -0.0564512237906456
v -0.003070874139666562 -0.044894497841596666 -0.0564512200653553
v -0.0067186383530497655 -0.046521399170160356 0.012758353725075722
v -0.007497814483940613 -0.04637855663895613 0.012273382395505905
v -0.009155407547950759 -0.04405821114778524 -0.0564512237906456
v -0.00919397640973331 -0.04301930963993078 0.03875158727169037
v -0.007818453945219529 -0.04622638598084456 0.01430173683911562
v -0.006505617406219254 -0.043507874011993464 0.03862228989601135
v -0.00919397640973331 -0.04301930963993078 0.03875158727169037
v -0.011283028870821016 -0.045509260147810045 0.014573134481906891
v -0.007818453945219529 -0.04622638598084456 0.01430173683911562
v -0.00919397640973331 -0.04301930963993078 0.03875158727169037
v -0.01157077122479679 -0.04245897382497793 0.03878597542643547
v -0.011283028870821016 -0.045509260147810045 0.014573134481906891
v -0.02837794274091725 -0.027273224666714703 0.049577951431274414
v -0.03022102266550069 -0.023813068866729768 0.050631582736968994
v -0.03105107881128793 -0.024393664672970803 0.049879107624292374
v -0.02837794274091725 -0.027273224666714703 0.049577951431274414
v -0.027597164735198063 -0.026596963405609166 0.05035213753581047
v -0.03022102266550069 -0.023813068866729768 0.050631582736968994
v -0.02910901419818406 -0.027893297374248543 0.04870409518480301
v -0.02837794274091725 -0.027273224666714703 0.049577951431274414
v -0.03105107881128793 -0.024393664672970803 0.049879107624292374
v -0.02545346878468994 -0.02986466884613041 0.04930678382515907
v -0.027597164735198063 -0.026596963405609166 0.05035213753581047
v -0.02837794274091725 -0.027273224666714703 0.049577951431274414
v -0.026778433471918148 -0.025874961167573964 0.05101814121007919
v -0.027597164735198063 -0.026596963405609166 0.05035213753581047
v -0.024735249578952827 -0.02909746766090397 0.05010098218917847
v -0.024735249578952827 -0.02909746766090397 0.05010098218917847
v -0.027597164735198063 -0.026596963405609166 0.05035213753581047
v -0.02545346878468994 -0.02986466884613041 0.04930678382515907
v -0.024735249578952827 -0.02909746766090397 0.05010098218917847
v -0.02545346878468994 -0.02986466884613041 0.04930678382515907
v -0.022272389382123982 -0.03217576816678051 0.049065105617046356
v -0.03257751092314725 -0.02077854052186015 0.050936389714479446
v -0.03462472558021551 -0.017548393458128 0.05126146227121353
v -0.03344324976205831 -0.021261025220155744 0.05020715668797493
v -0.03105107881128793 -0.024393664672970803 0.049879107624292374
v -0.03257751092314725 -0.02077854052186015 0.050936389714479446
v -0.03344324976205831 -0.021261025220155744 0.05020715668797493
v -0.03022102266550069 -0.023813068866729768 0.050631582736968994
v -0.03257751092314725 -0.02077854052186015 0.050936389714479446
v -0.03105107881128793 -0.024393664672970803 0.049879107624292374
v -0.03369184955954557 -0.017133507877588296 0.05186361446976662
v -0.03462472558021551 -0.017548393458128 0.05126146227121353
v -0.03257751092314725 -0.02077854052186015 0.050936389714479446
v -0.03272888436913495 -0.01669406332075598 0.05235844850540161
v -0.030731037259101916 -0.019712833687663106 0.0520760640501976
v -0.03272544220089917 -0.01459713466465475 0.05289792641997337
v -0.03550295159220701 -0.00805081706494094 0.053493089973926544
v -0.03456373512744909 -0.007704984396696101 0.053743816912174225
v -0.036099150776863154 -0.0008364861132577072 0.0543554313480854
v -0.03721924498677259 -0.002827849704772238 0.05383245646953583
v -0.03550295159220701 -0.00805081706494094 0.053493089973926544
v -0.036099150776863154 -0.0008364861132577072 0.0543554313480854
v -0.03550295159220701 -0.00805081706494094 0.053493089973926544
v -0.03443568199872976 -0.013489326462149637 0.05265836790204048
v -0.03272544220089917 -0.01459713466465475 0.05289792641997337
v -0.03584050759673124 -0.010099251754581942 0.05297566205263138
v -0.03443568199872976 -0.013489326462149637 0.05265836790204048
v -0.03550295159220701 -0.00805081706494094 0.053493089973926544
v -0.03550295159220701 -0.00805081706494094 0.053493089973926544
v -0.03272544220089917 -0.01459713466465475 0.05289792641997337
v -0.031829915940761615 -0.014037559740245361 0.05317792668938637
v -0.03456373512744909 -0.007704984396696101 0.053743816912174225
v -0.03550295159220701 -0.00805081706494094 0.053493089973926544
v -0.031829915940761615 -0.014037559740245361 0.05317792668938637
v -0.037433344870805796 -0.006565179675817498 0.05312008038163185
v -0.03681351244449621 -0.010327008552849307 0.05252321809530258
v -0.03584050759673124 -0.010099251754581942 0.05297566205263138
v -0.03584050759673124 -0.010099251754581942 0.05297566205263138
v -0.03550295159220701 -0.00805081706494094 0.053493089973926544
v -0.037433344870805796 -0.006565179675817498 0.05312008038163185
v -0.037433344870805796 -0.006565179675817498 0.05312008038163185
v -0.03550295159220701 -0.00805081706494094 0.053493089973926544
v -0.03721924498677259 -0.002827849704772238 0.05383245646953583
v -0.037433344870805796 -0.006565179675817498 0.05312008038163185
v -0.03721924498677259 -0.002827849704772238 0.05383245646953583
v -0.03907049074769026 -0.0029637992847710887 0.053008783608675
v -0.037433344870805796 -0.006565179675817498 0.05312008038163185
v -0.03907049074769026 -0.0029637992847710887 0.053008783608675
v -0.03880869969725615 -0.006818431895226249 0.05234462022781372
v -0.03681351244449621 -0.010327008552849307 0.05252321809530258
v -0.037433344870805796 -0.006565179675817498 0.05312008038163185
v -0.03880869969725615 -0.006818431895226249 0.05234462022781372
v -0.007549076341092599 -0.03698511794209485 0.049306754022836685
v -0.007299320306628954 -0.03583828359842305 0.050052765756845474
v -0.010900476016104239 -0.03497571125626569 0.05013677477836609
v -0.007549076341092599 -0.03698511794209485 0.049306754022836685
v -0.005099807400256403 -0.03673788160085683 0.04969684034585953
v -0.007299320306628954 -0.03583828359842305 0.050052765756845474
v -0.007549076341092599 -0.03698511794209485 0.049306754022836685
v -0.005406014155596503 -0.03814471885561948 0.04865971952676773
v -0.005099807400256403 -0.03673788160085683 0.04969684034585953
v -0.007549076341092599 -0.03698511794209485 0.049306754022836685
v -0.007787698414176715 -0.03806779161095624 0.048446234315633774
v -0.005406014155596503 -0.03814471885561948 0.04865971952676773
v -0.015755549073219324 -0.03674218431115155 0.047736894339323044
v -0.019397864118218453 -0.03503013774752622 0.04792454093694687
v -0.016152154654264474 -0.037570681422948886 0.04669918864965439
v -0.015755549073219324 -0.03674218431115155 0.047736894339323044
v -0.016152154654264474 -0.037570681422948886 0.04669918864965439
v -0.01225687377154829 -0.038966402411460925 0.04653863236308098
v -0.015755549073219324 -0.03674218431115155 0.047736894339323044
v -0.01225687377154829 -0.038966402411460925 0.04653863236308098
v -0.011952389031648655 -0.038091901689767886 0.04758848994970322
v -0.007042047102004301 -0.0346443466842175 0.05067836865782738
v -0.004208598751574762 -0.034949611872434665 0.05069341883063316
v -0.00678088003769518 -0.033420663326978725 0.05118103325366974
v -0.007042047102004301 -0.0346443466842175 0.05067836865782738
v -0.007299320306628954 -0.03583828359842305 0.050052765756845474
v -0.004208598751574762 -0.034949611872434665 0.05069341883063316
v -0.017135558649897603 -0.03123857453465466 0.050998084247112274
v -0.013888848014175913 -0.03268765658140187 0.05086221545934677
v -0.011909683234989662 -0.032121971249580425 0.051303207874298096
v -0.03425264731049543 -0.021699411794543294 0.04938140884041786
v -0.03182771801948552 -0.024923976510763203 0.04902849346399307
v -0.03344324976205831 -0.021261025220155744 0.05020715668797493
v -0.03499372676014906 -0.022087104618549375 0.04847022891044617
v -0.03425264731049543 -0.021699411794543294 0.04938140884041786
v -0.036342658102512415 -0.018277553841471696 0.04975735396146774
v -0.03425264731049543 -0.021699411794543294 0.04938140884041786
v -0.03344324976205831 -0.021261025220155744 0.05020715668797493
v -0.03551293164491659 -0.017931818962097192 0.05055674910545349
v -0.03425264731049543 -0.021699411794543294 0.04938140884041786
v -0.03551293164491659 -0.017931818962097192 0.05055674910545349
v -0.036342658102512415 -0.018277553841471696 0.04975735396146774
v -0.0331770889461041 -0.02580388449132446 0.04708021879196167
v -0.03565643727779394 -0.02241894230246547 0.04748702421784401
v -0.036233082413673456 -0.022691426798701318 0.046447042375802994
v -0.03565643727779394 -0.02241894230246547 0.04748702421784401
v -0.0331770889461041 -0.02580388449132446 0.04708021879196167
v -0.03499372676014906 -0.022087104618549375 0.04847022891044617
v -0.03565643727779394 -0.02241894230246547 0.04748702421784401
v -0.0377789624035359 -0.01883604004979136 0.0479201041162014
v -0.036233082413673456 -0.022691426798701318 0.046447042375802994
v -0.03710147365927702 -0.018580311909317995 0.04887407645583153
v -0.0377789624035359 -0.01883604004979136 0.0479201041162014
v -0.03565643727779394 -0.02241894230246547 0.04748702421784401
v -0.03565643727779394 -0.02241894230246547 0.04748702421784401
v -0.03499372676014906 -0.022087104618549375 0.04847022891044617
v -0.03710147365927702 -0.018580311909317995 0.04887407645583153
v -0.033433180302381564 -0.026570983231067692 0.04592007026076317
v -0.0331770889461041 -0.02580388449132446 0.04708021879196167
v -0.036233082413673456 -0.022691426798701318 0.046447042375802994
v -0.033433180302381564 -0.026570983231067692 0.04592007026076317
v -0.036233082413673456 -0.022691426798701318 0.046447042375802994
v -0.03485951572656637 -0.02554077655076984 0.045082006603479385
v -0.033433180302381564 -0.026570983231067692 0.04592007026076317
v -0.03485951572656637 -0.02554077655076984 0.045082006603479385
v -0.03210424259305005 -0.028880100697279015 0.04457961767911911
v -0.033433180302381564 -0.026570983231067692 0.04592007026076317
v -0.030381292104721118 -0.02893029339611534 0.04670565202832222
v -0.0331770889461041 -0.02580388449132446 0.04708021879196167
v -0.03526515513658529 -0.02573894709348682 0.04389163479208946
v -0.03682567924261099 -0.024063466116786034 0.04301736503839493
v -0.03419335559010511 -0.027603881433606186 0.04250115156173706
v -0.03526515513658529 -0.02573894709348682 0.04389163479208946
v -0.03419335559010511 -0.027603881433606186 0.04250115156173706
v -0.03247011452913289 -0.029113611206412354 0.04342391714453697
v -0.03485951572656637 -0.02554077655076984 0.045082006603479385
v -0.03526515513658529 -0.02573894709348682 0.04389163479208946
v -0.03247011452913289 -0.029113611206412354 0.04342391714453697
v -0.03767592832446104 -0.022129347547888784 0.04446377977728844
v -0.03682567924261099 -0.024063466116786034 0.04301736503839493
v -0.03526515513658529 -0.02573894709348682 0.04389163479208946
v -0.03671863675117498 -0.022902796044945748 0.04536654055118561
v -0.03485951572656637 -0.02554077655076984 0.045082006603479385
v -0.036233082413673456 -0.022691426798701318 0.046447042375802994
v -0.03671863675117498 -0.022902796044945748 0.04536654055118561
v -0.038861077278852525 -0.01919726468622687 0.04586096107959747
v -0.03767592832446104 -0.022129347547888784 0.04446377977728844
v -0.03767592832446104 -0.022129347547888784 0.04446377977728844
v -0.03526515513658529 -0.02573894709348682 0.04389163479208946
v -0.03671863675117498 -0.022902796044945748 0.04536654055118561
v -0.03671863675117498 -0.022902796044945748 0.04536654055118561
v -0.03526515513658529 -0.02573894709348682 0.04389163479208946
v -0.03485951572656637 -0.02554077655076984 0.045082006603479385
v -0.03671863675117498 -0.022902796044945748 0.04536654055118561
v -0.036233082413673456 -0.022691426798701318 0.046447042375802994
v -0.03836721554398543 -0.019042076542973543 0.046910420060157776
v -0.03836721554398543 -0.019042076542973543 0.046910420060157776
v -0.038861077278852525 -0.01919726468622687 0.04586096107959747
v -0.03671863675117498 -0.022902796044945748 0.04536654055118561
v -0.02977977134287362 -0.028448089957237282 0.04774200916290283
v -0.02910901419818406 -0.027893297374248543 0.04870409518480301
v -0.03182771801948552 -0.024923976510763203 0.04902849346399307
v -0.02977977134287362 -0.028448089957237282 0.04774200916290283
v -0.026744380593299907 -0.03120374120771889 0.0474269837141037
v -0.02910901419818406 -0.027893297374248543 0.04870409518480301
v 0.02914841845631604 -0.02785375341773037 0.04870815575122833
v 0.028416570276022003 -0.02723486348986629 0.04958176612854004
v 0.02614625170826916 -0.030554119497537655 0.04841367155313492
v 0.02614625170826916 -0.030554119497537655 0.04841367155313492
v 0.026764554902911228 -0.031187141314148945 0.04742932319641113
v 0.02914841845631604 -0.02785375341773037 0.04870815575122833
v 0.026764554902911228 -0.031187141314148945 0.04742932319641113
v 0.029819894582033202 -0.028407445177435913 0.04774634912610054
v 0.02914841845631604 -0.02785375341773037 0.04870815575122833
v 0.02914841845631604 -0.02785375341773037 0.04870815575122833
v 0.029819894582033202 -0.028407445177435913 0.04774634912610054
v 0.03186574578285222 -0.024880029261112248 0.04903308302164078
v 0.02914841845631604 -0.02785375341773037 0.04870815575122833
v 0.03186574578285222 -0.024880029261112248 0.04903308302164078
v 0.031088432297110606 -0.024350980296731026 0.04988342151045799
v 0.031088432297110606 -0.024350980296731026 0.04988342151045799
v 0.028416570276022003 -0.02723486348986629 0.04958176612854004
v 0.02914841845631604 -0.02785375341773037 0.04870815575122833
v 0.03074742481112485 -0.019692199304699926 0.05207814648747444
v 0.02938606403768067 -0.023151373490691216 0.05128134787082672
v 0.031685318797826816 -0.020238071680068997 0.05156330391764641
v 0.02938606403768067 -0.023151373490691216 0.05128134787082672
v 0.03074742481112485 -0.019692199304699926 0.05207814648747444
v 0.028486946597695396 -0.022499794140458138 0.05181548371911049
v 0.03025766275823121 -0.023771727457642586 0.05063561350107193
v 0.031685318797826816 -0.020238071680068997 0.05156330391764641
v 0.02938606403768067 -0.023151373490691216 0.05128134787082672
v 0.02938606403768067 -0.023151373490691216 0.05128134787082672
v 0.028486946597695396 -0.022499794140458138 0.05181548371911049
v 0.026815328747034115 -0.02583917044103149 0.0510215163230896
v 0.02938606403768067 -0.023151373490691216 0.05128134787082672
v 0.027634948492050213 -0.026559852063655888 0.05035572126507759
v 0.03025766275823121 -0.023771727457642586 0.05063561350107193
v 0.02938606403768067 -0.023151373490691216 0.05128134787082672
v 0.026815328747034115 -0.02583917044103149 0.0510215163230896
v 0.027634948492050213 -0.026559852063655888 0.05035572126507759
v -0.00757401390001179 -0.041010931134223993 0.045167695730924606
v -0.007540998514741671 -0.041679747402668055 0.04405537620186806
v -0.004582337103784091 -0.0412431880831719 0.04538895934820175
v -0.0032789222896099143 -0.04220138490200048 0.044020820409059525
v -0.004582337103784091 -0.0412431880831719 0.04538895934820175
v -0.007540998514741671 -0.041679747402668055 0.04405537620186806
v -0.004582337103784091 -0.0412431880831719 0.04538895934820175
v -0.00019403078476898402 -0.040508016943931635 0.04729069769382477
v -0.00757401390001179 -0.041010931134223993 0.045167695730924606
v -0.004582337103784091 -0.0412431880831719 0.04538895934820175
v -0.0032789222896099143 -0.04220138490200048 0.044020820409059525
v -0.00019403078476898402 -0.040508016943931635 0.04729069769382477
v -0.016098512336611772 -0.03985701501369482 0.04313618689775467
v -0.02006315626204017 -0.038051702082157184 0.04337412118911743
v -0.017309986054897336 -0.03983701393008238 0.04194182530045509
v -0.016098512336611772 -0.03985701501369482 0.04313618689775467
v -0.017309986054897336 -0.03983701393008238 0.04194182530045509
v -0.014224985614419006 -0.041032891720533426 0.041779715567827225
v -0.016098512336611772 -0.03985701501369482 0.04313618689775467
v -0.014224985614419006 -0.041032891720533426 0.041779715567827225
v -0.01193564198911192 -0.041266307234764155 0.04294905439019203
v -0.016098512336611772 -0.03985701501369482 0.04313618689775467
v -0.01193564198911192 -0.041266307234764155 0.04294905439019203
v -0.015848260372877145 -0.039333868771791514 0.04436006024479866
v -0.015848260372877145 -0.039333868771791514 0.04436006024479866
v -0.01573279127478602 -0.03867069259285932 0.045481856912374496
v -0.019755953922867806 -0.037565957754850436 0.04458233714103699
v -0.019755953922867806 -0.037565957754850436 0.04458233714103699
v -0.01573279127478602 -0.03867069259285932 0.045481856912374496
v -0.019571736454963715 -0.036926630884409 0.045691974461078644
v -0.019755953922867806 -0.037565957754850436 0.04458233714103699
v -0.016098512336611772 -0.03985701501369482 0.04313618689775467
v -0.015848260372877145 -0.039333868771791514 0.04436006024479866
v -0.016098512336611772 -0.03985701501369482 0.04313618689775467
v -0.019755953922867806 -0.037565957754850436 0.04458233714103699
v -0.02006315626204017 -0.038051702082157184 0.04337412118911743
v -0.02162927016615871 -0.03132447600364689 0.0498773418366909
v -0.018319241702556638 -0.033248309046030086 0.04968402907252312
v -0.02095545828342441 -0.030419349670410198 0.050578586757183075
v -0.02162927016615871 -0.03132447600364689 0.0498773418366909
v -0.024735249578952827 -0.02909746766090397 0.05010098218917847
v -0.022272389382123982 -0.03217576816678051 0.049065105617046356
v -0.01887582242488864 -0.034174777567386676 0.048855897039175034
v -0.022272389382123982 -0.03217576816678051 0.049065105617046356
v -0.019397864118218453 -0.03503013774752622 0.04792454093694687
v -0.019397864118218453 -0.03503013774752622 0.04792454093694687
v -0.015755549073219324 -0.03674218431115155 0.047736894339323044
v -0.01887582242488864 -0.034174777567386676 0.048855897039175034
v -0.01887582242488864 -0.034174777567386676 0.048855897039175034
v -0.02162927016615871 -0.03132447600364689 0.0498773418366909
v -0.022272389382123982 -0.03217576816678051 0.049065105617046356
v -0.018319241702556638 -0.033248309046030086 0.04968402907252312
v -0.02162927016615871 -0.03132447600364689 0.0498773418366909
v -0.01887582242488864 -0.034174777567386676 0.048855897039175034
v -0.019877996295690568 -0.03580218181014066 0.04690191522240639
v -0.023429432883858715 -0.033666957169771236 0.047145817428827286
v -0.023519610986113586 -0.034605655819177676 0.045993492007255554
v -0.022875299677252804 -0.03296034410595898 0.04815065860748291
v -0.023429432883858715 -0.033666957169771236 0.047145817428827286
v -0.019877996295690568 -0.03580218181014066 0.04690191522240639
v -0.026126397773623508 -0.030570169910788578 0.04841158539056778
v -0.022875299677252804 -0.03296034410595898 0.04815065860748291
v -0.02545346878468994 -0.02986466884613041 0.04930678382515907
v -0.026126397773623508 -0.030570169910788578 0.04841158539056778
v -0.02910901419818406 -0.027893297374248543 0.04870409518480301
v -0.026744380593299907 -0.03120374120771889 0.0474269837141037
v -0.026744380593299907 -0.03120374120771889 0.0474269837141037
v -0.023429432883858715 -0.033666957169771236 0.047145817428827286
v -0.026126397773623508 -0.030570169910788578 0.04841158539056778
v -0.026126397773623508 -0.030570169910788578 0.04841158539056778
v -0.023429432883858715 -0.033666957169771236 0.047145817428827286
v -0.022875299677252804 -0.03296034410595898 0.04815065860748291
v -0.02545346878468994 -0.02986466884613041 0.04930678382515907
v -0.02837794274091725 -0.027273224666714703 0.049577951431274414
v -0.026126397773623508 -0.030570169910788578 0.04841158539056778
v -0.026126397773623508 -0.030570169910788578 0.04841158539056778
v -0.02837794274091725 -0.027273224666714703 0.049577951431274414
v -0.02910901419818406 -0.027893297374248543 0.04870409518480301
v -0.025274623185396233 -0.03580056130886083 0.0413125678896904
v -0.025445053353905716 -0.03593834862113004 0.04010150209069252
v -0.023407299071550404 -0.03702915459871297 0.04113536700606346
v -0.025274623185396233 -0.03580056130886083 0.0413125678896904
v -0.025954999029636425 -0.03493424504995351 0.04262128844857216
v -0.027957376092672393 -0.03380069509148602 0.04160400852560997
v -0.026722349226474804 -0.03508625179529195 0.03980886563658714
v -0.025274623185396233 -0.03580056130886083 0.0413125678896904
v -0.027957376092672393 -0.03380069509148602 0.04160400852560997
v -0.025274623185396233 -0.03580056130886083 0.0413125678896904
v -0.026722349226474804 -0.03508625179529195 0.03980886563658714
v -0.025445053353905716 -0.03593834862113004 0.04010150209069252
v -0.023826241493225136 -0.03705531358718877 0.039686419069767
v -0.023407299071550404 -0.03702915459871297 0.04113536700606346
v -0.025445053353905716 -0.03593834862113004 0.04010150209069252
v -0.023826241493225136 -0.03705531358718877 0.039686419069767
v -0.025445053353905716 -0.03593834862113004 0.04010150209069252
v -0.027119105681777042 -0.03825315088033681 0.01748153381049633
v -0.02433856390416626 -0.04007523879408842 0.01674073003232479
v -0.023826241493225136 -0.03705531358718877 0.039686419069767
v -0.027119105681777042 -0.03825315088033681 0.01748153381049633
v -0.023826241493225136 -0.03705531358718877 0.039686419069767
v -0.02433856390416626 -0.04007523879408842 0.01674073003232479
v -0.021578501909971272 -0.038387153297662784 0.039496708661317825
v -0.021578501909971272 -0.038387153297662784 0.039496708661317825
v -0.023407299071550404 -0.03702915459871297 0.04113536700606346
v -0.023826241493225136 -0.03705531358718877 0.039686419069767
v -0.025644019246101418 -0.03461353853344922 0.04382583871483803
v -0.025954999029636425 -0.03493424504995351 0.04262128844857216
v -0.023185241967439686 -0.03678200766444211 0.042363762855529785
v -0.023185241967439686 -0.03678200766444211 0.042363762855529785
v -0.025954999029636425 -0.03493424504995351 0.04262128844857216
v -0.025274623185396233 -0.03580056130886083 0.0413125678896904
v -0.023185241967439686 -0.03678200766444211 0.042363762855529785
v -0.025274623185396233 -0.03580056130886083 0.0413125678896904
v -0.023407299071550404 -0.03702915459871297 0.04113536700606346
v -0.023519610986113586 -0.034605655819177676 0.045993492007255554
v -0.023429432883858715 -0.033666957169771236 0.047145817428827286
v -0.027299242094159168 -0.03175709769129757 0.046367138624191284
v -0.027299242094159168 -0.03175709769129757 0.046367138624191284
v -0.023429432883858715 -0.033666957169771236 0.047145817428827286
v -0.026744380593299907 -0.03120374120771889 0.0474269837141037
v -0.026744380593299907 -0.03120374120771889 0.0474269837141037
v -0.02977977134287362 -0.028448089957237282 0.04774200916290283
v -0.027299242094159168 -0.03175709769129757 0.046367138624191284
v -0.027299242094159168 -0.03175709769129757 0.046367138624191284
v -0.02977977134287362 -0.028448089957237282 0.04774200916290283
v -0.030381292104721118 -0.02893029339611534 0.04670565202832222
v 0.000685455626808108 -0.0404226109385491 0.04728885367512703
v 0.005486756097525367 -0.04041293635964399 0.04639330133795738
v 0.008281515911221516 -0.03996592760086065 0.0464228019118309
v 0.005486756097525367 -0.04041293635964399 0.04639330133795738
v 0.007489652372896683 -0.04100264981389051 0.04519979655742645
v 0.008281515911221516 -0.03996592760086065 0.0464228019118309
v 0.005486756097525367 -0.04041293635964399 0.04639330133795738
v 0.000685455626808108 -0.0404226109385491 0.04728885367512703
v 0.004805545788258322 -0.0412293896079064 0.04539556801319122
v 0.004805545788258322 -0.0412293896079064 0.04539556801319122
v 0.007489652372896683 -0.04100264981389051 0.04519979655742645
v 0.005486756097525367 -0.04041293635964399 0.04639330133795738
v 0.007607416715472949 -0.03697342798113828 0.04930780455470085
v 0.01092950068414213 -0.03496813029050832 0.05013753101229668
v 0.007355751004070055 -0.0358270294964314 0.050053782761096954
v 0.005220402032136925 -0.037245575338602115 0.04934206232428551
v 0.007607416715472949 -0.03697342798113828 0.04930780455470085
v 0.007355751004070055 -0.0358270294964314 0.050053782761096954
v 0.007607416715472949 -0.03697342798113828 0.04930780455470085
v 0.005220402032136925 -0.037245575338602115 0.04934206232428551
v 0.005260768346488484 -0.0381541140377522 0.048644572496414185
v -0.019161209464073212 0.03649129718542104 0.05725933238863945
v -0.019652843475341828 0.03743001818656926 0.056738995015621185
v -0.022817358374595677 0.03478662669658666 0.05680500343441963
v -0.019161209464073212 0.03649129718542104 0.05725933238863945
v -0.015613679774105573 0.03830852359533315 0.05743660405278206
v -0.019652843475341828 0.03743001818656926 0.056738995015621185
v -0.019161209464073212 0.03649129718542104 0.05725933238863945
v -0.022817358374595677 0.03478662669658666 0.05680500343441963
v -0.022181862965226208 0.03384528309106831 0.057228658348321915
v -0.01857361942529681 0.035546883940696765 0.057547494769096375
v -0.019161209464073212 0.03649129718542104 0.05725933238863945
v -0.022181862965226208 0.03384528309106831 0.057228658348321915
v -0.015613679774105573 0.03830852359533315 0.05743660405278206
v -0.019161209464073212 0.03649129718542104 0.05725933238863945
v -0.01857361942529681 0.035546883940696765 0.057547494769096375
v -0.0118942726403475 0.039746727794408854 0.05757732689380646
v -0.015128693543374563 0.03734183311462407 0.05771197751164436
v -0.011529153212904947 0.03876315802335744 0.05784052237868309
v -0.0118942726403475 0.039746727794408854 0.05757732689380646
v -0.015613679774105573 0.03830852359533315 0.05743660405278206
v -0.015128693543374563 0.03734183311462407 0.05771197751164436
v -0.011529153212904947 0.03876315802335744 0.05784052237868309
v -0.007766282185912144 0.0398219488561154 0.05793149396777153
v -0.0118942726403475 0.039746727794408854 0.05757732689380646
v -0.007766282185912144 0.0398219488561154 0.05793149396777153
v -0.007982831448316586 0.040806386619806345 0.057680778205394745
v -0.0118942726403475 0.039746727794408854 0.05757732689380646
v -0.012181282974779625 0.04069381952285772 0.05709695816040039
v -0.0118942726403475 0.039746727794408854 0.05757732689380646
v -0.007982831448316586 0.040806386619806345 0.057680778205394745
v -0.0118942726403475 0.039746727794408854 0.05757732689380646
v -0.012181282974779625 0.04069381952285772 0.05709695816040039
v -0.015999877825379396 0.03925363719463354 0.05693848058581352
v -0.015999877825379396 0.03925363719463354 0.05693848058581352
v -0.015613679774105573 0.03830852359533315 0.05743660405278206
v -0.0118942726403475 0.039746727794408854 0.05757732689380646
v 0.03919932618737227 -0.018500767648220087 0.04601740092039108
v 0.036530073732137736 -0.02272745780646804 0.04596427455544472
v 0.03877241536974913 -0.02023290283977988 0.04469911754131317
v 0.03877241536974913 -0.02023290283977988 0.04469911754131317
v 0.036530073732137736 -0.02272745780646804 0.04596427455544472
v 0.03648115694522863 -0.024027103558182748 0.044138103723526
v 0.04038875922560698 -0.01732355542480948 0.044545263051986694
v 0.03877241536974913 -0.02023290283977988 0.04469911754131317
v 0.03908604755997664 -0.020298121497035054 0.04356958717107773
v 0.03877241536974913 -0.02023290283977988 0.04469911754131317
v 0.04038875922560698 -0.01732355542480948 0.044545263051986694
v 0.03919932618737227 -0.018500767648220087 0.04601740092039108
v 0.03877241536974913 -0.02023290283977988 0.04469911754131317
v 0.036837138235569056 -0.024046631529927285 0.04302087798714638
v 0.03908604755997664 -0.020298121497035054 0.04356958717107773
v 0.03648115694522863 -0.024027103558182748 0.044138103723526
v 0.036837138235569056 -0.024046631529927285 0.04302087798714638
v 0.03877241536974913 -0.02023290283977988 0.04469911754131317
v 0.03838559985160834 -0.019006222486495996 0.04691581055521965
v 0.036530073732137736 -0.02272745780646804 0.04596427455544472
v 0.03919932618737227 -0.018500767648220087 0.04601740092039108
v 0.03838559985160834 -0.019006222486495996 0.04691581055521965
v 0.03919932618737227 -0.018500767648220087 0.04601740092039108
v 0.04040060564875609 -0.015271366573870203 0.046904515475034714
v 0.037797495722770746 -0.018800515681505228 0.047925107181072235
v 0.035673283040523585 -0.02239370159804824 0.0474909245967865
v 0.03838559985160834 -0.019006222486495996 0.04691581055521965
v 0.035673283040523585 -0.02239370159804824 0.0474909245967865
v 0.036530073732137736 -0.02272745780646804 0.04596427455544472
v 0.03838559985160834 -0.019006222486495996 0.04691581055521965
v 0.03838559985160834 -0.019006222486495996 0.04691581055521965
v 0.03956698626279837 -0.014999634586274645 0.04838504269719124
v 0.037797495722770746 -0.018800515681505228 0.047925107181072235
v 0.03956698626279837 -0.014999634586274645 0.04838504269719124
v 0.03838559985160834 -0.019006222486495996 0.04691581055521965
v 0.04040060564875609 -0.015271366573870203 0.046904515475034714
v 0.04033474996685988 -0.01829456910490992 0.042578570544719696
v 0.04412880912423141 -0.015857018530368826 0.026531914249062538
v 0.041500750929117265 -0.01523347944021227 0.04380960762500763
v 0.04033474996685988 -0.01829456910490992 0.042578570544719696
v 0.04328683391213424 -0.018122060224413896 0.025273397564888
v 0.04412880912423141 -0.015857018530368826 0.026531914249062538
v 0.04033474996685988 -0.01829456910490992 0.042578570544719696
v 0.041500750929117265 -0.01523347944021227 0.04380960762500763
v 0.04038875922560698 -0.01732355542480948 0.044545263051986694
v 0.04269430413842208 -0.01936150155961516 0.025176262483000755
v 0.04328683391213424 -0.018122060224413896 0.025273397564888
v 0.04033474996685988 -0.01829456910490992 0.042578570544719696
v 0.04033474996685988 -0.01829456910490992 0.042578570544719696
v 0.04038875922560698 -0.01732355542480948 0.044545263051986694
v 0.03908604755997664 -0.020298121497035054 0.04356958717107773
v 0.04033474996685988 -0.01829456910490992 0.042578570544719696
v 0.03908604755997664 -0.020298121497035054 0.04356958717107773
v 0.03903903067111975 -0.020851986482739476 0.04208986088633537
v 0.04033474996685988 -0.01829456910490992 0.042578570544719696
v 0.03903903067111975 -0.020851986482739476 0.04208986088633537
v 0.04269430413842208 -0.01936150155961516 0.025176262483000755
v 0.03636959940195089 -0.025129066780209576 0.04142406955361366
v 0.039301380515098634 -0.025549922138452565 0.02270609326660633
v 0.03779895976185804 -0.022968418896198304 0.041781071573495865
v 0.03636959940195089 -0.025129066780209576 0.04142406955361366
v 0.03779895976185804 -0.022968418896198304 0.041781071573495865
v 0.036837138235569056 -0.024046631529927285 0.04302087798714638
v 0.03744595497846609 -0.028204722329974213 0.021613018587231636
v 0.039301380515098634 -0.025549922138452565 0.02270609326660633
v 0.03636959940195089 -0.025129066780209576 0.04142406955361366
v 0.03636959940195089 -0.025129066780209576 0.04142406955361366
v 0.03452759608626371 -0.027543578296899834 0.04123718664050102
v 0.03744595497846609 -0.028204722329974213 0.021613018587231636
v 0.034914899617433603 -0.026685144752264058 0.04263193905353546
v 0.03648115694522863 -0.024027103558182748 0.044138103723526
v 0.033887591212987955 -0.027504501864314117 0.04360712319612503
v 0.034914899617433603 -0.026685144752264058 0.04263193905353546
v 0.036837138235569056 -0.024046631529927285 0.04302087798714638
v 0.03648115694522863 -0.024027103558182748 0.044138103723526
v 0.034914899617433603 -0.026685144752264058 0.04263193905353546
v 0.033887591212987955 -0.027504501864314117 0.04360712319612503
v 0.0328515619039536 -0.02914176508784298 0.04231938719749451
v 0.0328515619039536 -0.02914176508784298 0.04231938719749451
v 0.03452759608626371 -0.027543578296899834 0.04123718664050102
v 0.034914899617433603 -0.026685144752264058 0.04263193905353546
v 0.03452759608626371 -0.027543578296899834 0.04123718664050102
v 0.03636959940195089 -0.025129066780209576 0.04142406955361366
v 0.034914899617433603 -0.026685144752264058 0.04263193905353546
v 0.034914899617433603 -0.026685144752264058 0.04263193905353546
v 0.03636959940195089 -0.025129066780209576 0.04142406955361366
v 0.036837138235569056 -0.024046631529927285 0.04302087798714638
v 0.04179019853472716 -0.011198071762919442 0.047445811331272125
v 0.04223529249429709 -0.007083370350301275 0.04892197623848915
v 0.04061965271830565 -0.011046120896935477 0.04932830110192299
v 0.04179019853472716 -0.011198071762919442 0.047445811331272125
v 0.03956698626279837 -0.014999634586274645 0.04838504269719124
v 0.04040060564875609 -0.015271366573870203 0.046904515475034714
v 0.04179019853472716 -0.011198071762919442 0.047445811331272125
v 0.04061965271830565 -0.011046120896935477 0.04932830110192299
v 0.03956698626279837 -0.014999634586274645 0.04838504269719124
v 0.04318721964955337 -0.007079044822603474 0.047033943235874176
v 0.04223529249429709 -0.007083370350301275 0.04892197623848915
v 0.04179019853472716 -0.011198071762919442 0.047445811331272125
v 0.04104905202984816 -0.015298349782824537 0.04535170644521713
v 0.04179019853472716 -0.011198071762919442 0.047445811331272125
v 0.04040060564875609 -0.015271366573870203 0.046904515475034714
v 0.012680846266448517 -0.04526902362704283 0.013107983395457268
v 0.011090851388871687 -0.04553247988224036 0.014720925129950047
v 0.010183624923229233 -0.04588350281119353 0.012802516110241413
v 0.011090851388871687 -0.04553247988224036 0.014720925129950047
v 0.009268167428672328 -0.046037964522838655 0.01365926768630743
v 0.010183624923229233 -0.04588350281119353 0.012802516110241413
v 0.011090851388871687 -0.04553247988224036 0.014720925129950047
v 0.014384317211806797 -0.044581867754459444 0.01518980786204338
v 0.011512687429785746 -0.042471509426832255 0.03878168761730194
v 0.011090851388871687 -0.04553247988224036 0.014720925129950047
v 0.012680846266448517 -0.04526902362704283 0.013107983395457268
v 0.014384317211806797 -0.044581867754459444 0.01518980786204338
v 0.011512687429785746 -0.042471509426832255 0.03878168761730194
v 0.008831878192722811 -0.04309844598174101 0.038713958114385605
v 0.011090851388871687 -0.04553247988224036 0.014720925129950047
v 0.008831878192722811 -0.04309844598174101 0.038713958114385605
v 0.009268167428672328 -0.046037964522838655 0.01365926768630743
v 0.011090851388871687 -0.04553247988224036 0.014720925129950047
v 0.006129138637334118 -0.04659665003418929 0.01277394313365221
v 0.009268167428672328 -0.046037964522838655 0.01365926768630743
v 0.007037183735519659 -0.046342872083187166 0.014293534681200981
v 0.004555812105536468 -0.043704453855753 0.038916341960430145
v 0.007037183735519659 -0.046342872083187166 0.014293534681200981
v 0.006815821398049603 -0.0434125922620297 0.03896181285381317
v 0.007037183735519659 -0.046342872083187166 0.014293534681200981
v 0.008831878192722811 -0.04309844598174101 0.038713958114385605
v 0.006815821398049603 -0.0434125922620297 0.03896181285381317
v 0.007037183735519659 -0.046342872083187166 0.014293534681200981
v 0.009268167428672328 -0.046037964522838655 0.01365926768630743
v 0.008831878192722811 -0.04309844598174101 0.038713958114385605
v 0.018344318494200734 -0.03939271345734602 0.04200698062777519
v 0.017511691898107556 -0.04011270403862005 0.04068898782134056
v 0.019548805430531533 -0.03917296603322035 0.04082489758729935
v 0.019548805430531533 -0.03917296603322035 0.04082489758729935
v 0.017511691898107556 -0.04011270403862005 0.04068898782134056
v 0.019766880199313195 -0.03935155272483831 0.039290253072977066
v 0.022676957771182095 -0.03748778626322751 0.04107050597667694
v 0.022284278646111523 -0.03733937069773679 0.04228951409459114
v 0.019548805430531533 -0.03917296603322035 0.04082489758729935
v 0.019548805430531533 -0.03917296603322035 0.04082489758729935
v 0.022284278646111523 -0.03733937069773679 0.04228951409459114
v 0.018344318494200734 -0.03939271345734602 0.04200698062777519
v 0.019548805430531533 -0.03917296603322035 0.04082489758729935
v 0.02254651673138145 -0.03782353922724729 0.039749547839164734
v 0.022676957771182095 -0.03748778626322751 0.04107050597667694
v 0.02254651673138145 -0.03782353922724729 0.039749547839164734
v 0.019548805430531533 -0.03917296603322035 0.04082489758729935
v 0.019766880199313195 -0.03935155272483831 0.039290253072977066
v 0.014201593585312389 -0.04167632758617407 0.03880871832370758
v 0.015543968416750455 -0.04113573953509336 0.039313074201345444
v 0.015432029962539697 -0.0409460105001927 0.04056790843605995
v 0.015543968416750455 -0.04113573953509336 0.039313074201345444
v 0.017511691898107556 -0.04011270403862005 0.04068898782134056
v 0.015432029962539697 -0.0409460105001927 0.04056790843605995
v 0.017791321501135854 -0.04335410147905355 0.015615235082805157
v 0.015543968416750455 -0.04113573953509336 0.039313074201345444
v 0.014201593585312389 -0.04167632758617407 0.03880871832370758
v 0.029398482292890594 -0.0366742610931397 0.016402043402194977
v 0.027729937806725544 -0.037951331585645724 0.016214698553085327
v 0.025950271636247677 -0.036763146519661 -0.056451208889484406
v 0.029398482292890594 -0.0366742610931397 0.016402043402194977
v 0.030449040234088946 -0.035783443599939395 0.01742914505302906
v 0.027729937806725544 -0.037951331585645724 0.016214698553085327
v 0.029398482292890594 -0.0366742610931397 0.016402043402194977
v 0.025950271636247677 -0.036763146519661 -0.056451208889484406
v 0.030714478343725253 -0.032887164503335994 -0.05645120516419411
v 0.030714478343725253 -0.032887164503335994 -0.05645120516419411
v 0.03117389604449277 -0.03517324477434163 0.0169464573264122
v 0.029398482292890594 -0.0366742610931397 0.016402043402194977
v 0.03117389604449277 -0.03517324477434163 0.0169464573264122
v 0.030449040234088946 -0.035783443599939395 0.01742914505302906
v 0.029398482292890594 -0.0366742610931397 0.016402043402194977
v 0.019833721220493348 -0.042508397251367624 0.015575212426483631
v 0.017791321501135854 -0.04335410147905355 0.015615235082805157
v 0.017510434612631826 -0.04363428056240087 0.013725227676331997
v 0.01992495730519298 -0.04257179051637655 0.013961131684482098
v 0.02095981873571876 -0.04207503423094755 0.014604903757572174
v 0.019833721220493348 -0.042508397251367624 0.015575212426483631
v 0.019833721220493348 -0.042508397251367624 0.015575212426483631
v 0.017510434612631826 -0.04363428056240087 0.013725227676331997
v 0.01992495730519298 -0.04257179051637655 0.013961131684482098
v 0.019833721220493348 -0.042508397251367624 0.015575212426483631
v 0.02095981873571876 -0.04207503423094755 0.014604903757572174
v 0.021318290382623707 -0.04173276945948606 0.016255134716629982
v 0.021318290382623707 -0.04173276945948606 0.016255134716629982
v 0.019766880199313195 -0.03935155272483831 0.039290253072977066
v 0.019833721220493348 -0.042508397251367624 0.015575212426483631
v 0.00021625516819767686 -0.04689817875623709 0.013989660888910294
v 0.0026828688569366975 -0.04390671849250799 0.03855281323194504
v -9.054620750248446e-05 -0.04399110004305845 0.03853311762213707
v 0.004555812105536468 -0.043704453855753 0.038916341960430145
v 0.002265567192807797 -0.04366161301732069 0.040167804807424545
v 0.0026828688569366975 -0.04390671849250799 0.03855281323194504
v 0.0026828688569366975 -0.04390671849250799 0.03855281323194504
v 0.002265567192807797 -0.04366161301732069 0.040167804807424545
v -9.054620750248446e-05 -0.04399110004305845 0.03853311762213707
v 1.0916522114712296e-05 -0.043720792979002054 0.040158987045288086
v 0.002265567192807797 -0.04366161301732069 0.040167804807424545
v 0.0033401299733668618 -0.04326488822698599 0.04146615415811539
v 1.0916522114712296e-05 -0.043720792979002054 0.040158987045288086
v -0.002250799443572763 -0.04388414323329931 0.03888842090964317
v -9.054620750248446e-05 -0.04399110004305845 0.03853311762213707
v -9.054620750248446e-05 -0.04399110004305845 0.03853311762213707
v 0.002265567192807797 -0.04366161301732069 0.040167804807424545
v 1.0916522114712296e-05 -0.043720792979002054 0.040158987045288086
v 0.03279534354805951 -0.033520355820655864 0.019389931112527847
v 0.030088277533650443 -0.03593306615948682 0.018566107377409935
v 0.030449040234088946 -0.035783443599939395 0.01742914505302906
v 0.032697368413209964 -0.03376896306872372 0.017979716882109642
v 0.03279534354805951 -0.033520355820655864 0.019389931112527847
v 0.030449040234088946 -0.035783443599939395 0.01742914505302906
v 0.03279534354805951 -0.033520355820655864 0.019389931112527847
v 0.029076036065816924 -0.033172015100717586 0.04023629054427147
v 0.030088277533650443 -0.03593306615948682 0.018566107377409935
v 0.03279534354805951 -0.033520355820655864 0.019389931112527847
v 0.030890960246324588 -0.03151318058371548 0.0405227392911911
v 0.029076036065816924 -0.033172015100717586 0.04023629054427147
v 0.034560360014438685 -0.031859807670116466 0.0186755433678627
v 0.03279534354805951 -0.033520355820655864 0.019389931112527847
v 0.032697368413209964 -0.03376896306872372 0.017979716882109642
v 0.029043586924672172 -0.031884200870990795 0.04418455809354782
v 0.02862072922289376 -0.031520873308181804 0.045339953154325485
v 0.025655534118413963 -0.03460519015789037 0.04382680356502533
v 0.02596983127295975 -0.03492334112524991 0.04262274131178856
v 0.02938855811953549 -0.032159514725208324 0.04300383850932121
v 0.029043586924672172 -0.031884200870990795 0.04418455809354782
v 0.029043586924672172 -0.031884200870990795 0.04418455809354782
v 0.025655534118413963 -0.03460519015789037 0.04382680356502533
v 0.02596983127295975 -0.03492334112524991 0.04262274131178856
v 0.02938855811953549 -0.032159514725208324 0.04300383850932121
v 0.03175530955195432 -0.029857285320758858 0.04331769049167633
v 0.029043586924672172 -0.031884200870990795 0.04418455809354782
v 0.029043586924672172 -0.031884200870990795 0.04418455809354782
v 0.03175530955195432 -0.029857285320758858 0.04331769049167633
v 0.03213406354188924 -0.028847916051745453 0.04458344727754593
v 0.029043586924672172 -0.031884200870990795 0.04418455809354782
v 0.03213406354188924 -0.028847916051745453 0.04458344727754593
v 0.03161525726318364 -0.02860835753381256 0.045705389231443405
v 0.02862072922289376 -0.031520873308181804 0.045339953154325485
v 0.029043586924672172 -0.031884200870990795 0.04418455809354782
v 0.03161525726318364 -0.02860835753381256 0.045705389231443405
v -0.013488249853253385 -0.0418671108782292 0.03905384615063667
v -0.014914728701114677 -0.04141194745898252 0.03896400332450867
v -0.014501770958304428 -0.044588647782802644 0.014927039854228497
v -0.01157077122479679 -0.04245897382497793 0.03878597542643547
v -0.013488249853253385 -0.0418671108782292 0.03905384615063667
v -0.014501770958304428 -0.044588647782802644 0.014927039854228497
v -0.01328042708337309 -0.04168135300278669 0.040460389107465744
v -0.013488249853253385 -0.0418671108782292 0.03905384615063667
v -0.01157077122479679 -0.04245897382497793 0.03878597542643547
v -0.015406869351863885 -0.0409547276794911 0.040566347539424896
v -0.01328042708337309 -0.04168135300278669 0.040460389107465744
v -0.014224985614419006 -0.041032891720533426 0.041779715567827225
v -0.01328042708337309 -0.04168135300278669 0.040460389107465744
v -0.015406869351863885 -0.0409547276794911 0.040566347539424896
v -0.014914728701114677 -0.04141194745898252 0.03896400332450867
v -0.014914728701114677 -0.04141194745898252 0.03896400332450867
v -0.013488249853253385 -0.0418671108782292 0.03905384615063667
v -0.01328042708337309 -0.04168135300278669 0.040460389107465744
v -0.022349761798977887 -0.04134760797023779 0.014755078591406345
v -0.020889351144433053 -0.0420901775360108 0.014844050630927086
v -0.021433636546134983 -0.04169083386659628 0.016203731298446655
v -0.021433636546134983 -0.04169083386659628 0.016203731298446655
v -0.020889351144433053 -0.0420901775360108 0.014844050630927086
v -0.018080996349453954 -0.04325789958238607 0.015542681328952312
v -0.020889351144433053 -0.0420901775360108 0.014844050630927086
v -0.01819697394967082 -0.0433416403830052 0.013881842605769634
v -0.018080996349453954 -0.04325789958238607 0.015542681328952312
v -0.02070266939699653 -0.039954319596290644 -0.0564512237906456
v -0.022349761798977887 -0.04134760797023779 0.014755078591406345
v -0.023587601259350815 -0.04063419252634054 0.014590980485081673
v -0.023587601259350815 -0.04063419252634054 0.014590980485081673
v -0.022349761798977887 -0.04134760797023779 0.014755078591406345
v -0.025187643244862595 -0.03968931362032896 0.01563998870551586
v -0.025950293987989467 -0.036763176321983386 -0.0564512237906456
v -0.02070266939699653 -0.039954319596290644 -0.0564512237906456
v -0.023587601259350815 -0.04063419252634054 0.014590980485081673
v -0.023587601259350815 -0.04063419252634054 0.014590980485081673
v -0.025187643244862595 -0.03968931362032896 0.01563998870551586
v -0.025950293987989467 -0.036763176321983386 -0.0564512237906456
v -0.021482871845364605 -0.03816133737564092 0.04097176343202591
v -0.023407299071550404 -0.03702915459871297 0.04113536700606346
v -0.021578501909971272 -0.038387153297662784 0.039496708661317825
v -0.021578501909971272 -0.038387153297662784 0.039496708661317825
v -0.019506197422742875 -0.03919436037540441 0.04082215204834938
v -0.021482871845364605 -0.03816133737564092 0.04097176343202591
v -0.021482871845364605 -0.03816133737564092 0.04097176343202591
v -0.023185241967439686 -0.03678200766444211 0.042363762855529785
v -0.023407299071550404 -0.03702915459871297 0.04113536700606346
v -0.017482053488492993 -0.040125507861375864 0.04068697616457939
v -0.019436903297901185 -0.03951601311564451 0.03925297409296036
v -0.017218584194779424 -0.04052431136369711 0.03907100856304169
v -0.017482053488492993 -0.040125507861375864 0.04068697616457939
v -0.019506197422742875 -0.03919436037540441 0.04082215204834938
v -0.019436903297901185 -0.03951601311564451 0.03925297409296036
v -0.017482053488492993 -0.040125507861375864 0.04068697616457939
v -0.017218584194779424 -0.04052431136369711 0.03907100856304169
v -0.015406869351863885 -0.0409547276794911 0.040566347539424896
v -0.017482053488492993 -0.040125507861375864 0.04068697616457939
v -0.015406869351863885 -0.0409547276794911 0.040566347539424896
v -0.017309986054897336 -0.03983701393008238 0.04194182530045509
v -0.017482053488492993 -0.040125507861375864 0.04068697616457939
v -0.017309986054897336 -0.03983701393008238 0.04194182530045509
v -0.019506197422742875 -0.03919436037540441 0.04082215204834938
v -0.004198324400931604 -0.04681720957160002 0.012477158568799496
v -0.0067186383530497655 -0.046521399170160356 0.012758353725075722
v -0.003070874139666562 -0.044894497841596666 -0.0564512200653553
v -0.0015528149669989967 -0.04698281362652785 0.012415599077939987
v -0.004198324400931604 -0.04681720957160002 0.012477158568799496
v -0.003070874139666562 -0.044894497841596666 -0.0564512200653553
v -0.01157077122479679 -0.04245897382497793 0.03878597542643547
v -0.00919397640973331 -0.04301930963993078 0.03875158727169037
v -0.011112504638731497 -0.04230173677206045 0.040369629859924316
v -0.011112504638731497 -0.04230173677206045 0.040369629859924316
v -0.01328042708337309 -0.04168135300278669 0.040460389107465744
v -0.01157077122479679 -0.04245897382497793 0.03878597542643547
v -0.011112504638731497 -0.04230173677206045 0.040369629859924316
v -0.00993002206087114 -0.04225746169686323 0.041608549654483795
v -0.014224985614419006 -0.041032891720533426 0.041779715567827225
v -0.01328042708337309 -0.04168135300278669 0.040460389107465744
v -0.011112504638731497 -0.04230173677206045 0.040369629859924316
v -0.014224985614419006 -0.041032891720533426 0.041779715567827225
v -0.02389833517372612 -0.025403214618563687 0.05191510170698166
v -0.0259341057389975 -0.025118559598922764 0.05157070979475975
v -0.02320633083581928 -0.02742577902972702 0.05135486647486687
v -0.02320633083581928 -0.02742577902972702 0.05135486647486687
v -0.02026093751192096 -0.029474230483174362 0.05116324871778488
v -0.01817289926111701 -0.02934705838561062 0.051555924117565155
v -0.01817289926111701 -0.02934705838561062 0.051555924117565155
v -0.02389833517372612 -0.025403214618563687 0.05191510170698166
v -0.02320633083581928 -0.02742577902972702 0.05135486647486687
v -0.02320633083581928 -0.02742577902972702 0.05135486647486687
v -0.02095545828342441 -0.030419349670410198 0.050578586757183075
v -0.02026093751192096 -0.029474230483174362 0.05116324871778488
v -0.02878569625318055 -0.020457727834582357 0.05236458405852318
v -0.02882406115531926 -0.018569927662611032 0.05277377367019653
v -0.03272544220089917 -0.01459713466465475 0.05289792641997337
v -0.03272544220089917 -0.01459713466465475 0.05289792641997337
v -0.030731037259101916 -0.019712833687663106 0.0520760640501976
v -0.02878569625318055 -0.020457727834582357 0.05236458405852318
v -0.02566627413034443 -0.022221680730581315 0.0524495430290699
v -0.02882406115531926 -0.018569927662611032 0.05277377367019653
v -0.02878569625318055 -0.020457727834582357 0.05236458405852318
v -0.02878569625318055 -0.020457727834582357 0.05236458405852318
v -0.02389833517372612 -0.025403214618563687 0.05191510170698166
v -0.02566627413034443 -0.022221680730581315 0.0524495430290699
v -0.02878569625318055 -0.020457727834582357 0.05236458405852318
v -0.0259341057389975 -0.025118559598922764 0.05157070979475975
v -0.02389833517372612 -0.025403214618563687 0.05191510170698166
v -0.027597164735198063 -0.026596963405609166 0.05035213753581047
v -0.029350202530622527 -0.023191297426819833 0.05127755180001259
v -0.03022102266550069 -0.023813068866729768 0.050631582736968994
v -0.029350202530622527 -0.023191297426819833 0.05127755180001259
v -0.027597164735198063 -0.026596963405609166 0.05035213753581047
v -0.026778433471918148 -0.025874961167573964 0.05101814121007919
v -0.03369184955954557 -0.017133507877588296 0.05186361446976662
v -0.03257751092314725 -0.02077854052186015 0.050936389714479446
v -0.031668774783611346 -0.020259676501154927 0.05156097933650017
v -0.031668774783611346 -0.020259676501154927 0.05156097933650017
v -0.03272888436913495 -0.01669406332075598 0.05235844850540161
v -0.03369184955954557 -0.017133507877588296 0.05186361446976662
v -0.031668774783611346 -0.020259676501154927 0.05156097933650017
v -0.030731037259101916 -0.019712833687663106 0.0520760640501976
v -0.03272888436913495 -0.01669406332075598 0.05235844850540161
v -0.031668774783611346 -0.020259676501154927 0.05156097933650017
v -0.029350202530622527 -0.023191297426819833 0.05127755180001259
v -0.030731037259101916 -0.019712833687663106 0.0520760640501976
v -0.031668774783611346 -0.020259676501154927 0.05156097933650017
v -0.03257751092314725 -0.02077854052186015 0.050936389714479446
v -0.03022102266550069 -0.023813068866729768 0.050631582736968994
v -0.029350202530622527 -0.023191297426819833 0.05127755180001259
v -0.031668774783611346 -0.020259676501154927 0.05156097933650017
v -0.03022102266550069 -0.023813068866729768 0.050631582736968994
v -0.011909683234989662 -0.032121971249580425 0.051303207874298096
v -0.013888848014175913 -0.03268765658140187 0.05086221545934677
v -0.010520491749048249 -0.033823445439338726 0.0507555790245533
v -0.00678088003769518 -0.033420663326978725 0.05118103325366974
v -0.011909683234989662 -0.032121971249580425 0.051303207874298096
v -0.010520491749048249 -0.033823445439338726 0.0507555790245533
v -0.010520491749048249 -0.033823445439338726 0.0507555790245533
v -0.007042047102004301 -0.0346443466842175 0.05067836865782738
v -0.00678088003769518 -0.033420663326978725 0.05118103325366974
v -0.010520491749048249 -0.033823445439338726 0.0507555790245533
v -0.013888848014175913 -0.03268765658140187 0.05086221545934677
v -0.010900476016104239 -0.03497571125626569 0.05013677477836609
v -0.007299320306628954 -0.03583828359842305 0.050052765756845474
v -0.010520491749048249 -0.033823445439338726 0.0507555790245533
v -0.010900476016104239 -0.03497571125626569 0.05013677477836609
v -0.007042047102004301 -0.0346443466842175 0.05067836865782738
v -0.010520491749048249 -0.033823445439338726 0.0507555790245533
v -0.007299320306628954 -0.03583828359842305 0.050052765756845474
v -0.030334210023284007 -0.029974218457937282 0.04546399787068367
v -0.033433180302381564 -0.026570983231067692 0.04592007026076317
v -0.03210424259305005 -0.028880100697279015 0.04457961767911911
v -0.030381292104721118 -0.02893029339611534 0.04670565202832222
v -0.033433180302381564 -0.026570983231067692 0.04592007026076317
v -0.030334210023284007 -0.029974218457937282 0.04546399787068367
v -0.03210424259305005 -0.028880100697279015 0.04457961767911911
v -0.029031535610556648 -0.0318946018815041 0.04418317228555679
v -0.030334210023284007 -0.029974218457937282 0.04546399787068367
v -0.029031535610556648 -0.0318946018815041 0.04418317228555679
v -0.027784695848822635 -0.03222430869936947 0.045247968286275864
v -0.030334210023284007 -0.029974218457937282 0.04546399787068367
v -0.030334210023284007 -0.029974218457937282 0.04546399787068367
v -0.027299242094159168 -0.03175709769129757 0.046367138624191284
v -0.030381292104721118 -0.02893029339611534 0.04670565202832222
v -0.030334210023284007 -0.029974218457937282 0.04546399787068367
v -0.027784695848822635 -0.03222430869936947 0.045247968286275864
v -0.027299242094159168 -0.03175709769129757 0.046367138624191284
v -0.03253958001732831 -0.025396140292286908 0.04809096083045006
v -0.02977977134287362 -0.028448089957237282 0.04774200916290283
v -0.03182771801948552 -0.024923976510763203 0.04902849346399307
v -0.03253958001732831 -0.025396140292286908 0.04809096083045006
v -0.03499372676014906 -0.022087104618549375 0.04847022891044617
v -0.0331770889461041 -0.02580388449132446 0.04708021879196167
v -0.0331770889461041 -0.02580388449132446 0.04708021879196167
v -0.030381292104721118 -0.02893029339611534 0.04670565202832222
v -0.03253958001732831 -0.025396140292286908 0.04809096083045006
v -0.03253958001732831 -0.025396140292286908 0.04809096083045006
v -0.030381292104721118 -0.02893029339611534 0.04670565202832222
v -0.02977977134287362 -0.028448089957237282 0.04774200916290283
v -0.03182771801948552 -0.024923976510763203 0.04902849346399307
v -0.03425264731049543 -0.021699411794543294 0.04938140884041786
v -0.03253958001732831 -0.025396140292286908 0.04809096083045006
v -0.03253958001732831 -0.025396140292286908 0.04809096083045006
v -0.03425264731049543 -0.021699411794543294 0.04938140884041786
v -0.03499372676014906 -0.022087104618549375 0.04847022891044617
v -0.022552661597728764 -0.035982169210910846 0.04477742314338684
v -0.019571736454963715 -0.036926630884409 0.045691974461078644
v -0.023519610986113586 -0.034605655819177676 0.045993492007255554
v -0.022552661597728764 -0.035982169210910846 0.04477742314338684
v -0.019755953922867806 -0.037565957754850436 0.04458233714103699
v -0.019571736454963715 -0.036926630884409 0.045691974461078644
v -0.019755953922867806 -0.037565957754850436 0.04458233714103699
v -0.022552661597728764 -0.035982169210910846 0.04477742314338684
v -0.02006315626204017 -0.038051702082157184 0.04337412118911743
v -0.011269318871200102 -0.03608204051852231 0.049398235976696014
v -0.014865272678434871 -0.03483463078737264 0.0495242141187191
v -0.011621665209531801 -0.03712591528892522 0.048545755445957184
v -0.011269318871200102 -0.03608204051852231 0.049398235976696014
v -0.007549076341092599 -0.03698511794209485 0.049306754022836685
v -0.010900476016104239 -0.03497571125626569 0.05013677477836609
v -0.011269318871200102 -0.03608204051852231 0.049398235976696014
v -0.011621665209531801 -0.03712591528892522 0.048545755445957184
v -0.007787698414176715 -0.03806779161095624 0.048446234315633774
v -0.007787698414176715 -0.03806779161095624 0.048446234315633774
v -0.007549076341092599 -0.03698511794209485 0.049306754022836685
v -0.011269318871200102 -0.03608204051852231 0.049398235976696014
v -0.010900476016104239 -0.03497571125626569 0.05013677477836609
v -0.013888848014175913 -0.03268765658140187 0.05086221545934677
v -0.014384360983967804 -0.033783312886953396 0.05025267228484154
v -0.014384360983967804 -0.033783312886953396 0.05025267228484154
v -0.011269318871200102 -0.03608204051852231 0.049398235976696014
v -0.010900476016104239 -0.03497571125626569 0.05013677477836609
v -0.011269318871200102 -0.03608204051852231 0.049398235976696014
v -0.014384360983967804 -0.033783312886953396 0.05025267228484154
v -0.014865272678434871 -0.03483463078737264 0.0495242141187191
v -0.014384360983967804 -0.033783312886953396 0.05025267228484154
v -0.013888848014175913 -0.03268765658140187 0.05086221545934677
v -0.017135558649897603 -0.03123857453465466 0.050998084247112274
v -0.011621665209531801 -0.03712591528892522 0.048545755445957184
v -0.014865272678434871 -0.03483463078737264 0.0495242141187191
v -0.015324566513299966 -0.03582583740353589 0.048682596534490585
v -0.011952389031648655 -0.038091901689767886 0.04758848994970322
v -0.011621665209531801 -0.03712591528892522 0.048545755445957184
v -0.015324566513299966 -0.03582583740353589 0.048682596534490585
v -0.015324566513299966 -0.03582583740353589 0.048682596534490585
v -0.015755549073219324 -0.03674218431115155 0.047736894339323044
v -0.011952389031648655 -0.038091901689767886 0.04758848994970322
v -0.015324566513299966 -0.03582583740353589 0.048682596534490585
v -0.01887582242488864 -0.034174777567386676 0.048855897039175034
v -0.015755549073219324 -0.03674218431115155 0.047736894339323044
v -0.018319241702556638 -0.033248309046030086 0.04968402907252312
v -0.01887582242488864 -0.034174777567386676 0.048855897039175034
v -0.015324566513299966 -0.03582583740353589 0.048682596534490585
v -0.015324566513299966 -0.03582583740353589 0.048682596534490585
v -0.014865272678434871 -0.03483463078737264 0.0495242141187191
v -0.018319241702556638 -0.033248309046030086 0.04968402907252312
v -0.023519610986113586 -0.034605655819177676 0.045993492007255554
v -0.027299242094159168 -0.03175709769129757 0.046367138624191284
v -0.025246037170290985 -0.03417438641190534 0.04506058245897293
v -0.025246037170290985 -0.03417438641190534 0.04506058245897293
v -0.027299242094159168 -0.03175709769129757 0.046367138624191284
v -0.027784695848822635 -0.03222430869936947 0.045247968286275864
v -0.025246037170290985 -0.03417438641190534 0.04506058245897293
v -0.027784695848822635 -0.03222430869936947 0.045247968286275864
v -0.025644019246101418 -0.03461353853344922 0.04382583871483803
v -0.025246037170290985 -0.03417438641190534 0.04506058245897293
v -0.022552661597728764 -0.035982169210910846 0.04477742314338684
v -0.023519610986113586 -0.034605655819177676 0.045993492007255554
v 0.007607416715472949 -0.03697342798113828 0.04930780455470085
v 0.01129930745810272 -0.03607409819960599 0.049399033188819885
v 0.01092950068414213 -0.03496813029050832 0.05013753101229668
v 0.01129930745810272 -0.03607409819960599 0.049399033188819885
v 0.01165256369858982 -0.03711763396859174 0.04854661598801613
v 0.014890730381011985 -0.03482441231608396 0.049525268375873566
v 0.01129930745810272 -0.03607409819960599 0.049399033188819885
v 0.014890730381011985 -0.03482441231608396 0.049525268375873566
v 0.014409034512937091 -0.03377354517579083 0.05025364086031914
v 0.01129930745810272 -0.03607409819960599 0.049399033188819885
v 0.014409034512937091 -0.03377354517579083 0.05025364086031914
v 0.01092950068414213 -0.03496813029050832 0.05013753101229668
v 0.00807361025363208 -0.039057880640029956 0.047481607645750046
v 0.01165256369858982 -0.03711763396859174 0.04854661598801613
v 0.007847861386835587 -0.038055691868066836 0.048447344452142715
v 0.007847861386835587 -0.038055691868066836 0.048447344452142715
v 0.007607416715472949 -0.03697342798113828 0.04930780455470085
v 0.005260768346488484 -0.0381541140377522 0.048644572496414185
v 0.01165256369858982 -0.03711763396859174 0.04854661598801613
v 0.01129930745810272 -0.03607409819960599 0.049399033188819885
v 0.007847861386835587 -0.038055691868066836 0.048447344452142715
v 0.007847861386835587 -0.038055691868066836 0.048447344452142715
v 0.01129930745810272 -0.03607409819960599 0.049399033188819885
v 0.007607416715472949 -0.03697342798113828 0.04930780455470085
v 0.000685455626808108 -0.0404226109385491 0.04728885367512703
v 0.007847861386835587 -0.038055691868066836 0.048447344452142715
v 0.005260768346488484 -0.0381541140377522 0.048644572496414185
v 0.007847861386835587 -0.038055691868066836 0.048447344452142715
v 0.000685455626808108 -0.0404226109385491 0.04728885367512703
v 0.00807361025363208 -0.039057880640029956 0.047481607645750046
v 0.04318721964955337 -0.007079044822603474 0.047033943235874176
v 0.04179019853472716 -0.011198071762919442 0.047445811331272125
v 0.04257092252373702 -0.011233241297304646 0.0454382598400116
v 0.04257092252373702 -0.011233241297304646 0.0454382598400116
v 0.04290851578116424 -0.011159623041749016 0.043852612376213074
v 0.04374878108501441 -0.006955651566386232 0.0451260469853878
v 0.04257092252373702 -0.011233241297304646 0.0454382598400116
v 0.04374878108501441 -0.006955651566386232 0.0451260469853878
v 0.04318721964955337 -0.007079044822603474 0.047033943235874176
v 0.04257092252373702 -0.011233241297304646 0.0454382598400116
v 0.04179019853472716 -0.011198071762919442 0.047445811331272125
v 0.04104905202984816 -0.015298349782824537 0.04535170644521713
v 0.04257092252373702 -0.011233241297304646 0.0454382598400116
v 0.041500750929117265 -0.01523347944021227 0.04380960762500763
v 0.04290851578116424 -0.011159623041749016 0.043852612376213074
v 0.04257092252373702 -0.011233241297304646 0.0454382598400116
v 0.04104905202984816 -0.015298349782824537 0.04535170644521713
v 0.041500750929117265 -0.01523347944021227 0.04380960762500763
v 0.017450563609600095 -0.04041996225714689 0.039088454097509384
v 0.015543968416750455 -0.04113573953509336 0.039313074201345444
v 0.017791321501135854 -0.04335410147905355 0.015615235082805157
v 0.017791321501135854 -0.04335410147905355 0.015615235082805157
v 0.019833721220493348 -0.042508397251367624 0.015575212426483631
v 0.017450563609600095 -0.04041996225714689 0.039088454097509384
v 0.017450563609600095 -0.04041996225714689 0.039088454097509384
v 0.019833721220493348 -0.042508397251367624 0.015575212426483631
v 0.019766880199313195 -0.03935155272483831 0.039290253072977066
v 0.017450563609600095 -0.04041996225714689 0.039088454097509384
v 0.019766880199313195 -0.03935155272483831 0.039290253072977066
v 0.017511691898107556 -0.04011270403862005 0.04068898782134056
v 0.017511691898107556 -0.04011270403862005 0.04068898782134056
v 0.015543968416750455 -0.04113573953509336 0.039313074201345444
v 0.017450563609600095 -0.04041996225714689 0.039088454097509384
v 0.0037742413114756406 -0.046667616814374986 0.01447063684463501
v 0.00021625516819767686 -0.04689817875623709 0.013989660888910294
v 0.00337778427638114 -0.0468821823596955 0.012568392790853977
v 0.0037742413114756406 -0.046667616814374986 0.01447063684463501
v 0.0026828688569366975 -0.04390671849250799 0.03855281323194504
v 0.00021625516819767686 -0.04689817875623709 0.013989660888910294
v 0.004555812105536468 -0.043704453855753 0.038916341960430145
v 0.0026828688569366975 -0.04390671849250799 0.03855281323194504
v 0.0037742413114756406 -0.046667616814374986 0.01447063684463501
v 0.0037742413114756406 -0.046667616814374986 0.01447063684463501
v 0.007037183735519659 -0.046342872083187166 0.014293534681200981
v 0.004555812105536468 -0.043704453855753 0.038916341960430145
v 0.0037742413114756406 -0.046667616814374986 0.01447063684463501
v 0.00337778427638114 -0.0468821823596955 0.012568392790853977
v 0.006129138637334118 -0.04659665003418929 0.01277394313365221
v 0.006129138637334118 -0.04659665003418929 0.01277394313365221
v 0.007037183735519659 -0.046342872083187166 0.014293534681200981
v 0.0037742413114756406 -0.046667616814374986 0.01447063684463501
v -0.00993002206087114 -0.04225746169686323 0.041608549654483795
v -0.005535032600164422 -0.04304334148764616 0.04149722680449486
v -0.00764244329184295 -0.04225387424230581 0.04281717166304588
v -0.00764244329184295 -0.04225387424230581 0.04281717166304588
v -0.005535032600164422 -0.04304334148764616 0.04149722680449486
v -0.003287587780505424 -0.04280530288815504 0.042742446064949036
v -0.002233832143247131 -0.043664306402206476 0.04016754776239395
v -0.002250799443572763 -0.04388414323329931 0.03888842090964317
v 1.0916522114712296e-05 -0.043720792979002054 0.040158987045288086
v -0.002233832143247131 -0.043664306402206476 0.04016754776239395
v -0.005535032600164422 -0.04304334148764616 0.04149722680449486
v -0.005589981097728023 -0.04337898269295698 0.04021302983164787
v 0.03522906452417379 -0.030903164297342342 0.020599480718374252
v 0.03279534354805951 -0.033520355820655864 0.019389931112527847
v 0.034560360014438685 -0.031859807670116466 0.0186755433678627
v 0.03522906452417379 -0.030903164297342342 0.020599480718374252
v 0.03268352895975118 -0.029686275869607964 0.040799014270305634
v 0.030890960246324588 -0.03151318058371548 0.0405227392911911
v 0.030890960246324588 -0.03151318058371548 0.0405227392911911
v 0.03279534354805951 -0.033520355820655864 0.019389931112527847
v 0.03522906452417379 -0.030903164297342342 0.020599480718374252
v 0.03522906452417379 -0.030903164297342342 0.020599480718374252
v 0.03744595497846609 -0.028204722329974213 0.021613018587231636
v 0.03452759608626371 -0.027543578296899834 0.04123718664050102
v 0.03522906452417379 -0.030903164297342342 0.020599480718374252
v 0.03452759608626371 -0.027543578296899834 0.04123718664050102
v 0.03268352895975118 -0.029686275869607964 0.040799014270305634
v 0.0369012169539929 -0.029124768450856247 0.019816158339381218
v 0.03744595497846609 -0.028204722329974213 0.021613018587231636
v 0.03522906452417379 -0.030903164297342342 0.020599480718374252
v 0.03522906452417379 -0.030903164297342342 0.020599480718374252
v 0.034560360014438685 -0.031859807670116466 0.0186755433678627
v 0.0369012169539929 -0.029124768450856247 0.019816158339381218
v -0.020398642867803605 -0.042346075177192743 0.014272269792854786
v -0.022349761798977887 -0.04134760797023779 0.014755078591406345
v -0.02070266939699653 -0.039954319596290644 -0.0564512237906456
v -0.020398642867803605 -0.042346075177192743 0.014272269792854786
v -0.020889351144433053 -0.0420901775360108 0.014844050630927086
v -0.022349761798977887 -0.04134760797023779 0.014755078591406345
v -0.020398642867803605 -0.042346075177192743 0.014272269792854786
v -0.02070266939699653 -0.039954319596290644 -0.0564512237906456
v -0.01819697394967082 -0.0433416403830052 0.013881842605769634
v -0.020889351144433053 -0.0420901775360108 0.014844050630927086
v -0.020398642867803605 -0.042346075177192743 0.014272269792854786
v -0.01819697394967082 -0.0433416403830052 0.013881842605769634
v -0.023185241967439686 -0.03678200766444211 0.042363762855529785
v -0.021482871845364605 -0.03816133737564092 0.04097176343202591
v -0.0203153379261494 -0.038429073989391375 0.042139969766139984
v -0.0203153379261494 -0.038429073989391375 0.042139969766139984
v -0.021482871845364605 -0.03816133737564092 0.04097176343202591
v -0.019506197422742875 -0.03919436037540441 0.04082215204834938
v -0.02006315626204017 -0.038051702082157184 0.04337412118911743
v -0.0203153379261494 -0.038429073989391375 0.042139969766139984
v -0.017309986054897336 -0.03983701393008238 0.04194182530045509
v -0.0203153379261494 -0.038429073989391375 0.042139969766139984
v -0.019506197422742875 -0.03919436037540441 0.04082215204834938
v -0.017309986054897336 -0.03983701393008238 0.04194182530045509
v -0.0037242423277348336 -0.04384454339742666 0.038474299013614655
v -0.005589981097728023 -0.04337898269295698 0.04021302983164787
v -0.006505617406219254 -0.043507874011993464 0.03862228989601135
v -0.0037242423277348336 -0.04384454339742666 0.038474299013614655
v -0.002250799443572763 -0.04388414323329931 0.03888842090964317
v -0.002233832143247131 -0.043664306402206476 0.04016754776239395
v -0.0037242423277348336 -0.04384454339742666 0.038474299013614655
v -0.002233832143247131 -0.043664306402206476 0.04016754776239395
v -0.005589981097728023 -0.04337898269295698 0.04021302983164787
v -0.011112504638731497 -0.04230173677206045 0.040369629859924316
v -0.008912901394069209 -0.042812190949916895 0.040294528007507324
v -0.00993002206087114 -0.04225746169686323 0.041608549654483795
v -0.008912901394069209 -0.042812190949916895 0.040294528007507324
v -0.011112504638731497 -0.04230173677206045 0.040369629859924316
v -0.00919397640973331 -0.04301930963993078 0.03875158727169037
v -0.008912901394069209 -0.042812190949916895 0.040294528007507324
v -0.005535032600164422 -0.04304334148764616 0.04149722680449486
v -0.00993002206087114 -0.04225746169686323 0.041608549654483795
v -0.005589981097728023 -0.04337898269295698 0.04021302983164787
v -0.005535032600164422 -0.04304334148764616 0.04149722680449486
v -0.008912901394069209 -0.042812190949916895 0.040294528007507324
v -0.008912901394069209 -0.042812190949916895 0.040294528007507324
v -0.00919397640973331 -0.04301930963993078 0.03875158727169037
v -0.006505617406219254 -0.043507874011993464 0.03862228989601135
v -0.006505617406219254 -0.043507874011993464 0.03862228989601135
v -0.005589981097728023 -0.04337898269295698 0.04021302983164787
v -0.008912901394069209 -0.042812190949916895 0.040294528007507324
v -0.026778433471918148 -0.025874961167573964 0.05101814121007919
v -0.024735249578952827 -0.02909746766090397 0.05010098218917847
v -0.02398244850337509 -0.028280287981033363 0.05078548565506935
v -0.02398244850337509 -0.028280287981033363 0.05078548565506935
v -0.0259341057389975 -0.025118559598922764 0.05157070979475975
v -0.026778433471918148 -0.025874961167573964 0.05101814121007919
v -0.02398244850337509 -0.028280287981033363 0.05078548565506935
v -0.02320633083581928 -0.02742577902972702 0.05135486647486687
v -0.0259341057389975 -0.025118559598922764 0.05157070979475975
v -0.02398244850337509 -0.028280287981033363 0.05078548565506935
v -0.02095545828342441 -0.030419349670410198 0.050578586757183075
v -0.02320633083581928 -0.02742577902972702 0.05135486647486687
v -0.02398244850337509 -0.028280287981033363 0.05078548565506935
v -0.02162927016615871 -0.03132447600364689 0.0498773418366909
v -0.02095545828342441 -0.030419349670410198 0.050578586757183075
v -0.024735249578952827 -0.02909746766090397 0.05010098218917847
v -0.02162927016615871 -0.03132447600364689 0.0498773418366909
v -0.02398244850337509 -0.028280287981033363 0.05078548565506935
v -0.028451874852180526 -0.022538255900144608 0.051811929792165756
v -0.02878569625318055 -0.020457727834582357 0.05236458405852318
v -0.030731037259101916 -0.019712833687663106 0.0520760640501976
v -0.029350202530622527 -0.023191297426819833 0.05127755180001259
v -0.028451874852180526 -0.022538255900144608 0.051811929792165756
v -0.030731037259101916 -0.019712833687663106 0.0520760640501976
v -0.02878569625318055 -0.020457727834582357 0.05236458405852318
v -0.028451874852180526 -0.022538255900144608 0.051811929792165756
v -0.0259341057389975 -0.025118559598922764 0.05157070979475975
v -0.028451874852180526 -0.022538255900144608 0.051811929792165756
v -0.026778433471918148 -0.025874961167573964 0.05101814121007919
v -0.0259341057389975 -0.025118559598922764 0.05157070979475975
v -0.028451874852180526 -0.022538255900144608 0.051811929792165756
v -0.029350202530622527 -0.023191297426819833 0.05127755180001259
v -0.026778433471918148 -0.025874961167573964 0.05101814121007919
v -0.025644019246101418 -0.03461353853344922 0.04382583871483803
v -0.023185241967439686 -0.03678200766444211 0.042363762855529785
v -0.022900346666574513 -0.03643346205353742 0.043583426624536514
v -0.022900346666574513 -0.03643346205353742 0.043583426624536514
v -0.025246037170290985 -0.03417438641190534 0.04506058245897293
v -0.025644019246101418 -0.03461353853344922 0.04382583871483803
v -0.022900346666574513 -0.03643346205353742 0.043583426624536514
v -0.022552661597728764 -0.035982169210910846 0.04477742314338684
v -0.025246037170290985 -0.03417438641190534 0.04506058245897293
v -0.02006315626204017 -0.038051702082157184 0.04337412118911743
v -0.022552661597728764 -0.035982169210910846 0.04477742314338684
v -0.022900346666574513 -0.03643346205353742 0.043583426624536514
v -0.022900346666574513 -0.03643346205353742 0.043583426624536514
v -0.0203153379261494 -0.038429073989391375 0.042139969766139984
v -0.02006315626204017 -0.038051702082157184 0.04337412118911743
v -0.023185241967439686 -0.03678200766444211 0.042363762855529785
v -0.0203153379261494 -0.038429073989391375 0.042139969766139984
v -0.022900346666574513 -0.03643346205353742 0.043583426624536514
v -0.017736297100782422 -0.03226460888981823 0.05039997026324272
v -0.014384360983967804 -0.033783312886953396 0.05025267228484154
v -0.017135558649897603 -0.03123857453465466 0.050998084247112274
v -0.02095545828342441 -0.030419349670410198 0.050578586757183075
v -0.018319241702556638 -0.033248309046030086 0.04968402907252312
v -0.017736297100782422 -0.03226460888981823 0.05039997026324272
v -0.017736297100782422 -0.03226460888981823 0.05039997026324272
v -0.018319241702556638 -0.033248309046030086 0.04968402907252312
v -0.014865272678434871 -0.03483463078737264 0.0495242141187191
v -0.014384360983967804 -0.033783312886953396 0.05025267228484154
v -0.017736297100782422 -0.03226460888981823 0.05039997026324272
v -0.014865272678434871 -0.03483463078737264 0.0495242141187191
v -0.017736297100782422 -0.03226460888981823 0.05039997026324272
v -0.02026093751192096 -0.029474230483174362 0.05116324871778488
v -0.02095545828342441 -0.030419349670410198 0.050578586757183075
v -0.017736297100782422 -0.03226460888981823 0.05039997026324272
v -0.017135558649897603 -0.03123857453465466 0.050998084247112274
v -0.02026093751192096 -0.029474230483174362 0.05116324871778488
v -0.0011035366915166395 -0.04338022321462637 0.041448887437582016
v -0.002233832143247131 -0.043664306402206476 0.04016754776239395
v 1.0916522114712296e-05 -0.043720792979002054 0.040158987045288086
v 0.0033401299733668618 -0.04326488822698599 0.04146615415811539
v 1.0656616723281348e-05 -0.04291725158691412 0.04272356256842613
v -0.0011035366915166395 -0.04338022321462637 0.041448887437582016
v -0.0011035366915166395 -0.04338022321462637 0.041448887437582016
v 1.0916522114712296e-05 -0.043720792979002054 0.040158987045288086
v 0.0033401299733668618 -0.04326488822698599 0.04146615415811539
v -0.0011035366915166395 -0.04338022321462637 0.041448887437582016
v 1.0656616723281348e-05 -0.04291725158691412 0.04272356256842613
v -0.003287587780505424 -0.04280530288815504 0.042742446064949036
v -0.003287587780505424 -0.04280530288815504 0.042742446064949036
v -0.005535032600164422 -0.04304334148764616 0.04149722680449486
v -0.0011035366915166395 -0.04338022321462637 0.041448887437582016
v -0.005535032600164422 -0.04304334148764616 0.04149722680449486
v -0.002233832143247131 -0.043664306402206476 0.04016754776239395
v -0.0011035366915166395 -0.04338022321462637 0.041448887437582016
v -0.0067186383530497655 -0.046521399170160356 0.012758353725075722
v -0.004198324400931604 -0.04681720957160002 0.012477158568799496
v -0.003983501810580498 -0.04671301692724234 0.014150171540677547
v -0.007818453945219529 -0.04622638598084456 0.01430173683911562
v -0.0067186383530497655 -0.046521399170160356 0.012758353725075722
v -0.003983501810580498 -0.04671301692724234 0.014150171540677547
v -0.006505617406219254 -0.043507874011993464 0.03862228989601135
v -0.007818453945219529 -0.04622638598084456 0.01430173683911562
v -0.003983501810580498 -0.04671301692724234 0.014150171540677547
v -0.003983501810580498 -0.04671301692724234 0.014150171540677547
v -0.0037242423277348336 -0.04384454339742666 0.038474299013614655
v -0.006505617406219254 -0.043507874011993464 0.03862228989601135
v -0.003983501810580498 -0.04671301692724234 0.014150171540677547
v -0.004198324400931604 -0.04681720957160002 0.012477158568799496
v -0.0015528149669989967 -0.04698281362652785 0.012415599077939987
v -0.003983501810580498 -0.04671301692724234 0.014150171540677547
v -0.002250799443572763 -0.04388414323329931 0.03888842090964317
v -0.0037242423277348336 -0.04384454339742666 0.038474299013614655
v -0.0015528149669989967 -0.04698281362652785 0.012415599077939987
v 0.00021625516819767686 -0.04689817875623709 0.013989660888910294
v -0.003983501810580498 -0.04671301692724234 0.014150171540677547
v -0.003983501810580498 -0.04671301692724234 0.014150171540677547
v 0.00021625516819767686 -0.04689817875623709 0.013989660888910294
v -0.002250799443572763 -0.04388414323329931 0.03888842090964317
v -0.043420083820819924 -0.004499297123402363 -0.057051222771406174
v -0.040405362844467226 0.01632479764521124 -0.057051222771406174
v -0.0414456874132157 -0.013466524891555327 -0.057051222771406174
v -0.043420083820819924 -0.004499297123402363 -0.057051222771406174
v -0.04333985224366195 0.004555182997137314 -0.057051222771406174
v -0.04228411242365843 0.010542592033743872 -0.057051222771406174
v -0.04228411242365843 0.010542592033743872 -0.057051222771406174
v -0.040405362844467226 0.01632479764521124 -0.057051222771406174
v -0.043420083820819924 -0.004499297123402363 -0.057051222771406174
usemtl DefaultMaterial
f 1 2 3
f 4 5 6
f 7 8 9
f 10 11 12
f 13 14 15
f 16 17 18
f 19 20 21
f 22 23 24
f 25 26 27
f 28 29 30
f 31 32 33
f 34 35 36
f 37 38 39
f 40 41 42
f 43 44 45
f 46 47 48
f 49 50 51
f 52 53 54
f 55 56 57
f 58 59 60
f 61 62 63
f 64 65 66
f 67 68 69
f 70 71 72
f 73 74 75
f 76 77 78
f 79 80 81
f 82 83 84
f 85 86 87
f 88 89 90
f 91 92 93
f 94 95 96
f 97 98 99
f 100 101 102
f 103 104 105
f 106 107 108
f 109 110 111
f 112 113 114
f 115 116 117
f 118 119 120
f 121 122 123
f 124 125 126
f 127 128 129
f 130 131 132
f 133 134 135
f 136 137 138
f 139 140 141
f 142 143 144
f 145 146 147
f 148 149 150
f 151 152 153
f 154 155 156
f 157 158 159
f 160 161 162
f 163 164 165
f 166 167 168
f 169 170 171
f 172 173 174
f 175 176 177
f 178 179 180
f 181 182 183
f 184 185 186
f 187 188 189
f 190 191 192
f 193 194 195
f 196 197 198
f 199 200 201
f 202 203 204
f 205 206 207
f 208 209 210
f 211 212 213
f 214 215 216
f 217 218 219
f 220 221 222
f 223 224 225
f 226 227 228
f 229 230 231
f 232 233 234
f 235 236 237
f 238 239 240
f 241 242 243
f 244 245 246
f 247 248 249
f 250 251 252
f 253 254 255
f 256 257 258
f 259 260 261
f 262 263 264
f 265 266 267
f 268 269 270
f 271 272 273
f 274 275 276
f 277 278 279
f 280 281 282
f 283 284 285
f 286 287 288
f 289 290 291
f 292 293 294
f 295 296 297
f 298 299 300
f 301 302 303
f 304 305 306
f 307 308 309
f 310 311 312
f 313 314 315
f 316 317 318
f 319 320 321
f 322 323 324
f 325 326 327
f 328 329 330
f 331 332 333
f 334 335 336
f 337 338 339
f 340 341 342
f 343 344 345
f 346 347 348
f 349 350 351
f 352 353 354
f 355 356 357
f 358 359 360
f 361 362 363
f 364 365 366
f 367 368 369
f 370 371 372
f 373 374 375
f 376 377 378
f 379 380 381
f 382 383 384
f 385 386 387
f 388 389 390
f 391 392 393
f 394 395 396
f 397 398 399
f 400 401 402
f 403 404 405
f 406 407 408
f 409 410 411
f 412 413 414
f 415 416 417
f 418 419 420
f 421 422 423
f 424 425 426
f 427 428 429
f 430 431 432
f 433 434 435
f 436 437 438
f 439 440 441
f 442 443 444
f 445 446 447
f 448 449 450
f 451 452 453
f 454 455 456
f 457 458 459
f 460 461 462
f 463 464 465
f 466 467 468
f 469 470 471
f 472 473 474
f 475 476 477
f 478 479 480
f 481 482 483
f 484 485 486
f 487 488 489
f 490 491 492
f 493 494 495
f 496 497 498
f 499 500 501
f 502 503 504
f 505 506 507
f 508 509 510
f 511 512 513
f 514 515 516
f 517 518 519
f 520 521 522
f 523 524 525
f 526 527 528
f 529 530 531
f 532 533 534
f 535 536 537
f 538 539 540
f 541 542 543
f 544 545 546
f 547 548 549
f 550 551 552
f 553 554 555
f 556 557 558
f 559 560 561
f 562 563 564
f 565 566 567
f 568 569 570
f 571 572 573
f 574 575 576
f 577 578 579
f 580 581 582
f 583 584 585
f 586 587 588
f 589 590 591
f 592 593 594
f 595 596 597
f 598 599 600
f 601 602 603
f 604 605 606
f 607 608 609
f 610 611 612
f 613 614 615
f 616 617 618
f 619 620 621
f 622 623 624
f 625 626 627
f 628 629 630
f 631 632 633
f 634 635 636
f 637 638 639
f 640 641 642
f 643 644 645
f 646 647 648
f 649 650 651
f 652 653 654
f 655 656 657
f 658 659 660
f 661 662 663
f 664 665 666
f 667 668 669
f 670 671 672
f 673 674 675
f 676 677 678
f 679 680 681
f 682 683 684
f 685 686 687
f 688 689 690
f 691 692 693
f 694 695 696
f 697 698 699
f 700 701 702
f 703 704 705
f 706 707 708
f 709 710 711
f 712 713 714
f 715 716 717
f 718 719 720
f 721 722 723
f 724 725 726
f 727 728 729
f 730 731 732
f 733 734 735
f 736 737 738
f 739 740 741
f 742 743 744
f 745 746 747
f 748 749 750
f 751 752 753
f 754 755 756
f 757 758 759
f 760 761 762
f 763 764 765
f 766 767 768
f 769 770 771
f 772 773 774
f 775 776 777
f 778 779 780
f 781 782 783
f 784 785 786
f 787 788 789
f 790 791 792
f 793 794 795
f 796 797 798
f 799 800 801
f 802 803 804
f 805 806 807
f 808 809 810
f 811 812 813
f 814 815 816
f 817 818 819
f 820 821 822
f 823 824 825
f 826 827 828
f 829 830 831
f 832 833 834
f 835 836 837
f 838 839 840
f 841 842 843
f 844 845 846
f 847 848 849
f 850 851 852
f 853 854 855
f 856 857 858
f 859 860 861
f 862 863 864
f 865 866 867
f 868 869 870
f 871 872 873
f 874 875 876
f 877 878 879
f 880 881 882
f 883 884 885
f 886 887 888
f 889 890 891
f 892 893 894
f 895 896 897
f 898 899 900
f 901 902 903
f 904 905 906
f 907 908 909
f 910 911 912
f 913 914 915
f 916 917 918
f 919 920 921
f 922 923 924
f 925 926 927
f 928 929 930
f 931 932 933
f 934 935 936
f 937 938 939
f 940 941 942
f 943 944 945
f 946 947 948
f 949 950 951
f 952 953 954
f 955 956 957
f 958 959 960
f 961 962 963
f 964 965 966
f 967 968 969
f 970 971 972
f 973 974 975
f 976 977 978
f 979 980 981
f 982 983 984
f 985 986 987
f 988 989 990
f 991 992 993
f 994 995 996
f 997 998 999
f 1000 1001 1002
f 1003 1004 1005
f 1006 1007 1008
f 1009 1010 1011
f 1012 1013 1014
f 1015 1016 1017
f 1018 1019 1020
f 1021 1022 1023
f 1024 1025 1026
f 1027 1028 1029
f 1030 1031 1032
f 1033 1034 1035
f 1036 1037 1038
f 1039 1040 1041
f 1042 1043 1044
f 1045 1046 1047
f 1048 1049 1050
f 1051 1052 1053
f 1054 1055 1056
f 1057 1058 1059
f 1060 1061 1062
f 1063 1064 1065
f 1066 1067 1068
f 1069 1070 1071
f 1072 1073 1074
f 1075 1076 1077
f 1078 1079 1080
f 1081 1082 1083
f 1084 1085 1086
f 1087 1088 1089
f 1090 1091 1092
f 1093 1094 1095
f 1096 1097 1098
f 1099 1100 1101
f 1102 1103 1104
f 1105 1106 1107
f 1108 1109 1110
f 1111 1112 1113
f 1114 1115 1116
f 1117 1118 1119
f 1120 1121 1122
f 1123 1124 1125
f 1126 1127 1128
f 1129 1130 1131
f 1132 1133 1134
f 1135 1136 1137
f 1138 1139 1140
f 1141 1142 1143
f 1144 1145 1146
f 1147 1148 1149
f 1150 1151 1152
f 1153 1154 1155
f 1156 1157 1158
f 1159 1160 1161
f 1162 1163 1164
f 1165 1166 1167
f 1168 1169 1170
f 1171 1172 1173
f 1174 1175 1176
f 1177 1178 1179
f 1180 1181 1182
f 1183 1184 1185
f 1186 1187 1188
f 1189 1190 1191
f 1192 1193 1194
f 1195 1196 1197
f 1198 1199 1200
f 1201 1202 1203
f 1204 1205 1206
f 1207 1208 1209
f 1210 1211 1212
f 1213 1214 1215
f 1216 1217 1218
f 1219 1220 1221
f 1222 1223 1224
f 1225 1226 1227
f 1228 1229 1230
f 1231 1232 1233
f 1234 1235 1236
f 1237 1238 1239
f 1240 1241 1242
f 1243 1244 1245
f 1246 1247 1248
f 1249 1250 1251
f 1252 1253 1254
f 1255 1256 1257
f 1258 1259 1260
f 1261 1262 1263
f 1264 1265 1266
f 1267 1268 1269
f 1270 1271 1272
f 1273 1274 1275
f 1276 1277 1278
f 1279 1280 1281
f 1282 1283 1284
f 1285 1286 1287
f 1288 1289 1290
f 1291 1292 1293
f 1294 1295 1296
f 1297 1298 1299
f 1300 1301 1302
f 1303 1304 1305
f 1306 1307 1308
f 1309 1310 1311
f 1312 1313 1314
f 1315 1316 1317
f 1318 1319 1320
f 1321 1322 1323
f 1324 1325 1326
f 1327 1328 1329
f 1330 1331 1332
f 1333 1334 1335
f 1336 1337 1338
f 1339 1340 1341
f 1342 1343 1344
f 1345 1346 1347
f 1348 1349 1350
f 1351 1352 1353
f 1354 1355 1356
f 1357 1358 1359
f 1360 1361 1362
f 1363 1364 1365
f 1366 1367 1368
f 1369 1370 1371
f 1372 1373 1374
f 1375 1376 1377
f 1378 1379 1380
f 1381 1382 1383
f 1384 1385 1386
f 1387 1388 1389
f 1390 1391 1392
f 1393 1394 1395
f 1396 1397 1398
f 1399 1400 1401
f 1402 1403 1404
f 1405 1406 1407
f 1408 1409 1410
f 1411 1412 1413
f 1414 1415 1416
f 1417 1418 1419
f 1420 1421 1422
f 1423 1424 1425
f 1426 1427 1428
f 1429 1430 1431
f 1432 1433 1434
f 1435 1436 1437
f 1438 1439 1440
f 1441 1442 1443
f 1444 1445 1446
f 1447 1448 1449
f 1450 1451 1452
f 1453 1454 1455
f 1456 1457 1458
f 1459 1460 1461
f 1462 1463 1464
f 1465 1466 1467
f 1468 1469 1470
f 1471 1472 1473
f 1474 1475 1476
f 1477 1478 1479
f 1480 1481 1482
f 1483 1484 1485
f 1486 1487 1488
f 1489 1490 1491
f 1492 1493 1494
f 1495 1496 1497
f 1498 1499 1500
f 1501 1502 1503
f 1504 1505 1506
f 1507 1508 1509
f 1510 1511 1512
f 1513 1514 1515
f 1516 1517 1518
f 1519 1520 1521
f 1522 1523 1524
f 1525 1526 1527
f 1528 1529 1530
f 1531 1532 1533
f 1534 1535 1536
f 1537 1538 1539
f 1540 1541 1542
f 1543 1544 1545
f 1546 1547 1548
f 1549 1550 1551
f 1552 1553 1554
f 1555 1556 1557
f 1558 1559 1560
f 1561 1562 1563
f 1564 1565 1566
f 1567 1568 1569
f 1570 1571 1572
f 1573 1574 1575
f 1576 1577 1578
f 1579 1580 1581
f 1582 1583 1584
f 1585 1586 1587
f 1588 1589 1590
f 1591 1592 1593
f 1594 1595 1596
f 1597 1598 1599
f 1600 1601 1602
f 1603 1604 1605
f 1606 1607 1608
f 1609 1610 1611
f 1612 1613 1614
f 1615 1616 1617
f 1618 1619 1620
f 1621 1622 1623
f 1624 1625 1626
f 1627 1628 1629
f 1630 1631 1632
f 1633 1634 1635
f 1636 1637 1638
f 1639 1640 1641
f 1642 1643 1644
f 1645 1646 1647
f 1648 1649 1650
f 1651 1652 1653
f 1654 1655 1656
f 1657 1658 1659
f 1660 1661 1662
f 1663 1664 1665
f 1666 1667 1668
f 1669 1670 1671
f 1672 1673 1674
f 1675 1676 1677
f 1678 1679 1680
f 1681 1682 1683
f 1684 1685 1686
f 1687 1688 1689
f 1690 1691 1692
f 1693 1694 1695
f 1696 1697 1698
f 1699 1700 1701
f 1702 1703 1704
f 1705 1706 1707
f 1708 1709 1710
f 1711 1712 1713
f 1714 1715 1716
f 1717 1718 1719
f 1720 1721 1722
f 1723 1724 1725
f 1726 1727 1728
f 1729 1730 1731
f 1732 1733 1734
f 1735 1736 1737
f 1738 1739 1740
f 1741 1742 1743
f 1744 1745 1746
f 1747 1748 1749
f 1750 1751 1752
f 1753 1754 1755
f 1756 1757 1758
f 1759 1760 1761
f 1762 1763 1764
f 1765 1766 1767
f 1768 1769 1770
f 1771 1772 1773
f 1774 1775 1776
f 1777 1778 1779
f 1780 1781 1782
f 1783 1784 1785
f 1786 1787 1788
f 1789 1790 1791
f 1792 1793 1794
f 1795 1796 1797
f 1798 1799 1800
f 1801 1802 1803
f 1804 1805 1806
f 1807 1808 1809
f 1810 1811 1812
f 1813 1814 1815
f 1816 1817 1818
f 1819 1820 1821
f 1822 1823 1824
f 1825 1826 1827
f 1828 1829 1830
f 1831 1832 1833
f 1834 1835 1836
f 1837 1838 1839
f 1840 1841 1842
f 1843 1844 1845
f 1846 1847 1848
f 1849 1850 1851
f 1852 1853 1854
f 1855 1856 1857
f 1858 1859 1860
f 1861 1862 1863
f 1864 1865 1866
f 1867 1868 1869
f 1870 1871 1872
f 1873 1874 1875
f 1876 1877 1878
f 1879 1880 1881
f 1882 1883 1884
f 1885 1886 1887
f 1888 1889 1890
f 1891 1892 1893
f 1894 1895 1896
f 1897 1898 1899
f 1900 1901 1902
f 1903 1904 1905
f 1906 1907 1908
f 1909 1910 1911
f 1912 1913 1914
f 1915 1916 1917
f 1918 1919 1920
f 1921 1922 1923
f 1924 1925 1926
f 1927 1928 1929
f 1930 1931 1932
f 1933 1934 1935
f 1936 1937 1938
f 1939 1940 1941
f 1942 1943 1944
f 1945 1946 1947
f 1948 1949 1950
f 1951 1952 1953
f 1954 1955 1956
f 1957 1958 1959
f 1960 1961 1962
f 1963 1964 1965
f 1966 1967 1968
f 1969 1970 1971
f 1972 1973 1974
f 1975 1976 1977
f 1978 1979 1980
f 1981 1982 1983
f 1984 1985 1986
f 1987 1988 1989
f 1990 1991 1992
f 1993 1994 1995
f 1996 1997 1998
f 1999 2000 2001
f 2002 2003 2004
f 2005 2006 2007
f 2008 2009 2010
f 2011 2012 2013
f 2014 2015 2016
f 2017 2018 2019
f 2020 2021 2022
f 2023 2024 2025
f 2026 2027 2028
f 2029 2030 2031
f 2032 2033 2034
f 2035 2036 2037
f 2038 2039 2040
f 2041 2042 2043
f 2044 2045 2046
f 2047 2048 2049
f 2050 2051 2052
f 2053 2054 2055
f 2056 2057 2058
f 2059 2060 2061
f 2062 2063 2064
f 2065 2066 2067
f 2068 2069 2070
f 2071 2072 2073
f 2074 2075 2076
f 2077 2078 2079
f 2080 2081 2082
f 2083 2084 2085
f 2086 2087 2088
f 2089 2090 2091
f 2092 2093 2094
f 2095 2096 2097
f 2098 2099 2100
f 2101 2102 2103
f 2104 2105 2106
f 2107 2108 2109
f 2110 2111 2112
f 2113 2114 2115
f 2116 2117 2118
f 2119 2120 2121
f 2122 2123 2124
f 2125 2126 2127
f 2128 2129 2130
f 2131 2132 2133
f 2134 2135 2136
f 2137 2138 2139
f 2140 2141 2142
f 2143 2144 2145
f 2146 2147 2148
f 2149 2150 2151
f 2152 2153 2154
f 2155 2156 2157
f 2158 2159 2160
f 2161 2162 2163
f 2164 2165 2166
f 2167 2168 2169
f 2170 2171 2172
f 2173 2174 2175
f 2176 2177 2178
f 2179 2180 2181
f 2182 2183 2184
f 2185 2186 2187
f 2188 2189 2190
f 2191 2192 2193
f 2194 2195 2196
f 2197 2198 2199
f 2200 2201 2202
f 2203 2204 2205
f 2206 2207 2208
f 2209 2210 2211
f 2212 2213 2214
f 2215 2216 2217
f 2218 2219 2220
f 2221 2222 2223
f 2224 2225 2226
f 2227 2228 2229
f 2230 2231 2232
f 2233 2234 2235
f 2236 2237 2238
f 2239 2240 2241
f 2242 2243 2244
f 2245 2246 2247
f 2248 2249 2250
f 2251 2252 2253
f 2254 2255 2256
f 2257 2258 2259
f 2260 2261 2262
f 2263 2264 2265
f 2266 2267 2268
f 2269 2270 2271
f 2272 2273 2274
f 2275 2276 2277
f 2278 2279 2280
f 2281 2282 2283
f 2284 2285 2286
f 2287 2288 2289
f 2290 2291 2292
f 2293 2294 2295
f 2296 2297 2298
f 2299 2300 2301
f 2302 2303 2304
f 2305 2306 2307
f 2308 2309 2310
f 2311 2312 2313
f 2314 2315 2316
f 2317 2318 2319
f 2320 2321 2322
f 2323 2324 2325
f 2326 2327 2328
f 2329 2330 2331
f 2332 2333 2334
f 2335 2336 2337
f 2338 2339 2340
f 2341 2342 2343
f 2344 2345 2346
f 2347 2348 2349
f 2350 2351 2352
f 2353 2354 2355
f 2356 2357 2358
f 2359 2360 2361
f 2362 2363 2364
f 2365 2366 2367
f 2368 2369 2370
f 2371 2372 2373
f 2374 2375 2376
f 2377 2378 2379
f 2380 2381 2382
f 2383 2384 2385
f 2386 2387 2388
f 2389 2390 2391
f 2392 2393 2394
f 2395 2396 2397
f 2398 2399 2400
f 2401 2402 2403
f 2404 2405 2406
f 2407 2408 2409
f 2410 2411 2412
f 2413 2414 2415
f 2416 2417 2418
f 2419 2420 2421
f 2422 2423 2424
f 2425 2426 2427
f 2428 2429 2430
f 2431 2432 2433
f 2434 2435 2436
f 2437 2438 2439
f 2440 2441 2442
f 2443 2444 2445
f 2446 2447 2448
f 2449 2450 2451
f 2452 2453 2454
f 2455 2456 2457
f 2458 2459 2460
f 2461 2462 2463
f 2464 2465 2466
f 2467 2468 2469
f 2470 2471 2472
f 2473 2474 2475
f 2476 2477 2478
f 2479 2480 2481
f 2482 2483 2484
f 2485 2486 2487
f 2488 2489 2490
f 2491 2492 2493
f 2494 2495 2496
f 2497 2498 2499
f 2500 2501 2502
f 2503 2504 2505
f 2506 2507 2508
f 2509 2510 2511
f 2512 2513 2514
f 2515 2516 2517
f 2518 2519 2520
f 2521 2522 2523
f 2524 2525 2526
f 2527 2528 2529
f 2530 2531 2532
f 2533 2534 2535
f 2536 2537 2538
f 2539 2540 2541
f 2542 2543 2544
f 2545 2546 2547
f 2548 2549 2550
f 2551 2552 2553
f 2554 2555 2556
f 2557 2558 2559
f 2560 2561 2562
f 2563 2564 2565
f 2566 2567 2568
f 2569 2570 2571
f 2572 2573 2574
f 2575 2576 2577
f 2578 2579 2580
f 2581 2582 2583
f 2584 2585 2586
f 2587 2588 2589
f 2590 2591 2592
f 2593 2594 2595
f 2596 2597 2598
f 2599 2600 2601
f 2602 2603 2604
f 2605 2606 2607
f 2608 2609 2610
f 2611 2612 2613
f 2614 2615 2616
f 2617 2618 2619
f 2620 2621 2622
f 2623 2624 2625
f 2626 2627 2628
f 2629 2630 2631
f 2632 2633 2634
f 2635 2636 2637
f 2638 2639 2640
f 2641 2642 2643
f 2644 2645 2646
f 2647 2648 2649
f 2650 2651 2652
f 2653 2654 2655
f 2656 2657 2658
f 2659 2660 2661
f 2662 2663 2664
f 2665 2666 2667
f 2668 2669 2670
f 2671 2672 2673
f 2674 2675 2676
f 2677 2678 2679
f 2680 2681 2682
f 2683 2684 2685
f 2686 2687 2688
f 2689 2690 2691
f 2692 2693 2694
f 2695 2696 2697
f 2698 2699 2700
f 2701 2702 2703
f 2704 2705 2706
f 2707 2708 2709
f 2710 2711 2712
f 2713 2714 2715
f 2716 2717 2718
f 2719 2720 2721
f 2722 2723 2724
f 2725 2726 2727
f 2728 2729 2730
f 2731 2732 2733
f 2734 2735 2736
f 2737 2738 2739
f 2740 2741 2742
f 2743 2744 2745
f 2746 2747 2748
f 2749 2750 2751
f 2752 2753 2754
f 2755 2756 2757
f 2758 2759 2760
f 2761 2762 2763
f 2764 2765 2766
f 2767 2768 2769
f 2770 2771 2772
f 2773 2774 2775
f 2776 2777 2778
f 2779 2780 2781
f 2782 2783 2784
f 2785 2786 2787
f 2788 2789 2790
f 2791 2792 2793
f 2794 2795 2796
f 2797 2798 2799
f 2800 2801 2802
f 2803 2804 2805
f 2806 2807 2808
f 2809 2810 2811
f 2812 2813 2814
f 2815 2816 2817
f 2818 2819 2820
f 2821 2822 2823
f 2824 2825 2826
f 2827 2828 2829
f 2830 2831 2832
f 2833 2834 2835
f 2836 2837 2838
f 2839 2840 2841
f 2842 2843 2844
f 2845 2846 2847
f 2848 2849 2850
f 2851 2852 2853
f 2854 2855 2856
f 2857 2858 2859
f 2860 2861 2862
f 2863 2864 2865
f 2866 2867 2868
f 2869 2870 2871
f 2872 2873 2874
f 2875 2876 2877
f 2878 2879 2880
f 2881 2882 2883
f 2884 2885 2886
f 2887 2888 2889
f 2890 2891 2892
f 2893 2894 2895
f 2896 2897 2898
f 2899 2900 2901
f 2902 2903 2904
f 2905 2906 2907
f 2908 2909 2910
f 2911 2912 2913
f 2914 2915 2916
f 2917 2918 2919
f 2920 2921 2922
f 2923 2924 2925
f 2926 2927 2928
f 2929 2930 2931
f 2932 2933 2934
f 2935 2936 2937
f 2938 2939 2940
f 2941 2942 2943
f 2944 2945 2946
f 2947 2948 2949
f 2950 2951 2952
f 2953 2954 2955
f 2956 2957 2958
f 2959 2960 2961
f 2962 2963 2964
f 2965 2966 2967
f 2968 2969 2970
f 2971 2972 2973
f 2974 2975 2976
f 2977 2978 2979
f 2980 2981 2982
f 2983 2984 2985
f 2986 2987 2988
f 2989 2990 2991
f 2992 2993 2994
f 2995 2996 2997
f 2998 2999 3000
f 3001 3002 3003
f 3004 3005 3006
f 3007 3008 3009
f 3010 3011 3012
f 3013 3014 3015
f 3016 3017 3018
f 3019 3020 3021
f 3022 3023 3024
f 3025 3026 3027
f 3028 3029 3030
f 3031 3032 3033
f 3034 3035 3036
f 3037 3038 3039
f 3040 3041 3042
f 3043 3044 3045
f 3046 3047 3048
f 3049 3050 3051
f 3052 3053 3054
f 3055 3056 3057
f 3058 3059 3060
f 3061 3062 3063
f 3064 3065 3066
f 3067 3068 3069
f 3070 3071 3072
f 3073 3074 3075
f 3076 3077 3078
f 3079 3080 3081
f 3082 3083 3084
f 3085 3086 3087
f 3088 3089 3090
f 3091 3092 3093
f 3094 3095 3096
f 3097 3098 3099
f 3100 3101 3102
f 3103 3104 3105
f 3106 3107 3108
f 3109 3110 3111
f 3112 3113 3114
f 3115 3116 3117
f 3118 3119 3120
f 3121 3122 3123
f 3124 3125 3126
f 3127 3128 3129
f 3130 3131 3132
f 3133 3134 3135
f 3136 3137 3138
f 3139 3140 3141
f 3142 3143 3144
f 3145 3146 3147
f 3148 3149 3150
f 3151 3152 3153
f 3154 3155 3156
f 3157 3158 3159
f 3160 3161 3162
f 3163 3164 3165
f 3166 3167 3168
f 3169 3170 3171
f 3172 3173 3174
f 3175 3176 3177
f 3178 3179 3180
f 3181 3182 3183
f 3184 3185 3186
f 3187 3188 3189
f 3190 3191 3192
f 3193 3194 3195
f 3196 3197 3198
f 3199 3200 3201
f 3202 3203 3204
f 3205 3206 3207
f 3208 3209 3210
f 3211 3212 3213
f 3214 3215 3216
f 3217 3218 3219
f 3220 3221 3222
f 3223 3224 3225
f 3226 3227 3228
f 3229 3230 3231
f 3232 3233 3234
f 3235 3236 3237
f 3238 3239 3240
f 3241 3242 3243
f 3244 3245 3246
f 3247 3248 3249
f 3250 3251 3252
f 3253 3254 3255
f 3256 3257 3258
f 3259 3260 3261
f 3262 3263 3264
f 3265 3266 3267
f 3268 3269 3270
f 3271 3272 3273
f 3274 3275 3276
f 3277 3278 3279
f 3280 3281 3282
f 3283 3284 3285
f 3286 3287 3288
f 3289 3290 3291
f 3292 3293 3294
f 3295 3296 3297
f 3298 3299 3300
f 3301 3302 3303
f 3304 3305 3306
f 3307 3308 3309
f 3310 3311 3312
f 3313 3314 3315
f 3316 3317 3318
f 3319 3320 3321
f 3322 3323 3324
f 3325 3326 3327
f 3328 3329 3330
f 3331 3332 3333
f 3334 3335 3336
f 3337 3338 3339
f 3340 3341 3342
f 3343 3344 3345
f 3346 3347 3348
f 3349 3350 3351
f 3352 3353 3354
f 3355 3356 3357
f 3358 3359 3360
f 3361 3362 3363
f 3364 3365 3366
f 3367 3368 3369
f 3370 3371 3372
f 3373 3374 3375
f 3376 3377 3378
f 3379 3380 3381
f 3382 3383 3384
f 3385 3386 3387
f 3388 3389 3390
f 3391 3392 3393
f 3394 3395 3396
f 3397 3398 3399
f 3400 3401 3402
f 3403 3404 3405
f 3406 3407 3408
f 3409 3410 3411
f 3412 3413 3414
f 3415 3416 3417
f 3418 3419 3420
f 3421 3422 3423
f 3424 3425 3426
f 3427 3428 3429
f 3430 3431 3432
f 3433 3434 3435
f 3436 3437 3438
f 3439 3440 3441
f 3442 3443 3444
f 3445 3446 3447
f 3448 3449 3450
f 3451 3452 3453
f 3454 3455 3456
f 3457 3458 3459
f 3460 3461 3462
f 3463 3464 3465
f 3466 3467 3468
f 3469 3470 3471
f 3472 3473 3474
f 3475 3476 3477
f 3478 3479 3480
f 3481 3482 3483
f 3484 3485 3486
f 3487 3488 3489
f 3490 3491 3492
f 3493 3494 3495
f 3496 3497 3498
f 3499 3500 3501
f 3502 3503 3504
f 3505 3506 3507
f 3508 3509 3510
f 3511 3512 3513
f 3514 3515 3516
f 3517 3518 3519
f 3520 3521 3522
f 3523 3524 3525
f 3526 3527 3528
f 3529 3530 3531
f 3532 3533 3534
f 3535 3536 3537
f 3538 3539 3540
f 3541 3542 3543
f 3544 3545 3546
f 3547 3548 3549
f 3550 3551 3552
f 3553 3554 3555
f 3556 3557 3558
f 3559 3560 3561
f 3562 3563 3564
f 3565 3566 3567
f 3568 3569 3570
f 3571 3572 3573
f 3574 3575 3576
f 3577 3578 3579
f 3580 3581 3582
f 3583 3584 3585
f 3586 3587 3588
f 3589 3590 3591
f 3592 3593 3594
f 3595 3596 3597
f 3598 3599 3600
f 3601 3602 3603
f 3604 3605 3606
f 3607 3608 3609
f 3610 3611 3612
f 3613 3614 3615
f 3616 3617 3618
f 3619 3620 3621
f 3622 3623 3624
f 3625 3626 3627
f 3628 3629 3630
f 3631 3632 3633
f 3634 3635 3636
f 3637 3638 3639
f 3640 3641 3642
f 3643 3644 3645
f 3646 3647 3648
f 3649 3650 3651
f 3652 3653 3654
f 3655 3656 3657
f 3658 3659 3660
f 3661 3662 3663
f 3664 3665 3666
f 3667 3668 3669
f 3670 3671 3672
f 3673 3674 3675
f 3676 3677 3678
f 3679 3680 3681
f 3682 3683 3684
f 3685 3686 3687
f 3688 3689 3690
f 3691 3692 3693
f 3694 3695 3696
f 3697 3698 3699
f 3700 3701 3702
f 3703 3704 3705
f 3706 3707 3708
f 3709 3710 3711
f 3712 3713 3714
f 3715 3716 3717
f 3718 3719 3720
f 3721 3722 3723
f 3724 3725 3726
f 3727 3728 3729
f 3730 3731 3732
f 3733 3734 3735
f 3736 3737 3738
f 3739 3740 3741
f 3742 3743 3744
f 3745 3746 3747
f 3748 3749 3750
f 3751 3752 3753
f 3754 3755 3756
f 3757 3758 3759
f 3760 3761 3762
f 3763 3764 3765
f 3766 3767 3768
f 3769 3770 3771
f 3772 3773 3774
f 3775 3776 3777
f 3778 3779 3780
f 3781 3782 3783
f 3784 3785 3786
f 3787 3788 3789
f 3790 3791 3792
f 3793 3794 3795
f 3796 3797 3798
f 3799 3800 3801
f 3802 3803 3804
f 3805 3806 3807
f 3808 3809 3810
f 3811 3812 3813
f 3814 3815 3816
f 3817 3818 3819
f 3820 3821 3822
f 3823 3824 3825
f 3826 3827 3828
f 3829 3830 3831
f 3832 3833 3834
f 3835 3836 3837
f 3838 3839 3840
f 3841 3842 3843
f 3844 3845 3846
f 3847 3848 3849
f 3850 3851 3852
f 3853 3854 3855
f 3856 3857 3858
f 3859 3860 3861
f 3862 3863 3864
f 3865 3866 3867
f 3868 3869 3870
f 3871 3872 3873
f 3874 3875 3876
f 3877 3878 3879
f 3880 3881 3882
f 3883 3884 3885
f 3886 3887 3888
f 3889 3890 3891
f 3892 3893 3894
f 3895 3896 3897
f 3898 3899 3900
f 3901 3902 3903
f 3904 3905 3906
f 3907 3908 3909
f 3910 3911 3912
f 3913 3914 3915
f 3916 3917 3918
f 3919 3920 3921
f 3922 3923 3924
f 3925 3926 3927
f 3928 3929 3930
f 3931 3932 3933
f 3934 3935 3936
f 3937 3938 3939
f 3940 3941 3942
f 3943 3944 3945
f 3946 3947 3948
f 3949 3950 3951
f 3952 3953 3954
f 3955 3956 3957
f 3958 3959 3960
f 3961 3962 3963
f 3964 3965 3966
f 3967 3968 3969
f 3970 3971 3972
f 3973 3974 3975
f 3976 3977 3978
f 3979 3980 3981
f 3982 3983 3984
f 3985 3986 3987
f 3988 3989 3990
f 3991 3992 3993
f 3994 3995 3996
f 3997 3998 3999
f 4000 4001 4002
f 4003 4004 4005
f 4006 4007 4008
f 4009 4010 4011
f 4012 4013 4014
f 4015 4016 4017
f 4018 4019 4020
f 4021 4022 4023
f 4024 4025 4026
f 4027 4028 4029
f 4030 4031 4032
f 4033 4034 4035
f 4036 4037 4038
f 4039 4040 4041
f 4042 4043 4044
f 4045 4046 4047
f 4048 4049 4050
f 4051 4052 4053
f 4054 4055 4056
f 4057 4058 4059
f 4060 4061 4062
f 4063 4064 4065
f 4066 4067 4068
f 4069 4070 4071
f 4072 4073 4074
f 4075 4076 4077
f 4078 4079 4080
f 4081 4082 4083
f 4084 4085 4086
f 4087 4088 4089
f 4090 4091 4092
f 4093 4094 4095
f 4096 4097 4098
f 4099 4100 4101
f 4102 4103 4104
f 4105 4106 4107
f 4108 4109 4110
f 4111 4112 4113
f 4114 4115 4116
f 4117 4118 4119
f 4120 4121 4122
f 4123 4124 4125
f 4126 4127 4128
f 4129 4130 4131
f 4132 4133 4134
f 4135 4136 4137
f 4138 4139 4140
f 4141 4142 4143
f 4144 4145 4146
f 4147 4148 4149
f 4150 4151 4152
f 4153 4154 4155
f 4156 4157 4158
f 4159 4160 4161
f 4162 4163 4164
f 4165 4166 4167
f 4168 4169 4170
f 4171 4172 4173
f 4174 4175 4176
f 4177 4178 4179
f 4180 4181 4182
f 4183 4184 4185
f 4186 4187 4188
f 4189 4190 4191
f 4192 4193 4194
f 4195 4196 4197
f 4198 4199 4200
f 4201 4202 4203
f 4204 4205 4206
f 4207 4208 4209
f 4210 4211 4212
f 4213 4214 4215
f 4216 4217 4218
f 4219 4220 4221
f 4222 4223 4224
f 4225 4226 4227
f 4228 4229 4230
f 4231 4232 4233
f 4234 4235 4236
f 4237 4238 4239
f 4240 4241 4242
f 4243 4244 4245
f 4246 4247 4248
f 4249 4250 4251
f 4252 4253 4254
f 4255 4256 4257
f 4258 4259 4260
f 4261 4262 4263
f 4264 4265 4266
f 4267 4268 4269
f 4270 4271 4272
f 4273 4274 4275
f 4276 4277 4278
f 4279 4280 4281
f 4282 4283 4284
f 4285 4286 4287
f 4288 4289 4290
f 4291 4292 4293
f 4294 4295 4296
f 4297 4298 4299
f 4300 4301 4302
f 4303 4304 4305
f 4306 4307 4308
f 4309 4310 4311
f 4312 4313 4314
f 4315 4316 4317
f 4318 4319 4320
f 4321 4322 4323
f 4324 4325 4326
f 4327 4328 4329
f 4330 4331 4332
f 4333 4334 4335
f 4336 4337 4338
f 4339 4340 4341
f 4342 4343 4344
f 4345 4346 4347
f 4348 4349 4350
f 4351 4352 4353
f 4354 4355 4356
f 4357 4358 4359
f 4360 4361 4362
f 4363 4364 4365
f 4366 4367 4368
f 4369 4370 4371
f 4372 4373 4374
f 4375 4376 4377
f 4378 4379 4380
f 4381 4382 4383
f 4384 4385 4386
f 4387 4388 4389
f 4390 4391 4392
f 4393 4394 4395
f 4396 4397 4398
f 4399 4400 4401
f 4402 4403 4404
f 4405 4406 4407
f 4408 4409 4410
f 4411 4412 4413
f 4414 4415 4416
f 4417 4418 4419
f 4420 4421 4422
f 4423 4424 4425
f 4426 4427 4428
f 4429 4430 4431
f 4432 4433 4434
f 4435 4436 4437
f 4438 4439 4440
f 4441 4442 4443
f 4444 4445 4446
f 4447 4448 4449
f 4450 4451 4452
f 4453 4454 4455
f 4456 4457 4458
f 4459 4460 4461
f 4462 4463 4464
f 4465 4466 4467
f 4468 4469 4470
f 4471 4472 4473
f 4474 4475 4476
f 4477 4478 4479
f 4480 4481 4482
f 4483 4484 4485
f 4486 4487 4488
f 4489 4490 4491
f 4492 4493 4494
f 4495 4496 4497
f 4498 4499 4500
f 4501 4502 4503
f 4504 4505 4506
f 4507 4508 4509
f 4510 4511 4512
f 4513 4514 4515
f 4516 4517 4518
f 4519 4520 4521
f 4522 4523 4524
f 4525 4526 4527
f 4528 4529 4530
f 4531 4532 4533
f 4534 4535 4536
f 4537 4538 4539
f 4540 4541 4542
f 4543 4544 4545
f 4546 4547 4548
f 4549 4550 4551
f 4552 4553 4554
f 4555 4556 4557
f 4558 4559 4560
f 4561 4562 4563
f 4564 4565 4566
f 4567 4568 4569
f 4570 4571 4572
f 4573 4574 4575
f 4576 4577 4578
f 4579 4580 4581
f 4582 4583 4584
f 4585 4586 4587
f 4588 4589 4590
f 4591 4592 4593
f 4594 4595 4596
f 4597 4598 4599
f 4600 4601 4602
f 4603 4604 4605
f 4606 4607 4608
f 4609 4610 4611
f 4612 4613 4614
f 4615 4616 4617
f 4618 4619 4620
f 4621 4622 4623
f 4624 4625 4626
f 4627 4628 4629
f 4630 4631 4632
f 4633 4634 4635
f 4636 4637 4638
f 4639 4640 4641
f 4642 4643 4644
f 4645 4646 4647
f 4648 4649 4650
f 4651 4652 4653
f 4654 4655 4656
f 4657 4658 4659
f 4660 4661 4662
f 4663 4664 4665
f 4666 4667 4668
f 4669 4670 4671
f 4672 4673 4674
f 4675 4676 4677
f 4678 4679 4680
f 4681 4682 4683
f 4684 4685 4686
f 4687 4688 4689
f 4690 4691 4692
f 4693 4694 4695
f 4696 4697 4698
f 4699 4700 4701
f 4702 4703 4704
f 4705 4706 4707
f 4708 4709 4710
f 4711 4712 4713
f 4714 4715 4716
f 4717 4718 4719
f 4720 4721 4722
f 4723 4724 4725
f 4726 4727 4728
f 4729 4730 4731
f 4732 4733 4734
f 4735 4736 4737
f 4738 4739 4740
f 4741 4742 4743
f 4744 4745 4746
f 4747 4748 4749
f 4750 4751 4752
f 4753 4754 4755
f 4756 4757 4758
f 4759 4760 4761
f 4762 4763 4764
f 4765 4766 4767
f 4768 4769 4770
f 4771 4772 4773
f 4774 4775 4776
f 4777 4778 4779
f 4780 4781 4782
f 4783 4784 4785
f 4786 4787 4788
f 4789 4790 4791
f 4792 4793 4794
f 4795 4796 4797
f 4798 4799 4800
f 4801 4802 4803
f 4804 4805 4806
f 4807 4808 4809
f 4810 4811 4812
f 4813 4814 4815
f 4816 4817 4818
f 4819 4820 4821
f 4822 4823 4824
f 4825 4826 4827
f 4828 4829 4830
f 4831 4832 4833
f 4834 4835 4836
f 4837 4838 4839
f 4840 4841 4842
f 4843 4844 4845
f 4846 4847 4848
f 4849 4850 4851
f 4852 4853 4854
f 4855 4856 4857
f 4858 4859 4860
f 4861 4862 4863
f 4864 4865 4866
f 4867 4868 4869
f 4870 4871 4872
f 4873 4874 4875
f 4876 4877 4878
f 4879 4880 4881
f 4882 4883 4884
f 4885 4886 4887
f 4888 4889 4890
f 4891 4892 4893
f 4894 4895 4896
f 4897 4898 4899
f 4900 4901 4902
f 4903 4904 4905
f 4906 4907 4908
f 4909 4910 4911
f 4912 4913 4914
f 4915 4916 4917
f 4918 4919 4920
f 4921 4922 4923
f 4924 4925 4926
f 4927 4928 4929
f 4930 4931 4932
f 4933 4934 4935
f 4936 4937 4938
f 4939 4940 4941
f 4942 4943 4944
f 4945 4946 4947
f 4948 4949 4950
f 4951 4952 4953
f 4954 4955 4956
f 4957 4958 4959
f 4960 4961 4962
f 4963 4964 4965
f 4966 4967 4968
f 4969 4970 4971
f 4972 4973 4974
f 4975 4976 4977
f 4978 4979 4980
f 4981 4982 4983
f 4984 4985 4986
f 4987 4988 4989
f 4990 4991 4992
f 4993 4994 4995
f 4996 4997 4998
f 4999 5000 5001
f 5002 5003 5004
f 5005 5006 5007
f 5008 5009 5010
f 5011 5012 5013
f 5014 5015 5016
f 5017 5018 5019
f 5020 5021 5022
f 5023 5024 5025
f 5026 5027 5028
f 5029 5030 5031
f 5032 5033 5034
f 5035 5036 5037
f 5038 5039 5040
f 5041 5042 5043
f 5044 5045 5046
f 5047 5048 5049
f 5050 5051 5052
f 5053 5054 5055
f 5056 5057 5058
f 5059 5060 5061
f 5062 5063 5064
f 5065 5066 5067
f 5068 5069 5070
f 5071 5072 5073
f 5074 5075 5076
f 5077 5078 5079
f 5080 5081 5082
f 5083 5084 5085
f 5086 5087 5088
f 5089 5090 5091
f 5092 5093 5094
f 5095 5096 5097
f 5098 5099 5100
f 5101 5102 5103
f 5104 5105 5106
f 5107 5108 5109
f 5110 5111 5112
f 5113 5114 5115
f 5116 5117 5118
f 5119 5120 5121
f 5122 5123 5124
f 5125 5126 5127
f 5128 5129 5130
f 5131 5132 5133
f 5134 5135 5136
f 5137 5138 5139
f 5140 5141 5142
f 5143 5144 5145
f 5146 5147 5148
f 5149 5150 5151
f 5152 5153 5154
f 5155 5156 5157
f 5158 5159 5160
f 5161 5162 5163
f 5164 5165 5166
f 5167 5168 5169
f 5170 5171 5172
f 5173 5174 5175
f 5176 5177 5178
f 5179 5180 5181
f 5182 5183 5184
f 5185 5186 5187
f 5188 5189 5190
f 5191 5192 5193
f 5194 5195 5196
f 5197 5198 5199
f 5200 5201 5202
f 5203 5204 5205
f 5206 5207 5208
f 5209 5210 5211
f 5212 5213 5214
f 5215 5216 5217
f 5218 5219 5220
f 5221 5222 5223
f 5224 5225 5226
f 5227 5228 5229
f 5230 5231 5232
f 5233 5234 5235
f 5236 5237 5238
f 5239 5240 5241
f 5242 5243 5244
f 5245 5246 5247
f 5248 5249 5250
f 5251 5252 5253
f 5254 5255 5256
f 5257 5258 5259
f 5260 5261 5262
f 5263 5264 5265
f 5266 5267 5268
f 5269 5270 5271
f 5272 5273 5274
f 5275 5276 5277
f 5278 5279 5280
f 5281 5282 5283
f 5284 5285 5286
f 5287 5288 5289
f 5290 5291 5292
f 5293 5294 5295
f 5296 5297 5298
f 5299 5300 5301
f 5302 5303 5304
f 5305 5306 5307
f 5308 5309 5310
f 5311 5312 5313
f 5314 5315 5316
f 5317 5318 5319
f 5320 5321 5322
f 5323 5324 5325
f 5326 5327 5328
f 5329 5330 5331
f 5332 5333 5334
f 5335 5336 5337
f 5338 5339 5340
f 5341 5342 5343
f 5344 5345 5346
f 5347 5348 5349
f 5350 5351 5352
f 5353 5354 5355
f 5356 5357 5358
f 5359 5360 5361
f 5362 5363 5364
f 5365 5366 5367
f 5368 5369 5370
f 5371 5372 5373
f 5374 5375 5376
f 5377 5378 5379
f 5380 5381 5382
f 5383 5384 5385
f 5386 5387 5388
f 5389 5390 5391
f 5392 5393 5394
f 5395 5396 5397
f 5398 5399 5400
f 5401 5402 5403
f 5404 5405 5406
f 5407 5408 5409
f 5410 5411 5412
f 5413 5414 5415
f 5416 5417 5418
f 5419 5420 5421
f 5422 5423 5424
f 5425 5426 5427
f 5428 5429 5430
f 5431 5432 5433
f 5434 5435 5436
