mtllib upper_arm_link_collisions_upperarm_mesh.mtl
v 0.04500106722116471 0.0005555006209760905 0.061605785042047494
v 0.044941570609807975 -0.0564507693052292 0.0021272425074130292
v 0.047001186758279814 0.03179416805505753 0.0008959011756815015
v 0.044941570609807975 -0.0564507693052292 0.0021272425074130292
v 0.04500106722116471 0.0005555006209760905 0.061605785042047494
v 0.044839628040790565 -0.0035691228695213803 0.06379319727420805
v -0.03740110248327256 -0.053631007671356215 0.24422131478786466
v -0.03934391215443612 0.026043009012937553 0.24346283078193662
v -0.04496054351329804 -0.000945456500630826 0.061711162328720086
v -0.03934391215443612 0.026043009012937553 0.24346283078193662
v -0.04501422494649888 0.00256760441698134 0.06199097633361816
v -0.04496054351329804 -0.000945456500630826 0.061711162328720086
v -0.03719968348741532 -0.05400085821747781 0.2433948218822479
v -0.0371028482913971 -0.05351585894823076 0.24876315891742704
v -0.03740110248327256 -0.053631007671356215 0.24422131478786466
v -0.02558072097599507 -0.05703954026103021 0.036759071052074425
v -0.014911977574229244 -0.05705079808831216 0.04081809148192405
v -0.012723164632916454 -0.05400084704160692 0.27835100889205927
v 0.0217996146529913 -0.05705078691244127 0.037606272846460335
v 0.028025075793266303 -0.057050772011280074 0.03324716165661811
v 0.020132636651396755 -0.05703911185264589 0.03999143466353416
v 0.0445263683795929 -0.05701575055718423 -0.0063180970028042785
v 0.044824730604887016 -0.05701967701315881 0.003169368719682097
v 0.04359934851527215 -0.05705076083540918 -0.00015193331637419758
v 0.04500106722116471 0.0005555006209760905 0.061605785042047494
v 0.039335273206233985 0.02632283419370652 0.24348475039005277
v 0.044839628040790565 -0.0035691228695213803 0.06379319727420805
v 0.039335273206233985 0.02632283419370652 0.24348475039005277
v 0.04500106722116471 0.0005555006209760905 0.061605785042047494
v 0.047001186758279814 0.03179416805505753 0.0008959011756815015
v 0.04495961964130402 -0.056998398154974 -0.0003354712680447846
v 0.047001186758279814 0.03179416805505753 0.0008959011756815015
v 0.044941570609807975 -0.0564507693052292 0.0021272425074130292
v 0.04495961964130402 -0.056998398154974 -0.0003354712680447846
v 0.044824730604887016 -0.05701967701315881 0.003169368719682097
v 0.0445263683795929 -0.05701575055718423 -0.0063180970028042785
v -0.03663453459739686 -0.05400085821747781 0.24985454976558683
v -0.0371028482913971 -0.05351585894823076 0.24876315891742704
v -0.03719968348741532 -0.05400085821747781 0.2433948218822479
v -0.044941741973161704 -0.05645082145929338 0.002127213170751929
v -0.03740110248327256 -0.053631007671356215 0.24422131478786466
v -0.04496054351329804 -0.000945456500630826 0.061711162328720086
v -0.009048679843544962 0.03902509063482285 -0.04316003248095512
v -0.004609384108334781 0.04085377976298333 -0.043484665453433984
v -0.00455597322434187 0.03891676664352418 -0.043856419622898095
v -0.0469803884625435 0.031206438317894943 0.00046973707503639156
v -0.04501422494649888 0.00256760441698134 0.06199097633361816
v -0.03934391215443612 0.026043009012937553 0.24346283078193662
v -0.04496054351329804 -0.000945456500630826 0.061711162328720086
v -0.04501422494649888 0.00256760441698134 0.06199097633361816
v -0.0469803884625435 0.031206438317894943 0.00046973707503639156
v -0.014911977574229244 -0.05705079808831216 0.04081809148192405
v -0.0075710616074502485 -0.057050794363021864 0.042785108089447015
v -0.012723164632916454 -0.05400084704160692 0.27835100889205927
v -0.0075710616074502485 -0.057050794363021864 0.042785108089447015
v -9.920494647985836e-08 -0.057050790637731566 0.04344747215509414
v -1.7819819220221691e-07 -0.05400083959102632 0.2805944681167602
v -0.0075710616074502485 -0.057050794363021864 0.042785108089447015
v 0.0217996146529913 -0.05705078691244127 0.037606272846460335
v -9.920494647985836e-08 -0.057050790637731566 0.04344747215509414
v 0.0217996146529913 -0.05705078691244127 0.037606272846460335
v -0.0075710616074502485 -0.057050794363021864 0.042785108089447015
v -0.014911977574229244 -0.05705079808831216 0.04081809148192405
v -9.920494647985836e-08 -0.057050790637731566 0.04344747215509414
v 0.0217996146529913 -0.05705078691244127 0.037606272846460335
v 0.007570862770080568 -0.05705078318715097 0.04278511554002761
v -0.03740110248327256 -0.053631007671356215 0.24422131478786466
v -0.03915305063128472 0.024784393608570106 0.2470273673534393
v -0.03934391215443612 0.026043009012937553 0.24346283078193662
v -0.03915305063128472 0.024784393608570106 0.2470273673534393
v -0.03740110248327256 -0.053631007671356215 0.24422131478786466
v -0.0371028482913971 -0.05351585894823076 0.24876315891742704
v -0.0328381471335888 0.04556861892342568 0.258935272693634
v -0.03435395285487176 0.04554955661296845 0.2554292976856231
v -0.03658152744174004 0.02081457152962685 0.2577883899211883
v -0.035856343805789954 0.04603856056928635 0.2500340342521667
v -0.03915305063128472 0.024784393608570106 0.2470273673534393
v -0.03858178481459618 0.023471659049391753 0.25094577670097346
v 0.03339901566505433 -0.057050768285989775 0.027873227372765538
v 0.0217996146529913 -0.05705078691244127 0.037606272846460335
v 0.03775812685489655 -0.057050768285989775 0.021647769957780835
v 0.0217996146529913 -0.05705078691244127 0.037606272846460335
v 0.03339901566505433 -0.057050768285989775 0.027873227372765538
v 0.028025075793266303 -0.057050772011280074 0.03324716165661811
v -0.02802527509629727 -0.05705080553889276 0.03324714675545692
v -0.04293715208768845 -0.05705081298947336 0.00741898501291871
v 0.0217996146529913 -0.05705078691244127 0.037606272846460335
v 0.03339903056621552 -0.057050768285989775 -0.02817711420357227
v -0.00757103366777301 -0.057050790637731566 -0.04308902844786643
v 0.014911811798810962 -0.05705077573657037 -0.04112201556563377
v 0.0217996146529913 -0.05705078691244127 0.037606272846460335
v -0.00757103366777301 -0.057050790637731566 -0.04308902844786643
v 0.03339903056621552 -0.057050768285989775 -0.02817711420357227
v 0.039335273206233985 0.02632283419370652 0.24348475039005277
v 0.03746039420366288 -0.053514484316110625 0.2448841333389282
v 0.044839628040790565 -0.0035691228695213803 0.06379319727420805
v 0.03746039420366288 -0.053514484316110625 0.2448841333389282
v 0.044941570609807975 -0.0564507693052292 0.0021272425074130292
v 0.044839628040790565 -0.0035691228695213803 0.06379319727420805
v 0.03746039420366288 -0.053514484316110625 0.2448841333389282
v 0.04495961964130402 -0.056998398154974 -0.0003354712680447846
v 0.044941570609807975 -0.0564507693052292 0.0021272425074130292
v 0.03746039420366288 -0.053514484316110625 0.2448841333389282
v 0.03719934821128846 -0.05400081723928453 0.24339485168457028
v 0.044824730604887016 -0.05701967701315881 0.003169368719682097
v 0.04495961964130402 -0.056998398154974 -0.0003354712680447846
v 0.03746039420366288 -0.053514484316110625 0.2448841333389282
v 0.044824730604887016 -0.05701967701315881 0.003169368719682097
v 0.046846203505992896 0.03352372348308564 0.003313103690743446
v 0.039335273206233985 0.02632283419370652 0.24348475039005277
v 0.047001186758279814 0.03179416805505753 0.0008959011756815015
v 0.039335273206233985 0.02632283419370652 0.24348475039005277
v 0.046846203505992896 0.03352372348308564 0.003313103690743446
v 0.04672862961888314 0.034429717808961875 0.003823884297162294
v 0.04495961964130402 -0.056998398154974 -0.0003354712680447846
v 0.04485647380352021 -0.056945774704217925 -0.003586897393688559
v 0.044941570609807975 -0.0564507693052292 -0.0024311244487762447
v 0.04485647380352021 -0.056945774704217925 -0.003586897393688559
v 0.04495961964130402 -0.056998398154974 -0.0003354712680447846
v 0.0445263683795929 -0.05701575055718423 -0.0063180970028042785
v 0.007570890709757807 -0.05705077946186067 -0.043089020997285836
v 0.006689919158816339 -0.05701494216918947 -0.04460631310939788
v 0.014911811798810962 -0.05705077573657037 -0.04112201556563377
v -0.00757103366777301 -0.057050790637731566 -0.04308902844786643
v 0.007570890709757807 -0.05705077946186067 -0.043089020997285836
v 0.014911811798810962 -0.05705077573657037 -0.04112201556563377
v 0.04448042064905167 -0.0564507693052292 -0.0069661145098507396
v 0.04485647380352021 -0.056945774704217925 -0.003586897393688559
v 0.0445263683795929 -0.05701575055718423 -0.0063180970028042785
v 0.04485647380352021 -0.056945774704217925 -0.003586897393688559
v 0.04448042064905167 -0.0564507693052292 -0.0069661145098507396
v 0.04483721777796746 -0.0564507693052292 -0.003968152217566966
v 0.044408459216356284 0.025633946061134345 -0.015524677000939844
v 0.04219821840524674 -0.0564507693052292 -0.01578048430383205
v 0.043890070170164115 0.024274455383419997 -0.016929635778069493
v 0.03651311993598939 0.04621303081512452 0.24522702395915982
v 0.039335273206233985 0.02632283419370652 0.24348475039005277
v 0.04672862961888314 0.034429717808961875 0.003823884297162294
v 0.03651311993598939 0.04621303081512452 0.24522702395915982
v 0.035933535546064384 0.04788726568222047 0.24770320951938626
v 0.0361982323229313 0.04594992101192475 0.24819278717041013
v 0.043242588639259345 0.04969735443592073 0.00536930002272129
v 0.03552098199725152 0.05019487813115121 0.24288389086723325
v 0.043885152786970145 0.04797967150807382 0.005592375062406062
v 0.043242588639259345 0.04969735443592073 0.00536930002272129
v 0.04224643856287003 0.05130047723650934 0.005113472696393727
v 0.03552098199725152 0.05019487813115121 0.24288389086723325
v 0.041660759598016746 0.051803030073642745 0.009189605712890623
v 0.04224643856287003 0.05130047723650934 0.005113472696393727
v 0.04042534530162812 0.05312639474868776 0.008812627755105494
v 0.032863564789295203 0.05366783961653711 0.24068678915500638
v 0.041660759598016746 0.051803030073642745 0.009189605712890623
v 0.04042534530162812 0.05312639474868776 0.008812627755105494
v 0.0343109779059887 0.052119612693786635 0.2404152005910873
v 0.03552098199725152 0.05019487813115121 0.24288389086723325
v 0.04224643856287003 0.05130047723650934 0.005113472696393727
v 0.04224643856287003 0.05130047723650934 0.005113472696393727
v 0.041660759598016746 0.051803030073642745 0.009189605712890623
v 0.0343109779059887 0.052119612693786635 0.2404152005910873
v 0.0343109779059887 0.052119612693786635 0.2404152005910873
v 0.041660759598016746 0.051803030073642745 0.009189605712890623
v 0.032863564789295203 0.05366783961653711 0.24068678915500638
v 0.0376843772828579 0.022132271900773052 0.2545413672924041
v 0.036663021892309196 0.020656296983361248 0.25766310095787043
v 0.03766774386167527 0.018795706331729892 0.25444048643112177
v -0.03616194427013398 -0.05351585522294046 0.2532819211483001
v -0.0371028482913971 -0.05351585894823076 0.24876315891742704
v -0.03663453459739686 -0.05400085821747781 0.24985454976558683
v -0.04495284333825112 -0.05700512602925302 4.21492732129991e-05
v -0.03719968348741532 -0.05400085821747781 0.2433948218822479
v -0.03740110248327256 -0.053631007671356215 0.24422131478786466
v -0.03740110248327256 -0.053631007671356215 0.24422131478786466
v -0.044941741973161704 -0.05645082145929338 0.002127213170751929
v -0.04495284333825112 -0.05700512602925302 4.21492732129991e-05
v -0.03932294994592667 -0.05701471120119096 -0.021938925608992573
v -0.03636270016431809 -0.056999079883098616 -0.026594258844852444
v -0.03417016938328744 -0.057004049420356764 -0.02936061471700668
v -0.03417016938328744 -0.057004049420356764 -0.02936061471700668
v -0.03636270016431809 -0.056999079883098616 -0.026594258844852444
v -0.03501123562455178 -0.05645081400871278 -0.02842149324715137
v -0.03501123562455178 -0.05645081400871278 -0.02842149324715137
v -0.03636270016431809 -0.056999079883098616 -0.026594258844852444
v -0.03558451309800149 -0.05645081400871278 -0.027696372941136357
v -0.03798618540167809 -0.05694689974188806 -0.024253919720649716
v -0.03636270016431809 -0.056999079883098616 -0.026594258844852444
v -0.03932294994592667 -0.05701471120119096 -0.021938925608992573
v -0.0090477392077446 0.0409517027437687 -0.042790532112121575
v -0.009048679843544962 0.03902509063482285 -0.04316003248095512
v -0.013359439559280876 0.04111160710453988 -0.04166169092059135
v -0.009048679843544962 0.03902509063482285 -0.04316003248095512
v -0.0090477392077446 0.0409517027437687 -0.042790532112121575
v -0.004609384108334781 0.04085377976298333 -0.043484665453433984
v -0.04401836171746255 -0.05689724907279016 -0.009483868256211279
v -0.045825202018022544 0.02686790749430657 -0.010593960992991923
v -0.04356298595666886 -0.05645081773400308 -0.011431168764829634
v -0.04665379598736764 0.02932629920542241 -0.0058809295296669
v -0.044573470950126655 -0.05689676851034166 -0.006311170756816863
v -0.044941741973161704 -0.05645082145929338 -0.002431153785437345
v -0.03639428317546845 0.05526263639330865 0.014987399801611899
v -0.037435457110404975 0.05490374192595483 0.012143000960350035
v -0.029085101559758193 0.05581079795956613 0.24087145924568173
v -0.03535343706607819 0.05559836700558664 0.0144595131278038
v -0.03639428317546845 0.05526263639330865 0.014987399801611899
v -0.029085101559758193 0.05581079795956613 0.24087145924568173
v -0.03414259105920792 0.05578532069921495 0.014093695208430288
v -0.03535343706607819 0.05559836700558664 0.0144595131278038
v -0.030928360298275955 0.05647075548768045 0.023200727999210354
v -0.007788677699863912 0.05454282462596895 0.27140471339225763
v -0.012234549038112167 0.05345633625984193 0.2716750502586364
v -0.00815872196108103 0.05342546105384828 0.27302205562591547
v 0.0002611294330563397 0.043798618018627174 0.28000390529632563
v -6.435273826355116e-05 0.011268251575529577 0.28267922997474665
v 0.0015225815586745743 0.009958668611943724 0.28271484374999994
v 0.0002611294330563397 0.043798618018627174 0.28000390529632563
v 0.0015225815586745743 0.009958668611943724 0.28271484374999994
v 0.004004083573818208 0.011204043403267862 0.2824715673923492
v -0.016030933707952503 -0.05354949831962587 0.2772721052169799
v -0.012723164632916454 -0.05400084704160692 0.27835100889205927
v -0.01166449021548033 -0.05355000123381616 0.2790116667747497
v -0.0075710616074502485 -0.057050794363021864 0.042785108089447015
v -0.006459806114435198 -0.05400084331631662 0.28002926707267756
v -0.012723164632916454 -0.05400084704160692 0.27835100889205927
v -0.006459806114435198 -0.05400084331631662 0.28002926707267756
v -0.0075710616074502485 -0.057050794363021864 0.042785108089447015
v -1.7819819220221691e-07 -0.05400083959102632 0.2805944681167602
v -0.006459806114435198 -0.05400084331631662 0.28002926707267756
v -0.01166449021548033 -0.05355000123381616 0.2790116667747497
v -0.012723164632916454 -0.05400084704160692 0.27835100889205927
v -0.006459806114435198 -0.05400084331631662 0.28002926707267756
v -0.00724910292774439 -0.05350279808044435 0.2801781594753265
v -0.01166449021548033 -0.05355000123381616 0.2790116667747497
v 0.014911785721778873 -0.05705077946186067 0.04081809893250465
v 0.0217996146529913 -0.05705078691244127 0.037606272846460335
v 0.020132636651396755 -0.05703911185264589 0.03999143466353416
v 0.014911785721778873 -0.05705077946186067 0.04081809893250465
v 0.007570862770080568 -0.05705078318715097 0.04278511554002761
v 0.0217996146529913 -0.05705078691244127 0.037606272846460335
v -0.0389992967247963 0.023592377081513412 0.24865032732486722
v -0.03915305063128472 0.024784393608570106 0.2470273673534393
v -0.0371028482913971 -0.05351585894823076 0.24876315891742704
v -0.03858178481459618 0.023471659049391753 0.25094577670097346
v -0.03915305063128472 0.024784393608570106 0.2470273673534393
v -0.0389992967247963 0.023592377081513412 0.24865032732486722
v -0.0377626195549965 0.022207900881767276 0.25429978966712946
v -0.03658152744174004 0.02081457152962685 0.2577883899211883
v -0.03435395285487176 0.04554955661296845 0.2554292976856231
v -0.0377626195549965 0.022207900881767276 0.25429978966712946
v -0.03780398145318032 0.021333672106266025 0.25430348515510554
v -0.03658152744174004 0.02081457152962685 0.2577883899211883
v -0.0377626195549965 0.022207900881767276 0.25429978966712946
v -0.03858178481459618 0.023471659049391753 0.25094577670097346
v -0.03780398145318032 0.021333672106266025 0.25430348515510554
v -0.03520385175943375 0.045791726559400565 0.2527723312377929
v -0.035856343805789954 0.04603856056928635 0.2500340342521667
v -0.03858178481459618 0.023471659049391753 0.25094577670097346
v -0.0377626195549965 0.022207900881767276 0.25429978966712946
v -0.03520385175943375 0.045791726559400565 0.2527723312377929
v -0.03858178481459618 0.023471659049391753 0.25094577670097346
v -0.03520385175943375 0.045791726559400565 0.2527723312377929
v -0.0377626195549965 0.022207900881767276 0.25429978966712946
v -0.03435395285487176 0.04554955661296845 0.2554292976856231
v -0.03915305063128472 0.024784393608570106 0.2470273673534393
v -0.03643129393458367 0.04635617509484292 0.24601748585700986
v -0.03934391215443612 0.026043009012937553 0.24346283078193662
v -0.03643129393458367 0.04635617509484292 0.24601748585700986
v -0.0365818776190281 0.04641928896307946 0.24330872297286985
v -0.03934391215443612 0.026043009012937553 0.24346283078193662
v -0.03615504503250123 0.04811955243349077 0.24535140395164487
v -0.0365818776190281 0.04641928896307946 0.24330872297286985
v -0.03643129393458367 0.04635617509484292 0.24601748585700986
v -0.037758313119411475 -0.05705080926418306 0.021647743880748745
v -0.04293715208768845 -0.05705081298947336 0.00741898501291871
v -0.02802527509629727 -0.05705080553889276 0.03324714675545692
v -0.037758313119411475 -0.05705080926418306 0.021647743880748745
v -0.03651560842990876 -0.057044129818677916 0.025989694520831105
v -0.04147452488541604 -0.05704007670283319 0.01707014627754688
v -0.021799817681312565 -0.05705080181360246 0.037606250494718545
v -0.014911977574229244 -0.05705079808831216 0.04081809148192405
v -0.02558072097599507 -0.05703954026103021 0.036759071052074425
v -0.02558072097599507 -0.05703954026103021 0.036759071052074425
v -0.02802527509629727 -0.05705080553889276 0.03324714675545692
v -0.021799817681312565 -0.05705080181360246 0.037606250494718545
v -0.021799817681312565 -0.05705080181360246 0.037606250494718545
v 0.0217996146529913 -0.05705078691244127 0.037606272846460335
v -0.014911977574229244 -0.05705079808831216 0.04081809148192405
v -0.021799817681312565 -0.05705080181360246 0.037606250494718545
v -0.02802527509629727 -0.05705080553889276 0.03324714675545692
v 0.0217996146529913 -0.05705078691244127 0.037606272846460335
v -0.03196739405393601 -0.05704409629106523 0.03137337788939475
v -0.02802527509629727 -0.05705080553889276 0.03324714675545692
v -0.02558072097599507 -0.05703954026103021 0.036759071052074425
v -0.029634682461619384 -0.05694495514035226 -0.034001033753156655
v -0.027359157800674445 -0.0569983907043934 -0.03582997247576713
v -0.031593762338161475 -0.057011339813470854 -0.032126456499099725
v 0.044824730604887016 -0.05701967701315881 0.003169368719682097
v 0.044033214449882514 -0.056998066604137435 0.008931744843721388
v 0.04293697327375413 -0.05705076456069948 0.007419012952595948
v 0.04293697327375413 -0.05705076456069948 0.007419012952595948
v 0.044033214449882514 -0.056998066604137435 0.008931744843721388
v 0.043172638863325126 -0.056998718529939665 0.012363500893115996
v 0.04293697327375413 -0.05705076456069948 0.007419012952595948
v 0.04359934851527215 -0.05705076083540918 -0.00015193331637419758
v 0.044824730604887016 -0.05701967701315881 0.003169368719682097
v 0.04293697327375413 -0.05705076456069948 0.007419012952595948
v 0.03775812685489655 -0.057050768285989775 0.021647769957780835
v 0.0217996146529913 -0.05705078691244127 0.037606272846460335
v 0.04293697327375413 -0.05705076456069948 0.007419012952595948
v 0.04096997901797295 -0.05705076456069948 0.014759948477149008
v 0.03775812685489655 -0.057050768285989775 0.021647769957780835
v 0.04230047762393952 -0.05700406432151796 0.015065270476043223
v 0.04293697327375413 -0.05705076456069948 0.007419012952595948
v 0.043172638863325126 -0.056998718529939665 0.012363500893115996
v 0.04293697327375413 -0.05705076456069948 0.007419012952595948
v 0.04230047762393952 -0.05700406432151796 0.015065270476043223
v 0.04096997901797295 -0.05705076456069948 0.014759948477149008
v 0.021799651905894283 -0.057050772011280074 -0.037910163402557366
v 0.03339903056621552 -0.057050768285989775 -0.02817711420357227
v 0.014911811798810962 -0.05705077573657037 -0.04112201556563377
v 0.035855062305927284 -0.057011410593986525 -0.027249656617641446
v 0.03339903056621552 -0.057050768285989775 -0.02817711420357227
v 0.031488746404647834 -0.057005379348993315 -0.032233845442533486
v 0.039153207093477256 0.024743273854255683 0.2472504675388336
v 0.03746039420366288 -0.053514484316110625 0.2448841333389282
v 0.039335273206233985 0.02632283419370652 0.24348475039005277
v 0.03651311993598939 0.04621303081512452 0.24522702395915982
v 0.039153207093477256 0.024743273854255683 0.2472504675388336
v 0.039335273206233985 0.02632283419370652 0.24348475039005277
v 0.039153207093477256 0.024743273854255683 0.2472504675388336
v 0.03651311993598939 0.04621303081512452 0.24522702395915982
v 0.0361982323229313 0.04594992101192475 0.24819278717041013
v 0.044177684932947166 0.04733248427510263 0.0013214451028034089
v 0.043242588639259345 0.04969735443592073 0.00536930002272129
v 0.043885152786970145 0.04797967150807382 0.005592375062406062
v 0.044177684932947166 0.04733248427510263 0.0013214451028034089
v 0.04645385593175889 0.035395596176385886 0.0065592885948717585
v 0.04672862961888314 0.034429717808961875 0.003823884297162294
v 0.009058245457708837 -0.05645078793168069 -0.04423022642731666
v 0.009305192157626154 -0.05694684386253358 -0.04416630789637565
v 0.006689919158816339 -0.05701494216918947 -0.04460631310939788
v 0.024508191272616393 0.015159194357693199 -0.04026604071259498
v 0.028361098840832717 0.016178507357835773 -0.03762934729456901
v 0.025706658139824874 -0.056450780481100096 -0.03708581253886222
v -0.0034403023310005673 -0.05691339820623399 -0.045014709234237664
v -0.001909899641759694 -0.05645079538226129 -0.04511082544922828
v -0.0002453813212923706 -0.05689556896686555 -0.0451485551893711
v -0.007275044452399017 0.037752624601125724 -0.04359588772058486
v -0.009048679843544962 0.03902509063482285 -0.04316003248095512
v -0.00455597322434187 0.03891676664352418 -0.043856419622898095
v -0.007275044452399017 0.037752624601125724 -0.04359588772058486
v -0.00455597322434187 0.03891676664352418 -0.043856419622898095
v -0.007014622446149589 0.014239872805774215 -0.046499390155076974
v -0.007275044452399017 0.037752624601125724 -0.04359588772058486
v -0.007014622446149589 0.014239872805774215 -0.046499390155076974
v -0.009048679843544962 0.03902509063482285 -0.04316003248095512
v -0.0002453813212923706 -0.05689556896686555 -0.0451485551893711
v -0.001909899641759694 -0.05645079538226129 -0.04511082544922828
v -0.0005606733029708267 0.01297373324632645 -0.04713856801390647
v 0.0027885572053492074 -0.05699318647384645 -0.04502269253134727
v 0.004552443977445365 -0.05645079165697099 -0.044920489192008965
v 0.006689919158816339 -0.05701494216918947 -0.04460631310939788
v 0.005715655628591777 -0.05645079165697099 -0.044786892831325524
v 0.006689919158816339 -0.05701494216918947 -0.04460631310939788
v 0.004552443977445365 -0.05645079165697099 -0.044920489192008965
v 0.005715655628591777 -0.05645079165697099 -0.044786892831325524
v 0.009058245457708837 -0.05645078793168069 -0.04423022642731666
v 0.006689919158816339 -0.05701494216918947 -0.04460631310939788
v 0.006689919158816339 -0.05701494216918947 -0.04460631310939788
v 0.007570890709757807 -0.05705077946186067 -0.043089020997285836
v -0.00164143939036876 -0.05703895539045335 -0.04503130540251731
v -0.00164143939036876 -0.05703895539045335 -0.04503130540251731
v 0.0027885572053492074 -0.05699318647384645 -0.04502269253134727
v 0.006689919158816339 -0.05701494216918947 -0.04460631310939788
v -0.00757103366777301 -0.057050790637731566 -0.04308902844786643
v -0.00164143939036876 -0.05703895539045335 -0.04503130540251731
v -0.0034368808846920737 -0.05704953894019128 -0.04365091770887374
v -0.00164143939036876 -0.05703895539045335 -0.04503130540251731
v -0.0034403023310005673 -0.05691339820623399 -0.045014709234237664
v -0.0002453813212923706 -0.05689556896686555 -0.0451485551893711
v -0.0002453813212923706 -0.05689556896686555 -0.0451485551893711
v 0.0027885572053492074 -0.05699318647384645 -0.04502269253134727
v -0.00164143939036876 -0.05703895539045335 -0.04503130540251731
v -7.079196961967683e-08 -0.05705078318715097 -0.04375138506293296
v -0.00757103366777301 -0.057050790637731566 -0.04308902844786643
v -0.0034368808846920737 -0.05704953894019128 -0.04365091770887374
v -7.079196961967683e-08 -0.05705078318715097 -0.04375138506293296
v 0.007570890709757807 -0.05705077946186067 -0.043089020997285836
v -0.00757103366777301 -0.057050790637731566 -0.04308902844786643
v -7.079196961967683e-08 -0.05705078318715097 -0.04375138506293296
v -0.0034368808846920737 -0.05704953894019128 -0.04365091770887374
v -0.00164143939036876 -0.05703895539045335 -0.04503130540251731
v -7.079196961967683e-08 -0.05705078318715097 -0.04375138506293296
v -0.00164143939036876 -0.05703895539045335 -0.04503130540251731
v 0.007570890709757807 -0.05705077946186067 -0.043089020997285836
v 0.043150071054697044 -0.05701454728841783 -0.01276199985295534
v 0.04219821840524674 -0.0564507693052292 -0.01578048430383205
v 0.044408459216356284 0.025633946061134345 -0.015524677000939844
v 0.04390710592269898 -0.05694586411118509 -0.009953173808753489
v 0.04448042064905167 -0.0564507693052292 -0.0069661145098507396
v 0.0445263683795929 -0.05701575055718423 -0.0063180970028042785
v 0.04390710592269898 -0.05694586411118509 -0.009953173808753489
v 0.0445263683795929 -0.05701575055718423 -0.0063180970028042785
v 0.043150071054697044 -0.05701454728841783 -0.01276199985295534
v 0.04390710592269898 -0.05694586411118509 -0.009953173808753489
v 0.043150071054697044 -0.05701454728841783 -0.01276199985295534
v 0.04354734346270562 -0.0564507693052292 -0.01149080879986286
v 0.03764231875538827 -0.05699626356363298 -0.024737970903515812
v 0.03728236630558968 -0.0564507730305195 -0.02535047940909862
v 0.0381884127855301 -0.0564507730305195 -0.023955017328262326
v 0.03728236630558968 -0.0564507730305195 -0.02535047940909862
v 0.03801822662353516 0.02024040557444096 -0.027792891487479206
v 0.0381884127855301 -0.0564507730305195 -0.023955017328262326
v 0.035855062305927284 -0.057011410593986525 -0.027249656617641446
v 0.03728236630558968 -0.0564507730305195 -0.02535047940909862
v 0.03764231875538827 -0.05699626356363298 -0.024737970903515812
v 0.0386258214712143 0.021155197173357013 -0.026891633868217465
v 0.04058159142732621 0.021708942949771885 -0.023860074579715725
v 0.0381884127855301 -0.0564507730305195 -0.023955017328262326
v 0.0381884127855301 -0.0564507730305195 -0.023955017328262326
v 0.03801822662353516 0.02024040557444096 -0.027792891487479206
v 0.0386258214712143 0.021155197173357013 -0.026891633868217465
v 0.04058159142732621 0.021708942949771885 -0.023860074579715725
v 0.04252129420638085 0.023336397483944896 -0.02019100449979305
v 0.040400605648756034 -0.0564507730305195 -0.019969429820775982
v 0.04100466892123223 -0.0564507730305195 -0.018687246367335316
v 0.043890070170164115 0.024274455383419997 -0.016929635778069493
v 0.04219821840524674 -0.0564507693052292 -0.01578048430383205
v 0.04100466892123223 -0.0564507730305195 -0.018687246367335316
v 0.04252129420638085 0.023336397483944896 -0.02019100449979305
v 0.043890070170164115 0.024274455383419997 -0.016929635778069493
v 0.04186276718974114 0.023336229845881466 -0.021456673741340634
v 0.04252129420638085 0.023336397483944896 -0.02019100449979305
v 0.04058159142732621 0.021708942949771885 -0.023860074579715725
v 0.03627222403883935 0.04817755520343782 0.24273666739463803
v 0.04672862961888314 0.034429717808961875 0.003823884297162294
v 0.04645385593175889 0.035395596176385886 0.0065592885948717585
v 0.03627222403883935 0.04817755520343782 0.24273666739463803
v 0.04645385593175889 0.035395596176385886 0.0065592885948717585
v 0.044177684932947166 0.04733248427510263 0.0013214451028034089
v 0.03627222403883935 0.04817755520343782 0.24273666739463803
v 0.044177684932947166 0.04733248427510263 0.0013214451028034089
v 0.043885152786970145 0.04797967150807382 0.005592375062406062
v 0.03552098199725152 0.05019487813115121 0.24288389086723325
v 0.03627222403883935 0.04817755520343782 0.24273666739463803
v 0.043885152786970145 0.04797967150807382 0.005592375062406062
v 0.04042534530162812 0.05312639474868776 0.008812627755105494
v 0.04224643856287003 0.05130047723650934 0.005113472696393727
v 0.04092922434210778 0.052688404917716994 0.004842896480113267
v 0.036663021892309196 0.020656296983361248 0.25766310095787043
v 0.03210925683379174 0.04524884745478631 0.26037186384201044
v 0.03507459908723832 0.019356867298483852 0.26116096973419184
v 0.03638815134763718 0.017370013520121578 0.25808906555175776
v 0.036663021892309196 0.020656296983361248 0.25766310095787043
v 0.03507459908723832 0.019356867298483852 0.26116096973419184
v 0.036663021892309196 0.020656296983361248 0.25766310095787043
v 0.0376843772828579 0.022132271900773052 0.2545413672924041
v 0.03477247059345246 0.04576660320162774 0.254224419593811
v 0.03552098199725152 0.05019487813115121 0.24288389086723325
v 0.0343109779059887 0.052119612693786635 0.2404152005910873
v 0.03426030650734902 0.05192904174327852 0.2452636212110519
v -0.01166449021548033 -0.05355000123381616 0.2790116667747497
v -0.00724910292774439 -0.05350279808044435 0.2801781594753265
v -0.010033352300524713 0.010562846437096597 0.28143623471260065
v 0.01802899688482285 0.011696266010403635 0.278370976448059
v 0.01567136682569981 0.012537433765828613 0.27941772341728205
v 0.0151508366689086 0.00887411553412676 0.2796092331409454
v 0.01802899688482285 0.011696266010403635 0.278370976448059
v 0.01920547150075436 0.013079258613288406 0.2776740193367004
v 0.01567136682569981 0.012537433765828613 0.27941772341728205
v 0.0151508366689086 0.00887411553412676 0.2796092331409454
v 0.01567136682569981 0.012537433765828613 0.27941772341728205
v 0.013528087176382545 0.011939420364797119 0.280297964811325
v -0.01859993860125542 -0.054000850766897215 0.2756106257438659
v -0.012723164632916454 -0.05400084704160692 0.27835100889205927
v -0.016030933707952503 -0.05354949831962587 0.2772721052169799
v -0.01859993860125542 -0.054000850766897215 0.2756106257438659
v -0.02558072097599507 -0.05703954026103021 0.036759071052074425
v -0.012723164632916454 -0.05400084704160692 0.27835100889205927
v -0.0284966565668583 -0.054000854492187514 0.26730632781982416
v -0.03651560842990876 -0.057044129818677916 0.025989694520831105
v -0.03196739405393601 -0.05704409629106523 0.03137337788939475
v -0.03852878138422967 0.020164584740996364 0.2508401274681091
v -0.03780398145318032 0.021333672106266025 0.25430348515510554
v -0.03858178481459618 0.023471659049391753 0.25094577670097346
v -0.03852878138422967 0.020164584740996364 0.2508401274681091
v -0.03616194427013398 -0.05351585522294046 0.2532819211483001
v -0.03780398145318032 0.021333672106266025 0.25430348515510554
v -0.03616194427013398 -0.05351585522294046 0.2532819211483001
v -0.03852878138422967 0.020164584740996364 0.2508401274681091
v -0.0371028482913971 -0.05351585894823076 0.24876315891742704
v -0.03852878138422967 0.020164584740996364 0.2508401274681091
v -0.0389992967247963 0.023592377081513412 0.24865032732486722
v -0.0371028482913971 -0.05351585894823076 0.24876315891742704
v -0.03858178481459618 0.023471659049391753 0.25094577670097346
v -0.0389992967247963 0.023592377081513412 0.24865032732486722
v -0.03852878138422967 0.020164584740996364 0.2508401274681091
v -0.0448104813694954 -0.05699453502893449 0.0034840248990803953
v -0.03663453459739686 -0.05400085821747781 0.24985454976558683
v -0.03719968348741532 -0.05400085821747781 0.2433948218822479
v -0.04495284333825112 -0.05700512602925302 4.21492732129991e-05
v -0.0448104813694954 -0.05699453502893449 0.0034840248990803953
v -0.03719968348741532 -0.05400085821747781 0.2433948218822479
v -0.044573470950126655 -0.05689676851034166 -0.006311170756816863
v -0.044846799224615104 -0.05700149014592172 -0.0031671384349465366
v -0.044941741973161704 -0.05645082145929338 -0.002431153785437345
v -0.044846799224615104 -0.05700149014592172 -0.0031671384349465366
v -0.04495284333825112 -0.05700512602925302 4.21492732129991e-05
v -0.044941741973161704 -0.05645082145929338 -0.002431153785437345
v -0.04359951987862588 -0.05705081298947336 -0.00015196172171272335
v 0.0217996146529913 -0.05705078691244127 0.037606272846460335
v -0.04293715208768845 -0.05705081298947336 0.00741898501291871
v -0.046982847154140486 0.03086738288402558 -0.0016365126939490435
v -0.044941741973161704 -0.05645082145929338 -0.002431153785437345
v -0.04499949887394906 -0.05645082145929338 -0.00015196217282209543
v -0.04495284333825112 -0.05700512602925302 4.21492732129991e-05
v -0.04499949887394906 -0.05645082145929338 -0.00015196217282209543
v -0.044941741973161704 -0.05645082145929338 -0.002431153785437345
v -0.04499949887394906 -0.05645082145929338 -0.00015196217282209543
v -0.0469803884625435 0.031206438317894943 0.00046973707503639156
v -0.046982847154140486 0.03086738288402558 -0.0016365126939490435
v -0.04499949887394906 -0.05645082145929338 -0.00015196217282209543
v -0.04495284333825112 -0.05700512602925302 4.21492732129991e-05
v -0.044941741973161704 -0.05645082145929338 0.002127213170751929
v -0.04499949887394906 -0.05645082145929338 -0.00015196217282209543
v -0.044941741973161704 -0.05645082145929338 0.002127213170751929
v -0.04496054351329804 -0.000945456500630826 0.061711162328720086
v -0.04496054351329804 -0.000945456500630826 0.061711162328720086
v -0.0469803884625435 0.031206438317894943 0.00046973707503639156
v -0.04499949887394906 -0.05645082145929338 -0.00015196217282209543
v -0.03932294994592667 -0.05701471120119096 -0.021938925608992573
v -0.03417016938328744 -0.057004049420356764 -0.02936061471700668
v -0.03339917585253716 -0.05705080553889276 -0.02817713655531406
v -0.03339917585253716 -0.05705080553889276 -0.02817713655531406
v -0.03417016938328744 -0.057004049420356764 -0.02936061471700668
v -0.031593762338161475 -0.057011339813470854 -0.032126456499099725
v -0.031593762338161475 -0.057011339813470854 -0.032126456499099725
v -0.02802525274455548 -0.05705080181360246 -0.033551067113876336
v -0.03339917585253716 -0.05705080553889276 -0.02817713655531406
v -0.040970142930746085 -0.05705080926418306 -0.015063860453665255
v -0.03775829821825028 -0.05705080553889276 -0.021951679140329357
v -0.03339917585253716 -0.05705080553889276 -0.02817713655531406
v -0.03339917585253716 -0.05705080553889276 -0.02817713655531406
v -0.04359951987862588 -0.05705081298947336 -0.00015196172171272335
v -0.040970142930746085 -0.05705080926418306 -0.015063860453665255
v -0.04359951987862588 -0.05705081298947336 -0.00015196172171272335
v -0.03339917585253716 -0.05705080553889276 -0.02817713655531406
v 0.0217996146529913 -0.05705078691244127 0.037606272846460335
v -0.03339917585253716 -0.05705080553889276 -0.02817713655531406
v -0.00757103366777301 -0.057050790637731566 -0.04308902844786643
v 0.0217996146529913 -0.05705078691244127 0.037606272846460335
v -0.02802525274455548 -0.05705080181360246 -0.033551067113876336
v -0.021799791604280475 -0.05705079808831216 -0.03791017830371856
v -0.03339917585253716 -0.05705080553889276 -0.02817713655531406
v -0.0326153226196766 -0.05645081400871278 -0.03115506842732429
v -0.031593762338161475 -0.057011339813470854 -0.032126456499099725
v -0.03417016938328744 -0.057004049420356764 -0.02936061471700668
v -0.04103152826428414 -0.05689758434891702 -0.018621081486344334
v -0.04040075466036797 -0.05645081773400308 -0.01996945589780807
v -0.03932294994592667 -0.05701471120119096 -0.021938925608992573
v -0.04147290438413621 -0.0570400543510914 -0.0173816867172718
v -0.04103152826428414 -0.05689758434891702 -0.018621081486344334
v -0.03932294994592667 -0.05701471120119096 -0.021938925608992573
v -0.04147290438413621 -0.0570400543510914 -0.0173816867172718
v -0.04224521294236184 -0.056895203888416304 -0.015647532418370243
v -0.04103152826428414 -0.05689758434891702 -0.018621081486344334
v -0.04147290438413621 -0.0570400543510914 -0.0173816867172718
v -0.03775829821825028 -0.05705080553889276 -0.021951679140329357
v -0.040970142930746085 -0.05705080926418306 -0.015063860453665255
v -0.03339917585253716 -0.05705080553889276 -0.02817713655531406
v -0.04147290438413621 -0.0570400543510914 -0.0173816867172718
v -0.03932294994592667 -0.05701471120119096 -0.021938925608992573
v -0.04147290438413621 -0.0570400543510914 -0.0173816867172718
v -0.03339917585253716 -0.05705080553889276 -0.02817713655531406
v -0.03775829821825028 -0.05705080553889276 -0.021951679140329357
v -0.044352225959301 -0.05645082145929338 -0.0077569051645696155
v -0.04401836171746255 -0.05689724907279016 -0.009483868256211279
v -0.044573470950126655 -0.05689676851034166 -0.006311170756816863
v -0.045825202018022544 0.02686790749430657 -0.010593960992991923
v -0.04401836171746255 -0.05689724907279016 -0.009483868256211279
v -0.044352225959301 -0.05645082145929338 -0.0077569051645696155
v -0.04690226167440416 0.029829116538167007 -0.0029195533134043212
v -0.044941741973161704 -0.05645082145929338 -0.002431153785437345
v -0.046982847154140486 0.03086738288402558 -0.0016365126939490435
v -0.046982847154140486 0.03086738288402558 -0.0016365126939490435
v -0.04665379598736764 0.02932629920542241 -0.0058809295296669
v -0.04690226167440416 0.029829116538167007 -0.0029195533134043212
v -0.04690226167440416 0.029829116538167007 -0.0029195533134043212
v -0.04665379598736764 0.02932629920542241 -0.0058809295296669
v -0.044941741973161704 -0.05645082145929338 -0.002431153785437345
v -0.01064744219183922 0.014641717076301578 -0.04579206928610801
v -0.007014622446149589 0.014239872805774215 -0.046499390155076974
v -0.00806807540357113 0.012803420424461368 -0.0464576706290245
v -0.009048679843544962 0.03902509063482285 -0.04316003248095512
v -0.007014622446149589 0.014239872805774215 -0.046499390155076974
v -0.01064744219183922 0.014641717076301578 -0.04579206928610801
v -0.014288036152720455 0.01254650112241507 -0.044885322451591485
v -0.013471239246428016 -0.05645080283284189 -0.043087664991617196
v -0.01594137772917748 -0.05689736828207971 -0.0422300063073635
v -0.009048679843544962 0.03902509063482285 -0.04316003248095512
v -0.01064744219183922 0.014641717076301578 -0.04579206928610801
v -0.010846206918358805 0.03784826397895814 -0.042857427150011056
v -0.017745854333043102 -0.05645080283284189 -0.041504532098770135
v -0.01594137772917748 -0.05689736828207971 -0.0422300063073635
v -0.018915001302957538 -0.05689729750156404 -0.040979970246553414
v -0.004609384108334781 0.04085377976298333 -0.043484665453433984
v -0.0090477392077446 0.0409517027437687 -0.042790532112121575
v -0.008652613498270513 0.04352157562971116 -0.0419129729270935
v -0.012191420421004299 0.057871397584676756 0.03757934644818305
v -0.025588143616914756 0.057082451879978194 0.028569590300321576
v -0.0196779128164053 0.05752144753932954 0.03446248918771743
v -0.03414259105920792 0.05578532069921495 0.014093695208430288
v -0.030928360298275955 0.05647075548768045 0.023200727999210354
v -0.03028202429413796 0.05654690042138101 0.022774765267968174
v -0.03028202429413796 0.05654690042138101 0.022774765267968174
v -0.025588143616914756 0.057082451879978194 0.028569590300321576
v -0.03414259105920792 0.05578532069921495 0.014093695208430288
v -0.027637016028165824 0.05685920640826227 0.02791907079517841
v -0.03028202429413796 0.05654690042138101 0.022774765267968174
v -0.030928360298275955 0.05647075548768045 0.023200727999210354
v -0.027637016028165824 0.05685920640826227 0.02791907079517841
v -0.025588143616914756 0.057082451879978194 0.028569590300321576
v -0.03028202429413796 0.05654690042138101 0.022774765267968174
v -0.025483410805463798 0.056331887841224684 0.24569848179817197
v -0.0196779128164053 0.05752144753932954 0.03446248918771743
v -0.025588143616914756 0.057082451879978194 0.028569590300321576
v -0.025483410805463798 0.056331887841224684 0.24569848179817197
v -0.012191420421004299 0.057871397584676756 0.03757934644818305
v -0.0196779128164053 0.05752144753932954 0.03446248918771743
v -0.012191420421004299 0.057871397584676756 0.03757934644818305
v -0.025483410805463798 0.056331887841224684 0.24569848179817197
v -0.00275245332159102 0.05804757401347162 0.03960560262203216
v 0.004848087206482888 0.05802690237760545 0.03936821594834327
v -0.012191420421004299 0.057871397584676756 0.03757934644818305
v -0.00275245332159102 0.05804757401347162 0.03960560262203216
v 0.01933481171727181 0.05754451081156732 0.03383434563875198
v -0.012191420421004299 0.057871397584676756 0.03757934644818305
v 0.004848087206482888 0.05802690237760545 0.03936821594834327
v -0.009469219483435156 0.04551205039024354 0.2778970003128051
v -0.007089139427989723 0.0441480614244938 0.2786923944950103
v -0.006981165148317816 0.046128802001476295 0.27832171320915217
v -0.037435457110404975 0.05490374192595483 0.012143000960350035
v -0.031017977744340904 0.05496855452656747 0.24072366952896115
v -0.029085101559758193 0.05581079795956613 0.24087145924568173
v -0.02800188027322293 0.055773489177227034 0.24872796237468717
v -0.030039502307772643 0.054870240390300765 0.24913895130157468
v -0.028211416676640517 0.05508797615766527 0.2529397010803222
v -0.004803355783224107 0.05454747006297113 0.2719994187355041
v -0.007788677699863912 0.05454282462596895 0.27140471339225763
v -0.00815872196108103 0.05342546105384828 0.27302205562591547
v -0.011604830622673036 0.054603550583124175 0.27008756995201105
v -0.015283699147403244 0.05462857335805894 0.268322080373764
v -0.012234549038112167 0.05345633625984193 0.2716750502586364
v -0.012234549038112167 0.05345633625984193 0.2716750502586364
v -0.007788677699863912 0.05454282462596895 0.27140471339225763
v -0.011604830622673036 0.054603550583124175 0.27008756995201105
v -0.007089139427989723 0.0441480614244938 0.2786923944950103
v -0.00023346261878032243 0.04564281180500985 0.27969285845756525
v -0.006981165148317816 0.046128802001476295 0.27832171320915217
v -0.0027106681372970347 -0.05354953929781915 0.2807753384113311
v -0.006459806114435198 -0.05400084331631662 0.28002926707267756
v -1.7819819220221691e-07 -0.05400083959102632 0.2805944681167602
v -0.00724910292774439 -0.05350279808044435 0.2801781594753265
v -0.006459806114435198 -0.05400084331631662 0.28002926707267756
v -0.0027106681372970347 -0.05354953929781915 0.2807753384113311
v -0.015568595379590992 0.01122433226555586 0.2795330882072448
v -0.016030933707952503 -0.05354949831962587 0.2772721052169799
v -0.01166449021548033 -0.05355000123381616 0.2790116667747497
v -0.015568595379590992 0.01122433226555586 0.2795330882072448
v -0.01888150162994862 0.00954281445592642 0.27779808640480036
v -0.016030933707952503 -0.05354949831962587 0.2772721052169799
v -0.027154564857482917 -0.05351626127958299 0.26924160122871393
v -0.028883876278996475 0.014953495003283027 0.27008631825447077
v -0.030133305117487914 -0.053519785404205336 0.26569303870201105
v -0.0284966565668583 -0.054000854492187514 0.26730632781982416
v -0.027154564857482917 -0.05351626127958299 0.26924160122871393
v -0.030133305117487914 -0.053519785404205336 0.26569303870201105
v -0.03057007677853108 0.01342391781508923 0.2680027484893798
v -0.0310655813664198 0.016959974542260173 0.2674815952777862
v -0.030133305117487914 -0.053519785404205336 0.26569303870201105
v -0.028883876278996475 0.014953495003283027 0.27008631825447077
v -0.03057007677853108 0.01342391781508923 0.2680027484893798
v -0.030133305117487914 -0.053519785404205336 0.26569303870201105
v -0.025492386892437942 0.013699065893888477 0.2733697295188903
v -0.02377062104642392 -0.053553961217403426 0.27236425876617426
v -0.022430470213294033 0.010419564321637155 0.2756049036979675
v -0.025492386892437942 0.013699065893888477 0.2733697295188903
v -0.027154564857482917 -0.05351626127958299 0.26924160122871393
v -0.02377062104642392 -0.053553961217403426 0.27236425876617426
v -0.005583479069173337 0.05311892926692964 0.2739554345607757
v -0.004803355783224107 0.05454747006297113 0.2719994187355041
v -0.00815872196108103 0.05342546105384828 0.27302205562591547
v -0.004803355783224107 0.05454747006297113 0.2719994187355041
v -0.005583479069173337 0.05311892926692964 0.2739554345607757
v 0.00036337121855467563 0.05121533200144769 0.27683007717132563
v -0.00815872196108103 0.05342546105384828 0.27302205562591547
v -0.008587926626205446 0.05202675610780717 0.27452957630157465
v -0.005583479069173337 0.05311892926692964 0.2739554345607757
v -0.005583479069173337 0.05311892926692964 0.2739554345607757
v -0.008587926626205446 0.05202675610780717 0.27452957630157465
v -0.005900254007428886 0.05144082009792329 0.2756164968013763
v -0.033842887729406364 0.05242945626378061 0.2451916933059692
v -0.03267088159918786 0.053634930402040495 0.24499660730361936
v -0.032790850847959525 0.05372928455471994 0.2404842525720596
v -0.031017977744340904 0.05496855452656747 0.24072366952896115
v -0.032790850847959525 0.05372928455471994 0.2404842525720596
v -0.03267088159918786 0.053634930402040495 0.24499660730361936
v 0.007309884764254095 0.011625454761087896 0.2819706499576568
v 0.0002611294330563397 0.043798618018627174 0.28000390529632563
v 0.004004083573818208 0.011204043403267862 0.2824715673923492
v 0.007275059819221498 0.010183109901845457 0.2820609509944915
v 0.007309884764254095 0.011625454761087896 0.2819706499576568
v 0.004004083573818208 0.011204043403267862 0.2824715673923492
v 0.007932440377771856 0.007954373955726625 0.28182834386825556
v 0.01167593151330948 0.008363623172044756 0.2808746993541717
v 0.007275059819221498 0.010183109901845457 0.2820609509944915
v 0.004030065145343543 0.00770426355302334 0.28242710232734675
v 0.004004083573818208 0.011204043403267862 0.2824715673923492
v 0.0015225815586745743 0.009958668611943724 0.28271484374999994
v 0.004030065145343543 0.00770426355302334 0.28242710232734675
v 0.007275059819221498 0.010183109901845457 0.2820609509944915
v 0.004004083573818208 0.011204043403267862 0.2824715673923492
v -0.029490139335393913 0.04703522846102716 0.26383146643638605
v -0.030864851549267776 0.04715881496667863 0.2617634236812591
v -0.029913522303104408 0.04494875669479371 0.26391017436981196
v -0.03140547871589661 0.0452646166086197 0.26159328222274775
v -0.029913522303104408 0.04494875669479371 0.26391017436981196
v -0.030864851549267776 0.04715881496667863 0.2617634236812591
v -0.03615504503250123 0.04811955243349077 0.24535140395164487
v -0.03643129393458367 0.04635617509484292 0.24601748585700986
v -0.03589142858982087 0.04797605797648431 0.24782246351242063
v -0.03589142858982087 0.04797605797648431 0.24782246351242063
v -0.03561073541641236 0.04961418733000757 0.2453203052282333
v -0.03615504503250123 0.04811955243349077 0.24535140395164487
v -0.03915305063128472 0.024784393608570106 0.2470273673534393
v -0.035856343805789954 0.04603856056928635 0.2500340342521667
v -0.036231856793165214 0.04626502096652985 0.24770246446132657
v -0.036231856793165214 0.04626502096652985 0.24770246446132657
v -0.03643129393458367 0.04635617509484292 0.24601748585700986
v -0.03915305063128472 0.024784393608570106 0.2470273673534393
v -0.03589142858982087 0.04797605797648431 0.24782246351242063
v -0.036231856793165214 0.04626502096652985 0.24770246446132657
v -0.035856343805789954 0.04603856056928635 0.2500340342521667
v -0.036231856793165214 0.04626502096652985 0.24770246446132657
v -0.03589142858982087 0.04797605797648431 0.24782246351242063
v -0.03643129393458367 0.04635617509484292 0.24601748585700986
v -0.017638893797993663 -0.05703440681099893 -0.04147177934646606
v -0.00164143939036876 -0.05703895539045335 -0.04503130540251731
v -0.00757103366777301 -0.057050790637731566 -0.04308902844786643
v -0.017638893797993663 -0.05703440681099893 -0.04147177934646606
v -0.018915001302957538 -0.05689729750156404 -0.040979970246553414
v -0.01594137772917748 -0.05689736828207971 -0.0422300063073635
v -0.033399190753698356 -0.05705080553889276 0.027873205021023747
v -0.03651560842990876 -0.057044129818677916 0.025989694520831105
v -0.037758313119411475 -0.05705080926418306 0.021647743880748745
v -0.033399190753698356 -0.05705080553889276 0.027873205021023747
v -0.037758313119411475 -0.05705080926418306 0.021647743880748745
v -0.02802527509629727 -0.05705080553889276 0.03324714675545692
v -0.033399190753698356 -0.05705080553889276 0.027873205021023747
v -0.03196739405393601 -0.05704409629106523 0.03137337788939475
v -0.03651560842990876 -0.057044129818677916 0.025989694520831105
v -0.033399190753698356 -0.05705080553889276 0.027873205021023747
v -0.02802527509629727 -0.05705080553889276 0.03324714675545692
v -0.03196739405393601 -0.05704409629106523 0.03137337788939475
v -0.04097015038132668 -0.05705080926418306 0.014759922400116919
v -0.04147452488541604 -0.05704007670283319 0.01707014627754688
v -0.04293715208768845 -0.05705081298947336 0.00741898501291871
v -0.037758313119411475 -0.05705080926418306 0.021647743880748745
v -0.04097015038132668 -0.05705080926418306 0.014759922400116919
v -0.04293715208768845 -0.05705081298947336 0.00741898501291871
v -0.04097015038132668 -0.05705080926418306 0.014759922400116919
v -0.037758313119411475 -0.05705080926418306 0.021647743880748745
v -0.04147452488541604 -0.05704007670283319 0.01707014627754688
v -0.02905069664120675 0.01664241030812264 -0.03711071610450744
v -0.027359157800674445 -0.0569983907043934 -0.03582997247576713
v -0.029311455786228187 -0.056450810283422484 -0.03429564088582992
v -0.029311455786228187 -0.056450810283422484 -0.03429564088582992
v -0.027359157800674445 -0.0569983907043934 -0.03582997247576713
v -0.029634682461619384 -0.05694495514035226 -0.034001033753156655
v -0.02973005175590516 -0.056450810283422484 -0.03393177688121795
v -0.029634682461619384 -0.05694495514035226 -0.034001033753156655
v -0.031593762338161475 -0.057011339813470854 -0.032126456499099725
v 0.04359934851527215 -0.05705076083540918 -0.00015193331637419758
v 0.04293697327375413 -0.05705076456069948 0.007419012952595948
v 0.042936980724334724 -0.05705076083540918 -0.007722895126789807
v 0.0445263683795929 -0.05701575055718423 -0.0063180970028042785
v 0.04359934851527215 -0.05705076083540918 -0.00015193331637419758
v 0.042936980724334724 -0.05705076083540918 -0.007722895126789807
v 0.042936980724334724 -0.05705076083540918 -0.007722895126789807
v 0.043150071054697044 -0.05701454728841783 -0.01276199985295534
v 0.0445263683795929 -0.05701575055718423 -0.0063180970028042785
v 0.03828788176178933 0.02193868532776833 0.2524316310882568
v 0.0376843772828579 0.022132271900773052 0.2545413672924041
v 0.03766774386167527 0.018795706331729892 0.25444048643112177
v 0.04448042064905167 -0.0564507693052292 -0.0069661145098507396
v 0.04647447913885117 0.028505876660346992 -0.007212295662611722
v 0.04483721777796746 -0.0564507693052292 -0.003968152217566966
v 0.04647447913885117 0.028505876660346992 -0.007212295662611722
v 0.04448042064905167 -0.0564507693052292 -0.0069661145098507396
v 0.04390710592269898 -0.05694586411118509 -0.009953173808753489
v 0.04609345272183419 0.029053589329123504 -0.008960855193436144
v 0.04524089768528939 0.027676589787006385 -0.012582880444824694
v 0.042936496436595924 0.043642487376928336 -0.011303255334496496
v 0.04444239661097527 0.04596890881657601 0.0014022861141711471
v 0.044177684932947166 0.04733248427510263 0.0013214451028034089
v 0.04672862961888314 0.034429717808961875 0.003823884297162294
v 0.04092922434210778 0.052688404917716994 0.004842896480113267
v 0.03895524889230729 0.05415804684162141 0.008421391248703001
v 0.04042534530162812 0.05312639474868776 0.008812627755105494
v 0.027909375727176673 0.05604924261569978 0.24462293088436124
v 0.030152708292007453 0.05540147796273233 0.24071979522705075
v 0.02827293425798417 0.05603674426674844 0.23884372413158414
v 0.02827293425798417 0.05603674426674844 0.23884372413158414
v 0.026498999446630485 0.056303668767213835 0.24242280423641202
v 0.027909375727176673 0.05604924261569978 0.24462293088436124
v 0.02992950007319451 0.055367916822433486 0.24486023187637326
v 0.030152708292007453 0.05540147796273233 0.24071979522705075
v 0.027909375727176673 0.05604924261569978 0.24462293088436124
v 0.033868633210659034 -0.05699415132403375 -0.029717141762375828
v 0.035855062305927284 -0.057011410593986525 -0.027249656617641446
v 0.031488746404647834 -0.057005379348993315 -0.032233845442533486
v 0.021838231012225155 -0.056450780481100096 -0.039497032761573785
v 0.022664699703454975 0.014381857588887218 -0.04130410403013229
v 0.024508191272616393 0.015159194357693199 -0.04026604071259498
v 0.009305192157626154 -0.05694684386253358 -0.04416630789637565
v 0.008941907435655596 0.012382687069475654 -0.04627526551485061
v 0.011573580093681814 0.012967537157237533 -0.04571228846907615
v 0.008941907435655596 0.012382687069475654 -0.04627526551485061
v 0.009305192157626154 -0.05694684386253358 -0.04416630789637565
v 0.009058245457708837 -0.05645078793168069 -0.04423022642731666
v 0.018904842436313633 -0.05701928958296777 -0.040928889065980904
v 0.021799651905894283 -0.057050772011280074 -0.037910163402557366
v 0.014911811798810962 -0.05705077573657037 -0.04112201556563377
v 0.014911811798810962 -0.05705077573657037 -0.04112201556563377
v 0.006689919158816339 -0.05701494216918947 -0.04460631310939788
v 0.018904842436313633 -0.05701928958296777 -0.040928889065980904
v -0.00011888168228324505 0.040820948779582984 -0.04372750595211982
v 0.00013673158537130806 0.03856879100203515 -0.04413339868187904
v -0.00455597322434187 0.03891676664352418 -0.043856419622898095
v -0.00455597322434187 0.03891676664352418 -0.043856419622898095
v -0.004609384108334781 0.04085377976298333 -0.043484665453433984
v -0.00011888168228324505 0.040820948779582984 -0.04372750595211982
v 0.036174014210700996 0.018858388066291813 -0.030118089169263836
v 0.033868633210659034 -0.05699415132403375 -0.029717141762375828
v 0.0349484570324421 0.01887506060302258 -0.03157692775130271
v 0.028361098840832717 0.016178507357835773 -0.03762934729456901
v 0.03160085156559945 0.017346866428852085 -0.03496412187814712
v 0.029311310499906547 -0.0564507767558098 -0.03429561853408813
v 0.029311310499906547 -0.0564507767558098 -0.03429561853408813
v 0.03160085156559945 0.017346866428852085 -0.03496412187814712
v 0.031488746404647834 -0.057005379348993315 -0.032233845442533486
v 0.031488746404647834 -0.057005379348993315 -0.032233845442533486
v 0.029251158237457282 -0.05700241029262544 -0.03427833691239356
v 0.029311310499906547 -0.0564507767558098 -0.03429561853408813
v 0.028025098145008094 -0.057050768285989775 -0.03355105221271514
v 0.03339903056621552 -0.057050768285989775 -0.02817711420357227
v 0.021799651905894283 -0.057050772011280074 -0.037910163402557366
v 0.031488746404647834 -0.057005379348993315 -0.032233845442533486
v 0.03339903056621552 -0.057050768285989775 -0.02817711420357227
v 0.028025098145008094 -0.057050768285989775 -0.03355105221271514
v 0.028025098145008094 -0.057050768285989775 -0.03355105221271514
v 0.029251158237457282 -0.05700241029262544 -0.03427833691239356
v 0.031488746404647834 -0.057005379348993315 -0.032233845442533486
v 0.023880463093519218 -0.056998111307621016 -0.03824613988399505
v 0.021838231012225155 -0.056450780481100096 -0.039497032761573785
v 0.024508191272616393 0.015159194357693199 -0.04026604071259498
v 0.024508191272616393 0.015159194357693199 -0.04026604071259498
v 0.025706658139824874 -0.056450780481100096 -0.03708581253886222
v 0.023880463093519218 -0.056998111307621016 -0.03824613988399505
v -0.00806807540357113 0.012803420424461368 -0.0464576706290245
v -0.007014622446149589 0.014239872805774215 -0.046499390155076974
v -0.0037025490310043105 0.012621864676475528 -0.047010388225316994
v -0.0037025490310043105 0.012621864676475528 -0.047010388225316994
v -0.006417116150259973 0.011855667456984523 -0.04666874557733535
v -0.00806807540357113 0.012803420424461368 -0.0464576706290245
v -0.0037025490310043105 0.012621864676475528 -0.047010388225316994
v -0.0034403023310005673 -0.05691339820623399 -0.045014709234237664
v -0.004552585538476706 -0.05645079538226129 -0.044920489192008965
v -0.001909899641759694 -0.05645079538226129 -0.04511082544922828
v -0.0034403023310005673 -0.05691339820623399 -0.045014709234237664
v -0.0037025490310043105 0.012621864676475528 -0.047010388225316994
v -0.0037025490310043105 0.012621864676475528 -0.047010388225316994
v -0.0005606733029708267 0.01297373324632645 -0.04713856801390647
v -0.001909899641759694 -0.05645079538226129 -0.04511082544922828
v -0.004552585538476706 -0.05645079538226129 -0.044920489192008965
v -0.006417116150259973 0.011855667456984523 -0.04666874557733535
v -0.0037025490310043105 0.012621864676475528 -0.047010388225316994
v 7.94342558947392e-05 0.014452692121267322 -0.046964608132839196
v 0.00013673158537130806 0.03856879100203515 -0.04413339868187904
v 0.003758866339921952 0.014381538145244125 -0.046847384423017495
v 7.94342558947392e-05 0.014452692121267322 -0.046964608132839196
v -0.0005606733029708267 0.01297373324632645 -0.04713856801390647
v 0.00013673158537130806 0.03856879100203515 -0.04413339868187904
v -0.0005606733029708267 0.01297373324632645 -0.04713856801390647
v 0.0008291474077850582 0.012173214927315715 -0.04714932292699813
v -0.0002453813212923706 -0.05689556896686555 -0.0451485551893711
v 0.0008291474077850582 0.012173214927315715 -0.04714932292699813
v 0.0027885572053492074 -0.05699318647384645 -0.04502269253134727
v -0.0002453813212923706 -0.05689556896686555 -0.0451485551893711
v 0.013986010104417804 0.013864850625395778 -0.044995184987783425
v 0.014542103745043281 0.015250832773745063 -0.044683013111352914
v 0.015908559784293178 0.013496722094714645 -0.04438334703445434
v 0.014234119094908241 0.012538039125502113 -0.04490228369832038
v 0.013986010104417804 0.013864850625395778 -0.044995184987783425
v 0.015908559784293178 0.013496722094714645 -0.04438334703445434
v 0.013986010104417804 0.013864850625395778 -0.044995184987783425
v 0.014234119094908241 0.012538039125502113 -0.04490228369832038
v 0.011573580093681814 0.012967537157237533 -0.04571228846907615
v 0.010966358706355097 0.014775139279663566 -0.04571441933512687
v 0.013986010104417804 0.013864850625395778 -0.044995184987783425
v 0.011573580093681814 0.012967537157237533 -0.04571228846907615
v 0.014542103745043281 0.015250832773745063 -0.044683013111352914
v 0.013986010104417804 0.013864850625395778 -0.044995184987783425
v 0.010966358706355097 0.014775139279663566 -0.04571441933512687
v 0.0450146533548832 0.025529963895678527 -0.013602257706224917
v 0.043150071054697044 -0.05701454728841783 -0.01276199985295534
v 0.044408459216356284 0.025633946061134345 -0.015524677000939844
v 0.043150071054697044 -0.05701454728841783 -0.01276199985295534
v 0.0450146533548832 0.025529963895678527 -0.013602257706224917
v 0.04354734346270562 -0.0564507693052292 -0.01149080879986286
v 0.03339903056621552 -0.057050768285989775 -0.02817711420357227
v 0.035855062305927284 -0.057011410593986525 -0.027249656617641446
v 0.037758141756057746 -0.05705076456069948 -0.021951653063297268
v 0.04356282204389573 -0.0564507693052292 -0.011431140825152395
v 0.04390710592269898 -0.05694586411118509 -0.009953173808753489
v 0.04354734346270562 -0.0564507693052292 -0.01149080879986286
v 0.040400121361017234 0.04691195115447046 -0.015411306172609327
v 0.04177828878164292 0.04744169488549234 -0.011384555138647555
v 0.04119179397821427 0.04483707994222642 -0.015536149963736532
v 0.04255680367350579 0.04543593525886536 -0.011425642296671866
v 0.04119179397821427 0.04483707994222642 -0.015536149963736532
v 0.04177828878164292 0.04744169488549234 -0.011384555138647555
v 0.040818501263856895 -0.05694648995995523 -0.019065031781792637
v 0.040400605648756034 -0.0564507730305195 -0.019969429820775982
v 0.04252129420638085 0.023336397483944896 -0.02019100449979305
v 0.04100466892123223 -0.0564507730305195 -0.018687246367335316
v 0.040818501263856895 -0.05694648995995523 -0.019065031781792637
v 0.04252129420638085 0.023336397483944896 -0.02019100449979305
v 0.04252129420638085 0.023336397483944896 -0.02019100449979305
v 0.04186276718974114 0.023336229845881466 -0.021456673741340634
v 0.042891539633274085 0.025146879255771644 -0.01916001364588737
v 0.044408459216356284 0.025633946061134345 -0.015524677000939844
v 0.043890070170164115 0.024274455383419997 -0.016929635778069493
v 0.042891539633274085 0.025146879255771644 -0.01916001364588737
v 0.043890070170164115 0.024274455383419997 -0.016929635778069493
v 0.04252129420638085 0.023336397483944896 -0.02019100449979305
v 0.042891539633274085 0.025146879255771644 -0.01916001364588737
v 0.03657637163996697 0.04658144339919091 0.24177432060241696
v 0.03651311993598939 0.04621303081512452 0.24522702395915982
v 0.04672862961888314 0.034429717808961875 0.003823884297162294
v 0.03657637163996697 0.04658144339919091 0.24177432060241696
v 0.04672862961888314 0.034429717808961875 0.003823884297162294
v 0.03627222403883935 0.04817755520343782 0.24273666739463803
v 0.03657637163996697 0.04658144339919091 0.24177432060241696
v 0.03627222403883935 0.04817755520343782 0.24273666739463803
v 0.03651311993598939 0.04621303081512452 0.24522702395915982
v 0.03651311993598939 0.04621303081512452 0.24522702395915982
v 0.036188185214996345 0.04803210496902467 0.24523302912712094
v 0.035933535546064384 0.04788726568222047 0.24770320951938626
v 0.036188185214996345 0.04803210496902467 0.24523302912712094
v 0.03651311993598939 0.04621303081512452 0.24522702395915982
v 0.03627222403883935 0.04817755520343782 0.24273666739463803
v 0.036188185214996345 0.04803210496902467 0.24523302912712094
v 0.03627222403883935 0.04817755520343782 0.24273666739463803
v 0.03552098199725152 0.05019487813115121 0.24288389086723325
v 0.03037888184189797 0.048726495355367674 0.2614746987819671
v 0.03217794746160508 0.04719070345163347 0.25950503349304194
v 0.031266521662473686 0.04935586452484132 0.25949192047119135
v 0.03492203727364541 0.04760146886110307 0.2525612115859985
v 0.0341651700437069 0.047461468726396575 0.2549431920051574
v 0.03477247059345246 0.04576660320162774 0.254224419593811
v 0.03339683637022973 0.0452733300626278 0.2578004598617553
v 0.03210925683379174 0.04524884745478631 0.26037186384201044
v 0.036663021892309196 0.020656296983361248 0.25766310095787043
v 0.03477247059345246 0.04576660320162774 0.254224419593811
v 0.03339683637022973 0.0452733300626278 0.2578004598617553
v 0.036663021892309196 0.020656296983361248 0.25766310095787043
v 0.03217794746160508 0.04719070345163347 0.25950503349304194
v 0.03210925683379174 0.04524884745478631 0.26037186384201044
v 0.03339683637022973 0.0452733300626278 0.2578004598617553
v 0.03218751028180123 0.05166413635015489 0.25429549813270563
v 0.03061866573989392 0.053381081670522704 0.25387862324714655
v 0.029538422822952277 0.05241973325610162 0.2582657635211944
v 0.03314029425382615 0.053175207227468504 0.2451406270265579
v 0.0343109779059887 0.052119612693786635 0.2404152005910873
v 0.032863564789295203 0.05366783961653711 0.24068678915500638
v 0.03314029425382615 0.053175207227468504 0.2451406270265579
v 0.03426030650734902 0.05192904174327852 0.2452636212110519
v 0.0343109779059887 0.052119612693786635 0.2404152005910873
v 0.020110975950956348 0.05564403906464578 0.2620620131492614
v 0.022736344486474994 0.05565438419580461 0.25925815105438227
v 0.019324775785207752 0.05623670667409898 0.25946500897407526
v 0.031266521662473686 0.04935586452484132 0.25949192047119135
v 0.030558750033378608 0.05096201598644258 0.25881424546241755
v 0.028040261939167983 0.05081240460276605 0.26280626654624933
v 0.030558750033378608 0.05096201598644258 0.25881424546241755
v 0.03218751028180123 0.05166413635015489 0.25429549813270563
v 0.029538422822952277 0.05241973325610162 0.2582657635211944
v 0.022961154580116275 0.012904442846775058 0.27535042166709894
v 0.01920547150075436 0.013079258613288406 0.2776740193367004
v 0.01802899688482285 0.011696266010403635 0.278370976448059
v 0.022961154580116275 0.012904442846775058 0.27535042166709894
v 0.01802899688482285 0.011696266010403635 0.278370976448059
v 0.022214177995920185 0.010372283868491651 0.27575317025184626
v 0.0151508366689086 0.00887411553412676 0.2796092331409454
v 0.013528087176382545 0.011939420364797119 0.280297964811325
v 0.012684666551649574 0.010789731517434122 0.28063020110130305
v 0.032291043549776084 -0.053516227751970305 0.26243928074836725
v 0.033193007111549384 0.018123729154467586 0.26446360349655146
v 0.03199279680848122 0.017352510243654255 0.2662429511547088
v 0.022214177995920185 0.010372283868491651 0.27575317025184626
v 0.01802899688482285 0.011696266010403635 0.278370976448059
v 0.019433617591857914 -0.0534997656941414 0.27545750141143793
v 0.019433617591857914 -0.0534997656941414 0.27545750141143793
v 0.022961154580116275 0.012904442846775058 0.27535042166709894
v 0.022214177995920185 0.010372283868491651 0.27575317025184626
v 0.019433617591857914 -0.0534997656941414 0.27545750141143793
v 0.023230778053402904 -0.05351622402668001 0.2728182673454284
v 0.022961154580116275 0.012904442846775058 0.27535042166709894
v -0.02006310969591141 -0.05351580679416658 0.27506363391876215
v -0.01859993860125542 -0.054000850766897215 0.2756106257438659
v -0.016030933707952503 -0.05354949831962587 0.2772721052169799
v -0.02377062104642392 -0.053553961217403426 0.27236425876617426
v -0.02006310969591141 -0.05351580679416658 0.27506363391876215
v -0.022430470213294033 0.010419564321637155 0.2756049036979675
v -0.01888150162994862 0.00954281445592642 0.27779808640480036
v -0.02006310969591141 -0.05351580679416658 0.27506363391876215
v -0.016030933707952503 -0.05354949831962587 0.2772721052169799
v -0.023911569267511375 -0.054000854492187514 0.2718913555145263
v -0.02006310969591141 -0.05351580679416658 0.27506363391876215
v -0.02377062104642392 -0.053553961217403426 0.27236425876617426
v -0.01859993860125542 -0.054000850766897215 0.2756106257438659
v -0.02006310969591141 -0.05351580679416658 0.27506363391876215
v -0.023911569267511375 -0.054000854492187514 0.2718913555145263
v -0.02377062104642392 -0.053553961217403426 0.27236425876617426
v -0.027154564857482917 -0.05351626127958299 0.26924160122871393
v -0.023911569267511375 -0.054000854492187514 0.2718913555145263
v -0.023911569267511375 -0.054000854492187514 0.2718913555145263
v -0.027154564857482917 -0.05351626127958299 0.26924160122871393
v -0.0284966565668583 -0.054000854492187514 0.26730632781982416
v -0.023911569267511375 -0.054000854492187514 0.2718913555145263
v -0.0284966565668583 -0.054000854492187514 0.26730632781982416
v -0.03196739405393601 -0.05704409629106523 0.03137337788939475
v -0.023911569267511375 -0.054000854492187514 0.2718913555145263
v -0.03196739405393601 -0.05704409629106523 0.03137337788939475
v -0.02558072097599507 -0.05703954026103021 0.036759071052074425
v -0.02558072097599507 -0.05703954026103021 0.036759071052074425
v -0.01859993860125542 -0.054000850766897215 0.2756106257438659
v -0.023911569267511375 -0.054000854492187514 0.2718913555145263
v -0.034636754542589195 -0.05355003476142885 0.2577098608016967
v -0.03616194427013398 -0.05351585522294046 0.2532819211483001
v -0.03495628014206887 -0.05400085821747781 0.2561178505420684
v -0.03495628014206887 -0.05400085821747781 0.2561178505420684
v -0.03616194427013398 -0.05351585522294046 0.2532819211483001
v -0.03663453459739686 -0.05400085821747781 0.24985454976558683
v -0.04147452488541604 -0.05704007670283319 0.01707014627754688
v -0.03495628014206887 -0.05400085821747781 0.2561178505420684
v -0.03663453459739686 -0.05400085821747781 0.24985454976558683
v -0.03663453459739686 -0.05400085821747781 0.24985454976558683
v -0.0448104813694954 -0.05699453502893449 0.0034840248990803953
v -0.044451203197240836 -0.05701176822185518 0.006477065384387969
v -0.044451203197240836 -0.05701176822185518 0.006477065384387969
v -0.04147452488541604 -0.05704007670283319 0.01707014627754688
v -0.03663453459739686 -0.05400085821747781 0.24985454976558683
v -0.044451203197240836 -0.05701176822185518 0.006477065384387969
v -0.04293715208768845 -0.05705081298947336 0.00741898501291871
v -0.04147452488541604 -0.05704007670283319 0.01707014627754688
v -0.044451203197240836 -0.05701176822185518 0.006477065384387969
v -0.0448104813694954 -0.05699453502893449 0.0034840248990803953
v -0.04495284333825112 -0.05700512602925302 4.21492732129991e-05
v -0.044451203197240836 -0.05701176822185518 0.006477065384387969
v -0.04359951987862588 -0.05705081298947336 -0.00015196172171272335
v -0.04293715208768845 -0.05705081298947336 0.00741898501291871
v -0.03339917585253716 -0.05705080553889276 -0.02817713655531406
v -0.014911951497197155 -0.057050794363021864 -0.041122023016214364
v -0.00757103366777301 -0.057050790637731566 -0.04308902844786643
v -0.014911951497197155 -0.057050794363021864 -0.041122023016214364
v -0.03339917585253716 -0.05705080553889276 -0.02817713655531406
v -0.021799791604280475 -0.05705079808831216 -0.03791017830371856
v -0.014911951497197155 -0.057050794363021864 -0.041122023016214364
v -0.017638893797993663 -0.05703440681099893 -0.04147177934646606
v -0.00757103366777301 -0.057050790637731566 -0.04308902844786643
v -0.021799791604280475 -0.05705079808831216 -0.03791017830371856
v -0.017638893797993663 -0.05703440681099893 -0.04147177934646606
v -0.014911951497197155 -0.057050794363021864 -0.041122023016214364
v -0.017607301473617557 0.03903529793024064 -0.040515709668397897
v -0.017582958564162258 0.015533264726400379 -0.043603125959634774
v -0.01894408464431763 0.014541543088853363 -0.04314841702580451
v -0.04147290438413621 -0.0570400543510914 -0.0173816867172718
v -0.04319738224148751 -0.05700914934277536 -0.012614143081009386
v -0.04224521294236184 -0.056895203888416304 -0.015647532418370243
v -0.04319738224148751 -0.05700914934277536 -0.012614143081009386
v -0.04401836171746255 -0.05689724907279016 -0.009483868256211279
v -0.04356298595666886 -0.05645081773400308 -0.011431168764829634
v -0.04319738224148751 -0.05700914934277536 -0.012614143081009386
v -0.04242901131510735 -0.05645081773400308 -0.015143070369958876
v -0.04224521294236184 -0.056895203888416304 -0.015647532418370243
v -0.040970142930746085 -0.05705080926418306 -0.015063860453665255
v -0.04359951987862588 -0.05705081298947336 -0.00015196172171272335
v -0.042937144637107856 -0.05705080926418306 -0.007722923066467046
v -0.04448057338595391 -0.05645082145929338 -0.006966143380850553
v -0.044352225959301 -0.05645082145929338 -0.0077569051645696155
v -0.044573470950126655 -0.05689676851034166 -0.006311170756816863
v -0.044352225959301 -0.05645082145929338 -0.0077569051645696155
v -0.04644078761339188 0.02816175855696202 -0.007249983027577399
v -0.045825202018022544 0.02686790749430657 -0.010593960992991923
v -0.04448057338595391 -0.05645082145929338 -0.006966143380850553
v -0.04644078761339188 0.02816175855696202 -0.007249983027577399
v -0.044352225959301 -0.05645082145929338 -0.0077569051645696155
v -0.04665379598736764 0.02932629920542241 -0.0058809295296669
v -0.04644078761339188 0.02816175855696202 -0.007249983027577399
v -0.044573470950126655 -0.05689676851034166 -0.006311170756816863
v -0.04644078761339188 0.02816175855696202 -0.007249983027577399
v -0.04448057338595391 -0.05645082145929338 -0.006966143380850553
v -0.044573470950126655 -0.05689676851034166 -0.006311170756816863
v -0.04198231920599938 0.021992633119225505 -0.02115744352340698
v -0.04040075466036797 -0.05645081773400308 -0.01996945589780807
v -0.04103152826428414 -0.05689758434891702 -0.018621081486344334
v -0.01064744219183922 0.014641717076301578 -0.04579206928610801
v -0.012437588535249237 0.013140426948666576 -0.04548413679003715
v -0.014260584488511089 0.014993877150118354 -0.044800430536270135
v -0.012437588535249237 0.013140426948666576 -0.04548413679003715
v -0.01064744219183922 0.014641717076301578 -0.04579206928610801
v -0.00806807540357113 0.012803420424461368 -0.0464576706290245
v -0.009667909704148771 0.012023603543639187 -0.046097982674837105
v -0.012437588535249237 0.013140426948666576 -0.04548413679003715
v -0.00806807540357113 0.012803420424461368 -0.0464576706290245
v -0.013471239246428016 -0.05645080283284189 -0.043087664991617196
v -0.014288036152720455 0.01254650112241507 -0.044885322451591485
v -0.012437588535249237 0.013140426948666576 -0.04548413679003715
v -0.018761908635497097 0.013259323313832286 -0.04319621250033378
v -0.017745854333043102 -0.05645080283284189 -0.041504532098770135
v -0.018915001302957538 -0.05689729750156404 -0.040979970246553414
v -0.021033704280853275 0.016197344288229946 -0.04202991351485252
v -0.017607301473617557 0.03903529793024064 -0.040515709668397897
v -0.01894408464431763 0.014541543088853363 -0.04314841702580451
v -0.004609384108334781 0.04085377976298333 -0.043484665453433984
v -0.008652613498270513 0.04352157562971116 -0.0419129729270935
v -0.004337054677307607 0.043382342904806144 -0.042588245123624795
v -0.00011888168228324505 0.040820948779582984 -0.04372750595211982
v -0.004337054677307607 0.043382342904806144 -0.042588245123624795
v 6.424636922020001e-06 0.043353881686925895 -0.04280757158994674
v -0.004337054677307607 0.043382342904806144 -0.042588245123624795
v -0.00011888168228324505 0.040820948779582984 -0.04372750595211982
v -0.004609384108334781 0.04085377976298333 -0.043484665453433984
v -0.004337054677307607 0.043382342904806144 -0.042588245123624795
v -0.008652613498270513 0.04352157562971116 -0.0419129729270935
v -0.004634174518287183 0.04536581784486771 -0.04141611605882644
v -0.027637016028165824 0.05685920640826227 0.02791907079517841
v -0.02762462198734284 0.05617228150367738 0.23906718194484708
v -0.025588143616914756 0.057082451879978194 0.028569590300321576
v -0.02762462198734284 0.05617228150367738 0.23906718194484708
v -0.025483410805463798 0.056331887841224684 0.24569848179817197
v -0.025588143616914756 0.057082451879978194 0.028569590300321576
v -0.02762462198734284 0.05617228150367738 0.23906718194484708
v -0.027637016028165824 0.05685920640826227 0.02791907079517841
v -0.030928360298275955 0.05647075548768045 0.023200727999210354
v -0.02762462198734284 0.05617228150367738 0.23906718194484708
v -0.03535343706607819 0.05559836700558664 0.0144595131278038
v -0.029085101559758193 0.05581079795956613 0.24087145924568173
v -0.02762462198734284 0.05617228150367738 0.23906718194484708
v -0.030928360298275955 0.05647075548768045 0.023200727999210354
v -0.03535343706607819 0.05559836700558664 0.0144595131278038
v 0.012379456311464313 0.0578567534685135 0.03743271529674529
v 0.026498999446630485 0.056303668767213835 0.24242280423641202
v 0.01933481171727181 0.05754451081156732 0.03383434563875198
v 0.01933481171727181 0.05754451081156732 0.03383434563875198
v 0.004848087206482888 0.05802690237760545 0.03936821594834327
v 0.012379456311464313 0.0578567534685135 0.03743271529674529
v -0.022970093414187435 0.04440847784280778 0.27131608128547663
v -0.02457298524677754 0.034721549600362785 0.2716228067874908
v -0.02229302935302258 0.03495261818170548 0.2733629643917083
v -0.022970093414187435 0.04440847784280778 0.27131608128547663
v -0.025270696729421623 0.04465053230524064 0.2692940235137939
v -0.02457298524677754 0.034721549600362785 0.2716228067874908
v -0.022970093414187435 0.04440847784280778 0.27131608128547663
v -0.020681982859969143 0.046442694962024696 0.27254429459571833
v -0.022640762850642208 0.046551812440156944 0.27107888460159296
v -0.025270696729421623 0.04465053230524064 0.2692940235137939
v -0.02657675929367543 0.0448049120604992 0.267939805984497
v -0.02457298524677754 0.034721549600362785 0.2716228067874908
v -0.016266778111457828 0.05308135971426965 0.2703153789043426
v -0.012234549038112167 0.05345633625984193 0.2716750502586364
v -0.015283699147403244 0.05462857335805894 0.268322080373764
v -0.009417301043868067 0.04734791815280916 0.27735364437103266
v -0.009469219483435156 0.04551205039024354 0.2778970003128051
v -0.006981165148317816 0.046128802001476295 0.27832171320915217
v -0.009417301043868067 0.04734791815280916 0.27735364437103266
v -0.011835286393761638 0.04615286365151406 0.2770362794399261
v -0.009469219483435156 0.04551205039024354 0.2778970003128051
v -0.011573025025427343 0.043917778879404075 0.2775535881519317
v -0.009469219483435156 0.04551205039024354 0.2778970003128051
v -0.011835286393761638 0.04615286365151406 0.2770362794399261
v -0.011573025025427343 0.043917778879404075 0.2775535881519317
v -0.014495827257633213 0.04395364224910737 0.2764479219913482
v -0.014525310136377815 0.03457997366786004 0.27778944373130793
v -0.014495827257633213 0.04395364224910737 0.2764479219913482
v -0.011835286393761638 0.04615286365151406 0.2770362794399261
v -0.01409837976098061 0.04622758924961091 0.27616396546363825
v -0.014495827257633213 0.04395364224910737 0.2764479219913482
v -0.011573025025427343 0.043917778879404075 0.2775535881519317
v -0.011835286393761638 0.04615286365151406 0.2770362794399261
v -0.02457145974040032 0.04667527601122857 0.26941454410552973
v -0.024105621501803405 0.04845005646348001 0.26896449923515314
v -0.025851659476757056 0.048537723720073714 0.26725351810455317
v -0.02457145974040032 0.04667527601122857 0.26941454410552973
v -0.022970093414187435 0.04440847784280778 0.27131608128547663
v -0.022640762850642208 0.046551812440156944 0.27107888460159296
v -0.022970093414187435 0.04440847784280778 0.27131608128547663
v -0.02457145974040032 0.04667527601122857 0.26941454410552973
v -0.025270696729421623 0.04465053230524064 0.2692940235137939
v -0.02039158903062344 0.0441943220794201 0.27323094010353083
v -0.0187516063451767 0.03476416692137719 0.27568781375885004
v -0.018062870949506763 0.04423468187451363 0.2746478617191314
v -0.02039158903062344 0.0441943220794201 0.27323094010353083
v -0.02229302935302258 0.03495261818170548 0.2733629643917083
v -0.0187516063451767 0.03476416692137719 0.27568781375885004
v -0.01856871694326401 0.04641461744904519 0.27388507127761835
v -0.02039158903062344 0.0441943220794201 0.27323094010353083
v -0.018062870949506763 0.04423468187451363 0.2746478617191314
v -0.02039158903062344 0.0441943220794201 0.27323094010353083
v -0.01856871694326401 0.04641461744904519 0.27388507127761835
v -0.020681982859969143 0.046442694962024696 0.27254429459571833
v -0.02039158903062344 0.0441943220794201 0.27323094010353083
v -0.022970093414187435 0.04440847784280778 0.27131608128547663
v -0.02229302935302258 0.03495261818170548 0.2733629643917083
v -0.020681982859969143 0.046442694962024696 0.27254429459571833
v -0.022970093414187435 0.04440847784280778 0.27131608128547663
v -0.02039158903062344 0.0441943220794201 0.27323094010353083
v -0.01821990124881268 0.04822139069437982 0.2733259499073028
v -0.01856871694326401 0.04641461744904519 0.27388507127761835
v -0.016378318890929226 0.04632635787129403 0.2750962674617767
v -0.01409837976098061 0.04622758924961091 0.27616396546363825
v -0.013862227089703087 0.04810214787721635 0.2755247056484222
v -0.016378318890929226 0.04632635787129403 0.2750962674617767
v -0.016378318890929226 0.04632635787129403 0.2750962674617767
v -0.01856871694326401 0.04641461744904519 0.27388507127761835
v -0.018062870949506763 0.04423468187451363 0.2746478617191314
v -0.03081698156893254 0.05491926521062852 0.24498839676380155
v -0.031017977744340904 0.05496855452656747 0.24072366952896115
v -0.03267088159918786 0.053634930402040495 0.24499660730361936
v -0.029085101559758193 0.05581079795956613 0.24087145924568173
v -0.031017977744340904 0.05496855452656747 0.24072366952896115
v -0.03081698156893254 0.05491926521062852 0.24498839676380155
v -0.007063216995447876 0.05564382299780847 0.2690248787403106
v -0.011604830622673036 0.054603550583124175 0.27008756995201105
v -0.007788677699863912 0.05454282462596895 0.27140471339225763
v -0.02668276801705361 0.0557554103434086 0.2524309158325195
v -0.024846574291586883 0.05576793104410173 0.2557756900787353
v -0.024312436580657966 0.056151006370782866 0.2535443007946014
v -0.02668276801705361 0.0557554103434086 0.2524309158325195
v -0.02800188027322293 0.055773489177227034 0.24872796237468717
v -0.028211416676640517 0.05508797615766527 0.2529397010803222
v -0.024312436580657966 0.056151006370782866 0.2535443007946014
v -0.024846574291586883 0.05576793104410173 0.2557756900787353
v -0.021286109462380413 0.05613961815834047 0.25797215104103083
v -0.021286109462380413 0.05613961815834047 0.25797215104103083
v -0.024846574291586883 0.05576793104410173 0.2557756900787353
v -0.022850515320897106 0.055747862905263915 0.25871151685714716
v -0.018756821751594547 0.05632472783327104 0.2578707635402679
v -0.00275245332159102 0.05804757401347162 0.03960560262203216
v -0.025483410805463798 0.056331887841224684 0.24569848179817197
v -0.018756821751594547 0.05632472783327104 0.2578707635402679
v -0.021286109462380413 0.05613961815834047 0.25797215104103083
v -0.017726857215166095 0.05613370984792711 0.26159301400184626
v -0.018756821751594547 0.05632472783327104 0.2578707635402679
v -0.025483410805463798 0.056331887841224684 0.24569848179817197
v -0.024312436580657966 0.056151006370782866 0.2535443007946014
v -0.024312436580657966 0.056151006370782866 0.2535443007946014
v -0.021286109462380413 0.05613961815834047 0.25797215104103083
v -0.018756821751594547 0.05632472783327104 0.2578707635402679
v -0.00028734398074448114 0.04404063895344735 0.2799720168113708
v -0.00023346261878032243 0.04564281180500985 0.27969285845756525
v -0.007089139427989723 0.0441480614244938 0.2786923944950103
v -0.00028734398074448114 0.04404063895344735 0.2799720168113708
v 0.0002611294330563397 0.043798618018627174 0.28000390529632563
v -0.00023346261878032243 0.04564281180500985 0.27969285845756525
v 0.0002611294330563397 0.043798618018627174 0.28000390529632563
v -0.00028734398074448114 0.04404063895344735 0.2799720168113708
v -6.435273826355116e-05 0.011268251575529577 0.28267922997474665
v -0.0006998134194873274 0.04839762300252916 0.27859929203987116
v -0.005972539540380241 0.05029606074094774 0.2765053212642669
v -0.00515944603830576 0.04924964532256128 0.27729216217994684
v -0.0027106681372970347 -0.05354953929781915 0.2807753384113311
v -0.0042000673711299905 0.010039544664323332 0.2825141251087188
v -0.00724910292774439 -0.05350279808044435 0.2801781594753265
v -0.022179098799824718 0.013777997344732288 0.27584010362625117
v -0.025492386892437942 0.013699065893888477 0.2733697295188903
v -0.022430470213294033 0.010419564321637155 0.2756049036979675
v -0.0187516063451767 0.03476416692137719 0.27568781375885004
v -0.02229302935302258 0.03495261818170548 0.2733629643917083
v -0.022179098799824718 0.013777997344732288 0.27584010362625117
v -0.01166449021548033 -0.05355000123381616 0.2790116667747497
v -0.010033352300524713 0.010562846437096597 0.28143623471260065
v -0.011696354486048223 0.008330940268933775 0.28085514903068537
v -0.011696354486048223 0.008330940268933775 0.28085514903068537
v -0.015568595379590992 0.01122433226555586 0.2795330882072448
v -0.01166449021548033 -0.05355000123381616 0.2790116667747497
v -0.011696354486048223 0.008330940268933775 0.28085514903068537
v -0.010033352300524713 0.010562846437096597 0.28143623471260065
v -0.012021897360682491 0.012027543969452385 0.28078791499137873
v -0.015568595379590992 0.01122433226555586 0.2795330882072448
v -0.011696354486048223 0.008330940268933775 0.28085514903068537
v -0.012021897360682491 0.012027543969452385 0.28078791499137873
v -0.019047500565648082 0.013011135160923008 0.27775743603706354
v -0.014525310136377815 0.03457997366786004 0.27778944373130793
v -0.0187516063451767 0.03476416692137719 0.27568781375885004
v -0.0187516063451767 0.03476416692137719 0.27568781375885004
v -0.022179098799824718 0.013777997344732288 0.27584010362625117
v -0.019047500565648082 0.013011135160923008 0.27775743603706354
v -0.01888150162994862 0.00954281445592642 0.27779808640480036
v -0.015568595379590992 0.01122433226555586 0.2795330882072448
v -0.019047500565648082 0.013011135160923008 0.27775743603706354
v -0.032844450324773795 0.016993610188364986 0.26504835486412043
v -0.03463518992066384 0.015875192359089855 0.2618688344955444
v -0.032628603279590614 -0.05353305116295816 0.2618460059165954
v -0.032844450324773795 0.016993610188364986 0.26504835486412043
v -0.030133305117487914 -0.053519785404205336 0.26569303870201105
v -0.0310655813664198 0.016959974542260173 0.2674815952777862
v -0.032844450324773795 0.016993610188364986 0.26504835486412043
v -0.032628603279590614 -0.05353305116295816 0.2618460059165954
v -0.030133305117487914 -0.053519785404205336 0.26569303870201105
v -0.03658152744174004 0.02081457152962685 0.2577883899211883
v -0.03780398145318032 0.021333672106266025 0.25430348515510554
v -0.03647296130657197 0.017428947612643245 0.25789365172386164
v -0.03647296130657197 0.017428947612643245 0.25789365172386164
v -0.03616194427013398 -0.05351585522294046 0.2532819211483001
v -0.034636754542589195 -0.05355003476142885 0.2577098608016967
v -0.03616194427013398 -0.05351585522294046 0.2532819211483001
v -0.03647296130657197 0.017428947612643245 0.25789365172386164
v -0.03780398145318032 0.021333672106266025 0.25430348515510554
v -0.03658152744174004 0.02081457152962685 0.2577883899211883
v -0.03647296130657197 0.017428947612643245 0.25789365172386164
v -0.035706005990505225 0.019238062202930454 0.25989156961441034
v -0.035706005990505225 0.019238062202930454 0.25989156961441034
v -0.03647296130657197 0.017428947612643245 0.25789365172386164
v -0.034636754542589195 -0.05355003476142885 0.2577098608016967
v -0.035706005990505225 0.019238062202930454 0.25989156961441034
v -0.034636754542589195 -0.05355003476142885 0.2577098608016967
v -0.032628603279590614 -0.05353305116295816 0.2618460059165954
v -0.035706005990505225 0.019238062202930454 0.25989156961441034
v -0.032628603279590614 -0.05353305116295816 0.2618460059165954
v -0.03463518992066384 0.015875192359089855 0.2618688344955444
v -0.03057007677853108 0.01342391781508923 0.2680027484893798
v -0.029684530571103103 0.016223821789026264 0.2691713869571685
v -0.0310655813664198 0.016959974542260173 0.2674815952777862
v -0.029684530571103103 0.016223821789026264 0.2691713869571685
v -0.03057007677853108 0.01342391781508923 0.2680027484893798
v -0.028883876278996475 0.014953495003283027 0.27008631825447077
v -0.02457298524677754 0.034721549600362785 0.2716228067874908
v -0.02657675929367543 0.0448049120604992 0.267939805984497
v -0.029684530571103103 0.016223821789026264 0.2691713869571685
v -0.028883876278996475 0.014953495003283027 0.27008631825447077
v -0.027154564857482917 -0.05351626127958299 0.26924160122871393
v -0.02818110771477223 0.012395851314067844 0.2707070708274841
v -0.025492386892437942 0.013699065893888477 0.2733697295188903
v -0.02818110771477223 0.012395851314067844 0.2707070708274841
v -0.027154564857482917 -0.05351626127958299 0.26924160122871393
v 0.00036337121855467563 0.05121533200144769 0.27683007717132563
v -0.005583479069173337 0.05311892926692964 0.2739554345607757
v -0.0005990244098939003 0.05136673524975778 0.27655827999114985
v -0.008907606825232508 0.050399847328662886 0.2758078277111053
v -0.005900254007428886 0.05144082009792329 0.2756164968013763
v -0.008587926626205446 0.05202675610780717 0.27452957630157465
v -0.008907606825232508 0.050399847328662886 0.2758078277111053
v -0.005972539540380241 0.05029606074094774 0.2765053212642669
v -0.005900254007428886 0.05144082009792329 0.2756164968013763
v -0.03989887237548829 0.05018637701869012 -0.011078021489083765
v -0.03811885043978692 0.0501619763672352 -0.014755329117178915
v -0.039241954684257514 0.048866853117942824 -0.015075855888426302
v -0.03624780103564263 0.048263423144817366 0.24285513162612912
v -0.0365818776190281 0.04641928896307946 0.24330872297286985
v -0.03615504503250123 0.04811955243349077 0.24535140395164487
v -0.03624780103564263 0.048263423144817366 0.24285513162612912
v -0.03615504503250123 0.04811955243349077 0.24535140395164487
v -0.03561073541641236 0.04961418733000757 0.2453203052282333
v -0.03561073541641236 0.04961418733000757 0.2453203052282333
v -0.03545087948441506 0.05034311488270761 0.2425955682992935
v -0.03624780103564263 0.048263423144817366 0.24285513162612912
v -0.0365818776190281 0.04641928896307946 0.24330872297286985
v -0.03624780103564263 0.048263423144817366 0.24285513162612912
v -0.046691659837961204 0.034674901515245445 0.003895716508850455
v -0.046691659837961204 0.034674901515245445 0.003895716508850455
v -0.03624780103564263 0.048263423144817366 0.24285513162612912
v -0.04417606815695763 0.04734279587864877 0.0013711953070014713
v -0.046691659837961204 0.034674901515245445 0.003895716508850455
v -0.03934391215443612 0.026043009012937553 0.24346283078193662
v -0.0365818776190281 0.04641928896307946 0.24330872297286985
v -0.03145410120487214 0.053902320563793196 0.24942144751548764
v -0.03081698156893254 0.05491926521062852 0.24498839676380155
v -0.03267088159918786 0.053634930402040495 0.24499660730361936
v -0.03145410120487214 0.053902320563793196 0.24942144751548764
v -0.030039502307772643 0.054870240390300765 0.24913895130157468
v -0.03081698156893254 0.05491926521062852 0.24498839676380155
v -0.02638486213982106 0.05505022779107095 0.25661507248878473
v -0.024581456556916244 0.054734919220209136 0.2602837979793548
v -0.022850515320897106 0.055747862905263915 0.25871151685714716
v -0.024846574291586883 0.05576793104410173 0.2557756900787353
v -0.02638486213982106 0.05505022779107095 0.25661507248878473
v -0.022850515320897106 0.055747862905263915 0.25871151685714716
v -0.02638486213982106 0.05505022779107095 0.25661507248878473
v -0.02668276801705361 0.0557554103434086 0.2524309158325195
v -0.028211416676640517 0.05508797615766527 0.2529397010803222
v -0.02638486213982106 0.05505022779107095 0.25661507248878473
v -0.024846574291586883 0.05576793104410173 0.2557756900787353
v -0.02668276801705361 0.0557554103434086 0.2524309158325195
v -0.033842887729406364 0.05242945626378061 0.2451916933059692
v -0.032790850847959525 0.05372928455471994 0.2404842525720596
v -0.03428668528795243 0.052158970385789885 0.24048236012458798
v -0.03428668528795243 0.052158970385789885 0.24048236012458798
v -0.04224718734622002 0.05130235478281976 0.005122130271047353
v -0.03545087948441506 0.05034311488270761 0.2425955682992935
v -0.04042565822601319 0.053127273917198195 0.008819066919386385
v -0.03428668528795243 0.052158970385789885 0.24048236012458798
v -0.032790850847959525 0.05372928455471994 0.2404842525720596
v -0.04042565822601319 0.053127273917198195 0.008819066919386385
v -0.032790850847959525 0.05372928455471994 0.2404842525720596
v -0.031017977744340904 0.05496855452656747 0.24072366952896115
v -0.04276039823889733 0.047993056476116194 -0.007242895197123288
v -0.04222661256790162 0.05030009523034097 -0.00310995546169579
v -0.041616320610046394 0.04980694875121118 -0.007207848131656646
v -0.035460487008094795 0.047833830118179335 0.25026375055313105
v -0.035856343805789954 0.04603856056928635 0.2500340342521667
v -0.03520385175943375 0.045791726559400565 0.2527723312377929
v -0.035460487008094795 0.047833830118179335 0.25026375055313105
v -0.03589142858982087 0.04797605797648431 0.24782246351242063
v -0.035856343805789954 0.04603856056928635 0.2500340342521667
v -0.0340963937342167 0.04755512252449991 0.25505667924880976
v -0.03520385175943375 0.045791726559400565 0.2527723312377929
v -0.03435395285487176 0.04554955661296845 0.2554292976856231
v -0.012441787868738178 -0.05701965838670732 -0.043340984731912606
v -0.00164143939036876 -0.05703895539045335 -0.04503130540251731
v -0.017638893797993663 -0.05703440681099893 -0.04147177934646606
v -0.012441787868738178 -0.05701965838670732 -0.043340984731912606
v -0.017638893797993663 -0.05703440681099893 -0.04147177934646606
v -0.01594137772917748 -0.05689736828207971 -0.0422300063073635
v -0.01594137772917748 -0.05689736828207971 -0.0422300063073635
v -0.013471239246428016 -0.05645080283284189 -0.043087664991617196
v -0.012441787868738178 -0.05701965838670732 -0.043340984731912606
v -0.017638893797993663 -0.05703440681099893 -0.04147177934646606
v -0.0217571072280407 -0.05700236931443216 -0.03948236256837844
v -0.018915001302957538 -0.05689729750156404 -0.040979970246553414
v -0.023593598976731307 -0.056450806558132186 -0.03847027197480201
v -0.021838381886482242 -0.056450806558132186 -0.03949704766273498
v -0.0217571072280407 -0.05700236931443216 -0.03948236256837844
v -0.0217571072280407 -0.05700236931443216 -0.03948236256837844
v -0.021838381886482242 -0.056450806558132186 -0.03949704766273498
v -0.018915001302957538 -0.05689729750156404 -0.040979970246553414
v -0.02436965703964234 -0.0570054091513157 -0.0379265435039997
v -0.021799791604280475 -0.05705079808831216 -0.03791017830371856
v -0.02802525274455548 -0.05705080181360246 -0.033551067113876336
v -0.02436965703964234 -0.0570054091513157 -0.0379265435039997
v -0.017638893797993663 -0.05703440681099893 -0.04147177934646606
v -0.021799791604280475 -0.05705079808831216 -0.03791017830371856
v -0.02436965703964234 -0.0570054091513157 -0.0379265435039997
v -0.02802525274455548 -0.05705080181360246 -0.033551067113876336
v -0.031593762338161475 -0.057011339813470854 -0.032126456499099725
v -0.02436965703964234 -0.0570054091513157 -0.0379265435039997
v -0.031593762338161475 -0.057011339813470854 -0.032126456499099725
v -0.027359157800674445 -0.0569983907043934 -0.03582997247576713
v -0.02436965703964234 -0.0570054091513157 -0.0379265435039997
v -0.0217571072280407 -0.05700236931443216 -0.03948236256837844
v -0.017638893797993663 -0.05703440681099893 -0.04147177934646606
v -0.023593598976731307 -0.056450806558132186 -0.03847027197480201
v -0.0217571072280407 -0.05700236931443216 -0.03948236256837844
v -0.02436965703964234 -0.0570054091513157 -0.0379265435039997
v -0.02436965703964234 -0.0570054091513157 -0.0379265435039997
v -0.02570681273937226 -0.056450806558132186 -0.037085827440023415
v -0.023593598976731307 -0.056450806558132186 -0.03847027197480201
v -0.027359157800674445 -0.0569983907043934 -0.03582997247576713
v -0.02570681273937226 -0.056450806558132186 -0.037085827440023415
v -0.02436965703964234 -0.0570054091513157 -0.0379265435039997
v 0.03746039420366288 -0.053514484316110625 0.2448841333389282
v 0.039153207093477256 0.024743273854255683 0.2472504675388336
v 0.0369839370250702 -0.053515814244747176 0.24952697753906247
v 0.03857866674661637 0.023699019104242332 0.2507952153682708
v 0.03477247059345246 0.04576660320162774 0.254224419593811
v 0.0376843772828579 0.022132271900773052 0.2545413672924041
v 0.03828788176178933 0.02193868532776833 0.2524316310882568
v 0.03857866674661637 0.023699019104242332 0.2507952153682708
v 0.0376843772828579 0.022132271900773052 0.2545413672924041
v 0.046926222741603865 0.030461287125945098 -0.0028927964158356185
v 0.04483721777796746 -0.0564507693052292 -0.003968152217566966
v 0.04647447913885117 0.028505876660346992 -0.007212295662611722
v 0.047001186758279814 0.03179416805505753 0.0008959011756815015
v 0.04495961964130402 -0.056998398154974 -0.0003354712680447846
v 0.046926222741603865 0.030461287125945098 -0.0028927964158356185
v 0.046926222741603865 0.030461287125945098 -0.0028927964158356185
v 0.04495961964130402 -0.056998398154974 -0.0003354712680447846
v 0.044941570609807975 -0.0564507693052292 -0.0024311244487762447
v 0.04485647380352021 -0.056945774704217925 -0.003586897393688559
v 0.046926222741603865 0.030461287125945098 -0.0028927964158356185
v 0.044941570609807975 -0.0564507693052292 -0.0024311244487762447
v 0.046926222741603865 0.030461287125945098 -0.0028927964158356185
v 0.04485647380352021 -0.056945774704217925 -0.003586897393688559
v 0.04483721777796746 -0.0564507693052292 -0.003968152217566966
v 0.04553751647472382 0.02675993740558625 -0.011798760853707789
v 0.04524089768528939 0.027676589787006385 -0.012582880444824694
v 0.04609345272183419 0.029053589329123504 -0.008960855193436144
v 0.04390710592269898 -0.05694586411118509 -0.009953173808753489
v 0.04356282204389573 -0.0564507693052292 -0.011431140825152395
v 0.04553751647472382 0.02675993740558625 -0.011798760853707789
v 0.04524089768528939 0.027676589787006385 -0.012582880444824694
v 0.04553751647472382 0.02675993740558625 -0.011798760853707789
v 0.044408459216356284 0.025633946061134345 -0.015524677000939844
v 0.04553751647472382 0.02675993740558625 -0.011798760853707789
v 0.0450146533548832 0.025529963895678527 -0.013602257706224917
v 0.044408459216356284 0.025633946061134345 -0.015524677000939844
v 0.0450146533548832 0.025529963895678527 -0.013602257706224917
v 0.04553751647472382 0.02675993740558625 -0.011798760853707789
v 0.04354734346270562 -0.0564507693052292 -0.01149080879986286
v 0.04553751647472382 0.02675993740558625 -0.011798760853707789
v 0.04356282204389573 -0.0564507693052292 -0.011431140825152395
v 0.04354734346270562 -0.0564507693052292 -0.01149080879986286
v 0.04243678599596024 0.05079602822661401 0.0009804125875234602
v 0.04092922434210778 0.052688404917716994 0.004842896480113267
v 0.04224643856287003 0.05130047723650934 0.005113472696393727
v 0.03481681644916535 0.055021930485963835 0.004921247251331805
v -0.012191420421004299 0.057871397584676756 0.03757934644818305
v 0.01933481171727181 0.05754451081156732 0.03383434563875198
v 0.03481681644916535 0.055021930485963835 0.004921247251331805
v 0.0332721658051014 0.05404495075345041 -0.006212077569216489
v 0.026544272899627692 0.05295164883136751 -0.01871228218078613
v 0.028130242601037032 0.05574155971407892 0.24863357841968534
v 0.02992950007319451 0.055367916822433486 0.24486023187637326
v 0.027909375727176673 0.05604924261569978 0.24462293088436124
v 0.02992950007319451 0.055367916822433486 0.24486023187637326
v 0.031555492430925376 0.05463165044784547 0.24067178368568418
v 0.030152708292007453 0.05540147796273233 0.24071979522705075
v 0.031555492430925376 0.05463165044784547 0.24067178368568418
v 0.032863564789295203 0.05366783961653711 0.24068678915500638
v 0.04042534530162812 0.05312639474868776 0.008812627755105494
v 0.031555492430925376 0.05463165044784547 0.24067178368568418
v 0.04042534530162812 0.05312639474868776 0.008812627755105494
v 0.03895524889230729 0.05415804684162141 0.008421391248703001
v 0.03558436781167985 -0.0564507730305195 -0.027696350589394566
v 0.033868633210659034 -0.05699415132403375 -0.029717141762375828
v 0.036174014210700996 0.018858388066291813 -0.030118089169263836
v 0.03558436781167985 -0.0564507730305195 -0.027696350589394566
v 0.035855062305927284 -0.057011410593986525 -0.027249656617641446
v 0.033868633210659034 -0.05699415132403375 -0.029717141762375828
v 0.036174014210700996 0.018858388066291813 -0.030118089169263836
v 0.03801822662353516 0.02024040557444096 -0.027792891487479206
v 0.03558436781167985 -0.0564507730305195 -0.027696350589394566
v 0.03801822662353516 0.02024040557444096 -0.027792891487479206
v 0.03728236630558968 -0.0564507730305195 -0.02535047940909862
v 0.03558436781167985 -0.0564507730305195 -0.027696350589394566
v 0.03558436781167985 -0.0564507730305195 -0.027696350589394566
v 0.03728236630558968 -0.0564507730305195 -0.02535047940909862
v 0.035855062305927284 -0.057011410593986525 -0.027249656617641446
v 0.005903561599552633 0.012379348278045658 -0.046782281249761574
v 0.003758866339921952 0.014381538145244125 -0.046847384423017495
v 0.007355838082730772 0.014517636038362983 -0.04642490297555923
v 0.005903561599552633 0.012379348278045658 -0.046782281249761574
v 0.004552443977445365 -0.05645079165697099 -0.044920489192008965
v 0.0044190334156155595 0.011711352504789831 -0.04690648615360259
v 0.005903561599552633 0.012379348278045658 -0.046782281249761574
v 0.005715655628591777 -0.05645079165697099 -0.044786892831325524
v 0.004552443977445365 -0.05645079165697099 -0.044920489192008965
v 0.005715655628591777 -0.05645079165697099 -0.044786892831325524
v 0.005903561599552633 0.012379348278045658 -0.046782281249761574
v 0.009058245457708837 -0.05645078793168069 -0.04423022642731666
v 0.005903561599552633 0.012379348278045658 -0.046782281249761574
v 0.008941907435655596 0.012382687069475654 -0.04627526551485061
v 0.009058245457708837 -0.05645078793168069 -0.04423022642731666
v 0.013471090234816078 -0.056450784206390395 -0.0430876575410366
v 0.014234119094908241 0.012538039125502113 -0.04490228369832038
v 0.015908559784293178 0.013496722094714645 -0.04438334703445434
v 0.0202588327229023 -0.056450780481100096 -0.040333092212676995
v 0.021112242713570598 0.013665246777236465 -0.04208611696958541
v 0.022664699703454975 0.014381857588887218 -0.04130410403013229
v 0.006689919158816339 -0.05701494216918947 -0.04460631310939788
v 0.009305192157626154 -0.05694684386253358 -0.04416630789637565
v 0.01207615435123444 -0.05699895322322847 -0.0434601679444313
v 0.01207615435123444 -0.05699895322322847 -0.0434601679444313
v 0.009305192157626154 -0.05694684386253358 -0.04416630789637565
v 0.011573580093681814 0.012967537157237533 -0.04571228846907615
v 0.017700484022498134 0.015358200296759609 -0.04358300939202308
v 0.019470574334263805 0.01379556301981211 -0.0429171361029148
v 0.015908559784293178 0.013496722094714645 -0.04438334703445434
v 0.014542103745043281 0.015250832773745063 -0.044683013111352914
v 0.017700484022498134 0.015358200296759609 -0.04358300939202308
v 0.015908559784293178 0.013496722094714645 -0.04438334703445434
v 0.022664699703454975 0.014381857588887218 -0.04130410403013229
v 0.020952008664608005 0.016000634059309963 -0.04210450127720832
v 0.024508191272616393 0.015159194357693199 -0.04026604071259498
v 0.020952008664608005 0.016000634059309963 -0.04210450127720832
v 0.024028554558753974 0.016678016632795337 -0.0404142215847969
v 0.024508191272616393 0.015159194357693199 -0.04026604071259498
v 0.019432088360190395 0.038348004221916206 -0.03973740711808204
v 0.020952008664608005 0.016000634059309963 -0.04210450127720832
v 0.017306324094533924 0.0392042025923729 -0.040629282593727105
v 0.020952008664608005 0.016000634059309963 -0.04210450127720832
v 0.017700484022498134 0.015358200296759609 -0.04358300939202308
v 0.017306324094533924 0.0392042025923729 -0.040629282593727105
v 0.01730691455304623 0.041336525231599815 -0.04019451513886451
v 0.021296741440892223 0.041613336652517326 -0.038251478224992745
v 0.017306324094533924 0.0392042025923729 -0.040629282593727105
v 0.01730691455304623 0.041336525231599815 -0.04019451513886451
v 0.016975058242678646 0.043819539248943336 -0.03935157507658004
v 0.021296741440892223 0.041613336652517326 -0.038251478224992745
v 0.021296741440892223 0.041613336652517326 -0.038251478224992745
v 0.020870650187134746 0.044062566012144096 -0.03746421262621879
v 0.02457129210233689 0.044353723526000984 -0.03519195690751075
v 0.016975058242678646 0.043819539248943336 -0.03935157507658004
v 0.020870650187134746 0.044062566012144096 -0.03746421262621879
v 0.021296741440892223 0.041613336652517326 -0.038251478224992745
v 0.0349484570324421 0.01887506060302258 -0.03157692775130271
v 0.03317080065608025 0.017118230462074283 -0.03337768092751502
v 0.03160085156559945 0.017346866428852085 -0.03496412187814712
v 0.0349484570324421 0.01887506060302258 -0.03157692775130271
v 0.03401774168014527 0.01961110904812813 -0.03246531635522842
v 0.03513829410076142 0.02075060270726681 -0.031111456453800198
v 0.03401774168014527 0.01961110904812813 -0.03246531635522842
v 0.0349484570324421 0.01887506060302258 -0.03157692775130271
v 0.03160085156559945 0.017346866428852085 -0.03496412187814712
v 0.02688912674784661 -0.05700531974434854 -0.03617666661739349
v 0.029311310499906547 -0.0564507767558098 -0.03429561853408813
v 0.029251158237457282 -0.05700241029262544 -0.03427833691239356
v 0.02688912674784661 -0.05700531974434854 -0.03617666661739349
v 0.023880463093519218 -0.056998111307621016 -0.03824613988399505
v 0.025706658139824874 -0.056450780481100096 -0.03708581253886222
v 0.029251158237457282 -0.05700241029262544 -0.03427833691239356
v 0.028025098145008094 -0.057050768285989775 -0.03355105221271514
v 0.02688912674784661 -0.05700531974434854 -0.03617666661739349
v 0.02688912674784661 -0.05700531974434854 -0.03617666661739349
v 0.028025098145008094 -0.057050768285989775 -0.03355105221271514
v 0.021799651905894283 -0.057050772011280074 -0.037910163402557366
v 0.02688912674784661 -0.05700531974434854 -0.03617666661739349
v 0.021799651905894283 -0.057050772011280074 -0.037910163402557366
v 0.018904842436313633 -0.05701928958296777 -0.040928889065980904
v 0.023880463093519218 -0.056998111307621016 -0.03824613988399505
v 0.02688912674784661 -0.05700531974434854 -0.03617666661739349
v 0.018904842436313633 -0.05701928958296777 -0.040928889065980904
v 0.021838231012225155 -0.056450780481100096 -0.039497032761573785
v 0.023880463093519218 -0.056998111307621016 -0.03824613988399505
v 0.02135836705565453 -0.05694512650370599 -0.039747081696987145
v 0.02135836705565453 -0.05694512650370599 -0.039747081696987145
v 0.023880463093519218 -0.056998111307621016 -0.03824613988399505
v 0.018904842436313633 -0.05701928958296777 -0.040928889065980904
v 0.02135836705565453 -0.05694512650370599 -0.039747081696987145
v 0.018904842436313633 -0.05701928958296777 -0.040928889065980904
v 0.0202588327229023 -0.056450780481100096 -0.040333092212676995
v 0.02135836705565453 -0.05694512650370599 -0.039747081696987145
v 0.022664699703454975 0.014381857588887218 -0.04130410403013229
v 0.021838231012225155 -0.056450780481100096 -0.039497032761573785
v 0.02135836705565453 -0.05694512650370599 -0.039747081696987145
v 0.0202588327229023 -0.056450780481100096 -0.040333092212676995
v 0.022664699703454975 0.014381857588887218 -0.04130410403013229
v -0.003558038268238307 0.014442666433751587 -0.04684586822986602
v -0.007014622446149589 0.014239872805774215 -0.046499390155076974
v -0.00455597322434187 0.03891676664352418 -0.043856419622898095
v -0.003558038268238307 0.014442666433751587 -0.04684586822986602
v -0.0037025490310043105 0.012621864676475528 -0.047010388225316994
v -0.007014622446149589 0.014239872805774215 -0.046499390155076974
v -0.003558038268238307 0.014442666433751587 -0.04684586822986602
v -0.0005606733029708267 0.01297373324632645 -0.04713856801390647
v -0.0037025490310043105 0.012621864676475528 -0.047010388225316994
v -0.00455597322434187 0.03891676664352418 -0.043856419622898095
v 0.00013673158537130806 0.03856879100203515 -0.04413339868187904
v -0.003558038268238307 0.014442666433751587 -0.04684586822986602
v 0.00013673158537130806 0.03856879100203515 -0.04413339868187904
v -0.0005606733029708267 0.01297373324632645 -0.04713856801390647
v -0.003558038268238307 0.014442666433751587 -0.04684586822986602
v 0.0027885572053492074 -0.05699318647384645 -0.04502269253134727
v 0.0008291474077850582 0.012173214927315715 -0.04714932292699813
v 0.0015202322974801068 0.01254560519009829 -0.047132000327110284
v 0.0044190334156155595 0.011711352504789831 -0.04690648615360259
v 0.004552443977445365 -0.05645079165697099 -0.044920489192008965
v 0.0015202322974801068 0.01254560519009829 -0.047132000327110284
v 0.004552443977445365 -0.05645079165697099 -0.044920489192008965
v 0.0027885572053492074 -0.05699318647384645 -0.04502269253134727
v 0.0015202322974801068 0.01254560519009829 -0.047132000327110284
v 0.0015202322974801068 0.01254560519009829 -0.047132000327110284
v 0.005903561599552633 0.012379348278045658 -0.046782281249761574
v 0.0044190334156155595 0.011711352504789831 -0.04690648615360259
v 0.003758866339921952 0.014381538145244125 -0.046847384423017495
v 0.005903561599552633 0.012379348278045658 -0.046782281249761574
v 0.0015202322974801068 0.01254560519009829 -0.047132000327110284
v 0.0015202322974801068 0.01254560519009829 -0.047132000327110284
v 0.0008291474077850582 0.012173214927315715 -0.04714932292699813
v -0.0005606733029708267 0.01297373324632645 -0.04713856801390647
v 0.0015202322974801068 0.01254560519009829 -0.047132000327110284
v 7.94342558947392e-05 0.014452692121267322 -0.046964608132839196
v 0.003758866339921952 0.014381538145244125 -0.046847384423017495
v 7.94342558947392e-05 0.014452692121267322 -0.046964608132839196
v 0.0015202322974801068 0.01254560519009829 -0.047132000327110284
v -0.0005606733029708267 0.01297373324632645 -0.04713856801390647
v 0.009126629680395128 0.038646426051855094 -0.04319589585065841
v 0.010966358706355097 0.014775139279663566 -0.04571441933512687
v 0.007355838082730772 0.014517636038362983 -0.04642490297555923
v 0.039469722658395774 -0.05701738595962526 -0.021677611395716664
v 0.035855062305927284 -0.057011410593986525 -0.027249656617641446
v 0.03764231875538827 -0.05699626356363298 -0.024737970903515812
v 0.039469722658395774 -0.05701738595962526 -0.021677611395716664
v 0.037758141756057746 -0.05705076456069948 -0.021951653063297268
v 0.035855062305927284 -0.057011410593986525 -0.027249656617641446
v 0.039469722658395774 -0.05701738595962526 -0.021677611395716664
v 0.03764231875538827 -0.05699626356363298 -0.024737970903515812
v 0.0381884127855301 -0.0564507730305195 -0.023955017328262326
v 0.040400605648756034 -0.0564507730305195 -0.019969429820775982
v 0.040818501263856895 -0.05694648995995523 -0.019065031781792637
v 0.039469722658395774 -0.05701738595962526 -0.021677611395716664
v 0.0381884127855301 -0.0564507730305195 -0.023955017328262326
v 0.04058159142732621 0.021708942949771885 -0.023860074579715725
v 0.039469722658395774 -0.05701738595962526 -0.021677611395716664
v 0.04058159142732621 0.021708942949771885 -0.023860074579715725
v 0.040400605648756034 -0.0564507730305195 -0.019969429820775982
v 0.039469722658395774 -0.05701738595962526 -0.021677611395716664
v 0.03339903056621552 -0.057050768285989775 -0.02817711420357227
v 0.037758141756057746 -0.05705076456069948 -0.021951653063297268
v 0.04096998646855355 -0.05705076456069948 -0.015063834376633166
v 0.0217996146529913 -0.05705078691244127 0.037606272846460335
v 0.03339903056621552 -0.057050768285989775 -0.02817711420357227
v 0.04096998646855355 -0.05705076456069948 -0.015063834376633166
v 0.04096998646855355 -0.05705076456069948 -0.015063834376633166
v 0.04293697327375413 -0.05705076456069948 0.007419012952595948
v 0.0217996146529913 -0.05705078691244127 0.037606272846460335
v 0.04096998646855355 -0.05705076456069948 -0.015063834376633166
v 0.042936980724334724 -0.05705076083540918 -0.007722895126789807
v 0.04293697327375413 -0.05705076456069948 0.007419012952595948
v 0.043150071054697044 -0.05701454728841783 -0.01276199985295534
v 0.042936980724334724 -0.05705076083540918 -0.007722895126789807
v 0.04096998646855355 -0.05705076456069948 -0.015063834376633166
v 0.04096998646855355 -0.05705076456069948 -0.015063834376633166
v 0.039469722658395774 -0.05701738595962526 -0.021677611395716664
v 0.043150071054697044 -0.05701454728841783 -0.01276199985295534
v 0.037758141756057746 -0.05705076456069948 -0.021951653063297268
v 0.039469722658395774 -0.05701738595962526 -0.021677611395716664
v 0.04096998646855355 -0.05705076456069948 -0.015063834376633166
v 0.04058159142732621 0.021708942949771885 -0.023860074579715725
v 0.0386258214712143 0.021155197173357013 -0.026891633868217465
v 0.03956540301442147 0.0227597001940012 -0.025320615619421002
v 0.03495837002992631 0.04208559542894364 -0.026971001178026196
v 0.03758982941508294 0.04176264256238938 -0.0234450027346611
v 0.03956540301442147 0.0227597001940012 -0.025320615619421002
v 0.03728491440415383 0.04372075200080872 -0.023255566135048863
v 0.039540298283100135 0.04212461784482003 -0.020096004009246823
v 0.03758982941508294 0.04176264256238938 -0.0234450027346611
v 0.03758982941508294 0.04176264256238938 -0.0234450027346611
v 0.03495837002992631 0.04208559542894364 -0.026971001178026196
v 0.03728491440415383 0.04372075200080872 -0.023255566135048863
v 0.04164757952094079 0.04297714307904244 -0.015330667607486246
v 0.042891539633274085 0.025146879255771644 -0.01916001364588737
v 0.039540298283100135 0.04212461784482003 -0.020096004009246823
v 0.04164757952094079 0.04297714307904244 -0.015330667607486246
v 0.042936496436595924 0.043642487376928336 -0.011303255334496496
v 0.04524089768528939 0.027676589787006385 -0.012582880444824694
v 0.04164757952094079 0.04297714307904244 -0.015330667607486246
v 0.04255680367350579 0.04543593525886536 -0.011425642296671866
v 0.042936496436595924 0.043642487376928336 -0.011303255334496496
v 0.04164757952094079 0.04297714307904244 -0.015330667607486246
v 0.04119179397821427 0.04483707994222642 -0.015536149963736532
v 0.04255680367350579 0.04543593525886536 -0.011425642296671866
v 0.03535204753279687 0.04800250753760339 -0.022402074187994
v 0.03634246438741685 0.049757815897464766 -0.018429476767778393
v 0.03746606037020684 0.04842072725296022 -0.018854681402444836
v 0.034252453595399864 0.04938187822699548 -0.021851323544979092
v 0.03634246438741685 0.049757815897464766 -0.018429476767778393
v 0.03535204753279687 0.04800250753760339 -0.022402074187994
v 0.041886255145072944 -0.05699707940220834 -0.016490945592522618
v 0.04100466892123223 -0.0564507730305195 -0.018687246367335316
v 0.04219821840524674 -0.0564507693052292 -0.01578048430383205
v 0.041886255145072944 -0.05699707940220834 -0.016490945592522618
v 0.040818501263856895 -0.05694648995995523 -0.019065031781792637
v 0.04100466892123223 -0.0564507730305195 -0.018687246367335316
v 0.04219821840524674 -0.0564507693052292 -0.01578048430383205
v 0.043150071054697044 -0.05701454728841783 -0.01276199985295534
v 0.041886255145072944 -0.05699707940220834 -0.016490945592522618
v 0.041886255145072944 -0.05699707940220834 -0.016490945592522618
v 0.043150071054697044 -0.05701454728841783 -0.01276199985295534
v 0.039469722658395774 -0.05701738595962526 -0.021677611395716664
v 0.041886255145072944 -0.05699707940220834 -0.016490945592522618
v 0.039469722658395774 -0.05701738595962526 -0.021677611395716664
v 0.040818501263856895 -0.05694648995995523 -0.019065031781792637
v 0.037433322519063957 0.053120370954275145 -0.006717506330460309
v 0.036366976797580726 0.0527801774442196 -0.010291299782693384
v 0.03550259396433831 0.0534934736788273 -0.008203322067856787
v 0.039366200566291816 0.05377462133765222 0.00458152126520872
v 0.03895524889230729 0.05415804684162141 0.008421391248703001
v 0.04092922434210778 0.052688404917716994 0.004842896480113267
v 0.03064869530498982 0.01579683087766171 0.26806449890136713
v 0.03199279680848122 0.017352510243654255 0.2662429511547088
v 0.030290622264146812 0.01651319116353989 0.26846459507942194
v 0.035654757171869285 0.045891076326370246 0.251023918390274
v 0.03492203727364541 0.04760146886110307 0.2525612115859985
v 0.03477247059345246 0.04576660320162774 0.254224419593811
v 0.03857866674661637 0.023699019104242332 0.2507952153682708
v 0.035654757171869285 0.045891076326370246 0.251023918390274
v 0.03477247059345246 0.04576660320162774 0.254224419593811
v 0.035654757171869285 0.045891076326370246 0.251023918390274
v 0.039153207093477256 0.024743273854255683 0.2472504675388336
v 0.0361982323229313 0.04594992101192475 0.24819278717041013
v 0.035654757171869285 0.045891076326370246 0.251023918390274
v 0.03857866674661637 0.023699019104242332 0.2507952153682708
v 0.039153207093477256 0.024743273854255683 0.2472504675388336
v 0.03434771671891213 0.049169339239597334 0.25254073739051813
v 0.033442422747612006 0.04957325384020807 0.2546455860137939
v 0.0341651700437069 0.047461468726396575 0.2549431920051574
v 0.0341651700437069 0.047461468726396575 0.2549431920051574
v 0.03492203727364541 0.04760146886110307 0.2525612115859985
v 0.03434771671891213 0.049169339239597334 0.25254073739051813
v 0.03434771671891213 0.049169339239597334 0.25254073739051813
v 0.034735184162855155 0.049817569553852095 0.250095248222351
v 0.033442422747612006 0.04957325384020807 0.2546455860137939
v 0.03477247059345246 0.04576660320162774 0.254224419593811
v 0.0341651700437069 0.047461468726396575 0.2549431920051574
v 0.033247329294681556 0.0473243147134781 0.25726637244224543
v 0.033247329294681556 0.0473243147134781 0.25726637244224543
v 0.03339683637022973 0.0452733300626278 0.2578004598617553
v 0.03477247059345246 0.04576660320162774 0.254224419593811
v 0.03217794746160508 0.04719070345163347 0.25950503349304194
v 0.03339683637022973 0.0452733300626278 0.2578004598617553
v 0.033247329294681556 0.0473243147134781 0.25726637244224543
v 0.033247329294681556 0.0473243147134781 0.25726637244224543
v 0.0341651700437069 0.047461468726396575 0.2549431920051574
v 0.033442422747612006 0.04957325384020807 0.2546455860137939
v 0.03426030650734902 0.05192904174327852 0.2452636212110519
v 0.03314029425382615 0.053175207227468504 0.2451406270265579
v 0.03357996419072152 0.05173421278595926 0.24987201392650601
v 0.03357996419072152 0.05173421278595926 0.24987201392650601
v 0.03218751028180123 0.05166413635015489 0.25429549813270563
v 0.033442422747612006 0.04957325384020807 0.2546455860137939
v 0.034735184162855155 0.049817569553852095 0.250095248222351
v 0.03357996419072152 0.05173421278595926 0.24987201392650601
v 0.033442422747612006 0.04957325384020807 0.2546455860137939
v 0.03552098199725152 0.05019487813115121 0.24288389086723325
v 0.03426030650734902 0.05192904174327852 0.2452636212110519
v 0.03543834388256074 0.049975410103797926 0.24551331996917722
v 0.03426030650734902 0.05192904174327852 0.2452636212110519
v 0.03357996419072152 0.05173421278595926 0.24987201392650601
v 0.03543834388256074 0.049975410103797926 0.24551331996917722
v 0.03543834388256074 0.049975410103797926 0.24551331996917722
v 0.03357996419072152 0.05173421278595926 0.24987201392650601
v 0.034735184162855155 0.049817569553852095 0.250095248222351
v 0.03543834388256074 0.049975410103797926 0.24551331996917722
v 0.036188185214996345 0.04803210496902467 0.24523302912712094
v 0.03552098199725152 0.05019487813115121 0.24288389086723325
v 0.019324775785207752 0.05623670667409898 0.25946500897407526
v 0.015363718383014206 0.05600480735301973 0.2641533017158508
v 0.020110975950956348 0.05564403906464578 0.2620620131492614
v 0.015363718383014206 0.05600480735301973 0.2641533017158508
v 0.018004329875111583 0.05518876761198045 0.2652864456176757
v 0.020110975950956348 0.05564403906464578 0.2620620131492614
v 0.03245087713003159 0.04953589290380479 0.25703835487365717
v 0.033442422747612006 0.04957325384020807 0.2546455860137939
v 0.03218751028180123 0.05166413635015489 0.25429549813270563
v 0.03218751028180123 0.05166413635015489 0.25429549813270563
v 0.030558750033378608 0.05096201598644258 0.25881424546241755
v 0.03245087713003159 0.04953589290380479 0.25703835487365717
v 0.03245087713003159 0.04953589290380479 0.25703835487365717
v 0.030558750033378608 0.05096201598644258 0.25881424546241755
v 0.031266521662473686 0.04935586452484132 0.25949192047119135
v 0.03245087713003159 0.04953589290380479 0.25703835487365717
v 0.033247329294681556 0.0473243147134781 0.25726637244224543
v 0.033442422747612006 0.04957325384020807 0.2546455860137939
v 0.03245087713003159 0.04953589290380479 0.25703835487365717
v 0.031266521662473686 0.04935586452484132 0.25949192047119135
v 0.03217794746160508 0.04719070345163347 0.25950503349304194
v 0.03217794746160508 0.04719070345163347 0.25950503349304194
v 0.033247329294681556 0.0473243147134781 0.25726637244224543
v 0.03245087713003159 0.04953589290380479 0.25703835487365717
v 0.027170576155185706 0.052315846085548415 0.26199144124984736
v 0.030558750033378608 0.05096201598644258 0.25881424546241755
v 0.029538422822952277 0.05241973325610162 0.2582657635211944
v 0.028040261939167983 0.05081240460276605 0.26280626654624933
v 0.030558750033378608 0.05096201598644258 0.25881424546241755
v 0.027170576155185706 0.052315846085548415 0.26199144124984736
v 0.027170576155185706 0.052315846085548415 0.26199144124984736
v 0.02591818757355214 0.053601026535034194 0.26128751039505
v 0.02351734973490239 0.0531243570148945 0.26486131548881525
v 0.027170576155185706 0.052315846085548415 0.26199144124984736
v 0.024749573320150382 0.05117395147681238 0.2662003636360168
v 0.028040261939167983 0.05081240460276605 0.26280626654624933
v 0.027170576155185706 0.052315846085548415 0.26199144124984736
v 0.02351734973490239 0.0531243570148945 0.26486131548881525
v 0.024749573320150382 0.05117395147681238 0.2662003636360168
v 0.03061866573989392 0.053381081670522704 0.25387862324714655
v 0.02831264771521092 0.05367494747042657 0.2576309740543365
v 0.029538422822952277 0.05241973325610162 0.2582657635211944
v 0.02831264771521092 0.05367494747042657 0.2576309740543365
v 0.027170576155185706 0.052315846085548415 0.26199144124984736
v 0.029538422822952277 0.05241973325610162 0.2582657635211944
v 0.027170576155185706 0.052315846085548415 0.26199144124984736
v 0.02831264771521092 0.05367494747042657 0.2576309740543365
v 0.02591818757355214 0.053601026535034194 0.26128751039505
v 0.020110975950956348 0.05564403906464578 0.2620620131492614
v 0.018004329875111583 0.05518876761198045 0.2652864456176757
v 0.02186752483248711 0.05463419854640962 0.26350548863410944
v 0.02186752483248711 0.05463419854640962 0.26350548863410944
v 0.02351734973490239 0.0531243570148945 0.26486131548881525
v 0.02591818757355214 0.053601026535034194 0.26128751039505
v 0.02186752483248711 0.05463419854640962 0.26350548863410944
v 0.022736344486474994 0.05565438419580461 0.25925815105438227
v 0.020110975950956348 0.05564403906464578 0.2620620131492614
v 0.024105282500386245 0.01100743841379881 0.2743720412254333
v 0.023230778053402904 -0.05351622402668001 0.2728182673454284
v 0.025847591459751136 0.011539475060999395 0.27294507622718805
v 0.024105282500386245 0.01100743841379881 0.2743720412254333
v 0.022961154580116275 0.012904442846775058 0.27535042166709894
v 0.023230778053402904 -0.05351622402668001 0.2728182673454284
v 0.011241490952670576 0.01172726042568684 0.2810602486133575
v 0.007309884764254095 0.011625454761087896 0.2819706499576568
v 0.007275059819221498 0.010183109901845457 0.2820609509944915
v 0.011241490952670576 0.01172726042568684 0.2810602486133575
v 0.007275059819221498 0.010183109901845457 0.2820609509944915
v 0.01167593151330948 0.008363623172044756 0.2808746993541717
v 0.012684666551649574 0.010789731517434122 0.28063020110130305
v 0.011241490952670576 0.01172726042568684 0.2810602486133575
v 0.01167593151330948 0.008363623172044756 0.2808746993541717
v 0.011241490952670576 0.01172726042568684 0.2810602486133575
v 0.012684666551649574 0.010789731517434122 0.28063020110130305
v 0.013528087176382545 0.011939420364797119 0.280297964811325
v 0.036663021892309196 0.020656296983361248 0.25766310095787043
v 0.03638815134763718 0.017370013520121578 0.25808906555175776
v 0.0343771055340767 -0.05351972952485086 0.25834193825721735
v 0.0343771055340767 -0.05351972952485086 0.25834193825721735
v 0.03638815134763718 0.017370013520121578 0.25808906555175776
v 0.03507459908723832 0.019356867298483852 0.26116096973419184
v 0.028025075793266303 -0.057050772011280074 0.03324716165661811
v 0.023911209776997573 -0.054000828415155425 0.2718913555145263
v 0.020132636651396755 -0.05703911185264589 0.03999143466353416
v 0.033193007111549384 0.018123729154467586 0.26446360349655146
v 0.032291043549776084 -0.053516227751970305 0.26243928074836725
v 0.033965196460485465 0.017520276829600338 0.2632439732551574
v 0.03507459908723832 0.019356867298483852 0.26116096973419184
v 0.033193007111549384 0.018123729154467586 0.26446360349655146
v 0.033965196460485465 0.017520276829600338 0.2632439732551574
v 0.033965196460485465 0.017520276829600338 0.2632439732551574
v 0.0343771055340767 -0.05351972952485086 0.25834193825721735
v 0.03507459908723832 0.019356867298483852 0.26116096973419184
v 0.033965196460485465 0.017520276829600338 0.2632439732551574
v 0.032291043549776084 -0.053516227751970305 0.26243928074836725
v 0.0343771055340767 -0.05351972952485086 0.25834193825721735
v 0.015335449948906902 -0.053536817431449904 0.2775942981243133
v 0.01802899688482285 0.011696266010403635 0.278370976448059
v 0.0151508366689086 0.00887411553412676 0.2796092331409454
v 0.015335449948906902 -0.053536817431449904 0.2775942981243133
v 0.019433617591857914 -0.0534997656941414 0.27545750141143793
v 0.01802899688482285 0.011696266010403635 0.278370976448059
v 0.0151508366689086 0.00887411553412676 0.2796092331409454
v 0.012684666551649574 0.010789731517434122 0.28063020110130305
v 0.015335449948906902 -0.053536817431449904 0.2775942981243133
v -0.032215908169746406 -0.05400085821747781 0.2619946897029876
v -0.0284966565668583 -0.054000854492187514 0.26730632781982416
v -0.030133305117487914 -0.053519785404205336 0.26569303870201105
v -0.030133305117487914 -0.053519785404205336 0.26569303870201105
v -0.032628603279590614 -0.05353305116295816 0.2618460059165954
v -0.032215908169746406 -0.05400085821747781 0.2619946897029876
v -0.0284966565668583 -0.054000854492187514 0.26730632781982416
v -0.032215908169746406 -0.05400085821747781 0.2619946897029876
v -0.03651560842990876 -0.057044129818677916 0.025989694520831105
v -0.032215908169746406 -0.05400085821747781 0.2619946897029876
v -0.032628603279590614 -0.05353305116295816 0.2618460059165954
v -0.034636754542589195 -0.05355003476142885 0.2577098608016967
v -0.034636754542589195 -0.05355003476142885 0.2577098608016967
v -0.03495628014206887 -0.05400085821747781 0.2561178505420684
v -0.032215908169746406 -0.05400085821747781 0.2619946897029876
v -0.032215908169746406 -0.05400085821747781 0.2619946897029876
v -0.04147452488541604 -0.05704007670283319 0.01707014627754688
v -0.03651560842990876 -0.057044129818677916 0.025989694520831105
v -0.032215908169746406 -0.05400085821747781 0.2619946897029876
v -0.03495628014206887 -0.05400085821747781 0.2561178505420684
v -0.04147452488541604 -0.05704007670283319 0.01707014627754688
v -0.014260584488511089 0.014993877150118354 -0.044800430536270135
v -0.017582958564162258 0.015533264726400379 -0.043603125959634774
v -0.013732537627220157 0.03888602927327157 -0.04197374358773231
v -0.013732537627220157 0.03888602927327157 -0.04197374358773231
v -0.017582958564162258 0.015533264726400379 -0.043603125959634774
v -0.017607301473617557 0.03903529793024064 -0.040515709668397897
v -0.013732537627220157 0.03888602927327157 -0.04197374358773231
v -0.017533382400870327 0.041330929845571525 -0.04010388627648353
v -0.013359439559280876 0.04111160710453988 -0.04166169092059135
v -0.017607301473617557 0.03903529793024064 -0.040515709668397897
v -0.017533382400870327 0.041330929845571525 -0.04010388627648353
v -0.013732537627220157 0.03888602927327157 -0.04197374358773231
v -0.013359439559280876 0.04111160710453988 -0.04166169092059135
v -0.009048679843544962 0.03902509063482285 -0.04316003248095512
v -0.013732537627220157 0.03888602927327157 -0.04197374358773231
v -0.009048679843544962 0.03902509063482285 -0.04316003248095512
v -0.010846206918358805 0.03784826397895814 -0.042857427150011056
v -0.013732537627220157 0.03888602927327157 -0.04197374358773231
v -0.013732537627220157 0.03888602927327157 -0.04197374358773231
v -0.01064744219183922 0.014641717076301578 -0.04579206928610801
v -0.014260584488511089 0.014993877150118354 -0.044800430536270135
v -0.013732537627220157 0.03888602927327157 -0.04197374358773231
v -0.010846206918358805 0.03784826397895814 -0.042857427150011056
v -0.01064744219183922 0.014641717076301578 -0.04579206928610801
v -0.01894408464431763 0.014541543088853363 -0.04314841702580451
v -0.017582958564162258 0.015533264726400379 -0.043603125959634774
v -0.017157180234789852 0.013766794465482238 -0.04390615224838256
v -0.017157180234789852 0.013766794465482238 -0.04390615224838256
v -0.018761908635497097 0.013259323313832286 -0.04319621250033378
v -0.01894408464431763 0.014541543088853363 -0.04314841702580451
v -0.017157180234789852 0.013766794465482238 -0.04390615224838256
v -0.017745854333043102 -0.05645080283284189 -0.041504532098770135
v -0.018761908635497097 0.013259323313832286 -0.04319621250033378
v -0.012909927405416969 0.043626919388771064 -0.04084010794758796
v -0.0090477392077446 0.0409517027437687 -0.042790532112121575
v -0.013359439559280876 0.04111160710453988 -0.04166169092059135
v -0.012909927405416969 0.043626919388771064 -0.04084010794758796
v -0.008652613498270513 0.04352157562971116 -0.0419129729270935
v -0.0090477392077446 0.0409517027437687 -0.042790532112121575
v -0.03434311226010323 0.018019387498497966 -0.032219242304563515
v -0.0326153226196766 -0.05645081400871278 -0.03115506842732429
v -0.03417016938328744 -0.057004049420356764 -0.02936061471700668
v -0.03434311226010323 0.018019387498497966 -0.032219242304563515
v -0.03417016938328744 -0.057004049420356764 -0.02936061471700668
v -0.03501123562455178 -0.05645081400871278 -0.02842149324715137
v -0.04432987049221993 -0.05704087764024736 -0.007384758442640304
v -0.04319738224148751 -0.05700914934277536 -0.012614143081009386
v -0.04147290438413621 -0.0570400543510914 -0.0173816867172718
v -0.04432987049221993 -0.05704087764024736 -0.007384758442640304
v -0.04147290438413621 -0.0570400543510914 -0.0173816867172718
v -0.040970142930746085 -0.05705080926418306 -0.015063860453665255
v -0.040970142930746085 -0.05705080926418306 -0.015063860453665255
v -0.042937144637107856 -0.05705080926418306 -0.007722923066467046
v -0.04432987049221993 -0.05704087764024736 -0.007384758442640304
v -0.04432987049221993 -0.05704087764024736 -0.007384758442640304
v -0.044846799224615104 -0.05700149014592172 -0.0031671384349465366
v -0.044573470950126655 -0.05689676851034166 -0.006311170756816863
v -0.04432987049221993 -0.05704087764024736 -0.007384758442640304
v -0.042937144637107856 -0.05705080926418306 -0.007722923066467046
v -0.04359951987862588 -0.05705081298947336 -0.00015196172171272335
v -0.044573470950126655 -0.05689676851034166 -0.006311170756816863
v -0.04401836171746255 -0.05689724907279016 -0.009483868256211279
v -0.04432987049221993 -0.05704087764024736 -0.007384758442640304
v -0.04401836171746255 -0.05689724907279016 -0.009483868256211279
v -0.04319738224148751 -0.05700914934277536 -0.012614143081009386
v -0.04432987049221993 -0.05704087764024736 -0.007384758442640304
v -0.04495284333825112 -0.05700512602925302 4.21492732129991e-05
v -0.044846799224615104 -0.05700149014592172 -0.0031671384349465366
v -0.04432987049221993 -0.05704087764024736 -0.007384758442640304
v -0.04432987049221993 -0.05704087764024736 -0.007384758442640304
v -0.044451203197240836 -0.05701176822185518 0.006477065384387969
v -0.04495284333825112 -0.05700512602925302 4.21492732129991e-05
v -0.044451203197240836 -0.05701176822185518 0.006477065384387969
v -0.04432987049221993 -0.05704087764024736 -0.007384758442640304
v -0.04359951987862588 -0.05705081298947336 -0.00015196172171272335
v -0.04105401411652566 0.021921601146459583 -0.023027911782264706
v -0.04040075466036797 -0.05645081773400308 -0.01996945589780807
v -0.04198231920599938 0.021992633119225505 -0.02115744352340698
v -0.04486609622836114 0.02534624561667443 -0.014077760279178618
v -0.04356298595666886 -0.05645081773400308 -0.011431168764829634
v -0.045825202018022544 0.02686790749430657 -0.010593960992991923
v -0.02154602482914925 0.0394081398844719 -0.03857047855854034
v -0.021033704280853275 0.016197344288229946 -0.04202991351485252
v -0.024171663448214538 0.01688279025256634 -0.04030301794409751
v -0.02154602482914925 0.0394081398844719 -0.03857047855854034
v -0.024171663448214538 0.01688279025256634 -0.04030301794409751
v -0.025972357019782073 0.016948787495493892 -0.039212152361869805
v -0.02154602482914925 0.0394081398844719 -0.03857047855854034
v -0.017607301473617557 0.03903529793024064 -0.040515709668397897
v -0.021033704280853275 0.016197344288229946 -0.04202991351485252
v -0.02154602482914925 0.0394081398844719 -0.03857047855854034
v -0.017533382400870327 0.041330929845571525 -0.04010388627648353
v -0.017607301473617557 0.03903529793024064 -0.040515709668397897
v -0.02154602482914925 0.0394081398844719 -0.03857047855854034
v -0.021538075059652332 0.041605588048696525 -0.03812602534890174
v -0.017533382400870327 0.041330929845571525 -0.04010388627648353
v -0.020905705168843273 0.044064167886972434 -0.03744458407163619
v -0.017533382400870327 0.041330929845571525 -0.04010388627648353
v -0.021538075059652332 0.041605588048696525 -0.03812602534890174
v -0.024171663448214538 0.01688279025256634 -0.04030301794409751
v -0.021033704280853275 0.016197344288229946 -0.04202991351485252
v -0.021692547947168354 0.014380754902958873 -0.04186479747295379
v -0.021692547947168354 0.014380754902958873 -0.04186479747295379
v -0.021033704280853275 0.016197344288229946 -0.04202991351485252
v -0.01894408464431763 0.014541543088853363 -0.04314841702580451
v -0.018761908635497097 0.013259323313832286 -0.04319621250033378
v -0.021692547947168354 0.014380754902958873 -0.04186479747295379
v -0.01894408464431763 0.014541543088853363 -0.04314841702580451
v -0.021692547947168354 0.014380754902958873 -0.04186479747295379
v -0.018761908635497097 0.013259323313832286 -0.04319621250033378
v -0.018915001302957538 -0.05689729750156404 -0.040979970246553414
v -0.021838381886482242 -0.056450806558132186 -0.03949704766273498
v -0.021692547947168354 0.014380754902958873 -0.04186479747295379
v -0.018915001302957538 -0.05689729750156404 -0.040979970246553414
v -0.021692547947168354 0.014380754902958873 -0.04186479747295379
v -0.021838381886482242 -0.056450806558132186 -0.03949704766273498
v -0.023593598976731307 -0.056450806558132186 -0.03847027197480201
v -0.027971642091870315 0.01574306190013886 -0.037898924201726907
v -0.027359157800674445 -0.0569983907043934 -0.03582997247576713
v -0.02905069664120675 0.01664241030812264 -0.03711071610450744
v -0.027971642091870315 0.01574306190013886 -0.037898924201726907
v -0.02570681273937226 -0.056450806558132186 -0.037085827440023415
v -0.027359157800674445 -0.0569983907043934 -0.03582997247576713
v -0.02731797099113465 0.017808038741350177 -0.038201972842216485
v -0.025972357019782073 0.016948787495493892 -0.039212152361869805
v -0.02905069664120675 0.01664241030812264 -0.03711071610450744
v -0.037435457110404975 0.05490374192595483 0.012143000960350035
v -0.03639428317546845 0.05526263639330865 0.014987399801611899
v -0.036289859563112266 0.05528973042964937 0.01156434044241905
v -0.036289859563112266 0.05528973042964937 0.01156434044241905
v -0.03639428317546845 0.05526263639330865 0.014987399801611899
v -0.03535343706607819 0.05559836700558664 0.0144595131278038
v -0.03519928827881814 0.05551187694072725 0.011398150585591791
v -0.03629621863365174 0.05495573207736017 0.005701931659132241
v -0.036289859563112266 0.05528973042964937 0.01156434044241905
v -0.03519928827881814 0.05551187694072725 0.011398150585591791
v -0.03535343706607819 0.05559836700558664 0.0144595131278038
v -0.03414259105920792 0.05578532069921495 0.014093695208430288
v -0.03519928827881814 0.05551187694072725 0.011398150585591791
v -0.036289859563112266 0.05528973042964937 0.01156434044241905
v -0.03535343706607819 0.05559836700558664 0.0144595131278038
v -0.02762462198734284 0.05617228150367738 0.23906718194484708
v -0.026911523193120963 0.056163117289543166 0.24675276875495908
v -0.025483410805463798 0.056331887841224684 0.24569848179817197
v -0.026911523193120963 0.056163117289543166 0.24675276875495908
v -0.024312436580657966 0.056151006370782866 0.2535443007946014
v -0.025483410805463798 0.056331887841224684 0.24569848179817197
v -0.026911523193120963 0.056163117289543166 0.24675276875495908
v -0.02668276801705361 0.0557554103434086 0.2524309158325195
v -0.024312436580657966 0.056151006370782866 0.2535443007946014
v -0.02800188027322293 0.055773489177227034 0.24872796237468717
v -0.02668276801705361 0.0557554103434086 0.2524309158325195
v -0.026911523193120963 0.056163117289543166 0.24675276875495908
v -0.03489522635936738 0.05459772795438768 0.0001666786120040342
v -0.034438557922840125 0.05369902402162553 -0.008313454687595366
v -0.036325659602880485 0.05445537716150285 0.00025548375560902054
v -0.027657510712742812 0.05264469236135484 -0.02020652592182159
v -0.023723904043436057 0.05272227898240091 -0.021332325413823124
v -0.022864464670419696 0.05222728475928308 -0.024888658896088597
v -0.023723904043436057 0.05272227898240091 -0.021332325413823124
v -0.01607756689190865 0.052241709083318724 -0.026805454865097996
v -0.022864464670419696 0.05222728475928308 -0.024888658896088597
v -0.027954230085015304 0.0447753518819809 0.26644682884216303
v -0.029913522303104408 0.04494875669479371 0.26391017436981196
v -0.0310655813664198 0.016959974542260173 0.2674815952777862
v -0.029684530571103103 0.016223821789026264 0.2691713869571685
v -0.027954230085015304 0.0447753518819809 0.26644682884216303
v -0.0310655813664198 0.016959974542260173 0.2674815952777862
v -0.027954230085015304 0.0447753518819809 0.26644682884216303
v -0.029684530571103103 0.016223821789026264 0.2691713869571685
v -0.02657675929367543 0.0448049120604992 0.267939805984497
v -0.018725262954831127 0.05465936288237573 0.26607164740562433
v -0.021832700818777088 0.05469511076807977 0.26338967680931086
v -0.023261966183781627 0.053208529949188246 0.2649736404418945
v -0.020323498174548153 0.05568196624517442 0.2617084085941314
v -0.021286109462380413 0.05613961815834047 0.25797215104103083
v -0.022850515320897106 0.055747862905263915 0.25871151685714716
v -0.020323498174548153 0.05568196624517442 0.2617084085941314
v -0.017726857215166095 0.05613370984792711 0.26159301400184626
v -0.021286109462380413 0.05613961815834047 0.25797215104103083
v -0.020323498174548153 0.05568196624517442 0.2617084085941314
v -0.022850515320897106 0.055747862905263915 0.25871151685714716
v -0.024581456556916244 0.054734919220209136 0.2602837979793548
v -0.020323498174548153 0.05568196624517442 0.2617084085941314
v -0.024581456556916244 0.054734919220209136 0.2602837979793548
v -0.021832700818777088 0.05469511076807977 0.26338967680931086
v -0.021832700818777088 0.05469511076807977 0.26338967680931086
v -0.018725262954831127 0.05465936288237573 0.26607164740562433
v -0.020323498174548153 0.05568196624517442 0.2617084085941314
v -0.016266778111457828 0.05308135971426965 0.2703153789043426
v -0.012724624946713451 0.052080035209655776 0.27314952015876764
v -0.012234549038112167 0.05345633625984193 0.2716750502586364
v -0.012724624946713451 0.052080035209655776 0.27314952015876764
v -0.013502473011612896 0.04990134388208391 0.2746602594852447
v -0.008907606825232508 0.050399847328662886 0.2758078277111053
v -0.012724624946713451 0.052080035209655776 0.27314952015876764
v -0.008907606825232508 0.050399847328662886 0.2758078277111053
v -0.008587926626205446 0.05202675610780717 0.27452957630157465
v -0.012234549038112167 0.05345633625984193 0.2716750502586364
v -0.012724624946713451 0.052080035209655776 0.27314952015876764
v -0.00815872196108103 0.05342546105384828 0.27302205562591547
v -0.012724624946713451 0.052080035209655776 0.27314952015876764
v -0.008587926626205446 0.05202675610780717 0.27452957630157465
v -0.00815872196108103 0.05342546105384828 0.27302205562591547
v -0.009417301043868067 0.04734791815280916 0.27735364437103266
v -0.011589677073061468 0.04805380851030351 0.27639091014862055
v -0.011835286393761638 0.04615286365151406 0.2770362794399261
v -0.011589677073061468 0.04805380851030351 0.27639091014862055
v -0.01409837976098061 0.04622758924961091 0.27616396546363825
v -0.011835286393761638 0.04615286365151406 0.2770362794399261
v -0.011589677073061468 0.04805380851030351 0.27639091014862055
v -0.013862227089703087 0.04810214787721635 0.2755247056484222
v -0.01409837976098061 0.04622758924961091 0.27616396546363825
v -0.013502473011612896 0.04990134388208391 0.2746602594852447
v -0.013862227089703087 0.04810214787721635 0.2755247056484222
v -0.011589677073061468 0.04805380851030351 0.27639091014862055
v -0.012136966921389106 0.034723658114671714 0.27865311503410334
v -0.011573025025427343 0.043917778879404075 0.2775535881519317
v -0.014525310136377815 0.03457997366786004 0.27778944373130793
v -0.01821990124881268 0.04822139069437982 0.2733259499073028
v -0.016378318890929226 0.04632635787129403 0.2750962674617767
v -0.016073219478130344 0.04815815016627313 0.2745028436183929
v -0.016073219478130344 0.04815815016627313 0.2745028436183929
v -0.016378318890929226 0.04632635787129403 0.2750962674617767
v -0.013862227089703087 0.04810214787721635 0.2755247056484222
v -0.016073219478130344 0.04815815016627313 0.2745028436183929
v -0.017917392775416378 0.049408365041017546 0.2728182673454284
v -0.01821990124881268 0.04822139069437982 0.2733259499073028
v -0.016073219478130344 0.04815815016627313 0.2745028436183929
v -0.013862227089703087 0.04810214787721635 0.2755247056484222
v -0.013502473011612896 0.04990134388208391 0.2746602594852447
v -0.013502473011612896 0.04990134388208391 0.2746602594852447
v -0.017917392775416378 0.049408365041017546 0.2728182673454284
v -0.016073219478130344 0.04815815016627313 0.2745028436183929
v -0.01645050942897797 0.044347010552883155 0.275484025478363
v -0.016378318890929226 0.04632635787129403 0.2750962674617767
v -0.018062870949506763 0.04423468187451363 0.2746478617191314
v -0.01645050942897797 0.044347010552883155 0.275484025478363
v -0.018062870949506763 0.04423468187451363 0.2746478617191314
v -0.0187516063451767 0.03476416692137719 0.27568781375885004
v -0.01645050942897797 0.044347010552883155 0.275484025478363
v -0.014495827257633213 0.04395364224910737 0.2764479219913482
v -0.01409837976098061 0.04622758924961091 0.27616396546363825
v -0.01409837976098061 0.04622758924961091 0.27616396546363825
v -0.016378318890929226 0.04632635787129403 0.2750962674617767
v -0.01645050942897797 0.044347010552883155 0.275484025478363
v -0.0187516063451767 0.03476416692137719 0.27568781375885004
v -0.014525310136377815 0.03457997366786004 0.27778944373130793
v -0.01645050942897797 0.044347010552883155 0.275484025478363
v -0.014495827257633213 0.04395364224910737 0.2764479219913482
v -0.01645050942897797 0.044347010552883155 0.275484025478363
v -0.014525310136377815 0.03457997366786004 0.27778944373130793
v -0.0016987138660624628 0.05571978166699411 0.2695085406303405
v 0.0028513863217085604 0.05572071671485902 0.2694921493530273
v -2.7651865821098916e-05 0.05583688616752626 0.26916041970252985
v -0.007788677699863912 0.05454282462596895 0.27140471339225763
v -0.004803355783224107 0.05454747006297113 0.2719994187355041
v -0.0035468991845846185 0.05533282831311227 0.27046999335288996
v -0.0035468991845846185 0.05533282831311227 0.27046999335288996
v -0.007063216995447876 0.05564382299780847 0.2690248787403106
v -0.007788677699863912 0.05454282462596895 0.27140471339225763
v -0.0035468991845846185 0.05533282831311227 0.27046999335288996
v -0.0016987138660624628 0.05571978166699411 0.2695085406303405
v -0.007063216995447876 0.05564382299780847 0.2690248787403106
v 0.00402201944962144 0.05506808310747148 0.2710351645946502
v -0.0035468991845846185 0.05533282831311227 0.27046999335288996
v -0.004803355783224107 0.05454747006297113 0.2719994187355041
v -0.0035468991845846185 0.05533282831311227 0.27046999335288996
v 0.00402201944962144 0.05506808310747148 0.2710351645946502
v 0.0028513863217085604 0.05572071671485902 0.2694921493530273
v 0.0028513863217085604 0.05572071671485902 0.2694921493530273
v -0.0016987138660624628 0.05571978166699411 0.2695085406303405
v -0.0035468991845846185 0.05533282831311227 0.27046999335288996
v -0.0031353502999991187 0.05612091347575189 0.2677048444747924
v -0.0016987138660624628 0.05571978166699411 0.2695085406303405
v -2.7651865821098916e-05 0.05583688616752626 0.26916041970252985
v -0.007063216995447876 0.05564382299780847 0.2690248787403106
v -0.0016987138660624628 0.05571978166699411 0.2695085406303405
v -0.0031353502999991187 0.05612091347575189 0.2677048444747924
v -0.010848307982087137 0.05564588680863382 0.2678199708461761
v -0.015283699147403244 0.05462857335805894 0.268322080373764
v -0.011604830622673036 0.054603550583124175 0.27008756995201105
v -0.007063216995447876 0.05564382299780847 0.2690248787403106
v -0.010848307982087137 0.05564588680863382 0.2678199708461761
v -0.011604830622673036 0.054603550583124175 0.27008756995201105
v -0.005972539540380241 0.05029606074094774 0.2765053212642669
v -0.0006998134194873274 0.04839762300252916 0.27859929203987116
v -0.00041498575592413555 0.05105735361576082 0.27693319320678705
v 0.00036337121855467563 0.05121533200144769 0.27683007717132563
v -0.0005990244098939003 0.05136673524975778 0.27655827999114985
v -0.00041498575592413555 0.05105735361576082 0.27693319320678705
v -0.005900254007428886 0.05144082009792329 0.2756164968013763
v -0.005972539540380241 0.05029606074094774 0.2765053212642669
v -0.00041498575592413555 0.05105735361576082 0.27693319320678705
v -0.00041498575592413555 0.05105735361576082 0.27693319320678705
v -0.005583479069173337 0.05311892926692964 0.2739554345607757
v -0.005900254007428886 0.05144082009792329 0.2756164968013763
v -0.00041498575592413555 0.05105735361576082 0.27693319320678705
v -0.0005990244098939003 0.05136673524975778 0.27655827999114985
v -0.005583479069173337 0.05311892926692964 0.2739554345607757
v -0.006866184994578363 0.04798199236392976 0.2776545882225036
v -0.0006998134194873274 0.04839762300252916 0.27859929203987116
v -0.00515944603830576 0.04924964532256128 0.27729216217994684
v -0.006866184994578363 0.04798199236392976 0.2776545882225036
v -0.009417301043868067 0.04734791815280916 0.27735364437103266
v -0.006981165148317816 0.046128802001476295 0.27832171320915217
v -0.008056925609707834 0.007968304678797724 0.28180560469627375
v -0.010033352300524713 0.010562846437096597 0.28143623471260065
v -0.00724910292774439 -0.05350279808044435 0.2801781594753265
v -0.0036381506361067304 0.011169677600264551 0.28252586722373957
v -6.435273826355116e-05 0.011268251575529577 0.28267922997474665
v -0.00028734398074448114 0.04404063895344735 0.2799720168113708
v -0.0036381506361067304 0.011169677600264551 0.28252586722373957
v -0.0042000673711299905 0.010039544664323332 0.2825141251087188
v -6.435273826355116e-05 0.011268251575529577 0.28267922997474665
v -0.0042000673711299905 0.010039544664323332 0.2825141251087188
v -0.003295678412541748 0.007734699640423061 0.2825202345848083
v -6.435273826355116e-05 0.011268251575529577 0.28267922997474665
v -0.003295678412541748 0.007734699640423061 0.2825202345848083
v 0.0015225815586745743 0.009958668611943724 0.28271484374999994
v -6.435273826355116e-05 0.011268251575529577 0.28267922997474665
v -0.003295678412541748 0.007734699640423061 0.2825202345848083
v 0.00043425962212495517 0.007652484811842443 0.282644897699356
v 0.0015225815586745743 0.009958668611943724 0.28271484374999994
v -0.003295678412541748 0.007734699640423061 0.2825202345848083
v -0.0027106681372970347 -0.05354953929781915 0.2807753384113311
v 0.00043425962212495517 0.007652484811842443 0.282644897699356
v -0.003295678412541748 0.007734699640423061 0.2825202345848083
v -0.0042000673711299905 0.010039544664323332 0.2825141251087188
v -0.0027106681372970347 -0.05354953929781915 0.2807753384113311
v -0.02526750601828099 0.014722335152328018 0.2734985947608947
v -0.022179098799824718 0.013777997344732288 0.27584010362625117
v -0.02229302935302258 0.03495261818170548 0.2733629643917083
v -0.02526750601828099 0.014722335152328018 0.2734985947608947
v -0.025492386892437942 0.013699065893888477 0.2733697295188903
v -0.022179098799824718 0.013777997344732288 0.27584010362625117
v -0.02526750601828099 0.014722335152328018 0.2734985947608947
v -0.02229302935302258 0.03495261818170548 0.2733629643917083
v -0.02457298524677754 0.034721549600362785 0.2716228067874908
v -0.015707809478044513 0.012597830034792427 0.27938550710678095
v -0.014525310136377815 0.03457997366786004 0.27778944373130793
v -0.019047500565648082 0.013011135160923008 0.27775743603706354
v -0.015707809478044513 0.012597830034792427 0.27938550710678095
v -0.019047500565648082 0.013011135160923008 0.27775743603706354
v -0.015568595379590992 0.01122433226555586 0.2795330882072448
v -0.015707809478044513 0.012597830034792427 0.27938550710678095
v -0.015568595379590992 0.01122433226555586 0.2795330882072448
v -0.012021897360682491 0.012027543969452385 0.28078791499137873
v -0.012021897360682491 0.012027543969452385 0.28078791499137873
v -0.012136966921389106 0.034723658114671714 0.27865311503410334
v -0.015707809478044513 0.012597830034792427 0.27938550710678095
v -0.015707809478044513 0.012597830034792427 0.27938550710678095
v -0.012136966921389106 0.034723658114671714 0.27865311503410334
v -0.014525310136377815 0.03457997366786004 0.27778944373130793
v -0.032844450324773795 0.016993610188364986 0.26504835486412043
v -0.03339001908898354 0.0182904563844204 0.2641602456569671
v -0.03463518992066384 0.015875192359089855 0.2618688344955444
v -0.03140547871589661 0.0452646166086197 0.26159328222274775
v -0.03486044704914094 0.019564254209399227 0.2614575028419494
v -0.03339001908898354 0.0182904563844204 0.2641602456569671
v -0.03339001908898354 0.0182904563844204 0.2641602456569671
v -0.029913522303104408 0.04494875669479371 0.26391017436981196
v -0.03140547871589661 0.0452646166086197 0.26159328222274775
v -0.0310655813664198 0.016959974542260173 0.2674815952777862
v -0.029913522303104408 0.04494875669479371 0.26391017436981196
v -0.03339001908898354 0.0182904563844204 0.2641602456569671
v -0.03339001908898354 0.0182904563844204 0.2641602456569671
v -0.032844450324773795 0.016993610188364986 0.26504835486412043
v -0.0310655813664198 0.016959974542260173 0.2674815952777862
v -0.03522520512342454 0.019451683387160305 0.26085305213928217
v -0.035706005990505225 0.019238062202930454 0.25989156961441034
v -0.03463518992066384 0.015875192359089855 0.2618688344955444
v -0.03339001908898354 0.0182904563844204 0.2641602456569671
v -0.03522520512342454 0.019451683387160305 0.26085305213928217
v -0.03463518992066384 0.015875192359089855 0.2618688344955444
v -0.03522520512342454 0.019451683387160305 0.26085305213928217
v -0.03339001908898354 0.0182904563844204 0.2641602456569671
v -0.03486044704914094 0.019564254209399227 0.2614575028419494
v -0.03522520512342454 0.019451683387160305 0.26085305213928217
v -0.03140547871589661 0.0452646166086197 0.26159328222274775
v -0.0328381471335888 0.04556861892342568 0.258935272693634
v -0.03522520512342454 0.019451683387160305 0.26085305213928217
v -0.03486044704914094 0.019564254209399227 0.2614575028419494
v -0.03140547871589661 0.0452646166086197 0.26159328222274775
v -0.03522520512342454 0.019451683387160305 0.26085305213928217
v -0.0328381471335888 0.04556861892342568 0.258935272693634
v -0.03658152744174004 0.02081457152962685 0.2577883899211883
v -0.035706005990505225 0.019238062202930454 0.25989156961441034
v -0.03522520512342454 0.019451683387160305 0.26085305213928217
v -0.03658152744174004 0.02081457152962685 0.2577883899211883
v -0.028883876278996475 0.014953495003283027 0.27008631825447077
v -0.02818110771477223 0.012395851314067844 0.2707070708274841
v -0.02790846675634385 0.015564290806651119 0.2710883021354675
v -0.02790846675634385 0.015564290806651119 0.2710883021354675
v -0.02818110771477223 0.012395851314067844 0.2707070708274841
v -0.025492386892437942 0.013699065893888477 0.2733697295188903
v -0.02790846675634385 0.015564290806651119 0.2710883021354675
v -0.029684530571103103 0.016223821789026264 0.2691713869571685
v -0.028883876278996475 0.014953495003283027 0.27008631825447077
v -0.02790846675634385 0.015564290806651119 0.2710883021354675
v -0.025492386892437942 0.013699065893888477 0.2733697295188903
v -0.02526750601828099 0.014722335152328018 0.2734985947608947
v -0.02457298524677754 0.034721549600362785 0.2716228067874908
v -0.029684530571103103 0.016223821789026264 0.2691713869571685
v -0.02790846675634385 0.015564290806651119 0.2710883021354675
v -0.02790846675634385 0.015564290806651119 0.2710883021354675
v -0.02526750601828099 0.014722335152328018 0.2734985947608947
v -0.02457298524677754 0.034721549600362785 0.2716228067874908
v -0.041252478957176215 0.04841042309999467 -0.011289021931588648
v -0.04276039823889733 0.047993056476116194 -0.007242895197123288
v -0.041616320610046394 0.04980694875121118 -0.007207848131656646
v -0.041252478957176215 0.04841042309999467 -0.011289021931588648
v -0.041616320610046394 0.04980694875121118 -0.007207848131656646
v -0.03989887237548829 0.05018637701869012 -0.011078021489083765
v -0.041252478957176215 0.04841042309999467 -0.011289021931588648
v -0.03989887237548829 0.05018637701869012 -0.011078021489083765
v -0.039241954684257514 0.048866853117942824 -0.015075855888426302
v -0.046691659837961204 0.034674901515245445 0.003895716508850455
v -0.046927604824304595 0.03302524983882905 0.0015751954633742569
v -0.03934391215443612 0.026043009012937553 0.24346283078193662
v -0.046927604824304595 0.03302524983882905 0.0015751954633742569
v -0.046982847154140486 0.03086738288402558 -0.0016365126939490435
v -0.0469803884625435 0.031206438317894943 0.00046973707503639156
v -0.028211416676640517 0.05508797615766527 0.2529397010803222
v -0.030039502307772643 0.054870240390300765 0.24913895130157468
v -0.029676768928766258 0.05414615944027902 0.253592163324356
v -0.03145410120487214 0.053902320563793196 0.24942144751548764
v -0.029676768928766258 0.05414615944027902 0.253592163324356
v -0.030039502307772643 0.054870240390300765 0.24913895130157468
v -0.02617351710796357 0.053284581750631346 0.26162376999855036
v -0.021832700818777088 0.05469511076807977 0.26338967680931086
v -0.024581456556916244 0.054734919220209136 0.2602837979793548
v -0.023261966183781627 0.053208529949188246 0.2649736404418945
v -0.021832700818777088 0.05469511076807977 0.26338967680931086
v -0.02617351710796357 0.053284581750631346 0.26162376999855036
v -0.02617351710796357 0.053284581750631346 0.26162376999855036
v -0.024661434814333923 0.05131210014224054 0.2661356925964355
v -0.023261966183781627 0.053208529949188246 0.2649736404418945
v -0.024661434814333923 0.05131210014224054 0.2661356925964355
v -0.02617351710796357 0.053284581750631346 0.26162376999855036
v -0.027682907879352577 0.05143393203616144 0.2625592350959777
v -0.02853194251656533 0.04984041675925256 0.2631577849388122
v -0.027682907879352577 0.05143393203616144 0.2625592350959777
v -0.030243240296840675 0.051479108631610884 0.2586481571197509
v -0.03428668528795243 0.052158970385789885 0.24048236012458798
v -0.03483406081795693 0.05113182961940767 0.24517045915126798
v -0.033842887729406364 0.05242945626378061 0.2451916933059692
v -0.03483406081795693 0.05113182961940767 0.24517045915126798
v -0.03428668528795243 0.052158970385789885 0.24048236012458798
v -0.03545087948441506 0.05034311488270761 0.2425955682992935
v -0.03483406081795693 0.05113182961940767 0.24517045915126798
v -0.03545087948441506 0.05034311488270761 0.2425955682992935
v -0.03561073541641236 0.04961418733000757 0.2453203052282333
v -0.03483406081795693 0.05113182961940767 0.24517045915126798
v -0.03412276133894921 0.05087896436452867 0.25008645653724665
v -0.033842887729406364 0.05242945626378061 0.2451916933059692
v -0.03896011784672738 0.05415609106421472 0.008400220423936842
v -0.04042565822601319 0.053127273917198195 0.008819066919386385
v -0.031017977744340904 0.05496855452656747 0.24072366952896115
v -0.03896011784672738 0.05415609106421472 0.008400220423936842
v -0.031017977744340904 0.05496855452656747 0.24072366952896115
v -0.037435457110404975 0.05490374192595483 0.012143000960350035
v -0.0416579656302929 0.05180584266781808 0.009209655225276945
v -0.04224718734622002 0.05130235478281976 0.005122130271047353
v -0.03428668528795243 0.052158970385789885 0.24048236012458798
v -0.0416579656302929 0.05180584266781808 0.009209655225276945
v -0.04042565822601319 0.053127273917198195 0.008819066919386385
v -0.04224718734622002 0.05130235478281976 0.005122130271047353
v -0.0416579656302929 0.05180584266781808 0.009209655225276945
v -0.03428668528795243 0.052158970385789885 0.24048236012458798
v -0.04042565822601319 0.053127273917198195 0.008819066919386385
v -0.04224718734622002 0.05130235478281976 0.005122130271047353
v -0.04042565822601319 0.053127273917198195 0.008819066919386385
v -0.040931709110736854 0.05268831551074983 0.00483760330826044
v -0.040931709110736854 0.05268831551074983 0.00483760330826044
v -0.0393708385527134 0.053771391510963454 0.004547152202576398
v -0.04104911908507348 0.05225111916661264 0.0008548711775802075
v -0.040931709110736854 0.05268831551074983 0.00483760330826044
v -0.03896011784672738 0.05415609106421472 0.008400220423936842
v -0.0393708385527134 0.053771391510963454 0.004547152202576398
v -0.040931709110736854 0.05268831551074983 0.00483760330826044
v -0.04042565822601319 0.053127273917198195 0.008819066919386385
v -0.03896011784672738 0.05415609106421472 0.008400220423936842
v -0.040931709110736854 0.05268831551074983 0.00483760330826044
v -0.042437579482793815 0.050800308585166945 0.0010199248790740965
v -0.04224718734622002 0.05130235478281976 0.005122130271047353
v -0.042437579482793815 0.050800308585166945 0.0010199248790740965
v -0.040931709110736854 0.05268831551074983 0.00483760330826044
v -0.04104911908507348 0.05225111916661264 0.0008548711775802075
v -0.042437579482793815 0.050800308585166945 0.0010199248790740965
v -0.043492011725902564 0.04912738129496576 0.0011953612556681035
v -0.04224718734622002 0.05130235478281976 0.005122130271047353
v -0.04324180632829667 0.04970108345150949 0.005386031698435544
v -0.03624780103564263 0.048263423144817366 0.24285513162612912
v -0.03545087948441506 0.05034311488270761 0.2425955682992935
v -0.04324180632829667 0.04970108345150949 0.005386031698435544
v -0.03545087948441506 0.05034311488270761 0.2425955682992935
v -0.04224718734622002 0.05130235478281976 0.005122130271047353
v -0.04224718734622002 0.05130235478281976 0.005122130271047353
v -0.043492011725902564 0.04912738129496576 0.0011953612556681035
v -0.04324180632829667 0.04970108345150949 0.005386031698435544
v -0.04324180632829667 0.04970108345150949 0.005386031698435544
v -0.043492011725902564 0.04912738129496576 0.0011953612556681035
v -0.04417606815695763 0.04734279587864877 0.0013711953070014713
v -0.04417606815695763 0.04734279587864877 0.0013711953070014713
v -0.043492011725902564 0.04912738129496576 0.0011953612556681035
v -0.044055085629224784 0.046696916222572334 -0.00292240479029715
v -0.044055085629224784 0.046696916222572334 -0.00292240479029715
v -0.0444023720920086 0.045034211128950126 -0.0025496687740087505
v -0.04417606815695763 0.04734279587864877 0.0013711953070014713
v -0.043331697583198554 0.048555906862020506 -0.0030349108856171365
v -0.04222661256790162 0.05030009523034097 -0.00310995546169579
v -0.04276039823889733 0.047993056476116194 -0.007242895197123288
v -0.043331697583198554 0.048555906862020506 -0.0030349108856171365
v -0.044055085629224784 0.046696916222572334 -0.00292240479029715
v -0.043492011725902564 0.04912738129496576 0.0011953612556681035
v -0.043331697583198554 0.048555906862020506 -0.0030349108856171365
v -0.042437579482793815 0.050800308585166945 0.0010199248790740965
v -0.04222661256790162 0.05030009523034097 -0.00310995546169579
v -0.043492011725902564 0.04912738129496576 0.0011953612556681035
v -0.042437579482793815 0.050800308585166945 0.0010199248790740965
v -0.043331697583198554 0.048555906862020506 -0.0030349108856171365
v -0.03412276133894921 0.05087896436452867 0.25008645653724665
v -0.0327972061932087 0.05268955230712892 0.24963732063770291
v -0.033842887729406364 0.05242945626378061 0.2451916933059692
v -0.0327972061932087 0.05268955230712892 0.24963732063770291
v -0.03267088159918786 0.053634930402040495 0.24499660730361936
v -0.033842887729406364 0.05242945626378061 0.2451916933059692
v -0.0327972061932087 0.05268955230712892 0.24963732063770291
v -0.03145410120487214 0.053902320563793196 0.24942144751548764
v -0.03267088159918786 0.053634930402040495 0.24499660730361936
v -0.03430803120136262 0.04926574230194093 0.25252932310104365
v -0.03412276133894921 0.05087896436452867 0.25008645653724665
v -0.0349067933857441 0.04938064888119699 0.25015524029731745
v -0.03486201167106629 0.04769339039921762 0.252677708864212
v -0.0340963937342167 0.04755512252449991 0.25505667924880976
v -0.03430803120136262 0.04926574230194093 0.25252932310104365
v -0.03430803120136262 0.04926574230194093 0.25252932310104365
v -0.0349067933857441 0.04938064888119699 0.25015524029731745
v -0.03486201167106629 0.04769339039921762 0.252677708864212
v -0.03486201167106629 0.04769339039921762 0.252677708864212
v -0.0349067933857441 0.04938064888119699 0.25015524029731745
v -0.035460487008094795 0.047833830118179335 0.25026375055313105
v -0.03486201167106629 0.04769339039921762 0.252677708864212
v -0.035460487008094795 0.047833830118179335 0.25026375055313105
v -0.03520385175943375 0.045791726559400565 0.2527723312377929
v -0.03486201167106629 0.04769339039921762 0.252677708864212
v -0.03520385175943375 0.045791726559400565 0.2527723312377929
v -0.0340963937342167 0.04755512252449991 0.25505667924880976
v -0.00164143939036876 -0.05703895539045335 -0.04503130540251731
v -0.006844839546829464 -0.05699737370014192 -0.04458919912576675
v -0.0034403023310005673 -0.05691339820623399 -0.045014709234237664
v -0.012441787868738178 -0.05701965838670732 -0.043340984731912606
v -0.006844839546829464 -0.05699737370014192 -0.04458919912576675
v -0.00164143939036876 -0.05703895539045335 -0.04503130540251731
v -0.006844839546829464 -0.05699737370014192 -0.04458919912576675
v -0.004552585538476706 -0.05645079538226129 -0.044920489192008965
v -0.0034403023310005673 -0.05691339820623399 -0.045014709234237664
v -0.006844839546829464 -0.05699737370014192 -0.04458919912576675
v -0.009058387950062754 -0.05645079910755159 -0.044230233877897256
v -0.00806807540357113 0.012803420424461368 -0.0464576706290245
v -0.006844839546829464 -0.05699737370014192 -0.04458919912576675
v -0.00806807540357113 0.012803420424461368 -0.0464576706290245
v -0.006417116150259973 0.011855667456984523 -0.04666874557733535
v -0.006844839546829464 -0.05699737370014192 -0.04458919912576675
v -0.006417116150259973 0.011855667456984523 -0.04666874557733535
v -0.004552585538476706 -0.05645079538226129 -0.044920489192008965
v 0.038566958159208305 0.020283317193388942 0.25066214799880976
v 0.0369839370250702 -0.053515814244747176 0.24952697753906247
v 0.039153207093477256 0.024743273854255683 0.2472504675388336
v 0.03828788176178933 0.02193868532776833 0.2524316310882568
v 0.0369839370250702 -0.053515814244747176 0.24952697753906247
v 0.038566958159208305 0.020283317193388942 0.25066214799880976
v 0.038566958159208305 0.020283317193388942 0.25066214799880976
v 0.039153207093477256 0.024743273854255683 0.2472504675388336
v 0.03857866674661637 0.023699019104242332 0.2507952153682708
v 0.038566958159208305 0.020283317193388942 0.25066214799880976
v 0.03857866674661637 0.023699019104242332 0.2507952153682708
v 0.03828788176178933 0.02193868532776833 0.2524316310882568
v 0.04682709276676179 0.03342515230178834 0.00030054998933337623
v 0.04444239661097527 0.04596890881657601 0.0014022861141711471
v 0.04672862961888314 0.034429717808961875 0.003823884297162294
v 0.044177684932947166 0.04733248427510263 0.0013214451028034089
v 0.04444239661097527 0.04596890881657601 0.0014022861141711471
v 0.04682709276676179 0.03342515230178834 0.00030054998933337623
v 0.04682709276676179 0.03342515230178834 0.00030054998933337623
v 0.046846203505992896 0.03352372348308564 0.003313103690743446
v 0.047001186758279814 0.03179416805505753 0.0008959011756815015
v 0.046846203505992896 0.03352372348308564 0.003313103690743446
v 0.04682709276676179 0.03342515230178834 0.00030054998933337623
v 0.04672862961888314 0.034429717808961875 0.003823884297162294
v 0.04255680367350579 0.04543593525886536 -0.011425642296671866
v 0.04351205378770829 0.04605542495846749 -0.007222456857562064
v 0.042936496436595924 0.043642487376928336 -0.011303255334496496
v 0.04609345272183419 0.029053589329123504 -0.008960855193436144
v 0.04647447913885117 0.028505876660346992 -0.007212295662611722
v 0.04608056321740151 0.028438847512006767 -0.009204493835568426
v 0.04608056321740151 0.028438847512006767 -0.009204493835568426
v 0.04553751647472382 0.02675993740558625 -0.011798760853707789
v 0.04609345272183419 0.029053589329123504 -0.008960855193436144
v 0.04581285640597344 0.026738218963146217 -0.01048053242266178
v 0.04647447913885117 0.028505876660346992 -0.007212295662611722
v 0.04390710592269898 -0.05694586411118509 -0.009953173808753489
v 0.04390710592269898 -0.05694586411118509 -0.009953173808753489
v 0.04553751647472382 0.02675993740558625 -0.011798760853707789
v 0.04581285640597344 0.026738218963146217 -0.01048053242266178
v 0.04581285640597344 0.026738218963146217 -0.01048053242266178
v 0.04608056321740151 0.028438847512006767 -0.009204493835568426
v 0.04647447913885117 0.028505876660346992 -0.007212295662611722
v 0.04553751647472382 0.02675993740558625 -0.011798760853707789
v 0.04608056321740151 0.028438847512006767 -0.009204493835568426
v 0.04581285640597344 0.026738218963146217 -0.01048053242266178
v 0.04243678599596024 0.05079602822661401 0.0009804125875234602
v 0.041048109531402595 0.05224874615669252 0.0008311594719998537
v 0.04092922434210778 0.052688404917716994 0.004842896480113267
v 0.041048109531402595 0.05224874615669252 0.0008311594719998537
v 0.039366200566291816 0.05377462133765222 0.00458152126520872
v 0.04092922434210778 0.052688404917716994 0.004842896480113267
v 0.03940532356500626 0.05338985100388528 0.0007161110988818108
v 0.039366200566291816 0.05377462133765222 0.00458152126520872
v 0.041048109531402595 0.05224874615669252 0.0008311594719998537
v 0.032725505530834205 0.052898440510034575 -0.014748496934771536
v 0.03126369789242745 0.051850158721208586 -0.020075006410479542
v 0.028785519301891334 0.052365034818649306 -0.020609620958566662
v 0.027947135269641883 0.05267681181430818 -0.019853647798299786
v 0.032725505530834205 0.052898440510034575 -0.014748496934771536
v 0.028785519301891334 0.052365034818649306 -0.020609620958566662
v -0.004251803271472455 0.0519281066954136 -0.03040279261767864
v -0.009506599977612497 0.05161235108971597 -0.03176703304052352
v -0.01607756689190865 0.052241709083318724 -0.026805454865097996
v -0.004251803271472455 0.0519281066954136 -0.03040279261767864
v -0.01607756689190865 0.052241709083318724 -0.026805454865097996
v -0.023723904043436057 0.05272227898240091 -0.021332325413823124
v 0.03481681644916535 0.055021930485963835 0.004921247251331805
v -0.004251803271472455 0.0519281066954136 -0.03040279261767864
v -0.023723904043436057 0.05272227898240091 -0.021332325413823124
v -0.004251803271472455 0.0519281066954136 -0.03040279261767864
v 0.03481681644916535 0.055021930485963835 0.004921247251331805
v 0.006413167342543604 0.05195969715714456 -0.030043086037039753
v 0.005452662706375123 0.05154852941632272 -0.032519768923521035
v 0.006413167342543604 0.05195969715714456 -0.030043086037039753
v 0.011620027013123037 0.051673185080289855 -0.03107225894927978
v 0.005452662706375123 0.05154852941632272 -0.032519768923521035
v -0.004251803271472455 0.0519281066954136 -0.03040279261767864
v 0.006413167342543604 0.05195969715714456 -0.030043086037039753
v 0.0034461396280676135 0.05103046447038652 -0.03432134166359901
v 0.008940561674535276 0.05068430677056314 -0.03449601680040359
v 0.004738907795399428 0.05017594248056413 -0.03608715906739234
v 0.0034461396280676135 0.05103046447038652 -0.03432134166359901
v 0.004738907795399428 0.05017594248056413 -0.03608715906739234
v -0.00419496512040496 0.05067074298858644 -0.03514857217669486
v 0.005452662706375123 0.05154852941632272 -0.032519768923521035
v 0.0034461396280676135 0.05103046447038652 -0.03432134166359901
v 0.0015585619257763032 0.05143464356660844 -0.033177081495523446
v 0.03126369789242745 0.051850158721208586 -0.020075006410479542
v 0.028971012681722648 0.05157626420259477 -0.02296006493270397
v 0.028785519301891334 0.052365034818649306 -0.020609620958566662
v 0.028971012681722648 0.05157626420259477 -0.02296006493270397
v 0.02643059007823468 0.051325600594282164 -0.02560043334960937
v 0.028785519301891334 0.052365034818649306 -0.020609620958566662
v 0.028971012681722648 0.05157626420259477 -0.02296006493270397
v 0.03126369789242745 0.051850158721208586 -0.020075006410479542
v 0.030677199363708503 0.050283230841159834 -0.024235099554061886
v 0.00018803664715960627 0.04733119904994966 -0.04063024371862411
v 0.004350551404058934 0.04341730102896691 -0.04257449135184287
v 6.424636922020001e-06 0.043353881686925895 -0.04280757158994674
v 0.016975058242678646 0.043819539248943336 -0.03935157507658004
v 0.01730691455304623 0.041336525231599815 -0.04019451513886451
v 0.012891761958599094 0.04362666234374047 -0.0408443734049797
v 0.004738907795399428 0.05017594248056413 -0.03608715906739234
v 0.008940561674535276 0.05068430677056314 -0.03449601680040359
v 0.00745711335912347 0.04964700341224672 -0.03666780143976211
v 0.03417427837848664 0.05577988922595979 0.014143716543912886
v 0.03481681644916535 0.055021930485963835 0.004921247251331805
v 0.030195193365216262 0.05654414743185045 0.02267736196517944
v 0.03817310556769372 0.054537333548069014 0.012293294072151182
v 0.03670293092727662 0.05517355725169183 0.011433934792876242
v 0.030152708292007453 0.05540147796273233 0.24071979522705075
v 0.03895524889230729 0.05415804684162141 0.008421391248703001
v 0.03670293092727662 0.05517355725169183 0.011433934792876242
v 0.03817310556769372 0.054537333548069014 0.012293294072151182
v 0.031555492430925376 0.05463165044784547 0.24067178368568418
v 0.03817310556769372 0.054537333548069014 0.012293294072151182
v 0.030152708292007453 0.05540147796273233 0.24071979522705075
v 0.03817310556769372 0.054537333548069014 0.012293294072151182
v 0.031555492430925376 0.05463165044784547 0.24067178368568418
v 0.03895524889230729 0.05415804684162141 0.008421391248703001
v 0.03626672178506852 0.05530953034758569 0.014938900247216223
v 0.02827293425798417 0.05603674426674844 0.23884372413158414
v 0.030152708292007453 0.05540147796273233 0.24071979522705075
v 0.03626672178506852 0.05530953034758569 0.014938900247216223
v 0.030152708292007453 0.05540147796273233 0.24071979522705075
v 0.03670293092727662 0.05517355725169183 0.011433934792876242
v 0.03626672178506852 0.05530953034758569 0.014938900247216223
v 0.03517112135887147 0.05563618987798692 0.014426540583372114
v 0.02827293425798417 0.05603674426674844 0.23884372413158414
v 0.03670293092727662 0.05517355725169183 0.011433934792876242
v 0.03517112135887147 0.05563618987798692 0.014426540583372114
v 0.03626672178506852 0.05530953034758569 0.014938900247216223
v -0.012191420421004299 0.057871397584676756 0.03757934644818305
v 0.03481681644916535 0.055021930485963835 0.004921247251331805
v -0.0306550469249487 0.05350556224584581 -0.012374912388622759
v -0.0306550469249487 0.05350556224584581 -0.012374912388622759
v 0.03481681644916535 0.055021930485963835 0.004921247251331805
v -0.023723904043436057 0.05272227898240091 -0.021332325413823124
v -0.025588143616914756 0.057082451879978194 0.028569590300321576
v -0.012191420421004299 0.057871397584676756 0.03757934644818305
v -0.0306550469249487 0.05350556224584581 -0.012374912388622759
v -0.0306550469249487 0.05350556224584581 -0.012374912388622759
v -0.03489522635936738 0.05459772795438768 0.0001666786120040342
v -0.025588143616914756 0.057082451879978194 0.028569590300321576
v -0.0306550469249487 0.05350556224584581 -0.012374912388622759
v -0.027657510712742812 0.05264469236135484 -0.02020652592182159
v -0.03157234191894532 0.05313939601182939 -0.014639001339673994
v -0.0306550469249487 0.05350556224584581 -0.012374912388622759
v -0.023723904043436057 0.05272227898240091 -0.021332325413823124
v -0.027657510712742812 0.05264469236135484 -0.02020652592182159
v -0.0306550469249487 0.05350556224584581 -0.012374912388622759
v -0.03157234191894532 0.05313939601182939 -0.014639001339673994
v -0.034438557922840125 0.05369902402162553 -0.008313454687595366
v -0.034438557922840125 0.05369902402162553 -0.008313454687595366
v -0.03489522635936738 0.05459772795438768 0.0001666786120040342
v -0.0306550469249487 0.05350556224584581 -0.012374912388622759
v 0.03612406179308892 0.05435271933674814 -0.0009703959221951662
v 0.03458833321928979 0.053741768002510085 -0.007840466685593126
v 0.0332721658051014 0.05404495075345041 -0.006212077569216489
v 0.0332721658051014 0.05404495075345041 -0.006212077569216489
v 0.03481681644916535 0.055021930485963835 0.004921247251331805
v 0.03612406179308892 0.05435271933674814 -0.0009703959221951662
v 0.03612406179308892 0.05435271933674814 -0.0009703959221951662
v 0.03550259396433831 0.0534934736788273 -0.008203322067856787
v 0.03458833321928979 0.053741768002510085 -0.007840466685593126
v 0.024122720584273345 0.05599499493837358 0.2553871870040893
v 0.019324775785207752 0.05623670667409898 0.25946500897407526
v 0.022736344486474994 0.05565438419580461 0.25925815105438227
v 0.03314029425382615 0.053175207227468504 0.2451406270265579
v 0.031745336949825294 0.05433047190308572 0.24511915445327756
v 0.031095376238226898 0.05419642105698587 0.24932138621807096
v 0.031745336949825294 0.05433047190308572 0.24511915445327756
v 0.031555492430925376 0.05463165044784547 0.24067178368568418
v 0.02992950007319451 0.055367916822433486 0.24486023187637326
v 0.031745336949825294 0.05433047190308572 0.24511915445327756
v 0.03314029425382615 0.053175207227468504 0.2451406270265579
v 0.032863564789295203 0.05366783961653711 0.24068678915500638
v 0.032863564789295203 0.05366783961653711 0.24068678915500638
v 0.031555492430925376 0.05463165044784547 0.24067178368568418
v 0.031745336949825294 0.05433047190308572 0.24511915445327756
v 0.03024821542203427 0.017422407865524295 -0.0360947698354721
v 0.03160085156559945 0.017346866428852085 -0.03496412187814712
v 0.028361098840832717 0.016178507357835773 -0.03762934729456901
v 0.02457129210233689 0.044353723526000984 -0.03519195690751075
v 0.02801355347037316 0.04468898102641106 -0.03257640451192855
v 0.02508137561380864 0.04194461554288865 -0.03591251745820045
v 0.02508137561380864 0.04194461554288865 -0.03591251745820045
v 0.021296741440892223 0.041613336652517326 -0.038251478224992745
v 0.02457129210233689 0.044353723526000984 -0.03519195690751075
v 0.02508137561380864 0.04194461554288865 -0.03591251745820045
v 0.02163266018033028 0.039741277694702155 -0.03847402334213256
v 0.021296741440892223 0.041613336652517326 -0.038251478224992745
v 0.02163266018033028 0.039741277694702155 -0.03847402334213256
v 0.02508137561380864 0.04194461554288865 -0.03591251745820045
v 0.02561291120946408 0.03969209268689156 -0.03603409603238105
v 0.02163266018033028 0.039741277694702155 -0.03847402334213256
v 0.02648493833839894 0.017075555399060253 -0.038868177682161324
v 0.024028554558753974 0.016678016632795337 -0.0404142215847969
v 0.02561291120946408 0.03969209268689156 -0.03603409603238105
v 0.02648493833839894 0.017075555399060253 -0.038868177682161324
v 0.02163266018033028 0.039741277694702155 -0.03847402334213256
v 0.017306324094533924 0.0392042025923729 -0.040629282593727105
v 0.021296741440892223 0.041613336652517326 -0.038251478224992745
v 0.02163266018033028 0.039741277694702155 -0.03847402334213256
v 0.02163266018033028 0.039741277694702155 -0.03847402334213256
v 0.019432088360190395 0.038348004221916206 -0.03973740711808204
v 0.017306324094533924 0.0392042025923729 -0.040629282593727105
v 0.024028554558753974 0.016678016632795337 -0.0404142215847969
v 0.020952008664608005 0.016000634059309963 -0.04210450127720832
v 0.02163266018033028 0.039741277694702155 -0.03847402334213256
v 0.02163266018033028 0.039741277694702155 -0.03847402334213256
v 0.020952008664608005 0.016000634059309963 -0.04210450127720832
v 0.019432088360190395 0.038348004221916206 -0.03973740711808204
v 0.022664699703454975 0.014381857588887218 -0.04130410403013229
v 0.021112242713570598 0.013665246777236465 -0.04208611696958541
v 0.020114518702030185 0.01454266253858805 -0.04261888936161994
v 0.020114518702030185 0.01454266253858805 -0.04261888936161994
v 0.020952008664608005 0.016000634059309963 -0.04210450127720832
v 0.022664699703454975 0.014381857588887218 -0.04130410403013229
v 0.020114518702030185 0.01454266253858805 -0.04261888936161994
v 0.0202588327229023 -0.056450780481100096 -0.040333092212676995
v 0.019470574334263805 0.01379556301981211 -0.0429171361029148
v 0.021112242713570598 0.013665246777236465 -0.04208611696958541
v 0.0202588327229023 -0.056450780481100096 -0.040333092212676995
v 0.020114518702030185 0.01454266253858805 -0.04261888936161994
v 0.017700484022498134 0.015358200296759609 -0.04358300939202308
v 0.020114518702030185 0.01454266253858805 -0.04261888936161994
v 0.019470574334263805 0.01379556301981211 -0.0429171361029148
v 0.020114518702030185 0.01454266253858805 -0.04261888936161994
v 0.017700484022498134 0.015358200296759609 -0.04358300939202308
v 0.020952008664608005 0.016000634059309963 -0.04210450127720832
v 0.007856445387005808 0.013206134550273422 -0.04646947979927062
v 0.005903561599552633 0.012379348278045658 -0.046782281249761574
v 0.007355838082730772 0.014517636038362983 -0.04642490297555923
v 0.007856445387005808 0.013206134550273422 -0.04646947979927062
v 0.008941907435655596 0.012382687069475654 -0.04627526551485061
v 0.005903561599552633 0.012379348278045658 -0.046782281249761574
v 0.007856445387005808 0.013206134550273422 -0.04646947979927062
v 0.007355838082730772 0.014517636038362983 -0.04642490297555923
v 0.010966358706355097 0.014775139279663566 -0.04571441933512687
v 0.007856445387005808 0.013206134550273422 -0.04646947979927062
v 0.011573580093681814 0.012967537157237533 -0.04571228846907615
v 0.008941907435655596 0.012382687069475654 -0.04627526551485061
v 0.007856445387005808 0.013206134550273422 -0.04646947979927062
v 0.010966358706355097 0.014775139279663566 -0.04571441933512687
v 0.011573580093681814 0.012967537157237533 -0.04571228846907615
v 0.015908559784293178 0.013496722094714645 -0.04438334703445434
v 0.019470574334263805 0.01379556301981211 -0.0429171361029148
v 0.01774571277201176 -0.056450784206390395 -0.04150451719760894
v 0.019470574334263805 0.01379556301981211 -0.0429171361029148
v 0.0202588327229023 -0.056450780481100096 -0.040333092212676995
v 0.01774571277201176 -0.056450784206390395 -0.04150451719760894
v 0.01774571277201176 -0.056450784206390395 -0.04150451719760894
v 0.0202588327229023 -0.056450780481100096 -0.040333092212676995
v 0.018904842436313633 -0.05701928958296777 -0.040928889065980904
v 0.015443797223269943 -0.057003833353519454 -0.04236850887537002
v 0.018904842436313633 -0.05701928958296777 -0.040928889065980904
v 0.006689919158816339 -0.05701494216918947 -0.04460631310939788
v 0.006689919158816339 -0.05701494216918947 -0.04460631310939788
v 0.01207615435123444 -0.05699895322322847 -0.0434601679444313
v 0.015443797223269943 -0.057003833353519454 -0.04236850887537002
v 0.015443797223269943 -0.057003833353519454 -0.04236850887537002
v 0.01207615435123444 -0.05699895322322847 -0.0434601679444313
v 0.013471090234816078 -0.056450784206390395 -0.0430876575410366
v 0.015443797223269943 -0.057003833353519454 -0.04236850887537002
v 0.01774571277201176 -0.056450784206390395 -0.04150451719760894
v 0.018904842436313633 -0.05701928958296777 -0.040928889065980904
v 0.015443797223269943 -0.057003833353519454 -0.04236850887537002
v 0.013471090234816078 -0.056450784206390395 -0.0430876575410366
v 0.015908559784293178 0.013496722094714645 -0.04438334703445434
v 0.015908559784293178 0.013496722094714645 -0.04438334703445434
v 0.01774571277201176 -0.056450784206390395 -0.04150451719760894
v 0.015443797223269943 -0.057003833353519454 -0.04236850887537002
v 0.01317678485065699 -0.056450784206390395 -0.04317889735102653
v 0.01207615435123444 -0.05699895322322847 -0.0434601679444313
v 0.011573580093681814 0.012967537157237533 -0.04571228846907615
v 0.01317678485065699 -0.056450784206390395 -0.04317889735102653
v 0.013471090234816078 -0.056450784206390395 -0.0430876575410366
v 0.01207615435123444 -0.05699895322322847 -0.0434601679444313
v 0.011573580093681814 0.012967537157237533 -0.04571228846907615
v 0.014234119094908241 0.012538039125502113 -0.04490228369832038
v 0.01317678485065699 -0.056450784206390395 -0.04317889735102653
v 0.014234119094908241 0.012538039125502113 -0.04490228369832038
v 0.013471090234816078 -0.056450784206390395 -0.0430876575410366
v 0.01317678485065699 -0.056450784206390395 -0.04317889735102653
v 0.032615181058645255 -0.0564507767558098 -0.0311550460755825
v 0.03317080065608025 0.017118230462074283 -0.03337768092751502
v 0.0349484570324421 0.01887506060302258 -0.03157692775130271
v 0.032615181058645255 -0.0564507767558098 -0.0311550460755825
v 0.033868633210659034 -0.05699415132403375 -0.029717141762375828
v 0.031488746404647834 -0.057005379348993315 -0.032233845442533486
v 0.032615181058645255 -0.0564507767558098 -0.0311550460755825
v 0.0349484570324421 0.01887506060302258 -0.03157692775130271
v 0.033868633210659034 -0.05699415132403375 -0.029717141762375828
v 0.031627699732780463 0.018691096454858783 -0.03480339795351028
v 0.03401774168014527 0.01961110904812813 -0.03246531635522842
v 0.03160085156559945 0.017346866428852085 -0.03496412187814712
v 0.03160085156559945 0.017346866428852085 -0.03496412187814712
v 0.03024821542203427 0.017422407865524295 -0.0360947698354721
v 0.031627699732780463 0.018691096454858783 -0.03480339795351028
v 0.028361098840832717 0.016178507357835773 -0.03762934729456901
v 0.029311310499906547 -0.0564507767558098 -0.03429561853408813
v 0.026758076623082168 -0.056450780481100096 -0.036331344395875924
v 0.02688912674784661 -0.05700531974434854 -0.03617666661739349
v 0.026758076623082168 -0.056450780481100096 -0.036331344395875924
v 0.029311310499906547 -0.0564507767558098 -0.03429561853408813
v 0.026758076623082168 -0.056450780481100096 -0.036331344395875924
v 0.025706658139824874 -0.056450780481100096 -0.03708581253886222
v 0.028361098840832717 0.016178507357835773 -0.03762934729456901
v 0.026758076623082168 -0.056450780481100096 -0.036331344395875924
v 0.02688912674784661 -0.05700531974434854 -0.03617666661739349
v 0.025706658139824874 -0.056450780481100096 -0.03708581253886222
v 0.013117853552103046 0.04111588746309281 -0.04173146933317184
v 0.01730691455304623 0.041336525231599815 -0.04019451513886451
v 0.017306324094533924 0.0392042025923729 -0.040629282593727105
v 0.013117853552103046 0.04111588746309281 -0.04173146933317184
v 0.012891761958599094 0.04362666234374047 -0.0408443734049797
v 0.01730691455304623 0.041336525231599815 -0.04019451513886451
v 0.0043408782221376905 0.040854975581169135 -0.043512396514415734
v 6.424636922020001e-06 0.043353881686925895 -0.04280757158994674
v 0.004350551404058934 0.04341730102896691 -0.04257449135184287
v 0.0043408782221376905 0.040854975581169135 -0.043512396514415734
v -0.00011888168228324505 0.040820948779582984 -0.04372750595211982
v 6.424636922020001e-06 0.043353881686925895 -0.04280757158994674
v 0.0043408782221376905 0.040854975581169135 -0.043512396514415734
v 0.00013673158537130806 0.03856879100203515 -0.04413339868187904
v -0.00011888168228324505 0.040820948779582984 -0.04372750595211982
v 0.041353866457939155 0.0238412730395794 -0.02229027263820171
v 0.04186276718974114 0.023336229845881466 -0.021456673741340634
v 0.04058159142732621 0.021708942949771885 -0.023860074579715725
v 0.04058159142732621 0.021708942949771885 -0.023860074579715725
v 0.03956540301442147 0.0227597001940012 -0.025320615619421002
v 0.041353866457939155 0.0238412730395794 -0.02229027263820171
v 0.041353866457939155 0.0238412730395794 -0.02229027263820171
v 0.03956540301442147 0.0227597001940012 -0.025320615619421002
v 0.03758982941508294 0.04176264256238938 -0.0234450027346611
v 0.041353866457939155 0.0238412730395794 -0.02229027263820171
v 0.03758982941508294 0.04176264256238938 -0.0234450027346611
v 0.039540298283100135 0.04212461784482003 -0.020096004009246823
v 0.042891539633274085 0.025146879255771644 -0.01916001364588737
v 0.041353866457939155 0.0238412730395794 -0.02229027263820171
v 0.039540298283100135 0.04212461784482003 -0.020096004009246823
v 0.041353866457939155 0.0238412730395794 -0.02229027263820171
v 0.042891539633274085 0.025146879255771644 -0.01916001364588737
v 0.04186276718974114 0.023336229845881466 -0.021456673741340634
v 0.03712784871459008 0.021261190995574 -0.02882733382284641
v 0.0386258214712143 0.021155197173357013 -0.026891633868217465
v 0.03801822662353516 0.02024040557444096 -0.027792891487479206
v 0.03712784871459008 0.021261190995574 -0.02882733382284641
v 0.03956540301442147 0.0227597001940012 -0.025320615619421002
v 0.0386258214712143 0.021155197173357013 -0.026891633868217465
v 0.03712784871459008 0.021261190995574 -0.02882733382284641
v 0.03495837002992631 0.04208559542894364 -0.026971001178026196
v 0.03956540301442147 0.0227597001940012 -0.025320615619421002
v 0.03712784871459008 0.021261190995574 -0.02882733382284641
v 0.0349484570324421 0.01887506060302258 -0.03157692775130271
v 0.03513829410076142 0.02075060270726681 -0.031111456453800198
v 0.03712784871459008 0.021261190995574 -0.02882733382284641
v 0.03801822662353516 0.02024040557444096 -0.027792891487479206
v 0.036174014210700996 0.018858388066291813 -0.030118089169263836
v 0.0349484570324421 0.01887506060302258 -0.03157692775130271
v 0.03712784871459008 0.021261190995574 -0.02882733382284641
v 0.036174014210700996 0.018858388066291813 -0.030118089169263836
v 0.03401774168014527 0.01961110904812813 -0.03246531635522842
v 0.03220982104539872 0.040896899998188026 -0.03029929287731647
v 0.03513829410076142 0.02075060270726681 -0.031111456453800198
v 0.03220982104539872 0.040896899998188026 -0.03029929287731647
v 0.03712784871459008 0.021261190995574 -0.02882733382284641
v 0.03513829410076142 0.02075060270726681 -0.031111456453800198
v 0.03495837002992631 0.04208559542894364 -0.026971001178026196
v 0.03712784871459008 0.021261190995574 -0.02882733382284641
v 0.03220982104539872 0.040896899998188026 -0.03029929287731647
v 0.034415334463119514 0.04435536265373231 -0.026668678969144818
v 0.03728491440415383 0.04372075200080872 -0.023255566135048863
v 0.03495837002992631 0.04208559542894364 -0.026971001178026196
v 0.03943185880780221 0.04425720870494843 -0.01948979683220386
v 0.039540298283100135 0.04212461784482003 -0.020096004009246823
v 0.03728491440415383 0.04372075200080872 -0.023255566135048863
v 0.03943185880780221 0.04425720870494843 -0.01948979683220386
v 0.04164757952094079 0.04297714307904244 -0.015330667607486246
v 0.039540298283100135 0.04212461784482003 -0.020096004009246823
v 0.04119179397821427 0.04483707994222642 -0.015536149963736532
v 0.04164757952094079 0.04297714307904244 -0.015330667607486246
v 0.03943185880780221 0.04425720870494843 -0.01948979683220386
v 0.040400121361017234 0.04691195115447046 -0.015411306172609327
v 0.04119179397821427 0.04483707994222642 -0.015536149963736532
v 0.03943185880780221 0.04425720870494843 -0.01948979683220386
v 0.044408459216356284 0.025633946061134345 -0.015524677000939844
v 0.042891539633274085 0.025146879255771644 -0.01916001364588737
v 0.04411162436008454 0.0264309011399746 -0.016069514676928517
v 0.04164757952094079 0.04297714307904244 -0.015330667607486246
v 0.04411162436008454 0.0264309011399746 -0.016069514676928517
v 0.042891539633274085 0.025146879255771644 -0.01916001364588737
v 0.04411162436008454 0.0264309011399746 -0.016069514676928517
v 0.04524089768528939 0.027676589787006385 -0.012582880444824694
v 0.044408459216356284 0.025633946061134345 -0.015524677000939844
v 0.04411162436008454 0.0264309011399746 -0.016069514676928517
v 0.04164757952094079 0.04297714307904244 -0.015330667607486246
v 0.04524089768528939 0.027676589787006385 -0.012582880444824694
v 0.03863772004842759 0.046406920999288566 -0.019272383302450177
v 0.03943185880780221 0.04425720870494843 -0.01948979683220386
v 0.03728491440415383 0.04372075200080872 -0.023255566135048863
v 0.03943185880780221 0.04425720870494843 -0.01948979683220386
v 0.03863772004842759 0.046406920999288566 -0.019272383302450177
v 0.040400121361017234 0.04691195115447046 -0.015411306172609327
v 0.03823112323880196 0.05166861787438394 -0.01075108628720045
v 0.03683465719223023 0.05129296705126764 -0.014397892169654368
v 0.036366976797580726 0.0527801774442196 -0.010291299782693384
v 0.03823112323880196 0.05166861787438394 -0.01075108628720045
v 0.037433322519063957 0.053120370954275145 -0.006717506330460309
v 0.0392734743654728 0.0520576983690262 -0.006985108833760022
v 0.036366976797580726 0.0527801774442196 -0.010291299782693384
v 0.037433322519063957 0.053120370954275145 -0.006717506330460309
v 0.03823112323880196 0.05166861787438394 -0.01075108628720045
v 0.03922184556722642 0.048862297087907805 -0.01512413378804922
v 0.040400121361017234 0.04691195115447046 -0.015411306172609327
v 0.03863772004842759 0.046406920999288566 -0.019272383302450177
v 0.03922184556722642 0.048862297087907805 -0.01512413378804922
v 0.03863772004842759 0.046406920999288566 -0.019272383302450177
v 0.03746606037020684 0.04842072725296022 -0.018854681402444836
v 0.036366976797580726 0.0527801774442196 -0.010291299782693384
v 0.03683465719223023 0.05129296705126764 -0.014397892169654368
v 0.034970343112945564 0.05245234072208406 -0.013738278299570082
v 0.034970343112945564 0.05245234072208406 -0.013738278299570082
v 0.03550259396433831 0.0534934736788273 -0.008203322067856787
v 0.036366976797580726 0.0527801774442196 -0.010291299782693384
v 0.034970343112945564 0.05245234072208406 -0.013738278299570082
v 0.032725505530834205 0.052898440510034575 -0.014748496934771536
v 0.03550259396433831 0.0534934736788273 -0.008203322067856787
v 0.03126369789242745 0.051850158721208586 -0.020075006410479542
v 0.033049061894416816 0.05059936270117761 -0.021147627383470532
v 0.030677199363708503 0.050283230841159834 -0.024235099554061886
v 0.033049061894416816 0.05059936270117761 -0.021147627383470532
v 0.034252453595399864 0.04938187822699548 -0.021851323544979092
v 0.030677199363708503 0.050283230841159834 -0.024235099554061886
v 0.03221410885453225 0.04858496785163881 -0.025307483971118924
v 0.034252453595399864 0.04938187822699548 -0.021851323544979092
v 0.03535204753279687 0.04800250753760339 -0.022402074187994
v 0.03221410885453225 0.04858496785163881 -0.025307483971118924
v 0.030108110979199416 0.047248039394617095 -0.028844440355896946
v 0.029108833521604545 0.04870453476905824 -0.028045225888490673
v 0.030677199363708503 0.050283230841159834 -0.024235099554061886
v 0.034252453595399864 0.04938187822699548 -0.021851323544979092
v 0.03221410885453225 0.04858496785163881 -0.025307483971118924
v 0.03221410885453225 0.04858496785163881 -0.025307483971118924
v 0.029108833521604545 0.04870453476905824 -0.028045225888490673
v 0.030677199363708503 0.050283230841159834 -0.024235099554061886
v 0.03940532356500626 0.05338985100388528 0.0007161110988818108
v 0.039070233702659614 0.05300923064351083 -0.003115884261205792
v 0.037617545574903495 0.05416974797844888 0.0006725378334522246
v 0.0392734743654728 0.0520576983690262 -0.006985108833760022
v 0.037433322519063957 0.053120370954275145 -0.006717506330460309
v 0.039070233702659614 0.05300923064351083 -0.003115884261205792
v 0.03620062395930291 0.055134147405624404 0.00779094686731696
v 0.03612406179308892 0.05435271933674814 -0.0009703959221951662
v 0.03481681644916535 0.055021930485963835 0.004921247251331805
v 0.03620062395930291 0.055134147405624404 0.00779094686731696
v 0.03481681644916535 0.055021930485963835 0.004921247251331805
v 0.03417427837848664 0.05577988922595979 0.014143716543912886
v 0.03620062395930291 0.055134147405624404 0.00779094686731696
v 0.03417427837848664 0.05577988922595979 0.014143716543912886
v 0.03517112135887147 0.05563618987798692 0.014426540583372114
v 0.03620062395930291 0.055134147405624404 0.00779094686731696
v 0.03517112135887147 0.05563618987798692 0.014426540583372114
v 0.03670293092727662 0.05517355725169183 0.011433934792876242
v 0.03734467551112176 0.054852776229381575 0.00806900206953287
v 0.03670293092727662 0.05517355725169183 0.011433934792876242
v 0.03895524889230729 0.05415804684162141 0.008421391248703001
v 0.039366200566291816 0.05377462133765222 0.00458152126520872
v 0.03734467551112176 0.054852776229381575 0.00806900206953287
v 0.03895524889230729 0.05415804684162141 0.008421391248703001
v 0.03734467551112176 0.054852776229381575 0.00806900206953287
v 0.03620062395930291 0.055134147405624404 0.00779094686731696
v 0.03670293092727662 0.05517355725169183 0.011433934792876242
v 0.02968218736350537 -0.053515840321779265 0.2662943303585052
v 0.032291043549776084 -0.053516227751970305 0.26243928074836725
v 0.03199279680848122 0.017352510243654255 0.2662429511547088
v 0.02968218736350537 -0.053515840321779265 0.2662943303585052
v 0.03199279680848122 0.017352510243654255 0.2662429511547088
v 0.03064869530498982 0.01579683087766171 0.26806449890136713
v 0.027913689613342292 0.015577177517116073 0.27108088135719294
v 0.03064869530498982 0.01579683087766171 0.26806449890136713
v 0.030290622264146812 0.01651319116353989 0.26846459507942194
v 0.0274086780846119 0.01463638246059418 0.2716155648231506
v 0.028445662930607803 0.012529258616268638 0.27044406533241266
v 0.027913689613342292 0.015577177517116073 0.27108088135719294
v 0.03064869530498982 0.01579683087766171 0.26806449890136713
v 0.027913689613342292 0.015577177517116073 0.27108088135719294
v 0.028445662930607803 0.012529258616268638 0.27044406533241266
v 0.03492203727364541 0.04760146886110307 0.2525612115859985
v 0.035654757171869285 0.045891076326370246 0.251023918390274
v 0.035511542111635215 0.047743607312440886 0.25014525651931757
v 0.035511542111635215 0.047743607312440886 0.25014525651931757
v 0.0361982323229313 0.04594992101192475 0.24819278717041013
v 0.035933535546064384 0.04788726568222047 0.24770320951938626
v 0.035511542111635215 0.047743607312440886 0.25014525651931757
v 0.035654757171869285 0.045891076326370246 0.251023918390274
v 0.0361982323229313 0.04594992101192475 0.24819278717041013
v 0.035511542111635215 0.047743607312440886 0.25014525651931757
v 0.03434771671891213 0.049169339239597334 0.25254073739051813
v 0.03492203727364541 0.04760146886110307 0.2525612115859985
v 0.034735184162855155 0.049817569553852095 0.250095248222351
v 0.03434771671891213 0.049169339239597334 0.25254073739051813
v 0.035511542111635215 0.047743607312440886 0.25014525651931757
v 0.03239962831139565 0.053065609186887755 0.24962247908115384
v 0.03314029425382615 0.053175207227468504 0.2451406270265579
v 0.031095376238226898 0.05419642105698587 0.24932138621807096
v 0.03239962831139565 0.053065609186887755 0.24962247908115384
v 0.03357996419072152 0.05173421278595926 0.24987201392650601
v 0.03314029425382615 0.053175207227468504 0.2451406270265579
v 0.03239962831139565 0.053065609186887755 0.24962247908115384
v 0.031095376238226898 0.05419642105698587 0.24932138621807096
v 0.03061866573989392 0.053381081670522704 0.25387862324714655
v 0.03239962831139565 0.053065609186887755 0.24962247908115384
v 0.03061866573989392 0.053381081670522704 0.25387862324714655
v 0.03218751028180123 0.05166413635015489 0.25429549813270563
v 0.03218751028180123 0.05166413635015489 0.25429549813270563
v 0.03357996419072152 0.05173421278595926 0.24987201392650601
v 0.03239962831139565 0.053065609186887755 0.24962247908115384
v 0.035933535546064384 0.04788726568222047 0.24770320951938626
v 0.036188185214996345 0.04803210496902467 0.24523302912712094
v 0.0353805422782898 0.04940374568104745 0.24775870144367215
v 0.0353805422782898 0.04940374568104745 0.24775870144367215
v 0.036188185214996345 0.04803210496902467 0.24523302912712094
v 0.03543834388256074 0.049975410103797926 0.24551331996917722
v 0.0353805422782898 0.04940374568104745 0.24775870144367215
v 0.03543834388256074 0.049975410103797926 0.24551331996917722
v 0.034735184162855155 0.049817569553852095 0.250095248222351
v 0.0353805422782898 0.04940374568104745 0.24775870144367215
v 0.035511542111635215 0.047743607312440886 0.25014525651931757
v 0.035933535546064384 0.04788726568222047 0.24770320951938626
v 0.034735184162855155 0.049817569553852095 0.250095248222351
v 0.035511542111635215 0.047743607312440886 0.25014525651931757
v 0.0353805422782898 0.04940374568104745 0.24775870144367215
v 0.010676990263164045 0.056312363594770445 0.26417952775955195
v 0.015363718383014206 0.05600480735301973 0.2641533017158508
v 0.019324775785207752 0.05623670667409898 0.25946500897407526
v 0.010676990263164045 0.056312363594770445 0.26417952775955195
v 0.004848087206482888 0.05802690237760545 0.03936821594834327
v -0.00275245332159102 0.05804757401347162 0.03960560262203216
v 0.007256236858665945 0.05538674443960191 0.26966661214828486
v 0.008550390601158144 0.05586093291640283 0.26787361502647394
v 0.0028513863217085604 0.05572071671485902 0.2694921493530273
v 0.007256236858665945 0.05538674443960191 0.26966661214828486
v 0.0028513863217085604 0.05572071671485902 0.2694921493530273
v 0.00402201944962144 0.05506808310747148 0.2710351645946502
v 0.007256236858665945 0.05538674443960191 0.26966661214828486
v 0.011105126701295378 0.05515105649828912 0.2691060304641723
v 0.008550390601158144 0.05586093291640283 0.26787361502647394
v 0.02831264771521092 0.05367494747042657 0.2576309740543365
v 0.027048941701650626 0.0546640455722809 0.25696110725402826
v 0.02591818757355214 0.053601026535034194 0.26128751039505
v 0.018004329875111583 0.05518876761198045 0.2652864456176757
v 0.015363718383014206 0.05600480735301973 0.2641533017158508
v 0.013930066488683227 0.05561664700508119 0.2665110230445861
v 0.013930066488683227 0.05561664700508119 0.2665110230445861
v 0.015363718383014206 0.05600480735301973 0.2641533017158508
v 0.008550390601158144 0.05586093291640283 0.26787361502647394
v 0.011105126701295378 0.05515105649828912 0.2691060304641723
v 0.013930066488683227 0.05561664700508119 0.2665110230445861
v 0.008550390601158144 0.05586093291640283 0.26787361502647394
v 0.005333270877599717 0.05385116487741472 0.27304008603096
v -0.004803355783224107 0.05454747006297113 0.2719994187355041
v 0.00036337121855467563 0.05121533200144769 0.27683007717132563
v 0.005333270877599717 0.05385116487741472 0.27304008603096
v 0.00402201944962144 0.05506808310747148 0.2710351645946502
v -0.004803355783224107 0.05454747006297113 0.2719994187355041
v 0.02186752483248711 0.05463419854640962 0.26350548863410944
v 0.019447496160864833 0.05388370901346208 0.2670656740665435
v 0.02351734973490239 0.0531243570148945 0.26486131548881525
v 0.019447496160864833 0.05388370901346208 0.2670656740665435
v 0.02186752483248711 0.05463419854640962 0.26350548863410944
v 0.018004329875111583 0.05518876761198045 0.2652864456176757
v 0.014541924931108955 0.04402294754981995 0.27641710638999933
v 0.01567136682569981 0.012537433765828613 0.27941772341728205
v 0.01920547150075436 0.013079258613288406 0.2776740193367004
v 0.03766774386167527 0.018795706331729892 0.25444048643112177
v 0.036663021892309196 0.020656296983361248 0.25766310095787043
v 0.03595004230737687 -0.053515817970037474 0.25402539968490595
v 0.036663021892309196 0.020656296983361248 0.25766310095787043
v 0.0343771055340767 -0.05351972952485086 0.25834193825721735
v 0.03595004230737687 -0.053515817970037474 0.25402539968490595
v 0.03595004230737687 -0.053515817970037474 0.25402539968490595
v 0.03828788176178933 0.02193868532776833 0.2524316310882568
v 0.03766774386167527 0.018795706331729892 0.25444048643112177
v 0.03595004230737687 -0.053515817970037474 0.25402539968490595
v 0.0369839370250702 -0.053515814244747176 0.24952697753906247
v 0.03828788176178933 0.02193868532776833 0.2524316310882568
v 0.01859957911074162 -0.054000828415155425 0.2756106257438659
v 0.023230778053402904 -0.05351622402668001 0.2728182673454284
v 0.019433617591857914 -0.0534997656941414 0.27545750141143793
v 0.01859957911074162 -0.054000828415155425 0.2756106257438659
v 0.023911209776997573 -0.054000828415155425 0.2718913555145263
v 0.023230778053402904 -0.05351622402668001 0.2728182673454284
v 0.015335449948906902 -0.053536817431449904 0.2775942981243133
v 0.01859957911074162 -0.054000828415155425 0.2756106257438659
v 0.019433617591857914 -0.0534997656941414 0.27545750141143793
v 0.01859957911074162 -0.054000828415155425 0.2756106257438659
v 0.020132636651396755 -0.05703911185264589 0.03999143466353416
v 0.023911209776997573 -0.054000828415155425 0.2718913555145263
v 0.011043404228985311 -0.053533039987087264 0.27921527624130243
v 0.012684666551649574 0.010789731517434122 0.28063020110130305
v 0.01167593151330948 0.008363623172044756 0.2808746993541717
v 0.011043404228985311 -0.053533039987087264 0.27921527624130243
v 0.015335449948906902 -0.053536817431449904 0.2775942981243133
v 0.012684666551649574 0.010789731517434122 0.28063020110130305
v 0.011043404228985311 -0.053533039987087264 0.27921527624130243
v 0.01167593151330948 0.008363623172044756 0.2808746993541717
v 0.007932440377771856 0.007954373955726625 0.28182834386825556
v 0.011043404228985311 -0.053533039987087264 0.27921527624130243
v 0.007932440377771856 0.007954373955726625 0.28182834386825556
v 0.007275059819221498 0.010183109901845457 0.2820609509944915
v -0.015335943549871448 0.013958031311631206 -0.04456204175949096
v -0.012437588535249237 0.013140426948666576 -0.04548413679003715
v -0.014288036152720455 0.01254650112241507 -0.044885322451591485
v -0.015335943549871448 0.013958031311631206 -0.04456204175949096
v -0.014288036152720455 0.01254650112241507 -0.044885322451591485
v -0.01594137772917748 -0.05689736828207971 -0.0422300063073635
v -0.017157180234789852 0.013766794465482238 -0.04390615224838256
v -0.015335943549871448 0.013958031311631206 -0.04456204175949096
v -0.01594137772917748 -0.05689736828207971 -0.0422300063073635
v -0.015335943549871448 0.013958031311631206 -0.04456204175949096
v -0.014260584488511089 0.014993877150118354 -0.044800430536270135
v -0.012437588535249237 0.013140426948666576 -0.04548413679003715
v -0.015335943549871448 0.013958031311631206 -0.04456204175949096
v -0.017582958564162258 0.015533264726400379 -0.043603125959634774
v -0.014260584488511089 0.014993877150118354 -0.044800430536270135
v -0.015335943549871448 0.013958031311631206 -0.04456204175949096
v -0.017157180234789852 0.013766794465482238 -0.04390615224838256
v -0.017582958564162258 0.015533264726400379 -0.043603125959634774
v -0.01594137772917748 -0.05689736828207971 -0.0422300063073635
v -0.017745854333043102 -0.05645080283284189 -0.041504532098770135
v -0.016778396442532543 -0.05645080283284189 -0.0419064238667488
v -0.016778396442532543 -0.05645080283284189 -0.0419064238667488
v -0.017157180234789852 0.013766794465482238 -0.04390615224838256
v -0.01594137772917748 -0.05689736828207971 -0.0422300063073635
v -0.016778396442532543 -0.05645080283284189 -0.0419064238667488
v -0.017745854333043102 -0.05645080283284189 -0.041504532098770135
v -0.017157180234789852 0.013766794465482238 -0.04390615224838256
v -0.030131002888083465 0.04724984243512155 -0.028821900486946102
v -0.028022522106766708 0.04469022527337075 -0.03256919607520103
v -0.031183714047074325 0.04506726935505868 -0.02962580136954784
v -0.038833625614643104 0.02071507088840008 -0.026635475456714627
v -0.04105401411652566 0.021921601146459583 -0.023027911782264706
v -0.040583517402410514 0.022928914055228237 -0.02374305762350559
v -0.03818857297301293 -0.05645081773400308 -0.023955043405294415
v -0.04105401411652566 0.021921601146459583 -0.023027911782264706
v -0.038833625614643104 0.02071507088840008 -0.026635475456714627
v -0.03636270016431809 -0.056999079883098616 -0.026594258844852444
v -0.03798618540167809 -0.05694689974188806 -0.024253919720649716
v -0.038833625614643104 0.02071507088840008 -0.026635475456714627
v -0.038833625614643104 0.02071507088840008 -0.026635475456714627
v -0.03558451309800149 -0.05645081400871278 -0.027696372941136357
v -0.03636270016431809 -0.056999079883098616 -0.026594258844852444
v -0.03798618540167809 -0.05694689974188806 -0.024253919720649716
v -0.03818857297301293 -0.05645081773400308 -0.023955043405294415
v -0.038833625614643104 0.02071507088840008 -0.026635475456714627
v -0.03425372764468194 0.019493285566568378 -0.0322488322854042
v -0.03674300760030747 0.020621040835976604 -0.029373291879892346
v -0.03524847328662873 0.020637238398194317 -0.031025920063257214
v -0.03928520157933236 -0.05645081773400308 -0.022097948938608166
v -0.04105401411652566 0.021921601146459583 -0.023027911782264706
v -0.03818857297301293 -0.05645081773400308 -0.023955043405294415
v -0.03928520157933236 -0.05645081773400308 -0.022097948938608166
v -0.03798618540167809 -0.05694689974188806 -0.024253919720649716
v -0.03932294994592667 -0.05701471120119096 -0.021938925608992573
v -0.03928520157933236 -0.05645081773400308 -0.022097948938608166
v -0.03818857297301293 -0.05645081773400308 -0.023955043405294415
v -0.03798618540167809 -0.05694689974188806 -0.024253919720649716
v -0.03928520157933236 -0.05645081773400308 -0.022097948938608166
v -0.03932294994592667 -0.05701471120119096 -0.021938925608992573
v -0.04040075466036797 -0.05645081773400308 -0.01996945589780807
v -0.04040075466036797 -0.05645081773400308 -0.01996945589780807
v -0.04105401411652566 0.021921601146459583 -0.023027911782264706
v -0.03928520157933236 -0.05645081773400308 -0.022097948938608166
v -0.04319738224148751 -0.05700914934277536 -0.012614143081009386
v -0.044740423560142524 0.02566466666758061 -0.014564832672476767
v -0.04242901131510735 -0.05645081773400308 -0.015143070369958876
v -0.044740423560142524 0.02566466666758061 -0.014564832672476767
v -0.04319738224148751 -0.05700914934277536 -0.012614143081009386
v -0.04356298595666886 -0.05645081773400308 -0.011431168764829634
v -0.044740423560142524 0.02566466666758061 -0.014564832672476767
v -0.04356298595666886 -0.05645081773400308 -0.011431168764829634
v -0.04486609622836114 0.02534624561667443 -0.014077760279178618
v -0.04242901131510735 -0.05645081773400308 -0.015143070369958876
v -0.044740423560142524 0.02566466666758061 -0.014564832672476767
v -0.04224521294236184 -0.056895203888416304 -0.015647532418370243
v -0.044740423560142524 0.02566466666758061 -0.014564832672476767
v -0.04486609622836114 0.02534624561667443 -0.014077760279178618
v -0.045825202018022544 0.02686790749430657 -0.010593960992991923
v -0.025507058948278434 0.0400366522371769 -0.03606057912111282
v -0.02154602482914925 0.0394081398844719 -0.03857047855854034
v -0.025972357019782073 0.016948787495493892 -0.039212152361869805
v -0.02731797099113465 0.017808038741350177 -0.038201972842216485
v -0.025507058948278434 0.0400366522371769 -0.03606057912111282
v -0.025972357019782073 0.016948787495493892 -0.039212152361869805
v -0.02529761008918286 0.04193123430013657 -0.03577528521418571
v -0.021538075059652332 0.041605588048696525 -0.03812602534890174
v -0.025507058948278434 0.0400366522371769 -0.03606057912111282
v -0.02154602482914925 0.0394081398844719 -0.03857047855854034
v -0.025507058948278434 0.0400366522371769 -0.03606057912111282
v -0.021538075059652332 0.041605588048696525 -0.03812602534890174
v -0.012909927405416969 0.043626919388771064 -0.04084010794758796
v -0.016988873481750492 0.0438201054930687 -0.039345972239971154
v -0.016357483342289928 0.046165663748979575 -0.03810231760144233
v -0.016988873481750492 0.0438201054930687 -0.039345972239971154
v -0.017533382400870327 0.041330929845571525 -0.04010388627648353
v -0.020905705168843273 0.044064167886972434 -0.03744458407163619
v -0.016988873481750492 0.0438201054930687 -0.039345972239971154
v -0.013359439559280876 0.04111160710453988 -0.04166169092059135
v -0.017533382400870327 0.041330929845571525 -0.04010388627648353
v -0.016988873481750492 0.0438201054930687 -0.039345972239971154
v -0.012909927405416969 0.043626919388771064 -0.04084010794758796
v -0.013359439559280876 0.04111160710453988 -0.04166169092059135
v -0.025590691715478904 0.015674933791160587 -0.03957574069499969
v -0.025972357019782073 0.016948787495493892 -0.039212152361869805
v -0.024171663448214538 0.01688279025256634 -0.04030301794409751
v -0.024171663448214538 0.01688279025256634 -0.04030301794409751
v -0.021692547947168354 0.014380754902958873 -0.04186479747295379
v -0.025590691715478904 0.015674933791160587 -0.03957574069499969
v -0.027971642091870315 0.01574306190013886 -0.037898924201726907
v -0.025590691715478904 0.015674933791160587 -0.03957574069499969
v -0.02570681273937226 -0.056450806558132186 -0.037085827440023415
v -0.02905069664120675 0.01664241030812264 -0.03711071610450744
v -0.025972357019782073 0.016948787495493892 -0.039212152361869805
v -0.025590691715478904 0.015674933791160587 -0.03957574069499969
v -0.025590691715478904 0.015674933791160587 -0.03957574069499969
v -0.027971642091870315 0.01574306190013886 -0.037898924201726907
v -0.02905069664120675 0.01664241030812264 -0.03711071610450744
v -0.025590691715478904 0.015674933791160587 -0.03957574069499969
v -0.023593598976731307 -0.056450806558132186 -0.03847027197480201
v -0.02570681273937226 -0.056450806558132186 -0.037085827440023415
v -0.02881209738552571 0.05579208210110666 0.2448633015155792
v -0.02762462198734284 0.05617228150367738 0.23906718194484708
v -0.029085101559758193 0.05581079795956613 0.24087145924568173
v -0.02881209738552571 0.05579208210110666 0.2448633015155792
v -0.026911523193120963 0.056163117289543166 0.24675276875495908
v -0.02762462198734284 0.05617228150367738 0.23906718194484708
v -0.02800188027322293 0.055773489177227034 0.24872796237468717
v -0.026911523193120963 0.056163117289543166 0.24675276875495908
v -0.02881209738552571 0.05579208210110666 0.2448633015155792
v -0.029085101559758193 0.05581079795956613 0.24087145924568173
v -0.03081698156893254 0.05491926521062852 0.24498839676380155
v -0.02881209738552571 0.05579208210110666 0.2448633015155792
v -0.030039502307772643 0.054870240390300765 0.24913895130157468
v -0.02800188027322293 0.055773489177227034 0.24872796237468717
v -0.02881209738552571 0.05579208210110666 0.2448633015155792
v -0.02881209738552571 0.05579208210110666 0.2448633015155792
v -0.03081698156893254 0.05491926521062852 0.24498839676380155
v -0.030039502307772643 0.054870240390300765 0.24913895130157468
v -0.03535861149430276 0.05504495650529863 0.005407926626503467
v -0.025588143616914756 0.057082451879978194 0.028569590300321576
v -0.03489522635936738 0.05459772795438768 0.0001666786120040342
v -0.03535861149430276 0.05504495650529863 0.005407926626503467
v -0.03519928827881814 0.05551187694072725 0.011398150585591791
v -0.03414259105920792 0.05578532069921495 0.014093695208430288
v -0.03629621863365174 0.05495573207736017 0.005701931659132241
v -0.03519928827881814 0.05551187694072725 0.011398150585591791
v -0.03535861149430276 0.05504495650529863 0.005407926626503467
v -0.03535861149430276 0.05504495650529863 0.005407926626503467
v -0.036325659602880485 0.05445537716150285 0.00025548375560902054
v -0.03629621863365174 0.05495573207736017 0.005701931659132241
v -0.03535861149430276 0.05504495650529863 0.005407926626503467
v -0.03489522635936738 0.05459772795438768 0.0001666786120040342
v -0.036325659602880485 0.05445537716150285 0.00025548375560902054
v -0.01723478920757771 0.05188958346843721 -0.028642827644944188
v -0.01607756689190865 0.052241709083318724 -0.026805454865097996
v -0.009506599977612497 0.05161235108971597 -0.03176703304052352
v -0.01607756689190865 0.052241709083318724 -0.026805454865097996
v -0.01723478920757771 0.05188958346843721 -0.028642827644944188
v -0.022864464670419696 0.05222728475928308 -0.024888658896088597
v -0.01723478920757771 0.05188958346843721 -0.028642827644944188
v -0.018018813803792003 0.05154794827103616 -0.029585676267743107
v -0.022864464670419696 0.05222728475928308 -0.024888658896088597
v -0.029913522303104408 0.04494875669479371 0.26391017436981196
v -0.028101008385419853 0.04692051932215692 0.26566126942634577
v -0.029490139335393913 0.04703522846102716 0.26383146643638605
v -0.027954230085015304 0.0447753518819809 0.26644682884216303
v -0.028101008385419853 0.04692051932215692 0.26566126942634577
v -0.029913522303104408 0.04494875669479371 0.26391017436981196
v -0.025851659476757056 0.048537723720073714 0.26725351810455317
v -0.027481187134981162 0.04863037168979646 0.265421450138092
v -0.028101008385419853 0.04692051932215692 0.26566126942634577
v -0.01994893699884415 0.053140059113502516 0.2678773701190948
v -0.018725262954831127 0.05465936288237573 0.26607164740562433
v -0.023261966183781627 0.053208529949188246 0.2649736404418945
v -0.01994893699884415 0.053140059113502516 0.2678773701190948
v -0.016266778111457828 0.05308135971426965 0.2703153789043426
v -0.015283699147403244 0.05462857335805894 0.268322080373764
v -0.01994893699884415 0.053140059113502516 0.2678773701190948
v -0.015283699147403244 0.05462857335805894 0.268322080373764
v -0.018725262954831127 0.05465936288237573 0.26607164740562433
v -0.02028509415686131 0.04829141125082971 0.27200296521186823
v -0.01821990124881268 0.04822139069437982 0.2733259499073028
v -0.017917392775416378 0.049408365041017546 0.2728182673454284
v -0.020681982859969143 0.046442694962024696 0.27254429459571833
v -0.02028509415686131 0.04829141125082971 0.27200296521186823
v -0.022640762850642208 0.046551812440156944 0.27107888460159296
v -0.02028509415686131 0.04829141125082971 0.27200296521186823
v -0.01856871694326401 0.04641461744904519 0.27388507127761835
v -0.01821990124881268 0.04822139069437982 0.2733259499073028
v -0.01856871694326401 0.04641461744904519 0.27388507127761835
v -0.02028509415686131 0.04829141125082971 0.27200296521186823
v -0.020681982859969143 0.046442694962024696 0.27254429459571833
v -0.009098133072257044 0.04923102259635927 0.27651661634445185
v -0.011589677073061468 0.04805380851030351 0.27639091014862055
v -0.009417301043868067 0.04734791815280916 0.27735364437103266
v -0.009098133072257044 0.04923102259635927 0.27651661634445185
v -0.009417301043868067 0.04734791815280916 0.27735364437103266
v -0.006866184994578363 0.04798199236392976 0.2776545882225036
v -0.009098133072257044 0.04923102259635927 0.27651661634445185
v -0.008907606825232508 0.050399847328662886 0.2758078277111053
v -0.013502473011612896 0.04990134388208391 0.2746602594852447
v -0.013502473011612896 0.04990134388208391 0.2746602594852447
v -0.011589677073061468 0.04805380851030351 0.27639091014862055
v -0.009098133072257044 0.04923102259635927 0.27651661634445185
v -0.009098133072257044 0.04923102259635927 0.27651661634445185
v -0.006866184994578363 0.04798199236392976 0.2776545882225036
v -0.00515944603830576 0.04924964532256128 0.27729216217994684
v -0.00515944603830576 0.04924964532256128 0.27729216217994684
v -0.005972539540380241 0.05029606074094774 0.2765053212642669
v -0.009098133072257044 0.04923102259635927 0.27651661634445185
v -0.005972539540380241 0.05029606074094774 0.2765053212642669
v -0.008907606825232508 0.050399847328662886 0.2758078277111053
v -0.009098133072257044 0.04923102259635927 0.27651661634445185
v -0.009469219483435156 0.04551205039024354 0.2778970003128051
v -0.011573025025427343 0.043917778879404075 0.2775535881519317
v -0.008639696054160597 0.0439562350511551 0.27838474512100214
v -0.012136966921389106 0.034723658114671714 0.27865311503410334
v -0.008639696054160597 0.0439562350511551 0.27838474512100214
v -0.011573025025427343 0.043917778879404075 0.2775535881519317
v -0.007089139427989723 0.0441480614244938 0.2786923944950103
v -0.009469219483435156 0.04551205039024354 0.2778970003128051
v -0.008639696054160597 0.0439562350511551 0.27838474512100214
v -0.008639696054160597 0.0439562350511551 0.27838474512100214
v -0.012136966921389106 0.034723658114671714 0.27865311503410334
v -0.007089139427989723 0.0441480614244938 0.2786923944950103
v -0.008502467535436155 0.056123904883861556 0.26661443710327143
v -0.0031353502999991187 0.05612091347575189 0.2677048444747924
v 0.0008551679784432056 0.05629760399460794 0.26653179526329035
v -0.007063216995447876 0.05564382299780847 0.2690248787403106
v -0.0031353502999991187 0.05612091347575189 0.2677048444747924
v -0.008502467535436155 0.056123904883861556 0.26661443710327143
v -0.008502467535436155 0.056123904883861556 0.26661443710327143
v -0.010848307982087137 0.05564588680863382 0.2678199708461761
v -0.007063216995447876 0.05564382299780847 0.2690248787403106
v -0.017281884327530864 0.05569270253181459 0.2641857266426086
v -0.018725262954831127 0.05465936288237573 0.26607164740562433
v -0.015283699147403244 0.05462857335805894 0.268322080373764
v -0.017281884327530864 0.05569270253181459 0.2641857266426086
v -0.020323498174548153 0.05568196624517442 0.2617084085941314
v -0.018725262954831127 0.05465936288237573 0.26607164740562433
v -0.017726857215166095 0.05613370984792711 0.26159301400184626
v -0.020323498174548153 0.05568196624517442 0.2617084085941314
v -0.017281884327530864 0.05569270253181459 0.2641857266426086
v 0.00036337121855467563 0.05121533200144769 0.27683007717132563
v -0.00041498575592413555 0.05105735361576082 0.27693319320678705
v 0.0002655200369190425 0.050979126244783415 0.27699860930442805
v -0.005650951061397792 0.007917442359030248 0.28223961591720576
v -0.00724910292774439 -0.05350279808044435 0.2801781594753265
v -0.0042000673711299905 0.010039544664323332 0.2825141251087188
v -0.005650951061397792 0.007917442359030248 0.28223961591720576
v -0.008056925609707834 0.007968304678797724 0.28180560469627375
v -0.00724910292774439 -0.05350279808044435 0.2801781594753265
v -0.010033352300524713 0.010562846437096597 0.28143623471260065
v -0.008056925609707834 0.007968304678797724 0.28180560469627375
v -0.007967262528836729 0.011593972332775595 0.28185793757438654
v -0.007967262528836729 0.011593972332775595 0.28185793757438654
v -0.00028734398074448114 0.04404063895344735 0.2799720168113708
v -0.007089139427989723 0.0441480614244938 0.2786923944950103
v -0.012136966921389106 0.034723658114671714 0.27865311503410334
v -0.007967262528836729 0.011593972332775595 0.28185793757438654
v -0.007089139427989723 0.0441480614244938 0.2786923944950103
v -0.020738506689667705 0.012310235761106018 0.2768359184265136
v -0.019047500565648082 0.013011135160923008 0.27775743603706354
v -0.022179098799824718 0.013777997344732288 0.27584010362625117
v -0.020738506689667705 0.012310235761106018 0.2768359184265136
v -0.022179098799824718 0.013777997344732288 0.27584010362625117
v -0.022430470213294033 0.010419564321637155 0.2756049036979675
v -0.019047500565648082 0.013011135160923008 0.27775743603706354
v -0.020738506689667705 0.012310235761106018 0.2768359184265136
v -0.01888150162994862 0.00954281445592642 0.27779808640480036
v -0.022430470213294033 0.010419564321637155 0.2756049036979675
v -0.02006310969591141 -0.05351580679416658 0.27506363391876215
v -0.020738506689667705 0.012310235761106018 0.2768359184265136
v -0.020738506689667705 0.012310235761106018 0.2768359184265136
v -0.02006310969591141 -0.05351580679416658 0.27506363391876215
v -0.01888150162994862 0.00954281445592642 0.27779808640480036
v -0.02878726832568646 0.0491677224636078 -0.027720864862203595
v -0.027049936354160316 0.04692117497324945 -0.03163901716470718
v -0.030131002888083465 0.04724984243512155 -0.028821900486946102
v -0.027049936354160316 0.04692117497324945 -0.03163901716470718
v -0.028022522106766708 0.04469022527337075 -0.03256919607520103
v -0.030131002888083465 0.04724984243512155 -0.028821900486946102
v -0.0318659320473671 0.04903347417712213 -0.02503201365470886
v -0.02878726832568646 0.0491677224636078 -0.027720864862203595
v -0.030131002888083465 0.04724984243512155 -0.028821900486946102
v -0.033033948391675956 0.050596807152032866 -0.02117211744189262
v -0.0318659320473671 0.04903347417712213 -0.02503201365470886
v -0.03426966071128846 0.04938501119613649 -0.021827315911650654
v -0.040518581867218025 0.05100905522704126 -0.007120142225176095
v -0.03989887237548829 0.05018637701869012 -0.011078021489083765
v -0.041616320610046394 0.04980694875121118 -0.007207848131656646
v -0.03940567374229432 0.05338889360427858 0.0007083709351718425
v -0.04104911908507348 0.05225111916661264 0.0008548711775802075
v -0.0393708385527134 0.053771391510963454 0.004547152202576398
v -0.04380651935935021 0.04432006552815438 -0.0074161277152597896
v -0.04598678275942803 0.029007827863097198 -0.009463514201343058
v -0.04647512361407281 0.030536083504557616 -0.006274524610489606
v -0.04647512361407281 0.030536083504557616 -0.006274524610489606
v -0.04598678275942803 0.029007827863097198 -0.009463514201343058
v -0.04665379598736764 0.02932629920542241 -0.0058809295296669
v -0.04644078761339188 0.02816175855696202 -0.007249983027577399
v -0.04598678275942803 0.029007827863097198 -0.009463514201343058
v -0.045825202018022544 0.02686790749430657 -0.010593960992991923
v -0.04598678275942803 0.029007827863097198 -0.009463514201343058
v -0.04644078761339188 0.02816175855696202 -0.007249983027577399
v -0.04665379598736764 0.02932629920542241 -0.0058809295296669
v -0.04276039823889733 0.047993056476116194 -0.007242895197123288
v -0.041252478957176215 0.04841042309999467 -0.011289021931588648
v -0.042229693382978446 0.04645195975899697 -0.011381694115698336
v -0.0468881130218506 0.0325867421925068 0.003247136482968926
v -0.0469803884625435 0.031206438317894943 0.00046973707503639156
v -0.03934391215443612 0.026043009012937553 0.24346283078193662
v -0.0468881130218506 0.0325867421925068 0.003247136482968926
v -0.03934391215443612 0.026043009012937553 0.24346283078193662
v -0.046927604824304595 0.03302524983882905 0.0015751954633742569
v -0.0468881130218506 0.0325867421925068 0.003247136482968926
v -0.046927604824304595 0.03302524983882905 0.0015751954633742569
v -0.0469803884625435 0.031206438317894943 0.00046973707503639156
v -0.046982847154140486 0.03086738288402558 -0.0016365126939490435
v -0.046927604824304595 0.03302524983882905 0.0015751954633742569
v -0.04687473177909852 0.03185191005468369 -0.002390383509919047
v -0.04687473177909852 0.03185191005468369 -0.002390383509919047
v -0.04665379598736764 0.02932629920542241 -0.0058809295296669
v -0.046982847154140486 0.03086738288402558 -0.0016365126939490435
v -0.04687473177909852 0.03185191005468369 -0.002390383509919047
v -0.04647512361407281 0.030536083504557616 -0.006274524610489606
v -0.04665379598736764 0.02932629920542241 -0.0058809295296669
v -0.04687473177909852 0.03185191005468369 -0.002390383509919047
v -0.0444023720920086 0.045034211128950126 -0.0025496687740087505
v -0.044055085629224784 0.046696916222572334 -0.00292240479029715
v -0.04687473177909852 0.03185191005468369 -0.002390383509919047
v -0.04380651935935021 0.04432006552815438 -0.0074161277152597896
v -0.04647512361407281 0.030536083504557616 -0.006274524610489606
v -0.04687473177909852 0.03185191005468369 -0.002390383509919047
v -0.044055085629224784 0.046696916222572334 -0.00292240479029715
v -0.04380651935935021 0.04432006552815438 -0.0074161277152597896
v -0.027723716571927078 0.05418488755822183 0.2573117911815643
v -0.02638486213982106 0.05505022779107095 0.25661507248878473
v -0.028211416676640517 0.05508797615766527 0.2529397010803222
v -0.028211416676640517 0.05508797615766527 0.2529397010803222
v -0.029676768928766258 0.05414615944027902 0.253592163324356
v -0.027723716571927078 0.05418488755822183 0.2573117911815643
v -0.02638486213982106 0.05505022779107095 0.25661507248878473
v -0.027723716571927078 0.05418488755822183 0.2573117911815643
v -0.024581456556916244 0.054734919220209136 0.2602837979793548
v -0.027723716571927078 0.05418488755822183 0.2573117911815643
v -0.02617351710796357 0.053284581750631346 0.26162376999855036
v -0.024581456556916244 0.054734919220209136 0.2602837979793548
v -0.02543961629271508 0.049678377807140364 0.26686283946037287
v -0.02853194251656533 0.04984041675925256 0.2631577849388122
v -0.027481187134981162 0.04863037168979646 0.265421450138092
v -0.02543961629271508 0.049678377807140364 0.26686283946037287
v -0.027481187134981162 0.04863037168979646 0.265421450138092
v -0.025851659476757056 0.048537723720073714 0.26725351810455317
v -0.02543961629271508 0.049678377807140364 0.26686283946037287
v -0.024661434814333923 0.05131210014224054 0.2661356925964355
v -0.027682907879352577 0.05143393203616144 0.2625592350959777
v -0.027682907879352577 0.05143393203616144 0.2625592350959777
v -0.02853194251656533 0.04984041675925256 0.2631577849388122
v -0.02543961629271508 0.049678377807140364 0.26686283946037287
v -0.024105621501803405 0.04845005646348001 0.26896449923515314
v -0.02543961629271508 0.049678377807140364 0.26686283946037287
v -0.025851659476757056 0.048537723720073714 0.26725351810455317
v -0.0373600646853447 0.05484359338879587 0.007970436476171015
v -0.036289859563112266 0.05528973042964937 0.01156434044241905
v -0.03629621863365174 0.05495573207736017 0.005701931659132241
v -0.03896011784672738 0.05415609106421472 0.008400220423936842
v -0.0373600646853447 0.05484359338879587 0.007970436476171015
v -0.0393708385527134 0.053771391510963454 0.004547152202576398
v -0.037435457110404975 0.05490374192595483 0.012143000960350035
v -0.036289859563112266 0.05528973042964937 0.01156434044241905
v -0.0373600646853447 0.05484359338879587 0.007970436476171015
v -0.0373600646853447 0.05484359338879587 0.007970436476171015
v -0.03896011784672738 0.05415609106421472 0.008400220423936842
v -0.037435457110404975 0.05490374192595483 0.012143000960350035
v -0.03624780103564263 0.048263423144817366 0.24285513162612912
v -0.043881036341190345 0.0479918271303177 0.005615859292447566
v -0.04417606815695763 0.04734279587864877 0.0013711953070014713
v -0.043881036341190345 0.0479918271303177 0.005615859292447566
v -0.04324180632829667 0.04970108345150949 0.005386031698435544
v -0.04417606815695763 0.04734279587864877 0.0013711953070014713
v -0.043881036341190345 0.0479918271303177 0.005615859292447566
v -0.03624780103564263 0.048263423144817366 0.24285513162612912
v -0.04324180632829667 0.04970108345150949 0.005386031698435544
v -0.03143297880887986 0.05261880904436113 0.25398883223533625
v -0.029676768928766258 0.05414615944027902 0.253592163324356
v -0.03145410120487214 0.053902320563793196 0.24942144751548764
v -0.03145410120487214 0.053902320563793196 0.24942144751548764
v -0.0327972061932087 0.05268955230712892 0.24963732063770291
v -0.03143297880887986 0.05261880904436113 0.25398883223533625
v -0.03143297880887986 0.05261880904436113 0.25398883223533625
v -0.0327972061932087 0.05268955230712892 0.24963732063770291
v -0.03412276133894921 0.05087896436452867 0.25008645653724665
v -0.03412276133894921 0.05087896436452867 0.25008645653724665
v -0.03483406081795693 0.05113182961940767 0.24517045915126798
v -0.03534103929996491 0.04949695989489557 0.24775296449661252
v -0.03534103929996491 0.04949695989489557 0.24775296449661252
v -0.0349067933857441 0.04938064888119699 0.25015524029731745
v -0.03412276133894921 0.05087896436452867 0.25008645653724665
v -0.03534103929996491 0.04949695989489557 0.24775296449661252
v -0.03483406081795693 0.05113182961940767 0.24517045915126798
v -0.03561073541641236 0.04961418733000757 0.2453203052282333
v -0.03561073541641236 0.04961418733000757 0.2453203052282333
v -0.03589142858982087 0.04797605797648431 0.24782246351242063
v -0.03534103929996491 0.04949695989489557 0.24775296449661252
v -0.035460487008094795 0.047833830118179335 0.25026375055313105
v -0.03534103929996491 0.04949695989489557 0.24775296449661252
v -0.03589142858982087 0.04797605797648431 0.24782246351242063
v -0.03534103929996491 0.04949695989489557 0.24775296449661252
v -0.035460487008094795 0.047833830118179335 0.25026375055313105
v -0.0349067933857441 0.04938064888119699 0.25015524029731745
v -0.03140547871589661 0.0452646166086197 0.26159328222274775
v -0.032091684639453895 0.047287326306104674 0.25961104035377497
v -0.0328381471335888 0.04556861892342568 0.258935272693634
v -0.032091684639453895 0.047287326306104674 0.25961104035377497
v -0.03140547871589661 0.0452646166086197 0.26159328222274775
v -0.030864851549267776 0.04715881496667863 0.2617634236812591
v -0.030341628938913352 0.04882883280515672 0.26145139336585993
v -0.030864851549267776 0.04715881496667863 0.2617634236812591
v -0.029490139335393913 0.04703522846102716 0.26383146643638605
v -0.033545341342687614 0.04915263876318933 0.2548671960830688
v -0.03430803120136262 0.04926574230194093 0.25252932310104365
v -0.0340963937342167 0.04755512252449991 0.25505667924880976
v -0.00978725589811802 -0.056945435702800765 -0.04406264424324035
v -0.006844839546829464 -0.05699737370014192 -0.04458919912576675
v -0.012441787868738178 -0.05701965838670732 -0.043340984731912606
v -0.00978725589811802 -0.056945435702800765 -0.04406264424324035
v -0.012441787868738178 -0.05701965838670732 -0.043340984731912606
v -0.013471239246428016 -0.05645080283284189 -0.043087664991617196
v -0.009058387950062754 -0.05645079910755159 -0.044230233877897256
v -0.006844839546829464 -0.05699737370014192 -0.04458919912576675
v -0.00978725589811802 -0.056945435702800765 -0.04406264424324035
v -0.013471239246428016 -0.05645080283284189 -0.043087664991617196
v -0.012437588535249237 0.013140426948666576 -0.04548413679003715
v -0.00978725589811802 -0.056945435702800765 -0.04406264424324035
v -0.00806807540357113 0.012803420424461368 -0.0464576706290245
v -0.009058387950062754 -0.05645079910755159 -0.044230233877897256
v -0.00978725589811802 -0.056945435702800765 -0.04406264424324035
v -0.00978725589811802 -0.056945435702800765 -0.04406264424324035
v -0.012437588535249237 0.013140426948666576 -0.04548413679003715
v -0.009667909704148771 0.012023603543639187 -0.046097982674837105
v -0.00978725589811802 -0.056945435702800765 -0.04406264424324035
v -0.009667909704148771 0.012023603543639187 -0.046097982674837105
v -0.00806807540357113 0.012803420424461368 -0.0464576706290245
v 0.047001186758279814 0.03179416805505753 0.0008959011756815015
v 0.046926222741603865 0.030461287125945098 -0.0028927964158356185
v 0.04689414799213411 0.031553387641906745 -0.0017431551823392508
v 0.04689414799213411 0.031553387641906745 -0.0017431551823392508
v 0.04682709276676179 0.03342515230178834 0.00030054998933337623
v 0.047001186758279814 0.03179416805505753 0.0008959011756815015
v 0.04382323101162911 0.04425505548715592 -0.007357497233897447
v 0.04609345272183419 0.029053589329123504 -0.008960855193436144
v 0.042936496436595924 0.043642487376928336 -0.011303255334496496
v 0.04351205378770829 0.04605542495846749 -0.007222456857562064
v 0.04382323101162911 0.04425505548715592 -0.007357497233897447
v 0.042936496436595924 0.043642487376928336 -0.011303255334496496
v 0.04275674745440484 0.047989636659622206 -0.007258638273924588
v 0.04255680367350579 0.04543593525886536 -0.011425642296671866
v 0.04177828878164292 0.04744169488549234 -0.011384555138647555
v 0.04275674745440484 0.047989636659622206 -0.007258638273924588
v 0.04351205378770829 0.04605542495846749 -0.007222456857562064
v 0.04255680367350579 0.04543593525886536 -0.011425642296671866
v 0.04077676311135293 0.051813151687383666 -0.0031623772811144586
v 0.04051169008016587 0.05100519955158235 -0.007147138472646474
v 0.0392734743654728 0.0520576983690262 -0.006985108833760022
v 0.0392734743654728 0.0520576983690262 -0.006985108833760022
v 0.039070233702659614 0.05300923064351083 -0.003115884261205792
v 0.04077676311135293 0.051813151687383666 -0.0031623772811144586
v 0.03940532356500626 0.05338985100388528 0.0007161110988818108
v 0.041048109531402595 0.05224874615669252 0.0008311594719998537
v 0.04077676311135293 0.051813151687383666 -0.0031623772811144586
v 0.04077676311135293 0.051813151687383666 -0.0031623772811144586
v 0.039070233702659614 0.05300923064351083 -0.003115884261205792
v 0.03940532356500626 0.05338985100388528 0.0007161110988818108
v 0.006413167342543604 0.05195969715714456 -0.030043086037039753
v 0.01570089347660542 0.0522335283458233 -0.02691399864852428
v 0.011620027013123037 0.051673185080289855 -0.03107225894927978
v 0.03481681644916535 0.055021930485963835 0.004921247251331805
v 0.01570089347660542 0.0522335283458233 -0.02691399864852428
v 0.006413167342543604 0.05195969715714456 -0.030043086037039753
v 0.01570089347660542 0.0522335283458233 -0.02691399864852428
v 0.03481681644916535 0.055021930485963835 0.004921247251331805
v 0.026544272899627692 0.05295164883136751 -0.01871228218078613
v 0.023898022249341018 0.05191558972001077 -0.02555514499545097
v 0.028785519301891334 0.052365034818649306 -0.020609620958566662
v 0.02643059007823468 0.051325600594282164 -0.02560043334960937
v 0.03183205053210259 0.05317952856421472 -0.014180806465446947
v 0.032725505530834205 0.052898440510034575 -0.014748496934771536
v 0.027947135269641883 0.05267681181430818 -0.019853647798299786
v 0.03458833321928979 0.053741768002510085 -0.007840466685593126
v 0.03550259396433831 0.0534934736788273 -0.008203322067856787
v 0.03183205053210259 0.05317952856421472 -0.014180806465446947
v 0.03183205053210259 0.05317952856421472 -0.014180806465446947
v 0.03550259396433831 0.0534934736788273 -0.008203322067856787
v 0.032725505530834205 0.052898440510034575 -0.014748496934771536
v 0.03183205053210259 0.05317952856421472 -0.014180806465446947
v 0.027947135269641883 0.05267681181430818 -0.019853647798299786
v 0.026544272899627692 0.05295164883136751 -0.01871228218078613
v 0.03183205053210259 0.05317952856421472 -0.014180806465446947
v 0.0332721658051014 0.05404495075345041 -0.006212077569216489
v 0.03458833321928979 0.053741768002510085 -0.007840466685593126
v 0.03183205053210259 0.05317952856421472 -0.014180806465446947
v 0.026544272899627692 0.05295164883136751 -0.01871228218078613
v 0.0332721658051014 0.05404495075345041 -0.006212077569216489
v -0.012422674335539344 0.045998543500900275 -0.03952181339263915
v -0.012909927405416969 0.043626919388771064 -0.04084010794758796
v -0.016357483342289928 0.046165663748979575 -0.03810231760144233
v -0.012909927405416969 0.043626919388771064 -0.04084010794758796
v -0.012422674335539344 0.045998543500900275 -0.03952181339263915
v -0.008652613498270513 0.04352157562971116 -0.0419129729270935
v -0.008093375712633135 0.048095721751451506 -0.03859095647931098
v -0.011083805933594705 0.04979317262768747 -0.03570281714200973
v -0.0074002188630402106 0.0497577339410782 -0.03650103509426116
v 0.011909131892025474 0.05130362138152124 -0.03227409720420837
v 0.015621545724570755 0.050934631377458586 -0.032139103859663
v 0.008940561674535276 0.05068430677056314 -0.03449601680040359
v -0.0018606720259413127 0.05145343765616418 -0.03316058218479156
v -0.009506599977612497 0.05161235108971597 -0.03176703304052352
v -0.004251803271472455 0.0519281066954136 -0.03040279261767864
v 0.0015585619257763032 0.05143464356660844 -0.033177081495523446
v 0.0034461396280676135 0.05103046447038652 -0.03432134166359901
v -0.0018606720259413127 0.05145343765616418 -0.03316058218479156
v -0.0018606720259413127 0.05145343765616418 -0.03316058218479156
v 0.0034461396280676135 0.05103046447038652 -0.03432134166359901
v -0.00419496512040496 0.05067074298858644 -0.03514857217669486
v 0.020119776949286464 0.046376321464777 -0.036306034773588174
v 0.020870650187134746 0.044062566012144096 -0.03746421262621879
v 0.016975058242678646 0.043819539248943336 -0.03935157507658004
v 0.02704936638474465 0.04692125320434572 -0.03163869306445121
v 0.030108110979199416 0.047248039394617095 -0.028844440355896946
v 0.02801355347037316 0.04468898102641106 -0.03257640451192855
v 0.02704936638474465 0.04692125320434572 -0.03163869306445121
v 0.02801355347037316 0.04468898102641106 -0.03257640451192855
v 0.02457129210233689 0.044353723526000984 -0.03519195690751075
v 0.02704936638474465 0.04692125320434572 -0.03163869306445121
v 0.029108833521604545 0.04870453476905824 -0.028045225888490673
v 0.030108110979199416 0.047248039394617095 -0.028844440355896946
v 0.02582653053104878 0.04888568446040155 -0.030366284772753712
v 0.029108833521604545 0.04870453476905824 -0.028045225888490673
v 0.02704936638474465 0.04692125320434572 -0.03163869306445121
v 0.02135174907743931 0.05025679618120195 -0.031007628887891766
v 0.022610612213611606 0.04863425344228746 -0.03272107988595962
v 0.019173007458448414 0.04841658100485803 -0.03475952148437499
v 0.022610612213611606 0.04863425344228746 -0.03272107988595962
v 0.020119776949286464 0.046376321464777 -0.036306034773588174
v 0.019173007458448414 0.04841658100485803 -0.03475952148437499
v 0.022610612213611606 0.04863425344228746 -0.03272107988595962
v 0.024416513741016395 0.05047241970896722 -0.028818134218454357
v 0.02582653053104878 0.04888568446040155 -0.030366284772753712
v 0.024416513741016395 0.05047241970896722 -0.028818134218454357
v 0.022610612213611606 0.04863425344228746 -0.03272107988595962
v 0.02135174907743931 0.05025679618120195 -0.031007628887891766
v -0.004337054677307607 0.043382342904806144 -0.042588245123624795
v -4.4959870137972764e-05 0.04688021168112756 -0.040879402309656136
v 6.424636922020001e-06 0.043353881686925895 -0.04280757158994674
v -4.4959870137972764e-05 0.04688021168112756 -0.040879402309656136
v 0.00018803664715960627 0.04733119904994966 -0.04063024371862411
v 6.424636922020001e-06 0.043353881686925895 -0.04280757158994674
v -4.4959870137972764e-05 0.04688021168112756 -0.040879402309656136
v -0.004337054677307607 0.043382342904806144 -0.042588245123624795
v -0.004634174518287183 0.04536581784486771 -0.04141611605882644
v -0.004634174518287183 0.04536581784486771 -0.04141611605882644
v 0.00018803664715960627 0.04733119904994966 -0.04063024371862411
v -4.4959870137972764e-05 0.04688021168112756 -0.040879402309656136
v -0.005260571837425233 0.048456676304340376 -0.03854932636022567
v -0.008093375712633135 0.048095721751451506 -0.03859095647931098
v -0.0074002188630402106 0.0497577339410782 -0.03650103509426116
v 0.004738907795399428 0.05017594248056413 -0.03608715906739234
v 0.00018803664715960627 0.04733119904994966 -0.04063024371862411
v 0.00015844851441215726 0.047570046037435545 -0.040256675332784646
v 0.005505351349711419 0.048380672931671156 -0.03864210844039916
v 0.007787521928548815 0.04844666644930841 -0.03821973875164985
v 0.00018803664715960627 0.04733119904994966 -0.04063024371862411
v 0.005505351349711419 0.048380672931671156 -0.03864210844039916
v 0.00745711335912347 0.04964700341224672 -0.03666780143976211
v 0.007787521928548815 0.04844666644930841 -0.03821973875164985
v 0.014683908782899383 0.04991673305630685 -0.03445764631032943
v 0.008940561674535276 0.05068430677056314 -0.03449601680040359
v 0.015621545724570755 0.050934631377458586 -0.032139103859663
v 0.025125948712229736 0.05712366476655008 0.02903395146131515
v 0.02845620922744275 0.05678213015198709 0.026947731152176854
v 0.030195193365216262 0.05654414743185045 0.02267736196517944
v 0.025125948712229736 0.05712366476655008 0.02903395146131515
v 0.03481681644916535 0.055021930485963835 0.004921247251331805
v 0.01933481171727181 0.05754451081156732 0.03383434563875198
v 0.025125948712229736 0.05712366476655008 0.02903395146131515
v 0.030195193365216262 0.05654414743185045 0.02267736196517944
v 0.03481681644916535 0.055021930485963835 0.004921247251331805
v 0.025125948712229736 0.05712366476655008 0.02903395146131515
v 0.01933481171727181 0.05754451081156732 0.03383434563875198
v 0.026498999446630485 0.056303668767213835 0.24242280423641202
v 0.025125948712229736 0.05712366476655008 0.02903395146131515
v 0.026498999446630485 0.056303668767213835 0.24242280423641202
v 0.02845620922744275 0.05678213015198709 0.026947731152176854
v 0.03085704147815705 0.05646557733416559 0.023102726787328717
v 0.02827293425798417 0.05603674426674844 0.23884372413158414
v 0.03517112135887147 0.05563618987798692 0.014426540583372114
v 0.02827293425798417 0.05603674426674844 0.23884372413158414
v 0.03085704147815705 0.05646557733416559 0.023102726787328717
v 0.026498999446630485 0.056303668767213835 0.24242280423641202
v 0.03417427837848664 0.05577988922595979 0.014143716543912886
v 0.030195193365216262 0.05654414743185045 0.02267736196517944
v 0.03085704147815705 0.05646557733416559 0.023102726787328717
v 0.03085704147815705 0.05646557733416559 0.023102726787328717
v 0.03517112135887147 0.05563618987798692 0.014426540583372114
v 0.03417427837848664 0.05577988922595979 0.014143716543912886
v 0.03085704147815705 0.05646557733416559 0.023102726787328717
v 0.02845620922744275 0.05678213015198709 0.026947731152176854
v 0.026498999446630485 0.056303668767213835 0.24242280423641202
v 0.03085704147815705 0.05646557733416559 0.023102726787328717
v 0.030195193365216262 0.05654414743185045 0.02267736196517944
v 0.02845620922744275 0.05678213015198709 0.026947731152176854
v 0.026044547557830817 0.05613902583718301 0.2500052452087402
v 0.028130242601037032 0.05574155971407892 0.24863357841968534
v 0.027909375727176673 0.05604924261569978 0.24462293088436124
v 0.026498999446630485 0.056303668767213835 0.24242280423641202
v 0.026044547557830817 0.05613902583718301 0.2500052452087402
v 0.027909375727176673 0.05604924261569978 0.24462293088436124
v 0.02520315162837506 0.015926390886306766 -0.03978308662772178
v 0.024508191272616393 0.015159194357693199 -0.04026604071259498
v 0.024028554558753974 0.016678016632795337 -0.0404142215847969
v 0.02520315162837506 0.015926390886306766 -0.03978308662772178
v 0.024028554558753974 0.016678016632795337 -0.0404142215847969
v 0.02648493833839894 0.017075555399060253 -0.038868177682161324
v 0.02520315162837506 0.015926390886306766 -0.03978308662772178
v 0.028361098840832717 0.016178507357835773 -0.03762934729456901
v 0.024508191272616393 0.015159194357693199 -0.04026604071259498
v 0.02520315162837506 0.015926390886306766 -0.03978308662772178
v 0.02648493833839894 0.017075555399060253 -0.038868177682161324
v 0.028361098840832717 0.016178507357835773 -0.03762934729456901
v 0.0292236227542162 0.01787921786308289 -0.03684950247406959
v 0.03024821542203427 0.017422407865524295 -0.0360947698354721
v 0.028361098840832717 0.016178507357835773 -0.03762934729456901
v 0.0292236227542162 0.01787921786308289 -0.03684950247406959
v 0.028361098840832717 0.016178507357835773 -0.03762934729456901
v 0.02648493833839894 0.017075555399060253 -0.038868177682161324
v 0.03317080065608025 0.017118230462074283 -0.03337768092751502
v 0.03248753398656846 -0.0564507767558098 -0.03128878772258758
v 0.03160085156559945 0.017346866428852085 -0.03496412187814712
v 0.032615181058645255 -0.0564507767558098 -0.0311550460755825
v 0.03248753398656846 -0.0564507767558098 -0.03128878772258758
v 0.03317080065608025 0.017118230462074283 -0.03337768092751502
v 0.03248753398656846 -0.0564507767558098 -0.03128878772258758
v 0.031488746404647834 -0.057005379348993315 -0.032233845442533486
v 0.03160085156559945 0.017346866428852085 -0.03496412187814712
v 0.03248753398656846 -0.0564507767558098 -0.03128878772258758
v 0.032615181058645255 -0.0564507767558098 -0.0311550460755825
v 0.031488746404647834 -0.057005379348993315 -0.032233845442533486
v 0.01332830730825663 0.0387914851307869 -0.04210142046213149
v 0.013117853552103046 0.04111588746309281 -0.04173146933317184
v 0.017306324094533924 0.0392042025923729 -0.040629282593727105
v 0.017306324094533924 0.0392042025923729 -0.040629282593727105
v 0.017700484022498134 0.015358200296759609 -0.04358300939202308
v 0.01332830730825663 0.0387914851307869 -0.04210142046213149
v 0.01332830730825663 0.0387914851307869 -0.04210142046213149
v 0.017700484022498134 0.015358200296759609 -0.04358300939202308
v 0.014542103745043281 0.015250832773745063 -0.044683013111352914
v 0.013117853552103046 0.04111588746309281 -0.04173146933317184
v 0.01332830730825663 0.0387914851307869 -0.04210142046213149
v 0.009126629680395128 0.038646426051855094 -0.04319589585065841
v 0.014542103745043281 0.015250832773745063 -0.044683013111352914
v 0.010966358706355097 0.014775139279663566 -0.04571441933512687
v 0.01332830730825663 0.0387914851307869 -0.04210142046213149
v 0.010966358706355097 0.014775139279663566 -0.04571441933512687
v 0.009126629680395128 0.038646426051855094 -0.04319589585065841
v 0.01332830730825663 0.0387914851307869 -0.04210142046213149
v 0.008765912614762785 0.04095407947897912 -0.04284533113241195
v 0.013117853552103046 0.04111588746309281 -0.04173146933317184
v 0.009126629680395128 0.038646426051855094 -0.04319589585065841
v 0.0043408782221376905 0.040854975581169135 -0.043512396514415734
v 0.004503113217651845 0.038916066288948066 -0.04386373981833457
v 0.00013673158537130806 0.03856879100203515 -0.04413339868187904
v 0.004503113217651845 0.038916066288948066 -0.04386373981833457
v 0.007355838082730772 0.014517636038362983 -0.04642490297555923
v 0.003758866339921952 0.014381538145244125 -0.046847384423017495
v 0.004503113217651845 0.038916066288948066 -0.04386373981833457
v 0.009126629680395128 0.038646426051855094 -0.04319589585065841
v 0.007355838082730772 0.014517636038362983 -0.04642490297555923
v 0.004503113217651845 0.038916066288948066 -0.04386373981833457
v 0.008765912614762785 0.04095407947897912 -0.04284533113241195
v 0.009126629680395128 0.038646426051855094 -0.04319589585065841
v 0.004503113217651845 0.038916066288948066 -0.04386373981833457
v 0.0043408782221376905 0.040854975581169135 -0.043512396514415734
v 0.008765912614762785 0.04095407947897912 -0.04284533113241195
v 0.028596527874469764 0.0423252359032631 -0.033221136778593056
v 0.02508137561380864 0.04194461554288865 -0.03591251745820045
v 0.02801355347037316 0.04468898102641106 -0.03257640451192855
v 0.02877967059612275 0.04016481339931489 -0.033587958663702004
v 0.0292236227542162 0.01787921786308289 -0.03684950247406959
v 0.02561291120946408 0.03969209268689156 -0.03603409603238105
v 0.02561291120946408 0.03969209268689156 -0.03603409603238105
v 0.02508137561380864 0.04194461554288865 -0.03591251745820045
v 0.02877967059612275 0.04016481339931489 -0.033587958663702004
v 0.028596527874469764 0.0423252359032631 -0.033221136778593056
v 0.02877967059612275 0.04016481339931489 -0.033587958663702004
v 0.02508137561380864 0.04194461554288865 -0.03591251745820045
v 0.033480476588010795 0.04656894132494927 -0.026128698140382763
v 0.03221410885453225 0.04858496785163881 -0.025307483971118924
v 0.03535204753279687 0.04800250753760339 -0.022402074187994
v 0.030108110979199416 0.047248039394617095 -0.028844440355896946
v 0.03221410885453225 0.04858496785163881 -0.025307483971118924
v 0.033480476588010795 0.04656894132494927 -0.026128698140382763
v 0.03649989515542985 0.04592810198664666 -0.022952342405915257
v 0.03728491440415383 0.04372075200080872 -0.023255566135048863
v 0.034415334463119514 0.04435536265373231 -0.026668678969144818
v 0.03649989515542985 0.04592810198664666 -0.022952342405915257
v 0.03863772004842759 0.046406920999288566 -0.019272383302450177
v 0.03728491440415383 0.04372075200080872 -0.023255566135048863
v 0.03649989515542985 0.04592810198664666 -0.022952342405915257
v 0.034415334463119514 0.04435536265373231 -0.026668678969144818
v 0.033480476588010795 0.04656894132494927 -0.026128698140382763
v 0.03649989515542985 0.04592810198664666 -0.022952342405915257
v 0.033480476588010795 0.04656894132494927 -0.026128698140382763
v 0.03535204753279687 0.04800250753760339 -0.022402074187994
v 0.03535204753279687 0.04800250753760339 -0.022402074187994
v 0.03746606037020684 0.04842072725296022 -0.018854681402444836
v 0.03649989515542985 0.04592810198664666 -0.022952342405915257
v 0.03746606037020684 0.04842072725296022 -0.018854681402444836
v 0.03863772004842759 0.046406920999288566 -0.019272383302450177
v 0.03649989515542985 0.04592810198664666 -0.022952342405915257
v 0.04051169008016587 0.05100519955158235 -0.007147138472646474
v 0.03948611021041871 0.05057276412844659 -0.011042062193155287
v 0.0392734743654728 0.0520576983690262 -0.006985108833760022
v 0.03948611021041871 0.05057276412844659 -0.011042062193155287
v 0.03823112323880196 0.05166861787438394 -0.01075108628720045
v 0.0392734743654728 0.0520576983690262 -0.006985108833760022
v 0.03510406613349915 0.05093641579151155 -0.01786500960588455
v 0.034970343112945564 0.05245234072208406 -0.013738278299570082
v 0.03683465719223023 0.05129296705126764 -0.014397892169654368
v 0.03510406613349915 0.05093641579151155 -0.01786500960588455
v 0.03683465719223023 0.05129296705126764 -0.014397892169654368
v 0.03634246438741685 0.049757815897464766 -0.018429476767778393
v 0.03510406613349915 0.05093641579151155 -0.01786500960588455
v 0.03634246438741685 0.049757815897464766 -0.018429476767778393
v 0.034252453595399864 0.04938187822699548 -0.021851323544979092
v 0.034252453595399864 0.04938187822699548 -0.021851323544979092
v 0.033049061894416816 0.05059936270117761 -0.021147627383470532
v 0.03510406613349915 0.05093641579151155 -0.01786500960588455
v 0.028030328452587135 0.049992755055427565 -0.02707196399569511
v 0.030677199363708503 0.050283230841159834 -0.024235099554061886
v 0.029108833521604545 0.04870453476905824 -0.028045225888490673
v 0.028030328452587135 0.049992755055427565 -0.02707196399569511
v 0.029108833521604545 0.04870453476905824 -0.028045225888490673
v 0.02582653053104878 0.04888568446040155 -0.030366284772753712
v 0.028030328452587135 0.049992755055427565 -0.02707196399569511
v 0.02582653053104878 0.04888568446040155 -0.030366284772753712
v 0.024416513741016395 0.05047241970896722 -0.028818134218454357
v 0.028030328452587135 0.049992755055427565 -0.02707196399569511
v 0.024416513741016395 0.05047241970896722 -0.028818134218454357
v 0.02643059007823468 0.051325600594282164 -0.02560043334960937
v 0.028030328452587135 0.049992755055427565 -0.02707196399569511
v 0.028971012681722648 0.05157626420259477 -0.02296006493270397
v 0.030677199363708503 0.050283230841159834 -0.024235099554061886
v 0.02643059007823468 0.051325600594282164 -0.02560043334960937
v 0.028971012681722648 0.05157626420259477 -0.02296006493270397
v 0.028030328452587135 0.049992755055427565 -0.02707196399569511
v 0.037617545574903495 0.05416974797844888 0.0006725378334522246
v 0.039070233702659614 0.05300923064351083 -0.003115884261205792
v 0.03721904382109643 0.05383289605379106 -0.0029798273462802167
v 0.03721904382109643 0.05383289605379106 -0.0029798273462802167
v 0.039070233702659614 0.05300923064351083 -0.003115884261205792
v 0.037433322519063957 0.053120370954275145 -0.006717506330460309
v 0.03721904382109643 0.05383289605379106 -0.0029798273462802167
v 0.037433322519063957 0.053120370954275145 -0.006717506330460309
v 0.03550259396433831 0.0534934736788273 -0.008203322067856787
v 0.03721904382109643 0.05383289605379106 -0.0029798273462802167
v 0.03612406179308892 0.05435271933674814 -0.0009703959221951662
v 0.037617545574903495 0.05416974797844888 0.0006725378334522246
v 0.03550259396433831 0.0534934736788273 -0.008203322067856787
v 0.03612406179308892 0.05435271933674814 -0.0009703959221951662
v 0.03721904382109643 0.05383289605379106 -0.0029798273462802167
v 0.03765938431024552 0.05451165139675142 0.004376038908958434
v 0.03734467551112176 0.054852776229381575 0.00806900206953287
v 0.039366200566291816 0.05377462133765222 0.00458152126520872
v 0.03765938431024552 0.05451165139675142 0.004376038908958434
v 0.03940532356500626 0.05338985100388528 0.0007161110988818108
v 0.037617545574903495 0.05416974797844888 0.0006725378334522246
v 0.03765938431024552 0.05451165139675142 0.004376038908958434
v 0.039366200566291816 0.05377462133765222 0.00458152126520872
v 0.03940532356500626 0.05338985100388528 0.0007161110988818108
v 0.03620062395930291 0.055134147405624404 0.00779094686731696
v 0.03734467551112176 0.054852776229381575 0.00806900206953287
v 0.03765938431024552 0.05451165139675142 0.004376038908958434
v 0.03765938431024552 0.05451165139675142 0.004376038908958434
v 0.037617545574903495 0.05416974797844888 0.0006725378334522246
v 0.03612406179308892 0.05435271933674814 -0.0009703959221951662
v 0.03612406179308892 0.05435271933674814 -0.0009703959221951662
v 0.03620062395930291 0.055134147405624404 0.00779094686731696
v 0.03765938431024552 0.05451165139675142 0.004376038908958434
v 0.02665624581277371 -0.05351973325014116 0.269751101732254
v 0.03064869530498982 0.01579683087766171 0.26806449890136713
v 0.028445662930607803 0.012529258616268638 0.27044406533241266
v 0.02665624581277371 -0.05351973325014116 0.269751101732254
v 0.02968218736350537 -0.053515840321779265 0.2662943303585052
v 0.03064869530498982 0.01579683087766171 0.26806449890136713
v 0.02665624581277371 -0.05351973325014116 0.269751101732254
v 0.028445662930607803 0.012529258616268638 0.27044406533241266
v 0.0274086780846119 0.01463638246059418 0.2716155648231506
v 0.0274086780846119 0.01463638246059418 0.2716155648231506
v 0.025847591459751136 0.011539475060999395 0.27294507622718805
v 0.02665624581277371 -0.05351973325014116 0.269751101732254
v 0.025847591459751136 0.011539475060999395 0.27294507622718805
v 0.023230778053402904 -0.05351622402668001 0.2728182673454284
v 0.02665624581277371 -0.05351973325014116 0.269751101732254
v 0.023230778053402904 -0.05351622402668001 0.2728182673454284
v 0.023911209776997573 -0.054000828415155425 0.2718913555145263
v 0.02665624581277371 -0.05351973325014116 0.269751101732254
v 0.0035138793755322703 0.0562277100980282 0.2670775651931762
v 0.010676990263164045 0.056312363594770445 0.26417952775955195
v 0.0008551679784432056 0.05629760399460794 0.26653179526329035
v 0.0028513863217085604 0.05572071671485902 0.2694921493530273
v 0.0035138793755322703 0.0562277100980282 0.2670775651931762
v -2.7651865821098916e-05 0.05583688616752626 0.26916041970252985
v 0.0035138793755322703 0.0562277100980282 0.2670775651931762
v 0.0008551679784432056 0.05629760399460794 0.26653179526329035
v -0.0031353502999991187 0.05612091347575189 0.2677048444747924
v 0.0035138793755322703 0.0562277100980282 0.2670775651931762
v -0.0031353502999991187 0.05612091347575189 0.2677048444747924
v -2.7651865821098916e-05 0.05583688616752626 0.26916041970252985
v 0.008550390601158144 0.05586093291640283 0.26787361502647394
v 0.015363718383014206 0.05600480735301973 0.2641533017158508
v 0.008171437308192255 0.05610483512282373 0.2668327391147613
v 0.008171437308192255 0.05610483512282373 0.2668327391147613
v 0.015363718383014206 0.05600480735301973 0.2641533017158508
v 0.010676990263164045 0.056312363594770445 0.26417952775955195
v 0.008171437308192255 0.05610483512282373 0.2668327391147613
v 0.010676990263164045 0.056312363594770445 0.26417952775955195
v 0.0035138793755322703 0.0562277100980282 0.2670775651931762
v 0.008171437308192255 0.05610483512282373 0.2668327391147613
v 0.0028513863217085604 0.05572071671485902 0.2694921493530273
v 0.008550390601158144 0.05586093291640283 0.26787361502647394
v 0.008171437308192255 0.05610483512282373 0.2668327391147613
v 0.0035138793755322703 0.0562277100980282 0.2670775651931762
v 0.0028513863217085604 0.05572071671485902 0.2694921493530273
v 0.02992950007319451 0.055367916822433486 0.24486023187637326
v 0.028130242601037032 0.05574155971407892 0.24863357841968534
v 0.029629232361912734 0.05507919192314149 0.2490337789058685
v 0.031745336949825294 0.05433047190308572 0.24511915445327756
v 0.029629232361912734 0.05507919192314149 0.2490337789058685
v 0.031095376238226898 0.05419642105698587 0.24932138621807096
v 0.029629232361912734 0.05507919192314149 0.2490337789058685
v 0.031745336949825294 0.05433047190308572 0.24511915445327756
v 0.02992950007319451 0.055367916822433486 0.24486023187637326
v 0.028130242601037032 0.05574155971407892 0.24863357841968534
v 0.026044547557830817 0.05613902583718301 0.2500052452087402
v 0.02682721801102162 0.0557224713265896 0.2523523271083831
v 0.02682721801102162 0.0557224713265896 0.2523523271083831
v 0.026044547557830817 0.05613902583718301 0.2500052452087402
v 0.024122720584273345 0.05599499493837358 0.2553871870040893
v 0.02682721801102162 0.0557224713265896 0.2523523271083831
v 0.029629232361912734 0.05507919192314149 0.2490337789058685
v 0.028130242601037032 0.05574155971407892 0.24863357841968534
v 0.022736344486474994 0.05565438419580461 0.25925815105438227
v 0.02186752483248711 0.05463419854640962 0.26350548863410944
v 0.024630740284919746 0.054675169289112105 0.26039126515388483
v 0.024630740284919746 0.054675169289112105 0.26039126515388483
v 0.02186752483248711 0.05463419854640962 0.26350548863410944
v 0.02591818757355214 0.053601026535034194 0.26128751039505
v 0.027048941701650626 0.0546640455722809 0.25696110725402826
v 0.024630740284919746 0.054675169289112105 0.26039126515388483
v 0.02591818757355214 0.053601026535034194 0.26128751039505
v 0.015283450484275821 0.054565768688917174 0.2684491574764251
v 0.019447496160864833 0.05388370901346208 0.2670656740665435
v 0.018004329875111583 0.05518876761198045 0.2652864456176757
v 0.018004329875111583 0.05518876761198045 0.2652864456176757
v 0.013930066488683227 0.05561664700508119 0.2665110230445861
v 0.015283450484275821 0.054565768688917174 0.2684491574764251
v 0.015283450484275821 0.054565768688917174 0.2684491574764251
v 0.013930066488683227 0.05561664700508119 0.2665110230445861
v 0.011105126701295378 0.05515105649828912 0.2691060304641723
v 0.01167357247322798 0.04386763647198678 0.27752560377120966
v 0.013528087176382545 0.011939420364797119 0.280297964811325
v 0.01567136682569981 0.012537433765828613 0.27941772341728205
v 0.01567136682569981 0.012537433765828613 0.27941772341728205
v 0.014541924931108955 0.04402294754981995 0.27641710638999933
v 0.01167357247322798 0.04386763647198678 0.27752560377120966
v 0.01167357247322798 0.04386763647198678 0.27752560377120966
v 0.011241490952670576 0.01172726042568684 0.2810602486133575
v 0.013528087176382545 0.011939420364797119 0.280297964811325
v 0.01920547150075436 0.013079258613288406 0.2776740193367004
v 0.022961154580116275 0.012904442846775058 0.27535042166709894
v 0.022203683853149418 0.013948027044534687 0.2758026719093322
v 0.016528682783246044 0.046227671205997474 0.27504983544349665
v 0.014541924931108955 0.04402294754981995 0.27641710638999933
v 0.017204474657773975 0.044247355312109 0.275122195482254
v 0.017204474657773975 0.044247355312109 0.275122195482254
v 0.014541924931108955 0.04402294754981995 0.27641710638999933
v 0.01920547150075436 0.013079258613288406 0.2776740193367004
v 0.02532800473272801 0.014712011441588405 0.27344742417335505
v 0.025847591459751136 0.011539475060999395 0.27294507622718805
v 0.0274086780846119 0.01463638246059418 0.2716155648231506
v 0.027913689613342292 0.015577177517116073 0.27108088135719294
v 0.02532800473272801 0.014712011441588405 0.27344742417335505
v 0.0274086780846119 0.01463638246059418 0.2716155648231506
v 0.02532800473272801 0.014712011441588405 0.27344742417335505
v 0.022203683853149418 0.013948027044534687 0.2758026719093322
v 0.022961154580116275 0.012904442846775058 0.27535042166709894
v 0.02532800473272801 0.014712011441588405 0.27344742417335505
v 0.020591448992490772 0.04421448707580567 0.2730895578861236
v 0.022203683853149418 0.013948027044534687 0.2758026719093322
v 0.02532800473272801 0.014712011441588405 0.27344742417335505
v 0.024105282500386245 0.01100743841379881 0.2743720412254333
v 0.025847591459751136 0.011539475060999395 0.27294507622718805
v 0.022961154580116275 0.012904442846775058 0.27535042166709894
v 0.024105282500386245 0.01100743841379881 0.2743720412254333
v 0.02532800473272801 0.014712011441588405 0.27344742417335505
v 0.0280149132013321 0.044708304107189185 0.2663834393024444
v 0.030290622264146812 0.01651319116353989 0.26846459507942194
v 0.03199279680848122 0.017352510243654255 0.2662429511547088
v -0.00023346261878032243 0.04564281180500985 0.27969285845756525
v -6.456558912759648e-05 0.04732488095760347 0.27917841076850886
v -0.006981165148317816 0.046128802001476295 0.27832171320915217
v -0.0006998134194873274 0.04839762300252916 0.27859929203987116
v -0.006866184994578363 0.04798199236392976 0.2776545882225036
v -6.456558912759648e-05 0.04732488095760347 0.27917841076850886
v -6.456558912759648e-05 0.04732488095760347 0.27917841076850886
v -0.006866184994578363 0.04798199236392976 0.2776545882225036
v -0.006981165148317816 0.046128802001476295 0.27832171320915217
v 0.03495594486594201 -0.05400082096457483 0.2561178505420684
v 0.03595004230737687 -0.053515817970037474 0.25402539968490595
v 0.0343771055340767 -0.05351972952485086 0.25834193825721735
v 0.04230047762393952 -0.05700406432151796 0.015065270476043223
v 0.03495594486594201 -0.05400082096457483 0.2561178505420684
v 0.04096997901797295 -0.05705076456069948 0.014759948477149008
v 0.04096997901797295 -0.05705076456069948 0.014759948477149008
v 0.03495594486594201 -0.05400082096457483 0.2561178505420684
v 0.03775812685489655 -0.057050768285989775 0.021647769957780835
v 0.03495594486594201 -0.05400082096457483 0.2561178505420684
v 0.04230047762393952 -0.05700406432151796 0.015065270476043223
v 0.043172638863325126 -0.056998718529939665 0.012363500893115996
v 0.006546621210873129 -0.05351628363132478 0.2803076803684234
v 0.007275059819221498 0.010183109901845457 0.2820609509944915
v 0.004030065145343543 0.00770426355302334 0.28242710232734675
v 0.006546621210873129 -0.05351628363132478 0.2803076803684234
v 0.011043404228985311 -0.053533039987087264 0.27921527624130243
v 0.007275059819221498 0.010183109901845457 0.2820609509944915
v 0.012722805142402652 -0.05400083214044572 0.27835100889205927
v 0.01859957911074162 -0.054000828415155425 0.2756106257438659
v 0.015335449948906902 -0.053536817431449904 0.2775942981243133
v 0.015335449948906902 -0.053536817431449904 0.2775942981243133
v 0.011043404228985311 -0.053533039987087264 0.27921527624130243
v 0.012722805142402652 -0.05400083214044572 0.27835100889205927
v 0.012722805142402652 -0.05400083214044572 0.27835100889205927
v 0.014911785721778873 -0.05705077946186067 0.04081809893250465
v 0.020132636651396755 -0.05703911185264589 0.03999143466353416
v 0.020132636651396755 -0.05703911185264589 0.03999143466353416
v 0.01859957911074162 -0.054000828415155425 0.2756106257438659
v 0.012722805142402652 -0.05400083214044572 0.27835100889205927
v -0.028778679668903358 0.04231203719973565 -0.03307989612221717
v -0.028022522106766708 0.04469022527337075 -0.03256919607520103
v -0.02529761008918286 0.04193123430013657 -0.03577528521418571
v -0.02529761008918286 0.04193123430013657 -0.03577528521418571
v -0.025507058948278434 0.0400366522371769 -0.03606057912111282
v -0.028778679668903358 0.04231203719973565 -0.03307989612221717
v -0.028778679668903358 0.04231203719973565 -0.03307989612221717
v -0.025507058948278434 0.0400366522371769 -0.03606057912111282
v -0.02928015589714051 0.04028738662600518 -0.03315013274550437
v -0.028778679668903358 0.04231203719973565 -0.03307989612221717
v -0.031183714047074325 0.04506726935505868 -0.02962580136954784
v -0.028022522106766708 0.04469022527337075 -0.03256919607520103
v -0.020905705168843273 0.044064167886972434 -0.03744458407163619
v -0.024594308808445937 0.04435542598366738 -0.03517650812864303
v -0.02371844835579396 0.04663011804223061 -0.0341297686100006
v -0.024594308808445937 0.04435542598366738 -0.03517650812864303
v -0.027049936354160316 0.04692117497324945 -0.03163901716470718
v -0.02371844835579396 0.04663011804223061 -0.0341297686100006
v -0.027049936354160316 0.04692117497324945 -0.03163901716470718
v -0.024594308808445937 0.04435542598366738 -0.03517650812864303
v -0.028022522106766708 0.04469022527337075 -0.03256919607520103
v -0.024594308808445937 0.04435542598366738 -0.03517650812864303
v -0.02529761008918286 0.04193123430013657 -0.03577528521418571
v -0.028022522106766708 0.04469022527337075 -0.03256919607520103
v -0.024594308808445937 0.04435542598366738 -0.03517650812864303
v -0.021538075059652332 0.041605588048696525 -0.03812602534890174
v -0.02529761008918286 0.04193123430013657 -0.03577528521418571
v -0.024594308808445937 0.04435542598366738 -0.03517650812864303
v -0.020905705168843273 0.044064167886972434 -0.03744458407163619
v -0.021538075059652332 0.041605588048696525 -0.03812602534890174
v -0.02905069664120675 0.01664241030812264 -0.03711071610450744
v -0.03159541636705399 0.018231291323900226 -0.03488680720329284
v -0.029780637472867973 0.01838105916976929 -0.03636785969138145
v -0.029780637472867973 0.01838105916976929 -0.03636785969138145
v -0.03159541636705399 0.018231291323900226 -0.03488680720329284
v -0.02928015589714051 0.04028738662600518 -0.03315013274550437
v -0.029780637472867973 0.01838105916976929 -0.03636785969138145
v -0.02928015589714051 0.04028738662600518 -0.03315013274550437
v -0.025507058948278434 0.0400366522371769 -0.03606057912111282
v -0.029780637472867973 0.01838105916976929 -0.03636785969138145
v -0.02731797099113465 0.017808038741350177 -0.038201972842216485
v -0.02905069664120675 0.01664241030812264 -0.03711071610450744
v -0.029780637472867973 0.01838105916976929 -0.03636785969138145
v -0.025507058948278434 0.0400366522371769 -0.03606057912111282
v -0.02731797099113465 0.017808038741350177 -0.038201972842216485
v -0.02928015589714051 0.04028738662600518 -0.03315013274550437
v -0.03159541636705399 0.018231291323900226 -0.03488680720329284
v -0.03281699493527413 0.01958964951336384 -0.03360167518258094
v -0.03296110406517983 0.017642330378293995 -0.03366870060563087
v -0.03434311226010323 0.018019387498497966 -0.032219242304563515
v -0.03425372764468194 0.019493285566568378 -0.0322488322854042
v -0.03296110406517983 0.017642330378293995 -0.03366870060563087
v -0.03425372764468194 0.019493285566568378 -0.0322488322854042
v -0.03281699493527413 0.01958964951336384 -0.03360167518258094
v -0.03296110406517983 0.017642330378293995 -0.03366870060563087
v -0.03281699493527413 0.01958964951336384 -0.03360167518258094
v -0.03159541636705399 0.018231291323900226 -0.03488680720329284
v -0.0326153226196766 -0.05645081400871278 -0.03115506842732429
v -0.03296110406517983 0.017642330378293995 -0.03366870060563087
v -0.031593762338161475 -0.057011339813470854 -0.032126456499099725
v -0.03296110406517983 0.017642330378293995 -0.03366870060563087
v -0.0326153226196766 -0.05645081400871278 -0.03115506842732429
v -0.03434311226010323 0.018019387498497966 -0.032219242304563515
v -0.03296110406517983 0.017642330378293995 -0.03366870060563087
v -0.02973005175590516 -0.056450810283422484 -0.03393177688121795
v -0.031593762338161475 -0.057011339813470854 -0.032126456499099725
v -0.030131002888083465 0.04724984243512155 -0.028821900486946102
v -0.031183714047074325 0.04506726935505868 -0.02962580136954784
v -0.03290915116667748 0.04761198908090593 -0.025726489722728726
v -0.03290915116667748 0.04761198908090593 -0.025726489722728726
v -0.0318659320473671 0.04903347417712213 -0.02503201365470886
v -0.030131002888083465 0.04724984243512155 -0.028821900486946102
v -0.03290915116667748 0.04761198908090593 -0.025726489722728726
v -0.03535589575767518 0.048003252595663085 -0.022398009896278378
v -0.03426966071128846 0.04938501119613649 -0.021827315911650654
v -0.03290915116667748 0.04761198908090593 -0.025726489722728726
v -0.03426966071128846 0.04938501119613649 -0.021827315911650654
v -0.0318659320473671 0.04903347417712213 -0.02503201365470886
v -0.03558451309800149 -0.05645081400871278 -0.027696372941136357
v -0.038833625614643104 0.02071507088840008 -0.026635475456714627
v -0.036272857338190086 0.019136559218168262 -0.030043151229619976
v -0.036272857338190086 0.019136559218168262 -0.030043151229619976
v -0.038833625614643104 0.02071507088840008 -0.026635475456714627
v -0.03674300760030747 0.020621040835976604 -0.029373291879892346
v -0.03501123562455178 -0.05645081400871278 -0.02842149324715137
v -0.03558451309800149 -0.05645081400871278 -0.027696372941136357
v -0.036272857338190086 0.019136559218168262 -0.030043151229619976
v -0.036272857338190086 0.019136559218168262 -0.030043151229619976
v -0.03434311226010323 0.018019387498497966 -0.032219242304563515
v -0.03501123562455178 -0.05645081400871278 -0.02842149324715137
v -0.036272857338190086 0.019136559218168262 -0.030043151229619976
v -0.03674300760030747 0.020621040835976604 -0.029373291879892346
v -0.03425372764468194 0.019493285566568378 -0.0322488322854042
v -0.03425372764468194 0.019493285566568378 -0.0322488322854042
v -0.03434311226010323 0.018019387498497966 -0.032219242304563515
v -0.036272857338190086 0.019136559218168262 -0.030043151229619976
v -0.03402210026979447 0.04548229649662972 -0.026399550959467884
v -0.03290915116667748 0.04761198908090593 -0.025726489722728726
v -0.031183714047074325 0.04506726935505868 -0.02962580136954784
v -0.03650910779833794 0.045930434018373496 -0.022939236834645268
v -0.03535589575767518 0.048003252595663085 -0.022398009896278378
v -0.03402210026979447 0.04548229649662972 -0.026399550959467884
v -0.03402210026979447 0.04548229649662972 -0.026399550959467884
v -0.03535589575767518 0.048003252595663085 -0.022398009896278378
v -0.03290915116667748 0.04761198908090593 -0.025726489722728726
v -0.040583517402410514 0.022928914055228237 -0.02374305762350559
v -0.04119545593857766 0.024084374308586128 -0.022471837699413296
v -0.03766495361924172 0.04198502749204636 -0.02327712811529636
v -0.03940218314528466 0.022869983687996868 -0.025502333417534825
v -0.038833625614643104 0.02071507088840008 -0.026635475456714627
v -0.040583517402410514 0.022928914055228237 -0.02374305762350559
v -0.040583517402410514 0.022928914055228237 -0.02374305762350559
v -0.03766495361924172 0.04198502749204636 -0.02327712811529636
v -0.03940218314528466 0.022869983687996868 -0.025502333417534825
v -0.03940218314528466 0.022869983687996868 -0.025502333417534825
v -0.03766495361924172 0.04198502749204636 -0.02327712811529636
v -0.03512084856629372 0.041497103869915015 -0.026896961033344265
v -0.024848435074090965 0.014868154190480713 -0.0400220900774002
v -0.021692547947168354 0.014380754902958873 -0.04186479747295379
v -0.023593598976731307 -0.056450806558132186 -0.03847027197480201
v -0.025590691715478904 0.015674933791160587 -0.03957574069499969
v -0.024848435074090965 0.014868154190480713 -0.0400220900774002
v -0.023593598976731307 -0.056450806558132186 -0.03847027197480201
v -0.024848435074090965 0.014868154190480713 -0.0400220900774002
v -0.025590691715478904 0.015674933791160587 -0.03957574069499969
v -0.021692547947168354 0.014380754902958873 -0.04186479747295379
v -0.03414259105920792 0.05578532069921495 0.014093695208430288
v -0.025588143616914756 0.057082451879978194 0.028569590300321576
v -0.03213638439774514 0.05580728873610498 0.014113053679466246
v -0.03213638439774514 0.05580728873610498 0.014113053679466246
v -0.03535861149430276 0.05504495650529863 0.005407926626503467
v -0.03414259105920792 0.05578532069921495 0.014093695208430288
v -0.03535861149430276 0.05504495650529863 0.005407926626503467
v -0.03213638439774514 0.05580728873610498 0.014113053679466246
v -0.025588143616914756 0.057082451879978194 0.028569590300321576
v -0.024368418380618102 0.05046830326318742 -0.02885770052671432
v -0.027220310643315322 0.050711784511804595 -0.0263815876096487
v -0.02458308823406697 0.05146192759275438 -0.02650312520563602
v -0.02458308823406697 0.05146192759275438 -0.02650312520563602
v -0.027220310643315322 0.050711784511804595 -0.0263815876096487
v -0.028927545994520194 0.051570829004049315 -0.023012699559330937
v -0.02628984302282334 0.04674790054559708 0.2677342593669891
v -0.027954230085015304 0.0447753518819809 0.26644682884216303
v -0.02657675929367543 0.0448049120604992 0.267939805984497
v -0.02628984302282334 0.04674790054559708 0.2677342593669891
v -0.028101008385419853 0.04692051932215692 0.26566126942634577
v -0.027954230085015304 0.0447753518819809 0.26644682884216303
v -0.02628984302282334 0.04674790054559708 0.2677342593669891
v -0.02657675929367543 0.0448049120604992 0.267939805984497
v -0.025270696729421623 0.04465053230524064 0.2692940235137939
v -0.02457145974040032 0.04667527601122857 0.26941454410552973
v -0.02628984302282334 0.04674790054559708 0.2677342593669891
v -0.025270696729421623 0.04465053230524064 0.2692940235137939
v -0.02628984302282334 0.04674790054559708 0.2677342593669891
v -0.02457145974040032 0.04667527601122857 0.26941454410552973
v -0.025851659476757056 0.048537723720073714 0.26725351810455317
v -0.025851659476757056 0.048537723720073714 0.26725351810455317
v -0.028101008385419853 0.04692051932215692 0.26566126942634577
v -0.02628984302282334 0.04674790054559708 0.2677342593669891
v -0.021203637123107914 0.051202386617660536 0.2692478001117706
v -0.023261966183781627 0.053208529949188246 0.2649736404418945
v -0.024661434814333923 0.05131210014224054 0.2661356925964355
v -0.021203637123107914 0.051202386617660536 0.2692478001117706
v -0.01994893699884415 0.053140059113502516 0.2678773701190948
v -0.023261966183781627 0.053208529949188246 0.2649736404418945
v -0.009680814109742643 0.05632464960217477 0.2638046741485595
v -0.018756821751594547 0.05632472783327104 0.2578707635402679
v -0.017726857215166095 0.05613370984792711 0.26159301400184626
v -0.009680814109742643 0.05632464960217477 0.2638046741485595
v -0.008502467535436155 0.056123904883861556 0.26661443710327143
v 0.0008551679784432056 0.05629760399460794 0.26653179526329035
v -0.009680814109742643 0.05632464960217477 0.2638046741485595
v -0.00275245332159102 0.05804757401347162 0.03960560262203216
v -0.018756821751594547 0.05632472783327104 0.2578707635402679
v 0.0008551679784432056 0.05629760399460794 0.26653179526329035
v 0.010676990263164045 0.056312363594770445 0.26417952775955195
v -0.009680814109742643 0.05632464960217477 0.2638046741485595
v -0.009680814109742643 0.05632464960217477 0.2638046741485595
v 0.010676990263164045 0.056312363594770445 0.26417952775955195
v -0.00275245332159102 0.05804757401347162 0.03960560262203216
v -0.010848307982087137 0.05564588680863382 0.2678199708461761
v -0.014063146896660331 0.05568988248705865 0.26620557904243464
v -0.015283699147403244 0.05462857335805894 0.268322080373764
v -0.014063146896660331 0.05568988248705865 0.26620557904243464
v -0.017281884327530864 0.05569270253181459 0.2641857266426086
v -0.015283699147403244 0.05462857335805894 0.268322080373764
v -0.0006998134194873274 0.04839762300252916 0.27859929203987116
v -6.456558912759648e-05 0.04732488095760347 0.27917841076850886
v 0.00021827618184033787 0.04835348948836328 0.27871021628379816
v 0.00021827618184033787 0.04835348948836328 0.27871021628379816
v 0.0002655200369190425 0.050979126244783415 0.27699860930442805
v -0.00041498575592413555 0.05105735361576082 0.27693319320678705
v 0.00036337121855467563 0.05121533200144769 0.27683007717132563
v 0.0002655200369190425 0.050979126244783415 0.27699860930442805
v 0.00021827618184033787 0.04835348948836328 0.27871021628379816
v -0.0036381506361067304 0.011169677600264551 0.28252586722373957
v -0.006039988715201618 0.011150924488902094 0.2822063863277435
v -0.0042000673711299905 0.010039544664323332 0.2825141251087188
v -0.006039988715201618 0.011150924488902094 0.2822063863277435
v -0.005650951061397792 0.007917442359030248 0.28223961591720576
v -0.0042000673711299905 0.010039544664323332 0.2825141251087188
v -0.006039988715201618 0.011150924488902094 0.2822063863277435
v -0.0036381506361067304 0.011169677600264551 0.28252586722373957
v -0.00028734398074448114 0.04404063895344735 0.2799720168113708
v -0.00028734398074448114 0.04404063895344735 0.2799720168113708
v -0.007967262528836729 0.011593972332775595 0.28185793757438654
v -0.006039988715201618 0.011150924488902094 0.2822063863277435
v -0.008056925609707834 0.007968304678797724 0.28180560469627375
v -0.005650951061397792 0.007917442359030248 0.28223961591720576
v -0.006039988715201618 0.011150924488902094 0.2822063863277435
v -0.006039988715201618 0.011150924488902094 0.2822063863277435
v -0.007967262528836729 0.011593972332775595 0.28185793757438654
v -0.008056925609707834 0.007968304678797724 0.28180560469627375
v -0.010033352300524713 0.010562846437096597 0.28143623471260065
v -0.007967262528836729 0.011593972332775595 0.28185793757438654
v -0.009496013633906843 0.011472253128886225 0.2815353572368621
v -0.009496013633906843 0.011472253128886225 0.2815353572368621
v -0.007967262528836729 0.011593972332775595 0.28185793757438654
v -0.012136966921389106 0.034723658114671714 0.27865311503410334
v -0.009496013633906843 0.011472253128886225 0.2815353572368621
v -0.012021897360682491 0.012027543969452385 0.28078791499137873
v -0.010033352300524713 0.010562846437096597 0.28143623471260065
v -0.009496013633906843 0.011472253128886225 0.2815353572368621
v -0.012136966921389106 0.034723658114671714 0.27865311503410334
v -0.012021897360682491 0.012027543969452385 0.28078791499137873
v -0.03747424110770226 0.048422407358884825 -0.0188407227396965
v -0.03426966071128846 0.04938501119613649 -0.021827315911650654
v -0.03535589575767518 0.048003252595663085 -0.022398009896278378
v -0.03747424110770226 0.048422407358884825 -0.0188407227396965
v -0.039241954684257514 0.048866853117942824 -0.015075855888426302
v -0.03811885043978692 0.0501619763672352 -0.014755329117178915
v -0.03747424110770226 0.048422407358884825 -0.0188407227396965
v -0.03535589575767518 0.048003252595663085 -0.022398009896278378
v -0.03650910779833794 0.045930434018373496 -0.022939236834645268
v -0.033033948391675956 0.050596807152032866 -0.02117211744189262
v -0.03426966071128846 0.04938501119613649 -0.021827315911650654
v -0.03595825284719468 0.050182815641164794 -0.018241526558995243
v -0.03595825284719468 0.050182815641164794 -0.018241526558995243
v -0.03811885043978692 0.0501619763672352 -0.014755329117178915
v -0.03684169054031373 0.05129417404532434 -0.014381122775375841
v -0.03595825284719468 0.050182815641164794 -0.018241526558995243
v -0.03747424110770226 0.048422407358884825 -0.0188407227396965
v -0.03811885043978692 0.0501619763672352 -0.014755329117178915
v -0.03426966071128846 0.04938501119613649 -0.021827315911650654
v -0.03747424110770226 0.048422407358884825 -0.0188407227396965
v -0.03595825284719468 0.050182815641164794 -0.018241526558995243
v -0.041616320610046394 0.04980694875121118 -0.007207848131656646
v -0.04222661256790162 0.05030009523034097 -0.00310995546169579
v -0.041161678731441505 0.05145370960235597 -0.0031293034553527828
v -0.041161678731441505 0.05145370960235597 -0.0031293034553527828
v -0.040518581867218025 0.05100905522704126 -0.007120142225176095
v -0.041616320610046394 0.04980694875121118 -0.007207848131656646
v -0.041161678731441505 0.05145370960235597 -0.0031293034553527828
v -0.042437579482793815 0.050800308585166945 0.0010199248790740965
v -0.04104911908507348 0.05225111916661264 0.0008548711775802075
v -0.041161678731441505 0.05145370960235597 -0.0031293034553527828
v -0.04222661256790162 0.05030009523034097 -0.00310995546169579
v -0.042437579482793815 0.050800308585166945 0.0010199248790740965
v -0.034198097884655006 0.053173243999481215 -0.01171707548201084
v -0.034438557922840125 0.05369902402162553 -0.008313454687595366
v -0.03157234191894532 0.05313939601182939 -0.014639001339673994
v -0.036325659602880485 0.05445537716150285 0.00025548375560902054
v -0.034438557922840125 0.05369902402162553 -0.008313454687595366
v -0.036388877779245384 0.05379302799701692 -0.004908005241304635
v -0.036388877779245384 0.05379302799701692 -0.004908005241304635
v -0.03761291131377221 0.05416085943579675 0.0005789420101791619
v -0.036325659602880485 0.05445537716150285 0.00025548375560902054
v -0.036388877779245384 0.05379302799701692 -0.004908005241304635
v -0.034438557922840125 0.05369902402162553 -0.008313454687595366
v -0.034198097884655006 0.053173243999481215 -0.01171707548201084
v -0.03927045315504075 0.052055574953556075 -0.007007686886936425
v -0.03741753846406937 0.05311327055096628 -0.006792218890041112
v -0.038231626152992255 0.05166784673929216 -0.010757211595773695
v -0.038231626152992255 0.05166784673929216 -0.010757211595773695
v -0.03989887237548829 0.05018637701869012 -0.011078021489083765
v -0.040518581867218025 0.05100905522704126 -0.007120142225176095
v -0.038231626152992255 0.05166784673929216 -0.010757211595773695
v -0.040518581867218025 0.05100905522704126 -0.007120142225176095
v -0.03927045315504075 0.052055574953556075 -0.007007686886936425
v -0.03989887237548829 0.05018637701869012 -0.011078021489083765
v -0.038231626152992255 0.05166784673929216 -0.010757211595773695
v -0.03811885043978692 0.0501619763672352 -0.014755329117178915
v -0.038231626152992255 0.05166784673929216 -0.010757211595773695
v -0.03684169054031373 0.05129417404532434 -0.014381122775375841
v -0.03811885043978692 0.0501619763672352 -0.014755329117178915
v -0.0381477139890194 0.05346454679965974 -0.003105218987911939
v -0.03940567374229432 0.05338889360427858 0.0007083709351718425
v -0.03761291131377221 0.05416085943579675 0.0005789420101791619
v -0.036388877779245384 0.05379302799701692 -0.004908005241304635
v -0.0381477139890194 0.05346454679965974 -0.003105218987911939
v -0.03761291131377221 0.05416085943579675 0.0005789420101791619
v -0.0381477139890194 0.05346454679965974 -0.003105218987911939
v -0.036388877779245384 0.05379302799701692 -0.004908005241304635
v -0.03741753846406937 0.05311327055096628 -0.006792218890041112
v -0.0381477139890194 0.05346454679965974 -0.003105218987911939
v -0.03741753846406937 0.05311327055096628 -0.006792218890041112
v -0.03927045315504075 0.052055574953556075 -0.007007686886936425
v -0.04276039823889733 0.047993056476116194 -0.007242895197123288
v -0.042229693382978446 0.04645195975899697 -0.011381694115698336
v -0.043516498059034354 0.04605961218476296 -0.007201123517006635
v -0.043516498059034354 0.04605961218476296 -0.007201123517006635
v -0.04380651935935021 0.04432006552815438 -0.0074161277152597896
v -0.044055085629224784 0.046696916222572334 -0.00292240479029715
v -0.043516498059034354 0.04605961218476296 -0.007201123517006635
v -0.043331697583198554 0.048555906862020506 -0.0030349108856171365
v -0.04276039823889733 0.047993056476116194 -0.007242895197123288
v -0.043516498059034354 0.04605961218476296 -0.007201123517006635
v -0.044055085629224784 0.046696916222572334 -0.00292240479029715
v -0.043331697583198554 0.048555906862020506 -0.0030349108856171365
v -0.039241954684257514 0.048866853117942824 -0.015075855888426302
v -0.03747424110770226 0.048422407358884825 -0.0188407227396965
v -0.03865009546279908 0.04641013965010644 -0.019249429926276204
v -0.03865009546279908 0.04641013965010644 -0.019249429926276204
v -0.03747424110770226 0.048422407358884825 -0.0188407227396965
v -0.03650910779833794 0.045930434018373496 -0.022939236834645268
v -0.04284372180700303 0.044415410608053214 -0.011269731447100638
v -0.04598678275942803 0.029007827863097198 -0.009463514201343058
v -0.04380651935935021 0.04432006552815438 -0.0074161277152597896
v -0.043516498059034354 0.04605961218476296 -0.007201123517006635
v -0.04284372180700303 0.044415410608053214 -0.011269731447100638
v -0.04380651935935021 0.04432006552815438 -0.0074161277152597896
v -0.04284372180700303 0.044415410608053214 -0.011269731447100638
v -0.043516498059034354 0.04605961218476296 -0.007201123517006635
v -0.042229693382978446 0.04645195975899697 -0.011381694115698336
v -0.04687473177909852 0.03185191005468369 -0.002390383509919047
v -0.04678227379918099 0.03363369777798653 0.000317623111186549
v -0.0444023720920086 0.045034211128950126 -0.0025496687740087505
v -0.04678227379918099 0.03363369777798653 0.000317623111186549
v -0.04687473177909852 0.03185191005468369 -0.002390383509919047
v -0.046927604824304595 0.03302524983882905 0.0015751954633742569
v -0.04678227379918099 0.03363369777798653 0.000317623111186549
v -0.04417606815695763 0.04734279587864877 0.0013711953070014713
v -0.0444023720920086 0.045034211128950126 -0.0025496687740087505
v -0.04678227379918099 0.03363369777798653 0.000317623111186549
v -0.046691659837961204 0.034674901515245445 0.003895716508850455
v -0.04417606815695763 0.04734279587864877 0.0013711953070014713
v -0.04678227379918099 0.03363369777798653 0.000317623111186549
v -0.046927604824304595 0.03302524983882905 0.0015751954633742569
v -0.046691659837961204 0.034674901515245445 0.003895716508850455
v -0.037667173892259605 0.054500713944435134 0.004258628468960523
v -0.0373600646853447 0.05484359338879587 0.007970436476171015
v -0.03629621863365174 0.05495573207736017 0.005701931659132241
v -0.037667173892259605 0.054500713944435134 0.004258628468960523
v -0.03629621863365174 0.05495573207736017 0.005701931659132241
v -0.036325659602880485 0.05445537716150285 0.00025548375560902054
v -0.036325659602880485 0.05445537716150285 0.00025548375560902054
v -0.03761291131377221 0.05416085943579675 0.0005789420101791619
v -0.037667173892259605 0.054500713944435134 0.004258628468960523
v -0.0373600646853447 0.05484359338879587 0.007970436476171015
v -0.037667173892259605 0.054500713944435134 0.004258628468960523
v -0.0393708385527134 0.053771391510963454 0.004547152202576398
v -0.037667173892259605 0.054500713944435134 0.004258628468960523
v -0.03940567374229432 0.05338889360427858 0.0007083709351718425
v -0.0393708385527134 0.053771391510963454 0.004547152202576398
v -0.03761291131377221 0.05416085943579675 0.0005789420101791619
v -0.03940567374229432 0.05338889360427858 0.0007083709351718425
v -0.037667173892259605 0.054500713944435134 0.004258628468960523
v -0.029068576171994216 0.052936125546693816 0.2580289244651794
v -0.027723716571927078 0.05418488755822183 0.2573117911815643
v -0.029676768928766258 0.05414615944027902 0.253592163324356
v -0.029676768928766258 0.05414615944027902 0.253592163324356
v -0.03143297880887986 0.05261880904436113 0.25398883223533625
v -0.029068576171994216 0.052936125546693816 0.2580289244651794
v -0.029068576171994216 0.052936125546693816 0.2580289244651794
v -0.03143297880887986 0.05261880904436113 0.25398883223533625
v -0.030243240296840675 0.051479108631610884 0.2586481571197509
v -0.027723716571927078 0.05418488755822183 0.2573117911815643
v -0.029068576171994216 0.052936125546693816 0.2580289244651794
v -0.02617351710796357 0.053284581750631346 0.26162376999855036
v -0.030243240296840675 0.051479108631610884 0.2586481571197509
v -0.027682907879352577 0.05143393203616144 0.2625592350959777
v -0.029068576171994216 0.052936125546693816 0.2580289244651794
v -0.027682907879352577 0.05143393203616144 0.2625592350959777
v -0.02617351710796357 0.053284581750631346 0.26162376999855036
v -0.029068576171994216 0.052936125546693816 0.2580289244651794
v -0.03317036852240563 0.04741937667131425 0.25737503170967096
v -0.032091684639453895 0.047287326306104674 0.25961104035377497
v -0.03262551501393319 0.04904183372855188 0.2571440637111663
v -0.03317036852240563 0.04741937667131425 0.25737503170967096
v -0.033545341342687614 0.04915263876318933 0.2548671960830688
v -0.0340963937342167 0.04755512252449991 0.25505667924880976
v -0.033545341342687614 0.04915263876318933 0.2548671960830688
v -0.03317036852240563 0.04741937667131425 0.25737503170967096
v -0.03262551501393319 0.04904183372855188 0.2571440637111663
v -0.03317036852240563 0.04741937667131425 0.25737503170967096
v -0.0328381471335888 0.04556861892342568 0.258935272693634
v -0.032091684639453895 0.047287326306104674 0.25961104035377497
v -0.0328381471335888 0.04556861892342568 0.258935272693634
v -0.03317036852240563 0.04741937667131425 0.25737503170967096
v -0.03435395285487176 0.04554955661296845 0.2554292976856231
v -0.03317036852240563 0.04741937667131425 0.25737503170967096
v -0.0340963937342167 0.04755512252449991 0.25505667924880976
v -0.03435395285487176 0.04554955661296845 0.2554292976856231
v -0.03262551501393319 0.04904183372855188 0.2571440637111663
v -0.032091684639453895 0.047287326306104674 0.25961104035377497
v -0.03155604004859925 0.048933744430542006 0.2593394219875335
v -0.03155604004859925 0.048933744430542006 0.2593394219875335
v -0.032091684639453895 0.047287326306104674 0.25961104035377497
v -0.030864851549267776 0.04715881496667863 0.2617634236812591
v -0.03155604004859925 0.048933744430542006 0.2593394219875335
v -0.030864851549267776 0.04715881496667863 0.2617634236812591
v -0.030341628938913352 0.04882883280515672 0.26145139336585993
v -0.0289825089275837 0.04872756451368333 0.26348027586936945
v -0.030341628938913352 0.04882883280515672 0.26145139336585993
v -0.029490139335393913 0.04703522846102716 0.26383146643638605
v -0.0289825089275837 0.04872756451368333 0.26348027586936945
v -0.029490139335393913 0.04703522846102716 0.26383146643638605
v -0.028101008385419853 0.04692051932215692 0.26566126942634577
v -0.0289825089275837 0.04872756451368333 0.26348027586936945
v -0.028101008385419853 0.04692051932215692 0.26566126942634577
v -0.027481187134981162 0.04863037168979646 0.265421450138092
v -0.02853194251656533 0.04984041675925256 0.2631577849388122
v -0.0289825089275837 0.04872756451368333 0.26348027586936945
v -0.027481187134981162 0.04863037168979646 0.265421450138092
v -0.030341628938913352 0.04882883280515672 0.26145139336585993
v -0.0289825089275837 0.04872756451368333 0.26348027586936945
v -0.02853194251656533 0.04984041675925256 0.2631577849388122
v -0.032753165811300285 0.05070339143276216 0.254680722951889
v -0.03412276133894921 0.05087896436452867 0.25008645653724665
v -0.03430803120136262 0.04926574230194093 0.25252932310104365
v -0.03430803120136262 0.04926574230194093 0.25252932310104365
v -0.033545341342687614 0.04915263876318933 0.2548671960830688
v -0.032753165811300285 0.05070339143276216 0.254680722951889
v -0.032753165811300285 0.05070339143276216 0.254680722951889
v -0.03143297880887986 0.05261880904436113 0.25398883223533625
v -0.03412276133894921 0.05087896436452867 0.25008645653724665
v -0.030243240296840675 0.051479108631610884 0.2586481571197509
v -0.03143297880887986 0.05261880904436113 0.25398883223533625
v -0.032753165811300285 0.05070339143276216 0.254680722951889
v -0.032753165811300285 0.05070339143276216 0.254680722951889
v -0.033545341342687614 0.04915263876318933 0.2548671960830688
v -0.03262551501393319 0.04904183372855188 0.2571440637111663
v 0.04382323101162911 0.04425505548715592 -0.007357497233897447
v 0.04660755023360253 0.03047807142138482 -0.005610810592770576
v 0.04609345272183419 0.029053589329123504 -0.008960855193436144
v 0.04660755023360253 0.03047807142138482 -0.005610810592770576
v 0.04647447913885117 0.028505876660346992 -0.007212295662611722
v 0.04609345272183419 0.029053589329123504 -0.008960855193436144
v 0.04660755023360253 0.03047807142138482 -0.005610810592770576
v 0.046926222741603865 0.030461287125945098 -0.0028927964158356185
v 0.04647447913885117 0.028505876660346992 -0.007212295662611722
v 0.041613649576902396 0.04980562254786493 -0.007214294280856847
v 0.04275674745440484 0.047989636659622206 -0.007258638273924588
v 0.04177828878164292 0.04744169488549234 -0.011384555138647555
v 0.043242588639259345 0.04969735443592073 0.00536930002272129
v 0.044177684932947166 0.04733248427510263 0.0013214451028034089
v 0.04349207505583764 0.04912112653255464 0.0011467137373983858
v 0.04224643856287003 0.05130047723650934 0.005113472696393727
v 0.043242588639259345 0.04969735443592073 0.00536930002272129
v 0.04349207505583764 0.04912112653255464 0.0011467137373983858
v 0.04349207505583764 0.04912112653255464 0.0011467137373983858
v 0.04243678599596024 0.05079602822661401 0.0009804125875234602
v 0.04224643856287003 0.05130047723650934 0.005113472696393727
v 0.02319768071174622 0.05225165188312532 -0.02461355738341808
v 0.027947135269641883 0.05267681181430818 -0.019853647798299786
v 0.028785519301891334 0.052365034818649306 -0.020609620958566662
v 0.02319768071174622 0.05225165188312532 -0.02461355738341808
v 0.028785519301891334 0.052365034818649306 -0.020609620958566662
v 0.023898022249341018 0.05191558972001077 -0.02555514499545097
v 0.027947135269641883 0.05267681181430818 -0.019853647798299786
v 0.02319768071174622 0.05225165188312532 -0.02461355738341808
v 0.026544272899627692 0.05295164883136751 -0.01871228218078613
v 0.02319768071174622 0.05225165188312532 -0.02461355738341808
v 0.01570089347660542 0.0522335283458233 -0.02691399864852428
v 0.026544272899627692 0.05295164883136751 -0.01871228218078613
v -0.018050979822874073 0.050068445503711714 -0.032917004078626626
v -0.01869592070579529 0.051079422235488905 -0.03058742359280586
v -0.014625138603150848 0.049914062023162856 -0.034481979906558984
v -0.025811644271016128 0.048884067684412016 -0.03037961386144161
v -0.027220310643315322 0.050711784511804595 -0.0263815876096487
v -0.024368418380618102 0.05046830326318742 -0.02885770052671432
v -0.027220310643315322 0.050711784511804595 -0.0263815876096487
v -0.025811644271016128 0.048884067684412016 -0.03037961386144161
v -0.02878726832568646 0.0491677224636078 -0.027720864862203595
v -0.02371844835579396 0.04663011804223061 -0.0341297686100006
v -0.027049936354160316 0.04692117497324945 -0.03163901716470718
v -0.025811644271016128 0.048884067684412016 -0.03037961386144161
v -0.025811644271016128 0.048884067684412016 -0.03037961386144161
v -0.027049936354160316 0.04692117497324945 -0.03163901716470718
v -0.02878726832568646 0.0491677224636078 -0.027720864862203595
v -0.020143514499068264 0.0463772863149643 -0.036292709410190575
v -0.0191769190132618 0.04841637238860132 -0.034756951034069054
v -0.016357483342289928 0.046165663748979575 -0.03810231760144233
v -0.020143514499068264 0.0463772863149643 -0.036292709410190575
v -0.020905705168843273 0.044064167886972434 -0.03744458407163619
v -0.02371844835579396 0.04663011804223061 -0.0341297686100006
v -0.020143514499068264 0.0463772863149643 -0.036292709410190575
v -0.016357483342289928 0.046165663748979575 -0.03810231760144233
v -0.016988873481750492 0.0438201054930687 -0.039345972239971154
v -0.020143514499068264 0.0463772863149643 -0.036292709410190575
v -0.016988873481750492 0.0438201054930687 -0.039345972239971154
v -0.020905705168843273 0.044064167886972434 -0.03744458407163619
v -0.015557853505015377 0.04823486134409906 -0.036452759057283395
v -0.018050979822874073 0.050068445503711714 -0.032917004078626626
v -0.014625138603150848 0.049914062023162856 -0.034481979906558984
v -0.0191769190132618 0.04841637238860132 -0.034756951034069054
v -0.018050979822874073 0.050068445503711714 -0.032917004078626626
v -0.015557853505015377 0.04823486134409906 -0.036452759057283395
v -0.015557853505015377 0.04823486134409906 -0.036452759057283395
v -0.012422674335539344 0.045998543500900275 -0.03952181339263915
v -0.016357483342289928 0.046165663748979575 -0.03810231760144233
v -0.016357483342289928 0.046165663748979575 -0.03810231760144233
v -0.0191769190132618 0.04841637238860132 -0.034756951034069054
v -0.015557853505015377 0.04823486134409906 -0.036452759057283395
v -0.01869592070579529 0.051079422235488905 -0.03058742359280586
v -0.013591059483587745 0.05113090574741365 -0.032312706112861626
v -0.014625138603150848 0.049914062023162856 -0.034481979906558984
v -0.013591059483587745 0.05113090574741365 -0.032312706112861626
v -0.011083805933594705 0.04979317262768747 -0.03570281714200973
v -0.014625138603150848 0.049914062023162856 -0.034481979906558984
v -0.013591059483587745 0.05113090574741365 -0.032312706112861626
v -0.01869592070579529 0.051079422235488905 -0.03058742359280586
v -0.018018813803792003 0.05154794827103616 -0.029585676267743107
v -0.013591059483587745 0.05113090574741365 -0.032312706112861626
v -0.01723478920757771 0.05188958346843721 -0.028642827644944188
v -0.009506599977612497 0.05161235108971597 -0.03176703304052352
v -0.01723478920757771 0.05188958346843721 -0.028642827644944188
v -0.013591059483587745 0.05113090574741365 -0.032312706112861626
v -0.018018813803792003 0.05154794827103616 -0.029585676267743107
v 0.006780697032809259 0.051181461662054076 -0.03357260674238204
v 0.0034461396280676135 0.05103046447038652 -0.03432134166359901
v 0.005452662706375123 0.05154852941632272 -0.032519768923521035
v 0.006780697032809259 0.051181461662054076 -0.03357260674238204
v 0.005452662706375123 0.05154852941632272 -0.032519768923521035
v 0.011620027013123037 0.051673185080289855 -0.03107225894927978
v 0.011620027013123037 0.051673185080289855 -0.03107225894927978
v 0.011909131892025474 0.05130362138152124 -0.03227409720420837
v 0.006780697032809259 0.051181461662054076 -0.03357260674238204
v 0.006780697032809259 0.051181461662054076 -0.03357260674238204
v 0.008940561674535276 0.05068430677056314 -0.03449601680040359
v 0.0034461396280676135 0.05103046447038652 -0.03432134166359901
v 0.006780697032809259 0.051181461662054076 -0.03357260674238204
v 0.011909131892025474 0.05130362138152124 -0.03227409720420837
v 0.008940561674535276 0.05068430677056314 -0.03449601680040359
v 0.00028785882750526076 0.05147461965680124 -0.03302007913589477
v -0.004251803271472455 0.0519281066954136 -0.03040279261767864
v 0.005452662706375123 0.05154852941632272 -0.032519768923521035
v 0.00028785882750526076 0.05147461965680124 -0.03302007913589477
v -0.0018606720259413127 0.05145343765616418 -0.03316058218479156
v -0.004251803271472455 0.0519281066954136 -0.03040279261767864
v 0.00028785882750526076 0.05147461965680124 -0.03302007913589477
v 0.005452662706375123 0.05154852941632272 -0.032519768923521035
v 0.0015585619257763032 0.05143464356660844 -0.033177081495523446
v 0.0015585619257763032 0.05143464356660844 -0.033177081495523446
v -0.0018606720259413127 0.05145343765616418 -0.03316058218479156
v 0.00028785882750526076 0.05147461965680124 -0.03302007913589477
v -0.0018606720259413127 0.05145343765616418 -0.03316058218479156
v -0.008433002047240736 0.05121909454464914 -0.033242113888263695
v -0.009506599977612497 0.05161235108971597 -0.03176703304052352
v -0.008433002047240736 0.05121909454464914 -0.033242113888263695
v -0.0018606720259413127 0.05145343765616418 -0.03316058218479156
v -0.00419496512040496 0.05067074298858644 -0.03514857217669486
v -0.008433002047240736 0.05121909454464914 -0.033242113888263695
v -0.013591059483587745 0.05113090574741365 -0.032312706112861626
v -0.009506599977612497 0.05161235108971597 -0.03176703304052352
v 0.02370541356503964 0.04662947356700898 -0.034138098359107964
v 0.02704936638474465 0.04692125320434572 -0.03163869306445121
v 0.02457129210233689 0.044353723526000984 -0.03519195690751075
v 0.02370541356503964 0.04662947356700898 -0.034138098359107964
v 0.02457129210233689 0.044353723526000984 -0.03519195690751075
v 0.020870650187134746 0.044062566012144096 -0.03746421262621879
v 0.02370541356503964 0.04662947356700898 -0.034138098359107964
v 0.020870650187134746 0.044062566012144096 -0.03746421262621879
v 0.020119776949286464 0.046376321464777 -0.036306034773588174
v 0.022610612213611606 0.04863425344228746 -0.03272107988595962
v 0.02370541356503964 0.04662947356700898 -0.034138098359107964
v 0.020119776949286464 0.046376321464777 -0.036306034773588174
v 0.02704936638474465 0.04692125320434572 -0.03163869306445121
v 0.02370541356503964 0.04662947356700898 -0.034138098359107964
v 0.02582653053104878 0.04888568446040155 -0.030366284772753712
v 0.02370541356503964 0.04662947356700898 -0.034138098359107964
v 0.022610612213611606 0.04863425344228746 -0.03272107988595962
v 0.02582653053104878 0.04888568446040155 -0.030366284772753712
v 0.021857917308807377 0.05126678571105005 -0.028595766052603718
v 0.024416513741016395 0.05047241970896722 -0.028818134218454357
v 0.02135174907743931 0.05025679618120195 -0.031007628887891766
v 0.021857917308807377 0.05126678571105005 -0.028595766052603718
v 0.023898022249341018 0.05191558972001077 -0.02555514499545097
v 0.02643059007823468 0.051325600594282164 -0.02560043334960937
v 0.024416513741016395 0.05047241970896722 -0.028818134218454357
v 0.021857917308807377 0.05126678571105005 -0.028595766052603718
v 0.02643059007823468 0.051325600594282164 -0.02560043334960937
v -0.0006711630267091097 0.047331187874078764 -0.040545113384723656
v -0.005485975649207831 0.04738895595073701 -0.03969351947307586
v -0.008093375712633135 0.048095721751451506 -0.03859095647931098
v -0.008093375712633135 0.048095721751451506 -0.03859095647931098
v -0.005260571837425233 0.048456676304340376 -0.03854932636022567
v -0.0006711630267091097 0.047331187874078764 -0.040545113384723656
v -0.0006711630267091097 0.047331187874078764 -0.040545113384723656
v 0.00018803664715960627 0.04733119904994966 -0.04063024371862411
v -0.004634174518287183 0.04536581784486771 -0.04141611605882644
v -0.005275693722069264 0.04606588929891587 -0.04083691164851188
v -0.0006711630267091097 0.047331187874078764 -0.040545113384723656
v -0.004634174518287183 0.04536581784486771 -0.04141611605882644
v -0.008093375712633135 0.048095721751451506 -0.03859095647931098
v -0.005485975649207831 0.04738895595073701 -0.03969351947307586
v -0.00829462055116892 0.04594367370009423 -0.040509734302759164
v -0.012422674335539344 0.045998543500900275 -0.03952181339263915
v -0.00829462055116892 0.04594367370009423 -0.040509734302759164
v -0.008652613498270513 0.04352157562971116 -0.0419129729270935
v -0.005485975649207831 0.04738895595073701 -0.03969351947307586
v -0.0006711630267091097 0.047331187874078764 -0.040545113384723656
v -0.00829462055116892 0.04594367370009423 -0.040509734302759164
v -0.0006711630267091097 0.047331187874078764 -0.040545113384723656
v -0.005275693722069264 0.04606588929891587 -0.04083691164851188
v -0.00829462055116892 0.04594367370009423 -0.040509734302759164
v -0.00829462055116892 0.04594367370009423 -0.040509734302759164
v -0.004634174518287183 0.04536581784486771 -0.04141611605882644
v -0.008652613498270513 0.04352157562971116 -0.0419129729270935
v -0.00829462055116892 0.04594367370009423 -0.040509734302759164
v -0.005275693722069264 0.04606588929891587 -0.04083691164851188
v -0.004634174518287183 0.04536581784486771 -0.04141611605882644
v -0.00512246135622263 0.04957068711519243 -0.03707566484808921
v -0.005260571837425233 0.048456676304340376 -0.03854932636022567
v -0.0074002188630402106 0.0497577339410782 -0.03650103509426116
v -0.00512246135622263 0.04957068711519243 -0.03707566484808921
v 0.00015844851441215726 0.047570046037435545 -0.040256675332784646
v 0.00018803664715960627 0.04733119904994966 -0.04063024371862411
v -0.0006711630267091097 0.047331187874078764 -0.040545113384723656
v -0.00512246135622263 0.04957068711519243 -0.03707566484808921
v 0.00018803664715960627 0.04733119904994966 -0.04063024371862411
v -0.00512246135622263 0.04957068711519243 -0.03707566484808921
v -0.0006711630267091097 0.047331187874078764 -0.040545113384723656
v -0.005260571837425233 0.048456676304340376 -0.03854932636022567
v -0.0074002188630402106 0.0497577339410782 -0.03650103509426116
v -0.00419496512040496 0.05067074298858644 -0.03514857217669486
v -0.00512246135622263 0.04957068711519243 -0.03707566484808921
v -0.00512246135622263 0.04957068711519243 -0.03707566484808921
v -0.00419496512040496 0.05067074298858644 -0.03514857217669486
v 0.004738907795399428 0.05017594248056413 -0.03608715906739234
v 0.004738907795399428 0.05017594248056413 -0.03608715906739234
v 0.00015844851441215726 0.047570046037435545 -0.040256675332784646
v -0.00512246135622263 0.04957068711519243 -0.03707566484808921
v 0.01241632923483849 0.04599862173199654 -0.03952245786786079
v 0.012891761958599094 0.04362666234374047 -0.0408443734049797
v 0.008559614419937136 0.04464641213417054 -0.041321549564599984
v 0.004544925875961781 0.0452648550271988 -0.04150042682886123
v 0.004350551404058934 0.04341730102896691 -0.04257449135184287
v 0.00018803664715960627 0.04733119904994966 -0.04063024371862411
v 0.004544925875961781 0.0452648550271988 -0.04150042682886123
v 0.008559614419937136 0.04464641213417054 -0.041321549564599984
v 0.004350551404058934 0.04341730102896691 -0.04257449135184287
v 0.005133365746587516 0.0491347797214985 -0.037672720849514
v 0.005505351349711419 0.048380672931671156 -0.03864210844039916
v 0.00018803664715960627 0.04733119904994966 -0.04063024371862411
v 0.00745711335912347 0.04964700341224672 -0.03666780143976211
v 0.005505351349711419 0.048380672931671156 -0.03864210844039916
v 0.005133365746587516 0.0491347797214985 -0.037672720849514
v 0.005133365746587516 0.0491347797214985 -0.037672720849514
v 0.00018803664715960627 0.04733119904994966 -0.04063024371862411
v 0.004738907795399428 0.05017594248056413 -0.03608715906739234
v 0.004738907795399428 0.05017594248056413 -0.03608715906739234
v 0.00745711335912347 0.04964700341224672 -0.03666780143976211
v 0.005133365746587516 0.0491347797214985 -0.037672720849514
v 0.007787521928548815 0.04844666644930841 -0.03821973875164985
v 0.00745711335912347 0.04964700341224672 -0.03666780143976211
v 0.011143078096210958 0.049795262515544905 -0.03568401187658309
v 0.011143078096210958 0.049795262515544905 -0.03568401187658309
v 0.00745711335912347 0.04964700341224672 -0.03666780143976211
v 0.008940561674535276 0.05068430677056314 -0.03449601680040359
v 0.014683908782899383 0.04991673305630685 -0.03445764631032943
v 0.011143078096210958 0.049795262515544905 -0.03568401187658309
v 0.008940561674535276 0.05068430677056314 -0.03449601680040359
v 0.018087571486830715 0.05007063969969751 -0.032898548990488045
v 0.014683908782899383 0.04991673305630685 -0.03445764631032943
v 0.015621545724570755 0.050934631377458586 -0.032139103859663
v 0.018087571486830715 0.05007063969969751 -0.032898548990488045
v 0.021857917308807377 0.05126678571105005 -0.028595766052603718
v 0.02135174907743931 0.05025679618120195 -0.031007628887891766
v 0.018087571486830715 0.05007063969969751 -0.032898548990488045
v 0.015621545724570755 0.050934631377458586 -0.032139103859663
v 0.021857917308807377 0.05126678571105005 -0.028595766052603718
v 0.018087571486830715 0.05007063969969751 -0.032898548990488045
v 0.02135174907743931 0.05025679618120195 -0.031007628887891766
v 0.019173007458448414 0.04841658100485803 -0.03475952148437499
v 0.019324775785207752 0.05623670667409898 0.25946500897407526
v 0.024122720584273345 0.05599499493837358 0.2553871870040893
v 0.02151856012642384 0.05631173029541971 0.2556109428405761
v 0.02151856012642384 0.05631173029541971 0.2556109428405761
v 0.024122720584273345 0.05599499493837358 0.2553871870040893
v 0.026044547557830817 0.05613902583718301 0.2500052452087402
v 0.02151856012642384 0.05631173029541971 0.2556109428405761
v 0.010676990263164045 0.056312363594770445 0.26417952775955195
v 0.019324775785207752 0.05623670667409898 0.25946500897407526
v 0.004848087206482888 0.05802690237760545 0.03936821594834327
v 0.010676990263164045 0.056312363594770445 0.26417952775955195
v 0.02151856012642384 0.05631173029541971 0.2556109428405761
v 0.027314055711030967 0.01798430643975735 -0.038163337856531136
v 0.02648493833839894 0.017075555399060253 -0.038868177682161324
v 0.02561291120946408 0.03969209268689156 -0.03603409603238105
v 0.027314055711030967 0.01798430643975735 -0.038163337856531136
v 0.02561291120946408 0.03969209268689156 -0.03603409603238105
v 0.0292236227542162 0.01787921786308289 -0.03684950247406959
v 0.027314055711030967 0.01798430643975735 -0.038163337856531136
v 0.0292236227542162 0.01787921786308289 -0.03684950247406959
v 0.02648493833839894 0.017075555399060253 -0.038868177682161324
v 0.030225070193409927 0.018782056868076328 -0.03593556955456733
v 0.031627699732780463 0.018691096454858783 -0.03480339795351028
v 0.03024821542203427 0.017422407865524295 -0.0360947698354721
v 0.03024821542203427 0.017422407865524295 -0.0360947698354721
v 0.0292236227542162 0.01787921786308289 -0.03684950247406959
v 0.030225070193409927 0.018782056868076328 -0.03593556955456733
v 0.030225070193409927 0.018782056868076328 -0.03593556955456733
v 0.02877967059612275 0.04016481339931489 -0.033587958663702004
v 0.031627699732780463 0.018691096454858783 -0.03480339795351028
v 0.0292236227542162 0.01787921786308289 -0.03684950247406959
v 0.02877967059612275 0.04016481339931489 -0.033587958663702004
v 0.030225070193409927 0.018782056868076328 -0.03593556955456733
v 0.008707117289304735 0.042842861264944083 -0.04219043627381324
v 0.008559614419937136 0.04464641213417054 -0.041321549564599984
v 0.012891761958599094 0.04362666234374047 -0.0408443734049797
v 0.012891761958599094 0.04362666234374047 -0.0408443734049797
v 0.013117853552103046 0.04111588746309281 -0.04173146933317184
v 0.008707117289304735 0.042842861264944083 -0.04219043627381324
v 0.013117853552103046 0.04111588746309281 -0.04173146933317184
v 0.008765912614762785 0.04095407947897912 -0.04284533113241195
v 0.008707117289304735 0.042842861264944083 -0.04219043627381324
v 0.004350551404058934 0.04341730102896691 -0.04257449135184287
v 0.008559614419937136 0.04464641213417054 -0.041321549564599984
v 0.008707117289304735 0.042842861264944083 -0.04219043627381324
v 0.008707117289304735 0.042842861264944083 -0.04219043627381324
v 0.0043408782221376905 0.040854975581169135 -0.043512396514415734
v 0.004350551404058934 0.04341730102896691 -0.04257449135184287
v 0.008707117289304735 0.042842861264944083 -0.04219043627381324
v 0.008765912614762785 0.04095407947897912 -0.04284533113241195
v 0.0043408782221376905 0.040854975581169135 -0.043512396514415734
v 0.0022110214922577147 0.03765202686190606 -0.04414356499910354
v 0.003758866339921952 0.014381538145244125 -0.046847384423017495
v 0.00013673158537130806 0.03856879100203515 -0.04413339868187904
v 0.004503113217651845 0.038916066288948066 -0.04386373981833457
v 0.0022110214922577147 0.03765202686190606 -0.04414356499910354
v 0.00013673158537130806 0.03856879100203515 -0.04413339868187904
v 0.0022110214922577147 0.03765202686190606 -0.04414356499910354
v 0.004503113217651845 0.038916066288948066 -0.04386373981833457
v 0.003758866339921952 0.014381538145244125 -0.046847384423017495
v 0.03495837002992631 0.04208559542894364 -0.026971001178026196
v 0.03220982104539872 0.040896899998188026 -0.03029929287731647
v 0.031853310763835914 0.04269936680793763 -0.03018662333488464
v 0.031853310763835914 0.04269936680793763 -0.03018662333488464
v 0.034415334463119514 0.04435536265373231 -0.026668678969144818
v 0.03495837002992631 0.04208559542894364 -0.026971001178026196
v 0.03220982104539872 0.040896899998188026 -0.03029929287731647
v 0.02877967059612275 0.04016481339931489 -0.033587958663702004
v 0.031853310763835914 0.04269936680793763 -0.03018662333488464
v 0.031853310763835914 0.04269936680793763 -0.03018662333488464
v 0.02877967059612275 0.04016481339931489 -0.033587958663702004
v 0.028596527874469764 0.0423252359032631 -0.033221136778593056
v 0.030885148793458946 0.03967177867889405 -0.031746752560138695
v 0.03220982104539872 0.040896899998188026 -0.03029929287731647
v 0.03401774168014527 0.01961110904812813 -0.03246531635522842
v 0.030885148793458946 0.03967177867889405 -0.031746752560138695
v 0.02877967059612275 0.04016481339931489 -0.033587958663702004
v 0.03220982104539872 0.040896899998188026 -0.03029929287731647
v 0.03809036687016488 0.05015512183308603 -0.014823083765804766
v 0.03683465719223023 0.05129296705126764 -0.014397892169654368
v 0.03823112323880196 0.05166861787438394 -0.01075108628720045
v 0.03823112323880196 0.05166861787438394 -0.01075108628720045
v 0.03948611021041871 0.05057276412844659 -0.011042062193155287
v 0.03809036687016488 0.05015512183308603 -0.014823083765804766
v 0.03809036687016488 0.05015512183308603 -0.014823083765804766
v 0.03948611021041871 0.05057276412844659 -0.011042062193155287
v 0.03922184556722642 0.048862297087907805 -0.01512413378804922
v 0.03683465719223023 0.05129296705126764 -0.014397892169654368
v 0.03809036687016488 0.05015512183308603 -0.014823083765804766
v 0.03634246438741685 0.049757815897464766 -0.018429476767778393
v 0.03809036687016488 0.05015512183308603 -0.014823083765804766
v 0.03746606037020684 0.04842072725296022 -0.018854681402444836
v 0.03634246438741685 0.049757815897464766 -0.018429476767778393
v 0.03809036687016488 0.05015512183308603 -0.014823083765804766
v 0.03922184556722642 0.048862297087907805 -0.01512413378804922
v 0.03746606037020684 0.04842072725296022 -0.018854681402444836
v 0.03510406613349915 0.05093641579151155 -0.01786500960588455
v 0.03326622769236565 0.05214240774512292 -0.01699874177575111
v 0.034970343112945564 0.05245234072208406 -0.013738278299570082
v 0.03126369789242745 0.051850158721208586 -0.020075006410479542
v 0.032725505530834205 0.052898440510034575 -0.014748496934771536
v 0.03326622769236565 0.05214240774512292 -0.01699874177575111
v 0.032725505530834205 0.052898440510034575 -0.014748496934771536
v 0.034970343112945564 0.05245234072208406 -0.013738278299570082
v 0.03326622769236565 0.05214240774512292 -0.01699874177575111
v 0.03326622769236565 0.05214240774512292 -0.01699874177575111
v 0.033049061894416816 0.05059936270117761 -0.021147627383470532
v 0.03126369789242745 0.051850158721208586 -0.020075006410479542
v 0.03326622769236565 0.05214240774512292 -0.01699874177575111
v 0.03510406613349915 0.05093641579151155 -0.01786500960588455
v 0.033049061894416816 0.05059936270117761 -0.021147627383470532
v 0.02849631197750569 -0.054000824689865126 0.26730632781982416
v 0.02665624581277371 -0.05351973325014116 0.269751101732254
v 0.023911209776997573 -0.054000828415155425 0.2718913555145263
v 0.02968218736350537 -0.053515840321779265 0.2662943303585052
v 0.02665624581277371 -0.05351973325014116 0.269751101732254
v 0.02849631197750569 -0.054000824689865126 0.26730632781982416
v 0.02849631197750569 -0.054000824689865126 0.26730632781982416
v 0.03339901566505433 -0.057050768285989775 0.027873227372765538
v 0.03775812685489655 -0.057050768285989775 0.021647769957780835
v 0.03339901566505433 -0.057050768285989775 0.027873227372765538
v 0.02849631197750569 -0.054000824689865126 0.26730632781982416
v 0.028025075793266303 -0.057050772011280074 0.03324716165661811
v 0.02849631197750569 -0.054000824689865126 0.26730632781982416
v 0.023911209776997573 -0.054000828415155425 0.2718913555145263
v 0.028025075793266303 -0.057050772011280074 0.03324716165661811
v 0.028793387115001685 0.05479512363672258 0.2530746161937713
v 0.029629232361912734 0.05507919192314149 0.2490337789058685
v 0.02682721801102162 0.0557224713265896 0.2523523271083831
v 0.031095376238226898 0.05419642105698587 0.24932138621807096
v 0.029629232361912734 0.05507919192314149 0.2490337789058685
v 0.028793387115001685 0.05479512363672258 0.2530746161937713
v 0.028793387115001685 0.05479512363672258 0.2530746161937713
v 0.03061866573989392 0.053381081670522704 0.25387862324714655
v 0.031095376238226898 0.05419642105698587 0.24932138621807096
v 0.028793387115001685 0.05479512363672258 0.2530746161937713
v 0.02831264771521092 0.05367494747042657 0.2576309740543365
v 0.03061866573989392 0.053381081670522704 0.25387862324714655
v 0.028793387115001685 0.05479512363672258 0.2530746161937713
v 0.027048941701650626 0.0546640455722809 0.25696110725402826
v 0.02831264771521092 0.05367494747042657 0.2576309740543365
v 0.022736344486474994 0.05565438419580461 0.25925815105438227
v 0.024630740284919746 0.054675169289112105 0.26039126515388483
v 0.025497853755950935 0.055490594357252135 0.25614807009696955
v 0.025497853755950935 0.055490594357252135 0.25614807009696955
v 0.024630740284919746 0.054675169289112105 0.26039126515388483
v 0.027048941701650626 0.0546640455722809 0.25696110725402826
v 0.025497853755950935 0.055490594357252135 0.25614807009696955
v 0.024122720584273345 0.05599499493837358 0.2553871870040893
v 0.022736344486474994 0.05565438419580461 0.25925815105438227
v 0.025497853755950935 0.055490594357252135 0.25614807009696955
v 0.02682721801102162 0.0557224713265896 0.2523523271083831
v 0.024122720584273345 0.05599499493837358 0.2553871870040893
v 0.027048941701650626 0.0546640455722809 0.25696110725402826
v 0.028793387115001685 0.05479512363672258 0.2530746161937713
v 0.025497853755950935 0.055490594357252135 0.25614807009696955
v 0.025497853755950935 0.055490594357252135 0.25614807009696955
v 0.028793387115001685 0.05479512363672258 0.2530746161937713
v 0.02682721801102162 0.0557224713265896 0.2523523271083831
v 0.011105126701295378 0.05515105649828912 0.2691060304641723
v 0.007256236858665945 0.05538674443960191 0.26966661214828486
v 0.007690327707678081 0.054534912109375014 0.27145168185234064
v 0.007690327707678081 0.054534912109375014 0.27145168185234064
v 0.007256236858665945 0.05538674443960191 0.26966661214828486
v 0.00402201944962144 0.05506808310747148 0.2710351645946502
v 0.005333270877599717 0.05385116487741472 0.27304008603096
v 0.007690327707678081 0.054534912109375014 0.27145168185234064
v 0.00402201944962144 0.05506808310747148 0.2710351645946502
v 0.020814431831240657 0.05212296545505525 0.2685560286045074
v 0.024749573320150382 0.05117395147681238 0.2662003636360168
v 0.02351734973490239 0.0531243570148945 0.26486131548881525
v 0.019447496160864833 0.05388370901346208 0.2670656740665435
v 0.020814431831240657 0.05212296545505525 0.2685560286045074
v 0.02351734973490239 0.0531243570148945 0.26486131548881525
v 0.012044762261211876 0.0538025163114071 0.27127876877784723
v 0.015283450484275821 0.054565768688917174 0.2684491574764251
v 0.011105126701295378 0.05515105649828912 0.2691060304641723
v 0.011105126701295378 0.05515105649828912 0.2691060304641723
v 0.007690327707678081 0.054534912109375014 0.27145168185234064
v 0.012044762261211876 0.0538025163114071 0.27127876877784723
v 0.007309884764254095 0.011625454761087896 0.2819706499576568
v 0.011241490952670576 0.01172726042568684 0.2810602486133575
v 0.00865230616182089 0.043794251978397376 0.27840188145637507
v 0.00865230616182089 0.043794251978397376 0.27840188145637507
v 0.011241490952670576 0.01172726042568684 0.2810602486133575
v 0.01167357247322798 0.04386763647198678 0.27752560377120966
v 0.012000717222690586 0.046056259423494346 0.2770059406757354
v 0.01167357247322798 0.04386763647198678 0.27752560377120966
v 0.014541924931108955 0.04402294754981995 0.27641710638999933
v 0.018740672618150715 0.04442121461033822 0.2742257416248321
v 0.022203683853149418 0.013948027044534687 0.2758026719093322
v 0.020591448992490772 0.04421448707580567 0.2730895578861236
v 0.01920547150075436 0.013079258613288406 0.2776740193367004
v 0.022203683853149418 0.013948027044534687 0.2758026719093322
v 0.018740672618150715 0.04442121461033822 0.2742257416248321
v 0.018740672618150715 0.04442121461033822 0.2742257416248321
v 0.017204474657773975 0.044247355312109 0.275122195482254
v 0.01920547150075436 0.013079258613288406 0.2776740193367004
v 0.023115238174796108 0.04443315416574479 0.27120146155357355
v 0.02532800473272801 0.014712011441588405 0.27344742417335505
v 0.027913689613342292 0.015577177517116073 0.27108088135719294
v 0.02532800473272801 0.014712011441588405 0.27344742417335505
v 0.023115238174796108 0.04443315416574479 0.27120146155357355
v 0.020591448992490772 0.04421448707580567 0.2730895578861236
v 0.0304456576704979 0.045108351856470115 0.26314437389373774
v 0.03199279680848122 0.017352510243654255 0.2662429511547088
v 0.033193007111549384 0.018123729154467586 0.26446360349655146
v 0.0304456576704979 0.045108351856470115 0.26314437389373774
v 0.0280149132013321 0.044708304107189185 0.2663834393024444
v 0.03199279680848122 0.017352510243654255 0.2662429511547088
v 0.0304456576704979 0.045108351856470115 0.26314437389373774
v 0.028079884126782424 0.04681480675935746 0.26572233438491816
v 0.0280149132013321 0.044708304107189185 0.2663834393024444
v 0.0304456576704979 0.045108351856470115 0.26314437389373774
v 0.03507459908723832 0.019356867298483852 0.26116096973419184
v 0.03210925683379174 0.04524884745478631 0.26037186384201044
v 0.0304456576704979 0.045108351856470115 0.26314437389373774
v 0.033193007111549384 0.018123729154467586 0.26446360349655146
v 0.03507459908723832 0.019356867298483852 0.26116096973419184
v 0.03221555426716805 -0.05400082096457483 0.2619946897029876
v 0.0343771055340767 -0.05351972952485086 0.25834193825721735
v 0.032291043549776084 -0.053516227751970305 0.26243928074836725
v 0.03221555426716805 -0.05400082096457483 0.2619946897029876
v 0.03495594486594201 -0.05400082096457483 0.2561178505420684
v 0.0343771055340767 -0.05351972952485086 0.25834193825721735
v 0.032291043549776084 -0.053516227751970305 0.26243928074836725
v 0.02968218736350537 -0.053515840321779265 0.2662943303585052
v 0.03221555426716805 -0.05400082096457483 0.2619946897029876
v 0.02968218736350537 -0.053515840321779265 0.2662943303585052
v 0.02849631197750569 -0.054000824689865126 0.26730632781982416
v 0.03221555426716805 -0.05400082096457483 0.2619946897029876
v 0.03495594486594201 -0.05400082096457483 0.2561178505420684
v 0.03221555426716805 -0.05400082096457483 0.2619946897029876
v 0.03775812685489655 -0.057050768285989775 0.021647769957780835
v 0.03221555426716805 -0.05400082096457483 0.2619946897029876
v 0.02849631197750569 -0.054000824689865126 0.26730632781982416
v 0.03775812685489655 -0.057050768285989775 0.021647769957780835
v 0.036634203046560294 -0.05400081723928453 0.2498545795679092
v 0.0369839370250702 -0.053515814244747176 0.24952697753906247
v 0.03595004230737687 -0.053515817970037474 0.25402539968490595
v 0.036634203046560294 -0.05400081723928453 0.2498545795679092
v 0.03595004230737687 -0.053515817970037474 0.25402539968490595
v 0.03495594486594201 -0.05400082096457483 0.2561178505420684
v 0.03719934821128846 -0.05400081723928453 0.24339485168457028
v 0.03746039420366288 -0.053514484316110625 0.2448841333389282
v 0.036634203046560294 -0.05400081723928453 0.2498545795679092
v 0.03746039420366288 -0.053514484316110625 0.2448841333389282
v 0.0369839370250702 -0.053515814244747176 0.24952697753906247
v 0.036634203046560294 -0.05400081723928453 0.2498545795679092
v 0.036634203046560294 -0.05400081723928453 0.2498545795679092
v 0.044824730604887016 -0.05701967701315881 0.003169368719682097
v 0.03719934821128846 -0.05400081723928453 0.24339485168457028
v 0.036634203046560294 -0.05400081723928453 0.2498545795679092
v 0.044033214449882514 -0.056998066604137435 0.008931744843721388
v 0.044824730604887016 -0.05701967701315881 0.003169368719682097
v 0.036634203046560294 -0.05400081723928453 0.2498545795679092
v 0.043172638863325126 -0.056998718529939665 0.012363500893115996
v 0.044033214449882514 -0.056998066604137435 0.008931744843721388
v 0.036634203046560294 -0.05400081723928453 0.2498545795679092
v 0.03495594486594201 -0.05400082096457483 0.2561178505420684
v 0.043172638863325126 -0.056998718529939665 0.012363500893115996
v 0.0019216856453567748 -0.05351582542061807 0.28083464503288263
v 0.004030065145343543 0.00770426355302334 0.28242710232734675
v 0.0015225815586745743 0.009958668611943724 0.28271484374999994
v 0.0019216856453567748 -0.05351582542061807 0.28083464503288263
v 0.006546621210873129 -0.05351628363132478 0.2803076803684234
v 0.004030065145343543 0.00770426355302334 0.28242710232734675
v 0.0015225815586745743 0.009958668611943724 0.28271484374999994
v 0.00043425962212495517 0.007652484811842443 0.282644897699356
v 0.0019216856453567748 -0.05351582542061807 0.28083464503288263
v 0.00043425962212495517 0.007652484811842443 0.282644897699356
v -0.0027106681372970347 -0.05354953929781915 0.2807753384113311
v 0.0019216856453567748 -0.05351582542061807 0.28083464503288263
v 0.0019216856453567748 -0.05351582542061807 0.28083464503288263
v -0.0027106681372970347 -0.05354953929781915 0.2807753384113311
v -1.7819819220221691e-07 -0.05400083959102632 0.2805944681167602
v 0.011043404228985311 -0.053533039987087264 0.27921527624130243
v 0.006546621210873129 -0.05351628363132478 0.2803076803684234
v 0.0064594503492116945 -0.05400083586573602 0.28002926707267756
v 0.0064594503492116945 -0.05400083586573602 0.28002926707267756
v 0.012722805142402652 -0.05400083214044572 0.27835100889205927
v 0.011043404228985311 -0.053533039987087264 0.27921527624130243
v 0.0064594503492116945 -0.05400083586573602 0.28002926707267756
v 0.0019216856453567748 -0.05351582542061807 0.28083464503288263
v -1.7819819220221691e-07 -0.05400083959102632 0.2805944681167602
v 0.006546621210873129 -0.05351628363132478 0.2803076803684234
v 0.0019216856453567748 -0.05351582542061807 0.28083464503288263
v 0.0064594503492116945 -0.05400083586573602 0.28002926707267756
v 0.0064594503492116945 -0.05400083586573602 0.28002926707267756
v -1.7819819220221691e-07 -0.05400083959102632 0.2805944681167602
v -9.920494647985836e-08 -0.057050790637731566 0.04344747215509414
v -9.920494647985836e-08 -0.057050790637731566 0.04344747215509414
v 0.007570862770080568 -0.05705078318715097 0.04278511554002761
v 0.0064594503492116945 -0.05400083586573602 0.28002926707267756
v 0.007570862770080568 -0.05705078318715097 0.04278511554002761
v 0.014911785721778873 -0.05705077946186067 0.04081809893250465
v 0.0064594503492116945 -0.05400083586573602 0.28002926707267756
v 0.0064594503492116945 -0.05400083586573602 0.28002926707267756
v 0.014911785721778873 -0.05705077946186067 0.04081809893250465
v 0.012722805142402652 -0.05400083214044572 0.27835100889205927
v -0.03192692995071412 0.0428062416613102 -0.030067391693592068
v -0.031183714047074325 0.04506726935505868 -0.02962580136954784
v -0.028778679668903358 0.04231203719973565 -0.03307989612221717
v -0.03192692995071412 0.0428062416613102 -0.030067391693592068
v -0.03402210026979447 0.04548229649662972 -0.026399550959467884
v -0.031183714047074325 0.04506726935505868 -0.02962580136954784
v -0.03192692995071412 0.0428062416613102 -0.030067391693592068
v -0.028778679668903358 0.04231203719973565 -0.03307989612221717
v -0.02928015589714051 0.04028738662600518 -0.03315013274550437
v -0.030318491160869605 0.016511943191289905 -0.03604756295680999
v -0.029634682461619384 -0.05694495514035226 -0.034001033753156655
v -0.02973005175590516 -0.056450810283422484 -0.03393177688121795
v -0.030318491160869605 0.016511943191289905 -0.03604756295680999
v -0.02973005175590516 -0.056450810283422484 -0.03393177688121795
v -0.03296110406517983 0.017642330378293995 -0.03366870060563087
v -0.02905069664120675 0.01664241030812264 -0.03711071610450744
v -0.029311455786228187 -0.056450810283422484 -0.03429564088582992
v -0.030318491160869605 0.016511943191289905 -0.03604756295680999
v -0.030318491160869605 0.016511943191289905 -0.03604756295680999
v -0.029311455786228187 -0.056450810283422484 -0.03429564088582992
v -0.029634682461619384 -0.05694495514035226 -0.034001033753156655
v -0.030318491160869605 0.016511943191289905 -0.03604756295680999
v -0.03159541636705399 0.018231291323900226 -0.03488680720329284
v -0.02905069664120675 0.01664241030812264 -0.03711071610450744
v -0.030318491160869605 0.016511943191289905 -0.03604756295680999
v -0.03296110406517983 0.017642330378293995 -0.03366870060563087
v -0.03159541636705399 0.018231291323900226 -0.03488680720329284
v -0.03729462623596192 0.04372567310929299 -0.023240018635988232
v -0.03512084856629372 0.041497103869915015 -0.026896961033344265
v -0.03766495361924172 0.04198502749204636 -0.02327712811529636
v -0.039445545524358756 0.04427167400717736 -0.019457040354609486
v -0.03729462623596192 0.04372567310929299 -0.023240018635988232
v -0.03766495361924172 0.04198502749204636 -0.02327712811529636
v -0.03729462623596192 0.04372567310929299 -0.023240018635988232
v -0.03865009546279908 0.04641013965010644 -0.019249429926276204
v -0.03650910779833794 0.045930434018373496 -0.022939236834645268
v -0.03729462623596192 0.04372567310929299 -0.023240018635988232
v -0.039445545524358756 0.04427167400717736 -0.019457040354609486
v -0.03865009546279908 0.04641013965010644 -0.019249429926276204
v -0.03674300760030747 0.020621040835976604 -0.029373291879892346
v -0.038833625614643104 0.02071507088840008 -0.026635475456714627
v -0.038479305803775794 0.021795626729726795 -0.026998059824109074
v -0.038479305803775794 0.021795626729726795 -0.026998059824109074
v -0.038833625614643104 0.02071507088840008 -0.026635475456714627
v -0.03940218314528466 0.022869983687996868 -0.025502333417534825
v -0.038479305803775794 0.021795626729726795 -0.026998059824109074
v -0.03512084856629372 0.041497103869915015 -0.026896961033344265
v -0.03674300760030747 0.020621040835976604 -0.029373291879892346
v -0.038479305803775794 0.021795626729726795 -0.026998059824109074
v -0.03940218314528466 0.022869983687996868 -0.025502333417534825
v -0.03512084856629372 0.041497103869915015 -0.026896961033344265
v -0.04334669932723046 0.023829825222492225 -0.01835713908076286
v -0.04224521294236184 -0.056895203888416304 -0.015647532418370243
v -0.044740423560142524 0.02566466666758061 -0.014564832672476767
v -0.04334669932723046 0.023829825222492225 -0.01835713908076286
v -0.04103152826428414 -0.05689758434891702 -0.018621081486344334
v -0.04224521294236184 -0.056895203888416304 -0.015647532418370243
v -0.04334669932723046 0.023829825222492225 -0.01835713908076286
v -0.04198231920599938 0.021992633119225505 -0.02115744352340698
v -0.04103152826428414 -0.05689758434891702 -0.018621081486344334
v -0.03067684546113015 0.050282288342714324 -0.024238608777523037
v -0.027220310643315322 0.050711784511804595 -0.0263815876096487
v -0.02878726832568646 0.0491677224636078 -0.027720864862203595
v -0.03067684546113015 0.050282288342714324 -0.024238608777523037
v -0.0318659320473671 0.04903347417712213 -0.02503201365470886
v -0.033033948391675956 0.050596807152032866 -0.02117211744189262
v -0.02878726832568646 0.0491677224636078 -0.027720864862203595
v -0.0318659320473671 0.04903347417712213 -0.02503201365470886
v -0.03067684546113015 0.050282288342714324 -0.024238608777523037
v -0.027220310643315322 0.050711784511804595 -0.0263815876096487
v -0.03067684546113015 0.050282288342714324 -0.024238608777523037
v -0.028927545994520194 0.051570829004049315 -0.023012699559330937
v -0.033033948391675956 0.050596807152032866 -0.02117211744189262
v -0.031212294474244125 0.05184271931648256 -0.020150255411863324
v -0.03067684546113015 0.050282288342714324 -0.024238608777523037
v -0.03067684546113015 0.050282288342714324 -0.024238608777523037
v -0.031212294474244125 0.05184271931648256 -0.020150255411863324
v -0.028927545994520194 0.051570829004049315 -0.023012699559330937
v -0.0286780595779419 0.052352100610733046 -0.020745664834976193
v -0.02458308823406697 0.05146192759275438 -0.02650312520563602
v -0.028927545994520194 0.051570829004049315 -0.023012699559330937
v -0.028927545994520194 0.051570829004049315 -0.023012699559330937
v -0.031212294474244125 0.05184271931648256 -0.020150255411863324
v -0.0286780595779419 0.052352100610733046 -0.020745664834976193
v -0.0286780595779419 0.052352100610733046 -0.020745664834976193
v -0.03157234191894532 0.05313939601182939 -0.014639001339673994
v -0.027657510712742812 0.05264469236135484 -0.02020652592182159
v -0.018018813803792003 0.05154794827103616 -0.029585676267743107
v -0.01869592070579529 0.051079422235488905 -0.03058742359280586
v -0.02374305576086045 0.05190276354551317 -0.025688225403428074
v -0.01869592070579529 0.051079422235488905 -0.03058742359280586
v -0.02458308823406697 0.05146192759275438 -0.02650312520563602
v -0.02374305576086045 0.05190276354551317 -0.025688225403428074
v -0.022864464670419696 0.05222728475928308 -0.024888658896088597
v -0.018018813803792003 0.05154794827103616 -0.029585676267743107
v -0.02374305576086045 0.05190276354551317 -0.025688225403428074
v -0.02458308823406697 0.05146192759275438 -0.02650312520563602
v -0.0286780595779419 0.052352100610733046 -0.020745664834976193
v -0.02374305576086045 0.05190276354551317 -0.025688225403428074
v -0.02374305576086045 0.05190276354551317 -0.025688225403428074
v -0.027657510712742812 0.05264469236135484 -0.02020652592182159
v -0.022864464670419696 0.05222728475928308 -0.024888658896088597
v -0.02374305576086045 0.05190276354551317 -0.025688225403428074
v -0.0286780595779419 0.052352100610733046 -0.020745664834976193
v -0.027657510712742812 0.05264469236135484 -0.02020652592182159
v -0.03418241441249848 0.05158799514174463 -0.017485393211245533
v -0.031212294474244125 0.05184271931648256 -0.020150255411863324
v -0.033033948391675956 0.050596807152032866 -0.02117211744189262
v -0.03418241441249848 0.05158799514174463 -0.017485393211245533
v -0.03684169054031373 0.05129417404532434 -0.014381122775375841
v -0.034952897578477866 0.05244847014546396 -0.013775030151009558
v -0.03595825284719468 0.050182815641164794 -0.018241526558995243
v -0.03418241441249848 0.05158799514174463 -0.017485393211245533
v -0.033033948391675956 0.050596807152032866 -0.02117211744189262
v -0.03418241441249848 0.05158799514174463 -0.017485393211245533
v -0.03595825284719468 0.050182815641164794 -0.018241526558995243
v -0.03684169054031373 0.05129417404532434 -0.014381122775375841
v -0.021889209747314457 0.04953333362936975 0.27009269595146174
v -0.02028509415686131 0.04829141125082971 0.27200296521186823
v -0.017917392775416378 0.049408365041017546 0.2728182673454284
v -0.021889209747314457 0.04953333362936975 0.27009269595146174
v -0.017917392775416378 0.049408365041017546 0.2728182673454284
v -0.021203637123107914 0.051202386617660536 0.2692478001117706
v -0.021889209747314457 0.04953333362936975 0.27009269595146174
v -0.02543961629271508 0.049678377807140364 0.26686283946037287
v -0.024105621501803405 0.04845005646348001 0.26896449923515314
v -0.02543961629271508 0.049678377807140364 0.26686283946037287
v -0.021889209747314457 0.04953333362936975 0.27009269595146174
v -0.024661434814333923 0.05131210014224054 0.2661356925964355
v -0.021889209747314457 0.04953333362936975 0.27009269595146174
v -0.021203637123107914 0.051202386617660536 0.2692478001117706
v -0.024661434814333923 0.05131210014224054 0.2661356925964355
v -0.017342315986752514 0.05110883712768556 0.2718705534934997
v -0.021203637123107914 0.051202386617660536 0.2692478001117706
v -0.017917392775416378 0.049408365041017546 0.2728182673454284
v -0.017342315986752514 0.05110883712768556 0.2718705534934997
v -0.012724624946713451 0.052080035209655776 0.27314952015876764
v -0.016266778111457828 0.05308135971426965 0.2703153789043426
v -0.01994893699884415 0.053140059113502516 0.2678773701190948
v -0.017342315986752514 0.05110883712768556 0.2718705534934997
v -0.016266778111457828 0.05308135971426965 0.2703153789043426
v -0.017342315986752514 0.05110883712768556 0.2718705534934997
v -0.01994893699884415 0.053140059113502516 0.2678773701190948
v -0.021203637123107914 0.051202386617660536 0.2692478001117706
v -0.012724624946713451 0.052080035209655776 0.27314952015876764
v -0.017342315986752514 0.05110883712768556 0.2718705534934997
v -0.013502473011612896 0.04990134388208391 0.2746602594852447
v -0.017342315986752514 0.05110883712768556 0.2718705534934997
v -0.017917392775416378 0.049408365041017546 0.2728182673454284
v -0.013502473011612896 0.04990134388208391 0.2746602594852447
v -0.010848307982087137 0.05564588680863382 0.2678199708461761
v -0.008502467535436155 0.056123904883861556 0.26661443710327143
v -0.013052608817815784 0.05612729117274286 0.26465398073196406
v -0.013052608817815784 0.05612729117274286 0.26465398073196406
v -0.014063146896660331 0.05568988248705865 0.26620557904243464
v -0.010848307982087137 0.05564588680863382 0.2678199708461761
v -0.013052608817815784 0.05612729117274286 0.26465398073196406
v -0.009680814109742643 0.05632464960217477 0.2638046741485595
v -0.017726857215166095 0.05613370984792711 0.26159301400184626
v -0.009680814109742643 0.05632464960217477 0.2638046741485595
v -0.013052608817815784 0.05612729117274286 0.26465398073196406
v -0.008502467535436155 0.056123904883861556 0.26661443710327143
v -0.017726857215166095 0.05613370984792711 0.26159301400184626
v -0.017281884327530864 0.05569270253181459 0.2641857266426086
v -0.013052608817815784 0.05612729117274286 0.26465398073196406
v -0.017281884327530864 0.05569270253181459 0.2641857266426086
v -0.014063146896660331 0.05568988248705865 0.26620557904243464
v -0.013052608817815784 0.05612729117274286 0.26465398073196406
v -0.0001919906935654581 0.04877122119069101 0.2784109413623809
v -0.00041498575592413555 0.05105735361576082 0.27693319320678705
v -0.0006998134194873274 0.04839762300252916 0.27859929203987116
v -0.0006998134194873274 0.04839762300252916 0.27859929203987116
v 0.00021827618184033787 0.04835348948836328 0.27871021628379816
v -0.0001919906935654581 0.04877122119069101 0.2784109413623809
v -0.0001919906935654581 0.04877122119069101 0.2784109413623809
v 0.00021827618184033787 0.04835348948836328 0.27871021628379816
v -0.00041498575592413555 0.05105735361576082 0.27693319320678705
v -0.040518581867218025 0.05100905522704126 -0.007120142225176095
v -0.03994963690638543 0.05245631188154222 -0.0031386630143970247
v -0.03927045315504075 0.052055574953556075 -0.007007686886936425
v -0.041161678731441505 0.05145370960235597 -0.0031293034553527828
v -0.03994963690638543 0.05245631188154222 -0.0031386630143970247
v -0.040518581867218025 0.05100905522704126 -0.007120142225176095
v -0.03994963690638543 0.05245631188154222 -0.0031386630143970247
v -0.0381477139890194 0.05346454679965974 -0.003105218987911939
v -0.03927045315504075 0.052055574953556075 -0.007007686886936425
v -0.0381477139890194 0.05346454679965974 -0.003105218987911939
v -0.03994963690638543 0.05245631188154222 -0.0031386630143970247
v -0.03940567374229432 0.05338889360427858 0.0007083709351718425
v -0.03994963690638543 0.05245631188154222 -0.0031386630143970247
v -0.04104911908507348 0.05225111916661264 0.0008548711775802075
v -0.03940567374229432 0.05338889360427858 0.0007083709351718425
v -0.03994963690638543 0.05245631188154222 -0.0031386630143970247
v -0.041161678731441505 0.05145370960235597 -0.0031293034553527828
v -0.04104911908507348 0.05225111916661264 0.0008548711775802075
v -0.034952897578477866 0.05244847014546396 -0.013775030151009558
v -0.034198097884655006 0.053173243999481215 -0.01171707548201084
v -0.032248314470052726 0.05257494375109674 -0.01663057319819927
v -0.032248314470052726 0.05257494375109674 -0.01663057319819927
v -0.03418241441249848 0.05158799514174463 -0.017485393211245533
v -0.034952897578477866 0.05244847014546396 -0.013775030151009558
v -0.031212294474244125 0.05184271931648256 -0.020150255411863324
v -0.03418241441249848 0.05158799514174463 -0.017485393211245533
v -0.032248314470052726 0.05257494375109674 -0.01663057319819927
v -0.032248314470052726 0.05257494375109674 -0.01663057319819927
v -0.034198097884655006 0.053173243999481215 -0.01171707548201084
v -0.03157234191894532 0.05313939601182939 -0.014639001339673994
v -0.0286780595779419 0.052352100610733046 -0.020745664834976193
v -0.032248314470052726 0.05257494375109674 -0.01663057319819927
v -0.03157234191894532 0.05313939601182939 -0.014639001339673994
v -0.032248314470052726 0.05257494375109674 -0.01663057319819927
v -0.0286780595779419 0.052352100610733046 -0.020745664834976193
v -0.031212294474244125 0.05184271931648256 -0.020150255411863324
v -0.03634904325008393 0.05277426913380624 -0.010350783355534075
v -0.038231626152992255 0.05166784673929216 -0.010757211595773695
v -0.03741753846406937 0.05311327055096628 -0.006792218890041112
v -0.03634904325008393 0.05277426913380624 -0.010350783355534075
v -0.034198097884655006 0.053173243999481215 -0.01171707548201084
v -0.034952897578477866 0.05244847014546396 -0.013775030151009558
v -0.03684169054031373 0.05129417404532434 -0.014381122775375841
v -0.03634904325008393 0.05277426913380624 -0.010350783355534075
v -0.034952897578477866 0.05244847014546396 -0.013775030151009558
v -0.038231626152992255 0.05166784673929216 -0.010757211595773695
v -0.03634904325008393 0.05277426913380624 -0.010350783355534075
v -0.03684169054031373 0.05129417404532434 -0.014381122775375841
v -0.03741753846406937 0.05311327055096628 -0.006792218890041112
v -0.036388877779245384 0.05379302799701692 -0.004908005241304635
v -0.03634904325008393 0.05277426913380624 -0.010350783355534075
v -0.03634904325008393 0.05277426913380624 -0.010350783355534075
v -0.036388877779245384 0.05379302799701692 -0.004908005241304635
v -0.034198097884655006 0.053173243999481215 -0.01171707548201084
v -0.042391825467348106 0.024170989170670516 -0.020345008000731465
v -0.04119545593857766 0.024084374308586128 -0.022471837699413296
v -0.040583517402410514 0.022928914055228237 -0.02374305762350559
v -0.042391825467348106 0.024170989170670516 -0.020345008000731465
v -0.040583517402410514 0.022928914055228237 -0.02374305762350559
v -0.04105401411652566 0.021921601146459583 -0.023027911782264706
v -0.042391825467348106 0.024170989170670516 -0.020345008000731465
v -0.04105401411652566 0.021921601146459583 -0.023027911782264706
v -0.04198231920599938 0.021992633119225505 -0.02115744352340698
v -0.04334669932723046 0.023829825222492225 -0.01835713908076286
v -0.042391825467348106 0.024170989170670516 -0.020345008000731465
v -0.04198231920599938 0.021992633119225505 -0.02115744352340698
v -0.04121723026037217 0.04484530910849572 -0.015471004880964754
v -0.04284372180700303 0.044415410608053214 -0.011269731447100638
v -0.042229693382978446 0.04645195975899697 -0.011381694115698336
v -0.031079137697815902 0.050016392022371306 0.25908824801445
v -0.03155604004859925 0.048933744430542006 0.2593394219875335
v -0.030341628938913352 0.04882883280515672 0.26145139336585993
v -0.031079137697815902 0.050016392022371306 0.25908824801445
v -0.02853194251656533 0.04984041675925256 0.2631577849388122
v -0.030243240296840675 0.051479108631610884 0.2586481571197509
v -0.031079137697815902 0.050016392022371306 0.25908824801445
v -0.030341628938913352 0.04882883280515672 0.26145139336585993
v -0.02853194251656533 0.04984041675925256 0.2631577849388122
v -0.03262551501393319 0.04904183372855188 0.2571440637111663
v -0.03155604004859925 0.048933744430542006 0.2593394219875335
v -0.031079137697815902 0.050016392022371306 0.25908824801445
v -0.030243240296840675 0.051479108631610884 0.2586481571197509
v -0.032753165811300285 0.05070339143276216 0.254680722951889
v -0.031079137697815902 0.050016392022371306 0.25908824801445
v -0.031079137697815902 0.050016392022371306 0.25908824801445
v -0.032753165811300285 0.05070339143276216 0.254680722951889
v -0.03262551501393319 0.04904183372855188 0.2571440637111663
v 0.04680947214365006 0.03171171247959138 -0.002949405228719115
v 0.04682709276676179 0.03342515230178834 0.00030054998933337623
v 0.04689414799213411 0.031553387641906745 -0.0017431551823392508
v 0.04680947214365006 0.03171171247959138 -0.002949405228719115
v 0.04689414799213411 0.031553387641906745 -0.0017431551823392508
v 0.046926222741603865 0.030461287125945098 -0.0028927964158356185
v 0.046926222741603865 0.030461287125945098 -0.0028927964158356185
v 0.04660755023360253 0.03047807142138482 -0.005610810592770576
v 0.04680947214365006 0.03171171247959138 -0.002949405228719115
v 0.04680947214365006 0.03171171247959138 -0.002949405228719115
v 0.04660755023360253 0.03047807142138482 -0.005610810592770576
v 0.04382323101162911 0.04425505548715592 -0.007357497233897447
v 0.04222389310598374 0.05029578506946565 -0.003148294752463698
v 0.04051169008016587 0.05100519955158235 -0.007147138472646474
v 0.04077676311135293 0.051813151687383666 -0.0031623772811144586
v 0.04222389310598374 0.05029578506946565 -0.003148294752463698
v 0.041613649576902396 0.04980562254786493 -0.007214294280856847
v 0.04051169008016587 0.05100519955158235 -0.007147138472646474
v 0.04222389310598374 0.05029578506946565 -0.003148294752463698
v 0.041048109531402595 0.05224874615669252 0.0008311594719998537
v 0.04243678599596024 0.05079602822661401 0.0009804125875234602
v 0.04222389310598374 0.05029578506946565 -0.003148294752463698
v 0.04077676311135293 0.051813151687383666 -0.0031623772811144586
v 0.041048109531402595 0.05224874615669252 0.0008311594719998537
v 0.04222389310598374 0.05029578506946565 -0.003148294752463698
v 0.04275674745440484 0.047989636659622206 -0.007258638273924588
v 0.041613649576902396 0.04980562254786493 -0.007214294280856847
v 0.03922184556722642 0.048862297087907805 -0.01512413378804922
v 0.03948611021041871 0.05057276412844659 -0.011042062193155287
v 0.04061008989810944 0.04932592809200288 -0.011222637258470057
v 0.04061008989810944 0.04932592809200288 -0.011222637258470057
v 0.041613649576902396 0.04980562254786493 -0.007214294280856847
v 0.04177828878164292 0.04744169488549234 -0.011384555138647555
v 0.04061008989810944 0.04932592809200288 -0.011222637258470057
v 0.03948611021041871 0.05057276412844659 -0.011042062193155287
v 0.04051169008016587 0.05100519955158235 -0.007147138472646474
v 0.041613649576902396 0.04980562254786493 -0.007214294280856847
v 0.04061008989810944 0.04932592809200288 -0.011222637258470057
v 0.04051169008016587 0.05100519955158235 -0.007147138472646474
v 0.04061008989810944 0.04932592809200288 -0.011222637258470057
v 0.04177828878164292 0.04744169488549234 -0.011384555138647555
v 0.040400121361017234 0.04691195115447046 -0.015411306172609327
v 0.040400121361017234 0.04691195115447046 -0.015411306172609327
v 0.03922184556722642 0.048862297087907805 -0.01512413378804922
v 0.04061008989810944 0.04932592809200288 -0.011222637258470057
v 0.011620027013123037 0.051673185080289855 -0.03107225894927978
v 0.01570089347660542 0.0522335283458233 -0.02691399864852428
v 0.017677163705229763 0.051910255104303374 -0.028404098004102703
v 0.017677163705229763 0.051910255104303374 -0.028404098004102703
v 0.01570089347660542 0.0522335283458233 -0.02691399864852428
v 0.02319768071174622 0.05225165188312532 -0.02461355738341808
v 0.017677163705229763 0.051910255104303374 -0.028404098004102703
v 0.02319768071174622 0.05225165188312532 -0.02461355738341808
v 0.023898022249341018 0.05191558972001077 -0.02555514499545097
v -0.01869592070579529 0.051079422235488905 -0.03058742359280586
v -0.018050979822874073 0.050068445503711714 -0.032917004078626626
v -0.021310197189450267 0.050253774970769896 -0.031035166233777996
v -0.024368418380618102 0.05046830326318742 -0.02885770052671432
v -0.02458308823406697 0.05146192759275438 -0.02650312520563602
v -0.021310197189450267 0.050253774970769896 -0.031035166233777996
v -0.021310197189450267 0.050253774970769896 -0.031035166233777996
v -0.02458308823406697 0.05146192759275438 -0.02650312520563602
v -0.01869592070579529 0.051079422235488905 -0.03058742359280586
v -0.021310197189450267 0.050253774970769896 -0.031035166233777996
v -0.018050979822874073 0.050068445503711714 -0.032917004078626626
v -0.0191769190132618 0.04841637238860132 -0.034756951034069054
v -0.014625138603150848 0.049914062023162856 -0.034481979906558984
v -0.011083805933594705 0.04979317262768747 -0.03570281714200973
v -0.011805399321019653 0.048092186450958266 -0.03777980059385299
v -0.011805399321019653 0.048092186450958266 -0.03777980059385299
v -0.015557853505015377 0.04823486134409906 -0.036452759057283395
v -0.014625138603150848 0.049914062023162856 -0.034481979906558984
v -0.011805399321019653 0.048092186450958266 -0.03777980059385299
v -0.011083805933594705 0.04979317262768747 -0.03570281714200973
v -0.008093375712633135 0.048095721751451506 -0.03859095647931098
v -0.011805399321019653 0.048092186450958266 -0.03777980059385299
v -0.012422674335539344 0.045998543500900275 -0.03952181339263915
v -0.015557853505015377 0.04823486134409906 -0.036452759057283395
v -0.008093375712633135 0.048095721751451506 -0.03859095647931098
v -0.00829462055116892 0.04594367370009423 -0.040509734302759164
v -0.011805399321019653 0.048092186450958266 -0.03777980059385299
v -0.011805399321019653 0.048092186450958266 -0.03777980059385299
v -0.00829462055116892 0.04594367370009423 -0.040509734302759164
v -0.012422674335539344 0.045998543500900275 -0.03952181339263915
v -0.013591059483587745 0.05113090574741365 -0.032312706112861626
v -0.00902442540973425 0.05073894560337068 -0.03435269370675086
v -0.011083805933594705 0.04979317262768747 -0.03570281714200973
v -0.008433002047240736 0.05121909454464914 -0.033242113888263695
v -0.00902442540973425 0.05073894560337068 -0.03435269370675086
v -0.013591059483587745 0.05113090574741365 -0.032312706112861626
v -0.011083805933594705 0.04979317262768747 -0.03570281714200973
v -0.00902442540973425 0.05073894560337068 -0.03435269370675086
v -0.0074002188630402106 0.0497577339410782 -0.03650103509426116
v -0.00902442540973425 0.05073894560337068 -0.03435269370675086
v -0.00419496512040496 0.05067074298858644 -0.03514857217669486
v -0.0074002188630402106 0.0497577339410782 -0.03650103509426116
v -0.00902442540973425 0.05073894560337068 -0.03435269370675086
v -0.008433002047240736 0.05121909454464914 -0.033242113888263695
v -0.00419496512040496 0.05067074298858644 -0.03514857217669486
v 0.016975058242678646 0.043819539248943336 -0.03935157507658004
v 0.012891761958599094 0.04362666234374047 -0.0408443734049797
v 0.01635490916669369 0.04616570472717286 -0.03810307011008262
v 0.01635490916669369 0.04616570472717286 -0.03810307011008262
v 0.012891761958599094 0.04362666234374047 -0.0408443734049797
v 0.01241632923483849 0.04599862173199654 -0.03952245786786079
v 0.01635490916669369 0.04616570472717286 -0.03810307011008262
v 0.020119776949286464 0.046376321464777 -0.036306034773588174
v 0.016975058242678646 0.043819539248943336 -0.03935157507658004
v 0.019173007458448414 0.04841658100485803 -0.03475952148437499
v 0.020119776949286464 0.046376321464777 -0.036306034773588174
v 0.01635490916669369 0.04616570472717286 -0.03810307011008262
v 0.007787521928548815 0.04844666644930841 -0.03821973875164985
v 0.011143078096210958 0.049795262515544905 -0.03568401187658309
v 0.011820417828857902 0.048092942684888854 -0.03777403756976127
v 0.011820417828857902 0.048092942684888854 -0.03777403756976127
v 0.011143078096210958 0.049795262515544905 -0.03568401187658309
v 0.014683908782899383 0.04991673305630685 -0.03445764631032943
v 0.008217891678214075 0.04642204567790032 -0.04013074934482574
v 0.01241632923483849 0.04599862173199654 -0.03952245786786079
v 0.008559614419937136 0.04464641213417054 -0.041321549564599984
v 0.008217891678214075 0.04642204567790032 -0.04013074934482574
v 0.011820417828857902 0.048092942684888854 -0.03777403756976127
v 0.01241632923483849 0.04599862173199654 -0.03952245786786079
v 0.02487714402377606 0.056304927915334715 0.249436542391777
v 0.026044547557830817 0.05613902583718301 0.2500052452087402
v 0.026498999446630485 0.056303668767213835 0.24242280423641202
v 0.02487714402377606 0.056304927915334715 0.249436542391777
v 0.02151856012642384 0.05631173029541971 0.2556109428405761
v 0.026044547557830817 0.05613902583718301 0.2500052452087402
v 0.004848087206482888 0.05802690237760545 0.03936821594834327
v 0.02151856012642384 0.05631173029541971 0.2556109428405761
v 0.02487714402377606 0.056304927915334715 0.249436542391777
v 0.02487714402377606 0.056304927915334715 0.249436542391777
v 0.026498999446630485 0.056303668767213835 0.24242280423641202
v 0.012379456311464313 0.0578567534685135 0.03743271529674529
v 0.02487714402377606 0.056304927915334715 0.249436542391777
v 0.012379456311464313 0.0578567534685135 0.03743271529674529
v 0.004848087206482888 0.05802690237760545 0.03936821594834327
v 0.031152633950114257 0.045064002275466926 -0.029657350853085514
v 0.034415334463119514 0.04435536265373231 -0.026668678969144818
v 0.031853310763835914 0.04269936680793763 -0.03018662333488464
v 0.031152633950114257 0.045064002275466926 -0.029657350853085514
v 0.033480476588010795 0.04656894132494927 -0.026128698140382763
v 0.034415334463119514 0.04435536265373231 -0.026668678969144818
v 0.031152633950114257 0.045064002275466926 -0.029657350853085514
v 0.028596527874469764 0.0423252359032631 -0.033221136778593056
v 0.02801355347037316 0.04468898102641106 -0.03257640451192855
v 0.031152633950114257 0.045064002275466926 -0.029657350853085514
v 0.031853310763835914 0.04269936680793763 -0.03018662333488464
v 0.028596527874469764 0.0423252359032631 -0.033221136778593056
v 0.02801355347037316 0.04468898102641106 -0.03257640451192855
v 0.030108110979199416 0.047248039394617095 -0.028844440355896946
v 0.031152633950114257 0.045064002275466926 -0.029657350853085514
v 0.030108110979199416 0.047248039394617095 -0.028844440355896946
v 0.033480476588010795 0.04656894132494927 -0.026128698140382763
v 0.031152633950114257 0.045064002275466926 -0.029657350853085514
v 0.03272203356027604 0.019804673269391063 -0.03362664207816123
v 0.030885148793458946 0.03967177867889405 -0.031746752560138695
v 0.03401774168014527 0.01961110904812813 -0.03246531635522842
v 0.02877967059612275 0.04016481339931489 -0.033587958663702004
v 0.030885148793458946 0.03967177867889405 -0.031746752560138695
v 0.03272203356027604 0.019804673269391063 -0.03362664207816123
v 0.03272203356027604 0.019804673269391063 -0.03362664207816123
v 0.03401774168014527 0.01961110904812813 -0.03246531635522842
v 0.031627699732780463 0.018691096454858783 -0.03480339795351028
v 0.03272203356027604 0.019804673269391063 -0.03362664207816123
v 0.031627699732780463 0.018691096454858783 -0.03480339795351028
v 0.02877967059612275 0.04016481339931489 -0.033587958663702004
v 0.016558256000280384 0.05299460142850877 0.27026826143264765
v 0.020814431831240657 0.05212296545505525 0.2685560286045074
v 0.019447496160864833 0.05388370901346208 0.2670656740665435
v 0.01741248741745949 0.05099786445498468 0.2719294428825378
v 0.020814431831240657 0.05212296545505525 0.2685560286045074
v 0.016558256000280384 0.05299460142850877 0.27026826143264765
v 0.016558256000280384 0.05299460142850877 0.27026826143264765
v 0.019447496160864833 0.05388370901346208 0.2670656740665435
v 0.015283450484275821 0.054565768688917174 0.2684491574764251
v 0.016558256000280384 0.05299460142850877 0.27026826143264765
v 0.015283450484275821 0.054565768688917174 0.2684491574764251
v 0.012044762261211876 0.0538025163114071 0.27127876877784723
v 0.021493773907423023 0.05055133253335954 0.2695983946323394
v 0.020814431831240657 0.05212296545505525 0.2685560286045074
v 0.01741248741745949 0.05099786445498468 0.2719294428825378
v 0.018022004514932636 0.048719614744186415 0.2732009589672088
v 0.021493773907423023 0.05055133253335954 0.2695983946323394
v 0.01741248741745949 0.05099786445498468 0.2719294428825378
v 0.021493773907423023 0.05055133253335954 0.2695983946323394
v 0.018022004514932636 0.048719614744186415 0.2732009589672088
v 0.022044638171792034 0.04885952547192575 0.27044746279716486
v 0.021493773907423023 0.05055133253335954 0.2695983946323394
v 0.024749573320150382 0.05117395147681238 0.2662003636360168
v 0.020814431831240657 0.05212296545505525 0.2685560286045074
v 0.008184994570910932 0.05334505811333658 0.2731215357780456
v 0.007690327707678081 0.054534912109375014 0.27145168185234064
v 0.005333270877599717 0.05385116487741472 0.27304008603096
v 0.008184994570910932 0.05334505811333658 0.2731215357780456
v 0.012044762261211876 0.0538025163114071 0.27127876877784723
v 0.007690327707678081 0.054534912109375014 0.27145168185234064
v 0.007309884764254095 0.011625454761087896 0.2819706499576568
v 0.007117032073438169 0.04474417120218278 0.2786081135272979
v 0.0002611294330563397 0.043798618018627174 0.28000390529632563
v 0.00865230616182089 0.043794251978397376 0.27840188145637507
v 0.007117032073438169 0.04474417120218278 0.2786081135272979
v 0.007309884764254095 0.011625454761087896 0.2819706499576568
v 0.014259910210967067 0.04613864421844483 0.27612113952636713
v 0.014541924931108955 0.04402294754981995 0.27641710638999933
v 0.016528682783246044 0.046227671205997474 0.27504983544349665
v 0.014259910210967067 0.04613864421844483 0.27612113952636713
v 0.012000717222690586 0.046056259423494346 0.2770059406757354
v 0.014541924931108955 0.04402294754981995 0.27641710638999933
v 0.009475347585976126 0.04539775103330613 0.2779214978218078
v 0.00865230616182089 0.043794251978397376 0.27840188145637507
v 0.01167357247322798 0.04386763647198678 0.27752560377120966
v 0.009475347585976126 0.04539775103330613 0.2779214978218078
v 0.01167357247322798 0.04386763647198678 0.27752560377120966
v 0.012000717222690586 0.046056259423494346 0.2770059406757354
v 0.009475347585976126 0.04539775103330613 0.2779214978218078
v 0.007117032073438169 0.04474417120218278 0.2786081135272979
v 0.00865230616182089 0.043794251978397376 0.27840188145637507
v 0.00021827618184033787 0.04835348948836328 0.27871021628379816
v 0.005660002119839192 0.049858596175909056 0.276858240365982
v 0.00036337121855467563 0.05121533200144769 0.27683007717132563
v 0.005660002119839192 0.049858596175909056 0.276858240365982
v 0.0058882776647806185 0.05143552273511888 0.27562212944030756
v 0.00036337121855467563 0.05121533200144769 0.27683007717132563
v 0.023115238174796108 0.04443315416574479 0.27120146155357355
v 0.02085640281438828 0.04636849090456963 0.2724481523036956
v 0.020591448992490772 0.04421448707580567 0.2730895578861236
v 0.028764832764863975 0.04919900372624399 0.26344418525695795
v 0.031266521662473686 0.04935586452484132 0.25949192047119135
v 0.028040261939167983 0.05081240460276605 0.26280626654624933
v 0.028764832764863975 0.04919900372624399 0.26344418525695795
v 0.03037888184189797 0.048726495355367674 0.2614746987819671
v 0.031266521662473686 0.04935586452484132 0.25949192047119135
v 0.03095988556742669 0.047060765326023116 0.2616614997386932
v 0.03210925683379174 0.04524884745478631 0.26037186384201044
v 0.03217794746160508 0.04719070345163347 0.25950503349304194
v 0.03095988556742669 0.047060765326023116 0.2616614997386932
v 0.0304456576704979 0.045108351856470115 0.26314437389373774
v 0.03210925683379174 0.04524884745478631 0.26037186384201044
v 0.03037888184189797 0.048726495355367674 0.2614746987819671
v 0.03095988556742669 0.047060765326023116 0.2616614997386932
v 0.03217794746160508 0.04719070345163347 0.25950503349304194
v -0.03478534892201424 0.04322094097733498 -0.02679052576422691
v -0.03192692995071412 0.0428062416613102 -0.030067391693592068
v -0.03512084856629372 0.041497103869915015 -0.026896961033344265
v -0.03402210026979447 0.04548229649662972 -0.026399550959467884
v -0.03192692995071412 0.0428062416613102 -0.030067391693592068
v -0.03478534892201424 0.04322094097733498 -0.02679052576422691
v -0.03729462623596192 0.04372567310929299 -0.023240018635988232
v -0.03478534892201424 0.04322094097733498 -0.02679052576422691
v -0.03512084856629372 0.041497103869915015 -0.026896961033344265
v -0.03650910779833794 0.045930434018373496 -0.022939236834645268
v -0.03402210026979447 0.04548229649662972 -0.026399550959467884
v -0.03478534892201424 0.04322094097733498 -0.02679052576422691
v -0.03478534892201424 0.04322094097733498 -0.02679052576422691
v -0.03729462623596192 0.04372567310929299 -0.023240018635988232
v -0.03650910779833794 0.045930434018373496 -0.022939236834645268
v -0.03223067894577981 0.04068935289978982 -0.030315726995468136
v -0.03192692995071412 0.0428062416613102 -0.030067391693592068
v -0.02928015589714051 0.04028738662600518 -0.03315013274550437
v -0.03223067894577981 0.04068935289978982 -0.030315726995468136
v -0.03281699493527413 0.01958964951336384 -0.03360167518258094
v -0.03425372764468194 0.019493285566568378 -0.0322488322854042
v -0.02928015589714051 0.04028738662600518 -0.03315013274550437
v -0.03281699493527413 0.01958964951336384 -0.03360167518258094
v -0.03223067894577981 0.04068935289978982 -0.030315726995468136
v -0.03425372764468194 0.019493285566568378 -0.0322488322854042
v -0.03524847328662873 0.020637238398194317 -0.031025920063257214
v -0.03223067894577981 0.04068935289978982 -0.030315726995468136
v -0.03223067894577981 0.04068935289978982 -0.030315726995468136
v -0.03512084856629372 0.041497103869915015 -0.026896961033344265
v -0.03192692995071412 0.0428062416613102 -0.030067391693592068
v -0.03223067894577981 0.04068935289978982 -0.030315726995468136
v -0.03524847328662873 0.020637238398194317 -0.031025920063257214
v -0.03674300760030747 0.020621040835976604 -0.029373291879892346
v -0.03512084856629372 0.041497103869915015 -0.026896961033344265
v -0.03223067894577981 0.04068935289978982 -0.030315726995468136
v -0.03674300760030747 0.020621040835976604 -0.029373291879892346
v -0.022251507267355922 0.048367794603109374 0.2705459892749786
v -0.021889209747314457 0.04953333362936975 0.27009269595146174
v -0.024105621501803405 0.04845005646348001 0.26896449923515314
v -0.02028509415686131 0.04829141125082971 0.27200296521186823
v -0.021889209747314457 0.04953333362936975 0.27009269595146174
v -0.022251507267355922 0.048367794603109374 0.2705459892749786
v -0.022640762850642208 0.046551812440156944 0.27107888460159296
v -0.02028509415686131 0.04829141125082971 0.27200296521186823
v -0.022251507267355922 0.048367794603109374 0.2705459892749786
v -0.022251507267355922 0.048367794603109374 0.2705459892749786
v -0.02457145974040032 0.04667527601122857 0.26941454410552973
v -0.022640762850642208 0.046551812440156944 0.27107888460159296
v -0.02457145974040032 0.04667527601122857 0.26941454410552973
v -0.022251507267355922 0.048367794603109374 0.2705459892749786
v -0.024105621501803405 0.04845005646348001 0.26896449923515314
v -0.03995679691433907 0.04229723289608956 -0.019253546372056004
v -0.042391825467348106 0.024170989170670516 -0.020345008000731465
v -0.04263086244463921 0.025701839476823814 -0.019393928349018093
v -0.03995679691433907 0.04229723289608956 -0.019253546372056004
v -0.04121723026037217 0.04484530910849572 -0.015471004880964754
v -0.039445545524358756 0.04427167400717736 -0.019457040354609486
v -0.03995679691433907 0.04229723289608956 -0.019253546372056004
v -0.039445545524358756 0.04427167400717736 -0.019457040354609486
v -0.03766495361924172 0.04198502749204636 -0.02327712811529636
v -0.03995679691433907 0.04229723289608956 -0.019253546372056004
v -0.03766495361924172 0.04198502749204636 -0.02327712811529636
v -0.04119545593857766 0.024084374308586128 -0.022471837699413296
v -0.04119545593857766 0.024084374308586128 -0.022471837699413296
v -0.042391825467348106 0.024170989170670516 -0.020345008000731465
v -0.03995679691433907 0.04229723289608956 -0.019253546372056004
v -0.04284372180700303 0.044415410608053214 -0.011269731447100638
v -0.045110605657100684 0.02789836376905442 -0.012862547300755976
v -0.04598678275942803 0.029007827863097198 -0.009463514201343058
v -0.04042379185557366 0.046918228268623366 -0.015352559275925158
v -0.03865009546279908 0.04641013965010644 -0.019249429926276204
v -0.039445545524358756 0.04427167400717736 -0.019457040354609486
v -0.04121723026037217 0.04484530910849572 -0.015471004880964754
v -0.04042379185557366 0.046918228268623366 -0.015352559275925158
v -0.039445545524358756 0.04427167400717736 -0.019457040354609486
v -0.04042379185557366 0.046918228268623366 -0.015352559275925158
v -0.041252478957176215 0.04841042309999467 -0.011289021931588648
v -0.039241954684257514 0.048866853117942824 -0.015075855888426302
v -0.039241954684257514 0.048866853117942824 -0.015075855888426302
v -0.03865009546279908 0.04641013965010644 -0.019249429926276204
v -0.04042379185557366 0.046918228268623366 -0.015352559275925158
v -0.04042379185557366 0.046918228268623366 -0.015352559275925158
v -0.042229693382978446 0.04645195975899697 -0.011381694115698336
v -0.041252478957176215 0.04841042309999467 -0.011289021931588648
v -0.04042379185557366 0.046918228268623366 -0.015352559275925158
v -0.04121723026037217 0.04484530910849572 -0.015471004880964754
v -0.042229693382978446 0.04645195975899697 -0.011381694115698336
v 0.04682709276676179 0.03342515230178834 0.00030054998933337623
v 0.04405163973569871 0.04669076949357987 -0.0029773286078125234
v 0.044177684932947166 0.04733248427510263 0.0013214451028034089
v 0.04405163973569871 0.04669076949357987 -0.0029773286078125234
v 0.04349207505583764 0.04912112653255464 0.0011467137373983858
v 0.044177684932947166 0.04733248427510263 0.0013214451028034089
v 0.04222389310598374 0.05029578506946565 -0.003148294752463698
v 0.0433286800980568 0.048549950122833266 -0.003082941751927137
v 0.04275674745440484 0.047989636659622206 -0.007258638273924588
v 0.04349207505583764 0.04912112653255464 0.0011467137373983858
v 0.04405163973569871 0.04669076949357987 -0.0029773286078125234
v 0.0433286800980568 0.048549950122833266 -0.003082941751927137
v 0.04243678599596024 0.05079602822661401 0.0009804125875234602
v 0.04349207505583764 0.04912112653255464 0.0011467137373983858
v 0.0433286800980568 0.048549950122833266 -0.003082941751927137
v 0.0433286800980568 0.048549950122833266 -0.003082941751927137
v 0.04222389310598374 0.05029578506946565 -0.003148294752463698
v 0.04243678599596024 0.05079602822661401 0.0009804125875234602
v 0.04275674745440484 0.047989636659622206 -0.007258638273924588
v 0.0433286800980568 0.048549950122833266 -0.003082941751927137
v 0.04351205378770829 0.04605542495846749 -0.007222456857562064
v 0.0433286800980568 0.048549950122833266 -0.003082941751927137
v 0.04405163973569871 0.04669076949357987 -0.0029773286078125234
v 0.04351205378770829 0.04605542495846749 -0.007222456857562064
v 0.023898022249341018 0.05191558972001077 -0.02555514499545097
v 0.021857917308807377 0.05126678571105005 -0.028595766052603718
v 0.01817296259105206 0.05155637860298158 -0.029498849064111706
v 0.01817296259105206 0.05155637860298158 -0.029498849064111706
v 0.017677163705229763 0.051910255104303374 -0.028404098004102703
v 0.023898022249341018 0.05191558972001077 -0.02555514499545097
v 0.01817296259105206 0.05155637860298158 -0.029498849064111706
v 0.021857917308807377 0.05126678571105005 -0.028595766052603718
v 0.015621545724570755 0.050934631377458586 -0.032139103859663
v 0.011909131892025474 0.05130362138152124 -0.03227409720420837
v 0.01817296259105206 0.05155637860298158 -0.029498849064111706
v 0.015621545724570755 0.050934631377458586 -0.032139103859663
v 0.01817296259105206 0.05155637860298158 -0.029498849064111706
v 0.011909131892025474 0.05130362138152124 -0.03227409720420837
v 0.011620027013123037 0.051673185080289855 -0.03107225894927978
v 0.011620027013123037 0.051673185080289855 -0.03107225894927978
v 0.017677163705229763 0.051910255104303374 -0.028404098004102703
v 0.01817296259105206 0.05155637860298158 -0.029498849064111706
v -0.022606061771512035 0.04863344877958299 -0.03272478282451629
v -0.021310197189450267 0.050253774970769896 -0.031035166233777996
v -0.0191769190132618 0.04841637238860132 -0.034756951034069054
v -0.02371844835579396 0.04663011804223061 -0.0341297686100006
v -0.025811644271016128 0.048884067684412016 -0.03037961386144161
v -0.022606061771512035 0.04863344877958299 -0.03272478282451629
v -0.022606061771512035 0.04863344877958299 -0.03272478282451629
v -0.025811644271016128 0.048884067684412016 -0.03037961386144161
v -0.024368418380618102 0.05046830326318742 -0.02885770052671432
v -0.024368418380618102 0.05046830326318742 -0.02885770052671432
v -0.021310197189450267 0.050253774970769896 -0.031035166233777996
v -0.022606061771512035 0.04863344877958299 -0.03272478282451629
v -0.022606061771512035 0.04863344877958299 -0.03272478282451629
v -0.020143514499068264 0.0463772863149643 -0.036292709410190575
v -0.02371844835579396 0.04663011804223061 -0.0341297686100006
v -0.020143514499068264 0.0463772863149643 -0.036292709410190575
v -0.022606061771512035 0.04863344877958299 -0.03272478282451629
v -0.0191769190132618 0.04841637238860132 -0.034756951034069054
v 0.015574954450130466 0.04823591560125352 -0.036445204168558114
v 0.01635490916669369 0.04616570472717286 -0.03810307011008262
v 0.01241632923483849 0.04599862173199654 -0.03952245786786079
v 0.011820417828857902 0.048092942684888854 -0.03777403756976127
v 0.015574954450130466 0.04823591560125352 -0.036445204168558114
v 0.01241632923483849 0.04599862173199654 -0.03952245786786079
v 0.019173007458448414 0.04841658100485803 -0.03475952148437499
v 0.01635490916669369 0.04616570472717286 -0.03810307011008262
v 0.015574954450130466 0.04823591560125352 -0.036445204168558114
v 0.015574954450130466 0.04823591560125352 -0.036445204168558114
v 0.011820417828857902 0.048092942684888854 -0.03777403756976127
v 0.014683908782899383 0.04991673305630685 -0.03445764631032943
v 0.015574954450130466 0.04823591560125352 -0.036445204168558114
v 0.018087571486830715 0.05007063969969751 -0.032898548990488045
v 0.019173007458448414 0.04841658100485803 -0.03475952148437499
v 0.014683908782899383 0.04991673305630685 -0.03445764631032943
v 0.018087571486830715 0.05007063969969751 -0.032898548990488045
v 0.015574954450130466 0.04823591560125352 -0.036445204168558114
v 0.008559614419937136 0.04464641213417054 -0.041321549564599984
v 0.004544925875961781 0.0452648550271988 -0.04150042682886123
v 0.005241672974079848 0.04598712921142579 -0.04090169444680213
v 0.005241672974079848 0.04598712921142579 -0.04090169444680213
v 0.008217891678214075 0.04642204567790032 -0.04013074934482574
v 0.008559614419937136 0.04464641213417054 -0.041321549564599984
v 0.005241672974079848 0.04598712921142579 -0.04090169444680213
v 0.004544925875961781 0.0452648550271988 -0.04150042682886123
v 0.00018803664715960627 0.04733119904994966 -0.04063024371862411
v 0.008217891678214075 0.04642204567790032 -0.04013074934482574
v 0.005241672974079848 0.04598712921142579 -0.04090169444680213
v 0.00018803664715960627 0.04733119904994966 -0.04063024371862411
v 0.007787521928548815 0.04844666644930841 -0.03821973875164985
v 0.011820417828857902 0.048092942684888854 -0.03777403756976127
v 0.008011561818420889 0.047480888664722457 -0.0392223335802555
v 0.008217891678214075 0.04642204567790032 -0.04013074934482574
v 0.008011561818420889 0.047480888664722457 -0.0392223335802555
v 0.011820417828857902 0.048092942684888854 -0.03777403756976127
v 0.008011561818420889 0.047480888664722457 -0.0392223335802555
v 0.00018803664715960627 0.04733119904994966 -0.04063024371862411
v 0.007787521928548815 0.04844666644930841 -0.03821973875164985
v 0.008011561818420889 0.047480888664722457 -0.0392223335802555
v 0.008217891678214075 0.04642204567790032 -0.04013074934482574
v 0.00018803664715960627 0.04733119904994966 -0.04063024371862411
v 0.00845874845981598 0.05242398381233217 0.27413985133171076
v 0.012044762261211876 0.0538025163114071 0.27127876877784723
v 0.008184994570910932 0.05334505811333658 0.2731215357780456
v 0.00845874845981598 0.05242398381233217 0.27413985133171076
v 0.0058882776647806185 0.05143552273511888 0.27562212944030756
v 0.008706969209015371 0.051401652395725264 0.2750632166862487
v 0.0005844587576575578 0.045752756297588355 0.2795888781547546
v -6.456558912759648e-05 0.04732488095760347 0.27917841076850886
v -0.00023346261878032243 0.04564281180500985 0.27969285845756525
v 0.0005844587576575578 0.045752756297588355 0.2795888781547546
v -0.00023346261878032243 0.04564281180500985 0.27969285845756525
v 0.0002611294330563397 0.043798618018627174 0.28000390529632563
v 0.0002611294330563397 0.043798618018627174 0.28000390529632563
v 0.007117032073438169 0.04474417120218278 0.2786081135272979
v 0.0005844587576575578 0.045752756297588355 0.2795888781547546
v 0.01609456352889538 0.04804662242531778 0.27454584836959833
v 0.014259910210967067 0.04613864421844483 0.27612113952636713
v 0.016528682783246044 0.046227671205997474 0.27504983544349665
v 0.01160511188209057 0.04794084280729295 0.27643719315528864
v 0.012000717222690586 0.046056259423494346 0.2770059406757354
v 0.014259910210967067 0.04613864421844483 0.27612113952636713
v 0.0280149132013321 0.044708304107189185 0.2663834393024444
v 0.028079884126782424 0.04681480675935746 0.26572233438491816
v 0.026435062289237983 0.04670002683997155 0.26759913563728327
v 0.018022004514932636 0.048719614744186415 0.2732009589672088
v 0.020311677828431133 0.0481817238032818 0.2720419764518737
v 0.022044638171792034 0.04885952547192575 0.27044746279716486
v 0.024749150499701507 0.046603545546531684 0.269280195236206
v 0.022757707163691524 0.046515598893165595 0.27099946141242975
v 0.023115238174796108 0.04443315416574479 0.27120146155357355
v 0.022757707163691524 0.046515598893165595 0.27099946141242975
v 0.02085640281438828 0.04636849090456963 0.2724481523036956
v 0.023115238174796108 0.04443315416574479 0.27120146155357355
v 0.022044638171792034 0.04885952547192575 0.27044746279716486
v 0.020311677828431133 0.0481817238032818 0.2720419764518737
v 0.022757707163691524 0.046515598893165595 0.27099946141242975
v 0.022757707163691524 0.046515598893165595 0.27099946141242975
v 0.020311677828431133 0.0481817238032818 0.2720419764518737
v 0.02085640281438828 0.04636849090456963 0.2724481523036956
v 0.01871026493608952 0.04630336537957192 0.2738362252712249
v 0.01609456352889538 0.04804662242531778 0.27454584836959833
v 0.016528682783246044 0.046227671205997474 0.27504983544349665
v 0.018022004514932636 0.048719614744186415 0.2732009589672088
v 0.01609456352889538 0.04804662242531778 0.27454584836959833
v 0.01871026493608952 0.04630336537957192 0.2738362252712249
v 0.01871026493608952 0.04630336537957192 0.2738362252712249
v 0.020311677828431133 0.0481817238032818 0.2720419764518737
v 0.018022004514932636 0.048719614744186415 0.2732009589672088
v 0.02085640281438828 0.04636849090456963 0.2724481523036956
v 0.020311677828431133 0.0481817238032818 0.2720419764518737
v 0.01871026493608952 0.04630336537957192 0.2738362252712249
v 0.016528682783246044 0.046227671205997474 0.27504983544349665
v 0.017204474657773975 0.044247355312109 0.275122195482254
v 0.01871026493608952 0.04630336537957192 0.2738362252712249
v 0.017204474657773975 0.044247355312109 0.275122195482254
v 0.018740672618150715 0.04442121461033822 0.2742257416248321
v 0.01871026493608952 0.04630336537957192 0.2738362252712249
v 0.01871026493608952 0.04630336537957192 0.2738362252712249
v 0.018740672618150715 0.04442121461033822 0.2742257416248321
v 0.020591448992490772 0.04421448707580567 0.2730895578861236
v 0.01871026493608952 0.04630336537957192 0.2738362252712249
v 0.020591448992490772 0.04421448707580567 0.2730895578861236
v 0.02085640281438828 0.04636849090456963 0.2724481523036956
v 0.028079884126782424 0.04681480675935746 0.26572233438491816
v 0.0304456576704979 0.045108351856470115 0.26314437389373774
v 0.029593512415885932 0.04693548381328584 0.263734757900238
v 0.03095988556742669 0.047060765326023116 0.2616614997386932
v 0.029593512415885932 0.04693548381328584 0.263734757900238
v 0.0304456576704979 0.045108351856470115 0.26314437389373774
v 0.028764832764863975 0.04919900372624399 0.26344418525695795
v 0.029593512415885932 0.04693548381328584 0.263734757900238
v 0.03037888184189797 0.048726495355367674 0.2614746987819671
v 0.029593512415885932 0.04693548381328584 0.263734757900238
v 0.03095988556742669 0.047060765326023116 0.2616614997386932
v 0.03037888184189797 0.048726495355367674 0.2614746987819671
v -0.04378469660878182 0.02544680610299111 -0.017120560631155964
v -0.03995679691433907 0.04229723289608956 -0.019253546372056004
v -0.04263086244463921 0.025701839476823814 -0.019393928349018093
v -0.03995679691433907 0.04229723289608956 -0.019253546372056004
v -0.04378469660878182 0.02544680610299111 -0.017120560631155964
v -0.04403889924287797 0.026603236794471748 -0.016168465837836262
v -0.04378469660878182 0.02544680610299111 -0.017120560631155964
v -0.04263086244463921 0.025701839476823814 -0.019393928349018093
v -0.042391825467348106 0.024170989170670516 -0.020345008000731465
v -0.04378469660878182 0.02544680610299111 -0.017120560631155964
v -0.042391825467348106 0.024170989170670516 -0.020345008000731465
v -0.04334669932723046 0.023829825222492225 -0.01835713908076286
v -0.04378469660878182 0.02544680610299111 -0.017120560631155964
v -0.04334669932723046 0.023829825222492225 -0.01835713908076286
v -0.044740423560142524 0.02566466666758061 -0.014564832672476767
v -0.04403889924287797 0.026603236794471748 -0.016168465837836262
v -0.04378469660878182 0.02544680610299111 -0.017120560631155964
v -0.044740423560142524 0.02566466666758061 -0.014564832672476767
v -0.04403889924287797 0.026603236794471748 -0.016168465837836262
v -0.045110605657100684 0.02789836376905442 -0.012862547300755976
v -0.04155275225639344 0.04297237098217011 -0.015561097301542757
v -0.04155275225639344 0.04297237098217011 -0.015561097301542757
v -0.03995679691433907 0.04229723289608956 -0.019253546372056004
v -0.04403889924287797 0.026603236794471748 -0.016168465837836262
v -0.03995679691433907 0.04229723289608956 -0.019253546372056004
v -0.04155275225639344 0.04297237098217011 -0.015561097301542757
v -0.04121723026037217 0.04484530910849572 -0.015471004880964754
v -0.04155275225639344 0.04297237098217011 -0.015561097301542757
v -0.04284372180700303 0.044415410608053214 -0.011269731447100638
v -0.04121723026037217 0.04484530910849572 -0.015471004880964754
v -0.04155275225639344 0.04297237098217011 -0.015561097301542757
v -0.045110605657100684 0.02789836376905442 -0.012862547300755976
v -0.04284372180700303 0.044415410608053214 -0.011269731447100638
v -0.045825202018022544 0.02686790749430657 -0.010593960992991923
v -0.04598678275942803 0.029007827863097198 -0.009463514201343058
v -0.04505854845046998 0.02685255371034146 -0.01337579172104597
v -0.04505854845046998 0.02685255371034146 -0.01337579172104597
v -0.04598678275942803 0.029007827863097198 -0.009463514201343058
v -0.045110605657100684 0.02789836376905442 -0.012862547300755976
v -0.04505854845046998 0.02685255371034146 -0.01337579172104597
v -0.044740423560142524 0.02566466666758061 -0.014564832672476767
v -0.045825202018022544 0.02686790749430657 -0.010593960992991923
v -0.04505854845046998 0.02685255371034146 -0.01337579172104597
v -0.04403889924287797 0.026603236794471748 -0.016168465837836262
v -0.044740423560142524 0.02566466666758061 -0.014564832672476767
v -0.04505854845046998 0.02685255371034146 -0.01337579172104597
v -0.045110605657100684 0.02789836376905442 -0.012862547300755976
v -0.04403889924287797 0.026603236794471748 -0.016168465837836262
v 0.04680947214365006 0.03171171247959138 -0.002949405228719115
v 0.04434410855174065 0.04487003758549691 -0.0033949448261409994
v 0.04682709276676179 0.03342515230178834 0.00030054998933337623
v 0.04434410855174065 0.04487003758549691 -0.0033949448261409994
v 0.04405163973569871 0.04669076949357987 -0.0029773286078125234
v 0.04682709276676179 0.03342515230178834 0.00030054998933337623
v 0.04434410855174065 0.04487003758549691 -0.0033949448261409994
v 0.04680947214365006 0.03171171247959138 -0.002949405228719115
v 0.04382323101162911 0.04425505548715592 -0.007357497233897447
v 0.04434410855174065 0.04487003758549691 -0.0033949448261409994
v 0.04382323101162911 0.04425505548715592 -0.007357497233897447
v 0.04351205378770829 0.04605542495846749 -0.007222456857562064
v 0.04351205378770829 0.04605542495846749 -0.007222456857562064
v 0.04405163973569871 0.04669076949357987 -0.0029773286078125234
v 0.04434410855174065 0.04487003758549691 -0.0033949448261409994
v 0.00036337121855467563 0.05121533200144769 0.27683007717132563
v 0.0058882776647806185 0.05143552273511888 0.27562212944030756
v 0.005585216917097569 0.05258418619632722 0.27453494071960444
v 0.0058882776647806185 0.05143552273511888 0.27562212944030756
v 0.00845874845981598 0.05242398381233217 0.27413985133171076
v 0.005585216917097569 0.05258418619632722 0.27453494071960444
v 0.005585216917097569 0.05258418619632722 0.27453494071960444
v 0.005333270877599717 0.05385116487741472 0.27304008603096
v 0.00036337121855467563 0.05121533200144769 0.27683007717132563
v 0.005585216917097569 0.05258418619632722 0.27453494071960444
v 0.008184994570910932 0.05334505811333658 0.2731215357780456
v 0.005333270877599717 0.05385116487741472 0.27304008603096
v 0.005585216917097569 0.05258418619632722 0.27453494071960444
v 0.00845874845981598 0.05242398381233217 0.27413985133171076
v 0.008184994570910932 0.05334505811333658 0.2731215357780456
v -6.456558912759648e-05 0.04732488095760347 0.27917841076850886
v 0.0005844587576575578 0.045752756297588355 0.2795888781547546
v 0.006880595814436676 0.04731046035885812 0.2779491245746612
v 0.009475347585976126 0.04539775103330613 0.2779214978218078
v 0.006880595814436676 0.04731046035885812 0.2779491245746612
v 0.007117032073438169 0.04474417120218278 0.2786081135272979
v 0.006880595814436676 0.04731046035885812 0.2779491245746612
v 0.0005844587576575578 0.045752756297588355 0.2795888781547546
v 0.007117032073438169 0.04474417120218278 0.2786081135272979
v 0.006880595814436676 0.04731046035885812 0.2779491245746612
v 0.00021827618184033787 0.04835348948836328 0.27871021628379816
v -6.456558912759648e-05 0.04732488095760347 0.27917841076850886
v 0.013373637571930889 0.050358600914478316 0.27437025308609003
v 0.018022004514932636 0.048719614744186415 0.2732009589672088
v 0.01741248741745949 0.05099786445498468 0.2719294428825378
v 0.014259910210967067 0.04613864421844483 0.27612113952636713
v 0.01609456352889538 0.04804662242531778 0.27454584836959833
v 0.013681372627615932 0.04860915616154672 0.27537095546722407
v 0.013681372627615932 0.04860915616154672 0.27537095546722407
v 0.01160511188209057 0.04794084280729295 0.27643719315528864
v 0.014259910210967067 0.04613864421844483 0.27612113952636713
v 0.013681372627615932 0.04860915616154672 0.27537095546722407
v 0.01609456352889538 0.04804662242531778 0.27454584836959833
v 0.018022004514932636 0.048719614744186415 0.2732009589672088
v 0.013373637571930889 0.050358600914478316 0.27437025308609003
v 0.013681372627615932 0.04860915616154672 0.27537095546722407
v 0.018022004514932636 0.048719614744186415 0.2732009589672088
v 0.026435062289237983 0.04670002683997155 0.26759913563728327
v 0.02548989653587342 0.044716175645589835 0.2690871655941009
v 0.0280149132013321 0.044708304107189185 0.2663834393024444
v 0.02548989653587342 0.044716175645589835 0.2690871655941009
v 0.026435062289237983 0.04670002683997155 0.26759913563728327
v 0.024749150499701507 0.046603545546531684 0.269280195236206
v 0.02548989653587342 0.044716175645589835 0.2690871655941009
v 0.027913689613342292 0.015577177517116073 0.27108088135719294
v 0.030290622264146812 0.01651319116353989 0.26846459507942194
v 0.02548989653587342 0.044716175645589835 0.2690871655941009
v 0.030290622264146812 0.01651319116353989 0.26846459507942194
v 0.0280149132013321 0.044708304107189185 0.2663834393024444
v 0.02548989653587342 0.044716175645589835 0.2690871655941009
v 0.023115238174796108 0.04443315416574479 0.27120146155357355
v 0.027913689613342292 0.015577177517116073 0.27108088135719294
v 0.02548989653587342 0.044716175645589835 0.2690871655941009
v 0.024749150499701507 0.046603545546531684 0.269280195236206
v 0.023115238174796108 0.04443315416574479 0.27120146155357355
v 0.027515819296240814 0.04852530360221864 0.26545035839080805
v 0.026435062289237983 0.04670002683997155 0.26759913563728327
v 0.028079884126782424 0.04681480675935746 0.26572233438491816
v 0.028079884126782424 0.04681480675935746 0.26572233438491816
v 0.029593512415885932 0.04693548381328584 0.263734757900238
v 0.027515819296240814 0.04852530360221864 0.26545035839080805
v 0.027515819296240814 0.04852530360221864 0.26545035839080805
v 0.029593512415885932 0.04693548381328584 0.263734757900238
v 0.028764832764863975 0.04919900372624399 0.26344418525695795
v 0.004448776599019767 0.0484578348696232 0.2778308987617492
v 0.005660002119839192 0.049858596175909056 0.276858240365982
v 0.00021827618184033787 0.04835348948836328 0.27871021628379816
v 0.004448776599019767 0.0484578348696232 0.2778308987617492
v 0.00021827618184033787 0.04835348948836328 0.27871021628379816
v 0.006880595814436676 0.04731046035885812 0.2779491245746612
v 0.008880091831088068 0.049724251031875624 0.27629378437995905
v 0.005660002119839192 0.049858596175909056 0.276858240365982
v 0.004448776599019767 0.0484578348696232 0.2778308987617492
v 0.008880091831088068 0.049724251031875624 0.27629378437995905
v 0.004448776599019767 0.0484578348696232 0.2778308987617492
v 0.006880595814436676 0.04731046035885812 0.2779491245746612
v 0.008880091831088068 0.049724251031875624 0.27629378437995905
v 0.008706969209015371 0.051401652395725264 0.2750632166862487
v 0.0058882776647806185 0.05143552273511888 0.27562212944030756
v 0.005660002119839192 0.049858596175909056 0.276858240365982
v 0.008880091831088068 0.049724251031875624 0.27629378437995905
v 0.0058882776647806185 0.05143552273511888 0.27562212944030756
v 0.008880091831088068 0.049724251031875624 0.27629378437995905
v 0.013373637571930889 0.050358600914478316 0.27437025308609003
v 0.008706969209015371 0.051401652395725264 0.2750632166862487
v 0.008880091831088068 0.049724251031875624 0.27629378437995905
v 0.01160511188209057 0.04794084280729295 0.27643719315528864
v 0.013681372627615932 0.04860915616154672 0.27537095546722407
v 0.008880091831088068 0.049724251031875624 0.27629378437995905
v 0.013681372627615932 0.04860915616154672 0.27537095546722407
v 0.013373637571930889 0.050358600914478316 0.27437025308609003
v 0.009256510064005853 0.047231350094079985 0.2774405181407928
v 0.009475347585976126 0.04539775103330613 0.2779214978218078
v 0.012000717222690586 0.046056259423494346 0.2770059406757354
v 0.009256510064005853 0.047231350094079985 0.2774405181407928
v 0.006880595814436676 0.04731046035885812 0.2779491245746612
v 0.009475347585976126 0.04539775103330613 0.2779214978218078
v 0.009256510064005853 0.047231350094079985 0.2774405181407928
v 0.012000717222690586 0.046056259423494346 0.2770059406757354
v 0.01160511188209057 0.04794084280729295 0.27643719315528864
v 0.009256510064005853 0.047231350094079985 0.2774405181407928
v 0.01160511188209057 0.04794084280729295 0.27643719315528864
v 0.008880091831088068 0.049724251031875624 0.27629378437995905
v 0.009256510064005853 0.047231350094079985 0.2774405181407928
v 0.008880091831088068 0.049724251031875624 0.27629378437995905
v 0.006880595814436676 0.04731046035885812 0.2779491245746612
v 0.01741248741745949 0.05099786445498468 0.2719294428825378
v 0.016558256000280384 0.05299460142850877 0.27026826143264765
v 0.012988792732357982 0.0519842989742756 0.2731406688690185
v 0.012988792732357982 0.0519842989742756 0.2731406688690185
v 0.013373637571930889 0.050358600914478316 0.27437025308609003
v 0.01741248741745949 0.05099786445498468 0.2719294428825378
v 0.012988792732357982 0.0519842989742756 0.2731406688690185
v 0.016558256000280384 0.05299460142850877 0.27026826143264765
v 0.012044762261211876 0.0538025163114071 0.27127876877784723
v 0.00845874845981598 0.05242398381233217 0.27413985133171076
v 0.012988792732357982 0.0519842989742756 0.2731406688690185
v 0.012044762261211876 0.0538025163114071 0.27127876877784723
v 0.012988792732357982 0.0519842989742756 0.2731406688690185
v 0.00845874845981598 0.05242398381233217 0.27413985133171076
v 0.008706969209015371 0.051401652395725264 0.2750632166862487
v 0.008706969209015371 0.051401652395725264 0.2750632166862487
v 0.013373637571930889 0.050358600914478316 0.27437025308609003
v 0.012988792732357982 0.0519842989742756 0.2731406688690185
v 0.025636661797761924 0.04902003705501558 0.26718622446060175
v 0.026435062289237983 0.04670002683997155 0.26759913563728327
v 0.027515819296240814 0.04852530360221864 0.26545035839080805
v 0.024749573320150382 0.05117395147681238 0.2662003636360168
v 0.021493773907423023 0.05055133253335954 0.2695983946323394
v 0.025636661797761924 0.04902003705501558 0.26718622446060175
v 0.025636661797761924 0.04902003705501558 0.26718622446060175
v 0.021493773907423023 0.05055133253335954 0.2695983946323394
v 0.022044638171792034 0.04885952547192575 0.27044746279716486
v 0.025636661797761924 0.04902003705501558 0.26718622446060175
v 0.027515819296240814 0.04852530360221864 0.26545035839080805
v 0.028764832764863975 0.04919900372624399 0.26344418525695795
v 0.025636661797761924 0.04902003705501558 0.26718622446060175
v 0.028040261939167983 0.05081240460276605 0.26280626654624933
v 0.024749573320150382 0.05117395147681238 0.2662003636360168
v 0.025636661797761924 0.04902003705501558 0.26718622446060175
v 0.028764832764863975 0.04919900372624399 0.26344418525695795
v 0.028040261939167983 0.05081240460276605 0.26280626654624933
v 0.024749150499701507 0.046603545546531684 0.269280195236206
v 0.026435062289237983 0.04670002683997155 0.26759913563728327
v 0.024136640131473548 0.04834252223372461 0.2689988017082214
v 0.025636661797761924 0.04902003705501558 0.26718622446060175
v 0.024136640131473548 0.04834252223372461 0.2689988017082214
v 0.026435062289237983 0.04670002683997155 0.26759913563728327
v 0.024136640131473548 0.04834252223372461 0.2689988017082214
v 0.025636661797761924 0.04902003705501558 0.26718622446060175
v 0.022044638171792034 0.04885952547192575 0.27044746279716486
v 0.022044638171792034 0.04885952547192575 0.27044746279716486
v 0.022757707163691524 0.046515598893165595 0.27099946141242975
v 0.024136640131473548 0.04834252223372461 0.2689988017082214
v 0.024136640131473548 0.04834252223372461 0.2689988017082214
v 0.022757707163691524 0.046515598893165595 0.27099946141242975
v 0.024749150499701507 0.046603545546531684 0.269280195236206
usemtl DefaultMaterial
f 1 2 3
f 4 5 6
f 7 8 9
f 10 11 12
f 13 14 15
f 16 17 18
f 19 20 21
f 22 23 24
f 25 26 27
f 28 29 30
f 31 32 33
f 34 35 36
f 37 38 39
f 40 41 42
f 43 44 45
f 46 47 48
f 49 50 51
f 52 53 54
f 55 56 57
f 58 59 60
f 61 62 63
f 64 65 66
f 67 68 69
f 70 71 72
f 73 74 75
f 76 77 78
f 79 80 81
f 82 83 84
f 85 86 87
f 88 89 90
f 91 92 93
f 94 95 96
f 97 98 99
f 100 101 102
f 103 104 105
f 106 107 108
f 109 110 111
f 112 113 114
f 115 116 117
f 118 119 120
f 121 122 123
f 124 125 126
f 127 128 129
f 130 131 132
f 133 134 135
f 136 137 138
f 139 140 141
f 142 143 144
f 145 146 147
f 148 149 150
f 151 152 153
f 154 155 156
f 157 158 159
f 160 161 162
f 163 164 165
f 166 167 168
f 169 170 171
f 172 173 174
f 175 176 177
f 178 179 180
f 181 182 183
f 184 185 186
f 187 188 189
f 190 191 192
f 193 194 195
f 196 197 198
f 199 200 201
f 202 203 204
f 205 206 207
f 208 209 210
f 211 212 213
f 214 215 216
f 217 218 219
f 220 221 222
f 223 224 225
f 226 227 228
f 229 230 231
f 232 233 234
f 235 236 237
f 238 239 240
f 241 242 243
f 244 245 246
f 247 248 249
f 250 251 252
f 253 254 255
f 256 257 258
f 259 260 261
f 262 263 264
f 265 266 267
f 268 269 270
f 271 272 273
f 274 275 276
f 277 278 279
f 280 281 282
f 283 284 285
f 286 287 288
f 289 290 291
f 292 293 294
f 295 296 297
f 298 299 300
f 301 302 303
f 304 305 306
f 307 308 309
f 310 311 312
f 313 314 315
f 316 317 318
f 319 320 321
f 322 323 324
f 325 326 327
f 328 329 330
f 331 332 333
f 334 335 336
f 337 338 339
f 340 341 342
f 343 344 345
f 346 347 348
f 349 350 351
f 352 353 354
f 355 356 357
f 358 359 360
f 361 362 363
f 364 365 366
f 367 368 369
f 370 371 372
f 373 374 375
f 376 377 378
f 379 380 381
f 382 383 384
f 385 386 387
f 388 389 390
f 391 392 393
f 394 395 396
f 397 398 399
f 400 401 402
f 403 404 405
f 406 407 408
f 409 410 411
f 412 413 414
f 415 416 417
f 418 419 420
f 421 422 423
f 424 425 426
f 427 428 429
f 430 431 432
f 433 434 435
f 436 437 438
f 439 440 441
f 442 443 444
f 445 446 447
f 448 449 450
f 451 452 453
f 454 455 456
f 457 458 459
f 460 461 462
f 463 464 465
f 466 467 468
f 469 470 471
f 472 473 474
f 475 476 477
f 478 479 480
f 481 482 483
f 484 485 486
f 487 488 489
f 490 491 492
f 493 494 495
f 496 497 498
f 499 500 501
f 502 503 504
f 505 506 507
f 508 509 510
f 511 512 513
f 514 515 516
f 517 518 519
f 520 521 522
f 523 524 525
f 526 527 528
f 529 530 531
f 532 533 534
f 535 536 537
f 538 539 540
f 541 542 543
f 544 545 546
f 547 548 549
f 550 551 552
f 553 554 555
f 556 557 558
f 559 560 561
f 562 563 564
f 565 566 567
f 568 569 570
f 571 572 573
f 574 575 576
f 577 578 579
f 580 581 582
f 583 584 585
f 586 587 588
f 589 590 591
f 592 593 594
f 595 596 597
f 598 599 600
f 601 602 603
f 604 605 606
f 607 608 609
f 610 611 612
f 613 614 615
f 616 617 618
f 619 620 621
f 622 623 624
f 625 626 627
f 628 629 630
f 631 632 633
f 634 635 636
f 637 638 639
f 640 641 642
f 643 644 645
f 646 647 648
f 649 650 651
f 652 653 654
f 655 656 657
f 658 659 660
f 661 662 663
f 664 665 666
f 667 668 669
f 670 671 672
f 673 674 675
f 676 677 678
f 679 680 681
f 682 683 684
f 685 686 687
f 688 689 690
f 691 692 693
f 694 695 696
f 697 698 699
f 700 701 702
f 703 704 705
f 706 707 708
f 709 710 711
f 712 713 714
f 715 716 717
f 718 719 720
f 721 722 723
f 724 725 726
f 727 728 729
f 730 731 732
f 733 734 735
f 736 737 738
f 739 740 741
f 742 743 744
f 745 746 747
f 748 749 750
f 751 752 753
f 754 755 756
f 757 758 759
f 760 761 762
f 763 764 765
f 766 767 768
f 769 770 771
f 772 773 774
f 775 776 777
f 778 779 780
f 781 782 783
f 784 785 786
f 787 788 789
f 790 791 792
f 793 794 795
f 796 797 798
f 799 800 801
f 802 803 804
f 805 806 807
f 808 809 810
f 811 812 813
f 814 815 816
f 817 818 819
f 820 821 822
f 823 824 825
f 826 827 828
f 829 830 831
f 832 833 834
f 835 836 837
f 838 839 840
f 841 842 843
f 844 845 846
f 847 848 849
f 850 851 852
f 853 854 855
f 856 857 858
f 859 860 861
f 862 863 864
f 865 866 867
f 868 869 870
f 871 872 873
f 874 875 876
f 877 878 879
f 880 881 882
f 883 884 885
f 886 887 888
f 889 890 891
f 892 893 894
f 895 896 897
f 898 899 900
f 901 902 903
f 904 905 906
f 907 908 909
f 910 911 912
f 913 914 915
f 916 917 918
f 919 920 921
f 922 923 924
f 925 926 927
f 928 929 930
f 931 932 933
f 934 935 936
f 937 938 939
f 940 941 942
f 943 944 945
f 946 947 948
f 949 950 951
f 952 953 954
f 955 956 957
f 958 959 960
f 961 962 963
f 964 965 966
f 967 968 969
f 970 971 972
f 973 974 975
f 976 977 978
f 979 980 981
f 982 983 984
f 985 986 987
f 988 989 990
f 991 992 993
f 994 995 996
f 997 998 999
f 1000 1001 1002
f 1003 1004 1005
f 1006 1007 1008
f 1009 1010 1011
f 1012 1013 1014
f 1015 1016 1017
f 1018 1019 1020
f 1021 1022 1023
f 1024 1025 1026
f 1027 1028 1029
f 1030 1031 1032
f 1033 1034 1035
f 1036 1037 1038
f 1039 1040 1041
f 1042 1043 1044
f 1045 1046 1047
f 1048 1049 1050
f 1051 1052 1053
f 1054 1055 1056
f 1057 1058 1059
f 1060 1061 1062
f 1063 1064 1065
f 1066 1067 1068
f 1069 1070 1071
f 1072 1073 1074
f 1075 1076 1077
f 1078 1079 1080
f 1081 1082 1083
f 1084 1085 1086
f 1087 1088 1089
f 1090 1091 1092
f 1093 1094 1095
f 1096 1097 1098
f 1099 1100 1101
f 1102 1103 1104
f 1105 1106 1107
f 1108 1109 1110
f 1111 1112 1113
f 1114 1115 1116
f 1117 1118 1119
f 1120 1121 1122
f 1123 1124 1125
f 1126 1127 1128
f 1129 1130 1131
f 1132 1133 1134
f 1135 1136 1137
f 1138 1139 1140
f 1141 1142 1143
f 1144 1145 1146
f 1147 1148 1149
f 1150 1151 1152
f 1153 1154 1155
f 1156 1157 1158
f 1159 1160 1161
f 1162 1163 1164
f 1165 1166 1167
f 1168 1169 1170
f 1171 1172 1173
f 1174 1175 1176
f 1177 1178 1179
f 1180 1181 1182
f 1183 1184 1185
f 1186 1187 1188
f 1189 1190 1191
f 1192 1193 1194
f 1195 1196 1197
f 1198 1199 1200
f 1201 1202 1203
f 1204 1205 1206
f 1207 1208 1209
f 1210 1211 1212
f 1213 1214 1215
f 1216 1217 1218
f 1219 1220 1221
f 1222 1223 1224
f 1225 1226 1227
f 1228 1229 1230
f 1231 1232 1233
f 1234 1235 1236
f 1237 1238 1239
f 1240 1241 1242
f 1243 1244 1245
f 1246 1247 1248
f 1249 1250 1251
f 1252 1253 1254
f 1255 1256 1257
f 1258 1259 1260
f 1261 1262 1263
f 1264 1265 1266
f 1267 1268 1269
f 1270 1271 1272
f 1273 1274 1275
f 1276 1277 1278
f 1279 1280 1281
f 1282 1283 1284
f 1285 1286 1287
f 1288 1289 1290
f 1291 1292 1293
f 1294 1295 1296
f 1297 1298 1299
f 1300 1301 1302
f 1303 1304 1305
f 1306 1307 1308
f 1309 1310 1311
f 1312 1313 1314
f 1315 1316 1317
f 1318 1319 1320
f 1321 1322 1323
f 1324 1325 1326
f 1327 1328 1329
f 1330 1331 1332
f 1333 1334 1335
f 1336 1337 1338
f 1339 1340 1341
f 1342 1343 1344
f 1345 1346 1347
f 1348 1349 1350
f 1351 1352 1353
f 1354 1355 1356
f 1357 1358 1359
f 1360 1361 1362
f 1363 1364 1365
f 1366 1367 1368
f 1369 1370 1371
f 1372 1373 1374
f 1375 1376 1377
f 1378 1379 1380
f 1381 1382 1383
f 1384 1385 1386
f 1387 1388 1389
f 1390 1391 1392
f 1393 1394 1395
f 1396 1397 1398
f 1399 1400 1401
f 1402 1403 1404
f 1405 1406 1407
f 1408 1409 1410
f 1411 1412 1413
f 1414 1415 1416
f 1417 1418 1419
f 1420 1421 1422
f 1423 1424 1425
f 1426 1427 1428
f 1429 1430 1431
f 1432 1433 1434
f 1435 1436 1437
f 1438 1439 1440
f 1441 1442 1443
f 1444 1445 1446
f 1447 1448 1449
f 1450 1451 1452
f 1453 1454 1455
f 1456 1457 1458
f 1459 1460 1461
f 1462 1463 1464
f 1465 1466 1467
f 1468 1469 1470
f 1471 1472 1473
f 1474 1475 1476
f 1477 1478 1479
f 1480 1481 1482
f 1483 1484 1485
f 1486 1487 1488
f 1489 1490 1491
f 1492 1493 1494
f 1495 1496 1497
f 1498 1499 1500
f 1501 1502 1503
f 1504 1505 1506
f 1507 1508 1509
f 1510 1511 1512
f 1513 1514 1515
f 1516 1517 1518
f 1519 1520 1521
f 1522 1523 1524
f 1525 1526 1527
f 1528 1529 1530
f 1531 1532 1533
f 1534 1535 1536
f 1537 1538 1539
f 1540 1541 1542
f 1543 1544 1545
f 1546 1547 1548
f 1549 1550 1551
f 1552 1553 1554
f 1555 1556 1557
f 1558 1559 1560
f 1561 1562 1563
f 1564 1565 1566
f 1567 1568 1569
f 1570 1571 1572
f 1573 1574 1575
f 1576 1577 1578
f 1579 1580 1581
f 1582 1583 1584
f 1585 1586 1587
f 1588 1589 1590
f 1591 1592 1593
f 1594 1595 1596
f 1597 1598 1599
f 1600 1601 1602
f 1603 1604 1605
f 1606 1607 1608
f 1609 1610 1611
f 1612 1613 1614
f 1615 1616 1617
f 1618 1619 1620
f 1621 1622 1623
f 1624 1625 1626
f 1627 1628 1629
f 1630 1631 1632
f 1633 1634 1635
f 1636 1637 1638
f 1639 1640 1641
f 1642 1643 1644
f 1645 1646 1647
f 1648 1649 1650
f 1651 1652 1653
f 1654 1655 1656
f 1657 1658 1659
f 1660 1661 1662
f 1663 1664 1665
f 1666 1667 1668
f 1669 1670 1671
f 1672 1673 1674
f 1675 1676 1677
f 1678 1679 1680
f 1681 1682 1683
f 1684 1685 1686
f 1687 1688 1689
f 1690 1691 1692
f 1693 1694 1695
f 1696 1697 1698
f 1699 1700 1701
f 1702 1703 1704
f 1705 1706 1707
f 1708 1709 1710
f 1711 1712 1713
f 1714 1715 1716
f 1717 1718 1719
f 1720 1721 1722
f 1723 1724 1725
f 1726 1727 1728
f 1729 1730 1731
f 1732 1733 1734
f 1735 1736 1737
f 1738 1739 1740
f 1741 1742 1743
f 1744 1745 1746
f 1747 1748 1749
f 1750 1751 1752
f 1753 1754 1755
f 1756 1757 1758
f 1759 1760 1761
f 1762 1763 1764
f 1765 1766 1767
f 1768 1769 1770
f 1771 1772 1773
f 1774 1775 1776
f 1777 1778 1779
f 1780 1781 1782
f 1783 1784 1785
f 1786 1787 1788
f 1789 1790 1791
f 1792 1793 1794
f 1795 1796 1797
f 1798 1799 1800
f 1801 1802 1803
f 1804 1805 1806
f 1807 1808 1809
f 1810 1811 1812
f 1813 1814 1815
f 1816 1817 1818
f 1819 1820 1821
f 1822 1823 1824
f 1825 1826 1827
f 1828 1829 1830
f 1831 1832 1833
f 1834 1835 1836
f 1837 1838 1839
f 1840 1841 1842
f 1843 1844 1845
f 1846 1847 1848
f 1849 1850 1851
f 1852 1853 1854
f 1855 1856 1857
f 1858 1859 1860
f 1861 1862 1863
f 1864 1865 1866
f 1867 1868 1869
f 1870 1871 1872
f 1873 1874 1875
f 1876 1877 1878
f 1879 1880 1881
f 1882 1883 1884
f 1885 1886 1887
f 1888 1889 1890
f 1891 1892 1893
f 1894 1895 1896
f 1897 1898 1899
f 1900 1901 1902
f 1903 1904 1905
f 1906 1907 1908
f 1909 1910 1911
f 1912 1913 1914
f 1915 1916 1917
f 1918 1919 1920
f 1921 1922 1923
f 1924 1925 1926
f 1927 1928 1929
f 1930 1931 1932
f 1933 1934 1935
f 1936 1937 1938
f 1939 1940 1941
f 1942 1943 1944
f 1945 1946 1947
f 1948 1949 1950
f 1951 1952 1953
f 1954 1955 1956
f 1957 1958 1959
f 1960 1961 1962
f 1963 1964 1965
f 1966 1967 1968
f 1969 1970 1971
f 1972 1973 1974
f 1975 1976 1977
f 1978 1979 1980
f 1981 1982 1983
f 1984 1985 1986
f 1987 1988 1989
f 1990 1991 1992
f 1993 1994 1995
f 1996 1997 1998
f 1999 2000 2001
f 2002 2003 2004
f 2005 2006 2007
f 2008 2009 2010
f 2011 2012 2013
f 2014 2015 2016
f 2017 2018 2019
f 2020 2021 2022
f 2023 2024 2025
f 2026 2027 2028
f 2029 2030 2031
f 2032 2033 2034
f 2035 2036 2037
f 2038 2039 2040
f 2041 2042 2043
f 2044 2045 2046
f 2047 2048 2049
f 2050 2051 2052
f 2053 2054 2055
f 2056 2057 2058
f 2059 2060 2061
f 2062 2063 2064
f 2065 2066 2067
f 2068 2069 2070
f 2071 2072 2073
f 2074 2075 2076
f 2077 2078 2079
f 2080 2081 2082
f 2083 2084 2085
f 2086 2087 2088
f 2089 2090 2091
f 2092 2093 2094
f 2095 2096 2097
f 2098 2099 2100
f 2101 2102 2103
f 2104 2105 2106
f 2107 2108 2109
f 2110 2111 2112
f 2113 2114 2115
f 2116 2117 2118
f 2119 2120 2121
f 2122 2123 2124
f 2125 2126 2127
f 2128 2129 2130
f 2131 2132 2133
f 2134 2135 2136
f 2137 2138 2139
f 2140 2141 2142
f 2143 2144 2145
f 2146 2147 2148
f 2149 2150 2151
f 2152 2153 2154
f 2155 2156 2157
f 2158 2159 2160
f 2161 2162 2163
f 2164 2165 2166
f 2167 2168 2169
f 2170 2171 2172
f 2173 2174 2175
f 2176 2177 2178
f 2179 2180 2181
f 2182 2183 2184
f 2185 2186 2187
f 2188 2189 2190
f 2191 2192 2193
f 2194 2195 2196
f 2197 2198 2199
f 2200 2201 2202
f 2203 2204 2205
f 2206 2207 2208
f 2209 2210 2211
f 2212 2213 2214
f 2215 2216 2217
f 2218 2219 2220
f 2221 2222 2223
f 2224 2225 2226
f 2227 2228 2229
f 2230 2231 2232
f 2233 2234 2235
f 2236 2237 2238
f 2239 2240 2241
f 2242 2243 2244
f 2245 2246 2247
f 2248 2249 2250
f 2251 2252 2253
f 2254 2255 2256
f 2257 2258 2259
f 2260 2261 2262
f 2263 2264 2265
f 2266 2267 2268
f 2269 2270 2271
f 2272 2273 2274
f 2275 2276 2277
f 2278 2279 2280
f 2281 2282 2283
f 2284 2285 2286
f 2287 2288 2289
f 2290 2291 2292
f 2293 2294 2295
f 2296 2297 2298
f 2299 2300 2301
f 2302 2303 2304
f 2305 2306 2307
f 2308 2309 2310
f 2311 2312 2313
f 2314 2315 2316
f 2317 2318 2319
f 2320 2321 2322
f 2323 2324 2325
f 2326 2327 2328
f 2329 2330 2331
f 2332 2333 2334
f 2335 2336 2337
f 2338 2339 2340
f 2341 2342 2343
f 2344 2345 2346
f 2347 2348 2349
f 2350 2351 2352
f 2353 2354 2355
f 2356 2357 2358
f 2359 2360 2361
f 2362 2363 2364
f 2365 2366 2367
f 2368 2369 2370
f 2371 2372 2373
f 2374 2375 2376
f 2377 2378 2379
f 2380 2381 2382
f 2383 2384 2385
f 2386 2387 2388
f 2389 2390 2391
f 2392 2393 2394
f 2395 2396 2397
f 2398 2399 2400
f 2401 2402 2403
f 2404 2405 2406
f 2407 2408 2409
f 2410 2411 2412
f 2413 2414 2415
f 2416 2417 2418
f 2419 2420 2421
f 2422 2423 2424
f 2425 2426 2427
f 2428 2429 2430
f 2431 2432 2433
f 2434 2435 2436
f 2437 2438 2439
f 2440 2441 2442
f 2443 2444 2445
f 2446 2447 2448
f 2449 2450 2451
f 2452 2453 2454
f 2455 2456 2457
f 2458 2459 2460
f 2461 2462 2463
f 2464 2465 2466
f 2467 2468 2469
f 2470 2471 2472
f 2473 2474 2475
f 2476 2477 2478
f 2479 2480 2481
f 2482 2483 2484
f 2485 2486 2487
f 2488 2489 2490
f 2491 2492 2493
f 2494 2495 2496
f 2497 2498 2499
f 2500 2501 2502
f 2503 2504 2505
f 2506 2507 2508
f 2509 2510 2511
f 2512 2513 2514
f 2515 2516 2517
f 2518 2519 2520
f 2521 2522 2523
f 2524 2525 2526
f 2527 2528 2529
f 2530 2531 2532
f 2533 2534 2535
f 2536 2537 2538
f 2539 2540 2541
f 2542 2543 2544
f 2545 2546 2547
f 2548 2549 2550
f 2551 2552 2553
f 2554 2555 2556
f 2557 2558 2559
f 2560 2561 2562
f 2563 2564 2565
f 2566 2567 2568
f 2569 2570 2571
f 2572 2573 2574
f 2575 2576 2577
f 2578 2579 2580
f 2581 2582 2583
f 2584 2585 2586
f 2587 2588 2589
f 2590 2591 2592
f 2593 2594 2595
f 2596 2597 2598
f 2599 2600 2601
f 2602 2603 2604
f 2605 2606 2607
f 2608 2609 2610
f 2611 2612 2613
f 2614 2615 2616
f 2617 2618 2619
f 2620 2621 2622
f 2623 2624 2625
f 2626 2627 2628
f 2629 2630 2631
f 2632 2633 2634
f 2635 2636 2637
f 2638 2639 2640
f 2641 2642 2643
f 2644 2645 2646
f 2647 2648 2649
f 2650 2651 2652
f 2653 2654 2655
f 2656 2657 2658
f 2659 2660 2661
f 2662 2663 2664
f 2665 2666 2667
f 2668 2669 2670
f 2671 2672 2673
f 2674 2675 2676
f 2677 2678 2679
f 2680 2681 2682
f 2683 2684 2685
f 2686 2687 2688
f 2689 2690 2691
f 2692 2693 2694
f 2695 2696 2697
f 2698 2699 2700
f 2701 2702 2703
f 2704 2705 2706
f 2707 2708 2709
f 2710 2711 2712
f 2713 2714 2715
f 2716 2717 2718
f 2719 2720 2721
f 2722 2723 2724
f 2725 2726 2727
f 2728 2729 2730
f 2731 2732 2733
f 2734 2735 2736
f 2737 2738 2739
f 2740 2741 2742
f 2743 2744 2745
f 2746 2747 2748
f 2749 2750 2751
f 2752 2753 2754
f 2755 2756 2757
f 2758 2759 2760
f 2761 2762 2763
f 2764 2765 2766
f 2767 2768 2769
f 2770 2771 2772
f 2773 2774 2775
f 2776 2777 2778
f 2779 2780 2781
f 2782 2783 2784
f 2785 2786 2787
f 2788 2789 2790
f 2791 2792 2793
f 2794 2795 2796
f 2797 2798 2799
f 2800 2801 2802
f 2803 2804 2805
f 2806 2807 2808
f 2809 2810 2811
f 2812 2813 2814
f 2815 2816 2817
f 2818 2819 2820
f 2821 2822 2823
f 2824 2825 2826
f 2827 2828 2829
f 2830 2831 2832
f 2833 2834 2835
f 2836 2837 2838
f 2839 2840 2841
f 2842 2843 2844
f 2845 2846 2847
f 2848 2849 2850
f 2851 2852 2853
f 2854 2855 2856
f 2857 2858 2859
f 2860 2861 2862
f 2863 2864 2865
f 2866 2867 2868
f 2869 2870 2871
f 2872 2873 2874
f 2875 2876 2877
f 2878 2879 2880
f 2881 2882 2883
f 2884 2885 2886
f 2887 2888 2889
f 2890 2891 2892
f 2893 2894 2895
f 2896 2897 2898
f 2899 2900 2901
f 2902 2903 2904
f 2905 2906 2907
f 2908 2909 2910
f 2911 2912 2913
f 2914 2915 2916
f 2917 2918 2919
f 2920 2921 2922
f 2923 2924 2925
f 2926 2927 2928
f 2929 2930 2931
f 2932 2933 2934
f 2935 2936 2937
f 2938 2939 2940
f 2941 2942 2943
f 2944 2945 2946
f 2947 2948 2949
f 2950 2951 2952
f 2953 2954 2955
f 2956 2957 2958
f 2959 2960 2961
f 2962 2963 2964
f 2965 2966 2967
f 2968 2969 2970
f 2971 2972 2973
f 2974 2975 2976
f 2977 2978 2979
f 2980 2981 2982
f 2983 2984 2985
f 2986 2987 2988
f 2989 2990 2991
f 2992 2993 2994
f 2995 2996 2997
f 2998 2999 3000
f 3001 3002 3003
f 3004 3005 3006
f 3007 3008 3009
f 3010 3011 3012
f 3013 3014 3015
f 3016 3017 3018
f 3019 3020 3021
f 3022 3023 3024
f 3025 3026 3027
f 3028 3029 3030
f 3031 3032 3033
f 3034 3035 3036
f 3037 3038 3039
f 3040 3041 3042
f 3043 3044 3045
f 3046 3047 3048
f 3049 3050 3051
f 3052 3053 3054
f 3055 3056 3057
f 3058 3059 3060
f 3061 3062 3063
f 3064 3065 3066
f 3067 3068 3069
f 3070 3071 3072
f 3073 3074 3075
f 3076 3077 3078
f 3079 3080 3081
f 3082 3083 3084
f 3085 3086 3087
f 3088 3089 3090
f 3091 3092 3093
f 3094 3095 3096
f 3097 3098 3099
f 3100 3101 3102
f 3103 3104 3105
f 3106 3107 3108
f 3109 3110 3111
f 3112 3113 3114
f 3115 3116 3117
f 3118 3119 3120
f 3121 3122 3123
f 3124 3125 3126
f 3127 3128 3129
f 3130 3131 3132
f 3133 3134 3135
f 3136 3137 3138
f 3139 3140 3141
f 3142 3143 3144
f 3145 3146 3147
f 3148 3149 3150
f 3151 3152 3153
f 3154 3155 3156
f 3157 3158 3159
f 3160 3161 3162
f 3163 3164 3165
f 3166 3167 3168
f 3169 3170 3171
f 3172 3173 3174
f 3175 3176 3177
f 3178 3179 3180
f 3181 3182 3183
f 3184 3185 3186
f 3187 3188 3189
f 3190 3191 3192
f 3193 3194 3195
f 3196 3197 3198
f 3199 3200 3201
f 3202 3203 3204
f 3205 3206 3207
f 3208 3209 3210
f 3211 3212 3213
f 3214 3215 3216
f 3217 3218 3219
f 3220 3221 3222
f 3223 3224 3225
f 3226 3227 3228
f 3229 3230 3231
f 3232 3233 3234
f 3235 3236 3237
f 3238 3239 3240
f 3241 3242 3243
f 3244 3245 3246
f 3247 3248 3249
f 3250 3251 3252
f 3253 3254 3255
f 3256 3257 3258
f 3259 3260 3261
f 3262 3263 3264
f 3265 3266 3267
f 3268 3269 3270
f 3271 3272 3273
f 3274 3275 3276
f 3277 3278 3279
f 3280 3281 3282
f 3283 3284 3285
f 3286 3287 3288
f 3289 3290 3291
f 3292 3293 3294
f 3295 3296 3297
f 3298 3299 3300
f 3301 3302 3303
f 3304 3305 3306
f 3307 3308 3309
f 3310 3311 3312
f 3313 3314 3315
f 3316 3317 3318
f 3319 3320 3321
f 3322 3323 3324
f 3325 3326 3327
f 3328 3329 3330
f 3331 3332 3333
f 3334 3335 3336
f 3337 3338 3339
f 3340 3341 3342
f 3343 3344 3345
f 3346 3347 3348
f 3349 3350 3351
f 3352 3353 3354
f 3355 3356 3357
f 3358 3359 3360
f 3361 3362 3363
f 3364 3365 3366
f 3367 3368 3369
f 3370 3371 3372
f 3373 3374 3375
f 3376 3377 3378
f 3379 3380 3381
f 3382 3383 3384
f 3385 3386 3387
f 3388 3389 3390
f 3391 3392 3393
f 3394 3395 3396
f 3397 3398 3399
f 3400 3401 3402
f 3403 3404 3405
f 3406 3407 3408
f 3409 3410 3411
f 3412 3413 3414
f 3415 3416 3417
f 3418 3419 3420
f 3421 3422 3423
f 3424 3425 3426
f 3427 3428 3429
f 3430 3431 3432
f 3433 3434 3435
f 3436 3437 3438
f 3439 3440 3441
f 3442 3443 3444
f 3445 3446 3447
f 3448 3449 3450
f 3451 3452 3453
f 3454 3455 3456
f 3457 3458 3459
f 3460 3461 3462
f 3463 3464 3465
f 3466 3467 3468
f 3469 3470 3471
f 3472 3473 3474
f 3475 3476 3477
f 3478 3479 3480
f 3481 3482 3483
f 3484 3485 3486
f 3487 3488 3489
f 3490 3491 3492
f 3493 3494 3495
f 3496 3497 3498
f 3499 3500 3501
f 3502 3503 3504
f 3505 3506 3507
f 3508 3509 3510
f 3511 3512 3513
f 3514 3515 3516
f 3517 3518 3519
f 3520 3521 3522
f 3523 3524 3525
f 3526 3527 3528
f 3529 3530 3531
f 3532 3533 3534
f 3535 3536 3537
f 3538 3539 3540
f 3541 3542 3543
f 3544 3545 3546
f 3547 3548 3549
f 3550 3551 3552
f 3553 3554 3555
f 3556 3557 3558
f 3559 3560 3561
f 3562 3563 3564
f 3565 3566 3567
f 3568 3569 3570
f 3571 3572 3573
f 3574 3575 3576
f 3577 3578 3579
f 3580 3581 3582
f 3583 3584 3585
f 3586 3587 3588
f 3589 3590 3591
f 3592 3593 3594
f 3595 3596 3597
f 3598 3599 3600
f 3601 3602 3603
f 3604 3605 3606
f 3607 3608 3609
f 3610 3611 3612
f 3613 3614 3615
f 3616 3617 3618
f 3619 3620 3621
f 3622 3623 3624
f 3625 3626 3627
f 3628 3629 3630
f 3631 3632 3633
f 3634 3635 3636
f 3637 3638 3639
f 3640 3641 3642
f 3643 3644 3645
f 3646 3647 3648
f 3649 3650 3651
f 3652 3653 3654
f 3655 3656 3657
f 3658 3659 3660
f 3661 3662 3663
f 3664 3665 3666
f 3667 3668 3669
f 3670 3671 3672
f 3673 3674 3675
f 3676 3677 3678
f 3679 3680 3681
f 3682 3683 3684
f 3685 3686 3687
f 3688 3689 3690
f 3691 3692 3693
f 3694 3695 3696
f 3697 3698 3699
f 3700 3701 3702
f 3703 3704 3705
f 3706 3707 3708
f 3709 3710 3711
f 3712 3713 3714
f 3715 3716 3717
f 3718 3719 3720
f 3721 3722 3723
f 3724 3725 3726
f 3727 3728 3729
f 3730 3731 3732
f 3733 3734 3735
f 3736 3737 3738
f 3739 3740 3741
f 3742 3743 3744
f 3745 3746 3747
f 3748 3749 3750
f 3751 3752 3753
f 3754 3755 3756
f 3757 3758 3759
f 3760 3761 3762
f 3763 3764 3765
f 3766 3767 3768
f 3769 3770 3771
f 3772 3773 3774
f 3775 3776 3777
f 3778 3779 3780
f 3781 3782 3783
f 3784 3785 3786
f 3787 3788 3789
f 3790 3791 3792
f 3793 3794 3795
f 3796 3797 3798
f 3799 3800 3801
f 3802 3803 3804
f 3805 3806 3807
f 3808 3809 3810
f 3811 3812 3813
f 3814 3815 3816
f 3817 3818 3819
f 3820 3821 3822
f 3823 3824 3825
f 3826 3827 3828
f 3829 3830 3831
f 3832 3833 3834
f 3835 3836 3837
f 3838 3839 3840
f 3841 3842 3843
f 3844 3845 3846
f 3847 3848 3849
f 3850 3851 3852
f 3853 3854 3855
f 3856 3857 3858
f 3859 3860 3861
f 3862 3863 3864
f 3865 3866 3867
f 3868 3869 3870
f 3871 3872 3873
f 3874 3875 3876
f 3877 3878 3879
f 3880 3881 3882
f 3883 3884 3885
f 3886 3887 3888
f 3889 3890 3891
f 3892 3893 3894
f 3895 3896 3897
f 3898 3899 3900
f 3901 3902 3903
f 3904 3905 3906
f 3907 3908 3909
f 3910 3911 3912
f 3913 3914 3915
f 3916 3917 3918
f 3919 3920 3921
f 3922 3923 3924
f 3925 3926 3927
f 3928 3929 3930
f 3931 3932 3933
f 3934 3935 3936
f 3937 3938 3939
f 3940 3941 3942
f 3943 3944 3945
f 3946 3947 3948
f 3949 3950 3951
f 3952 3953 3954
f 3955 3956 3957
f 3958 3959 3960
f 3961 3962 3963
f 3964 3965 3966
f 3967 3968 3969
f 3970 3971 3972
f 3973 3974 3975
f 3976 3977 3978
f 3979 3980 3981
f 3982 3983 3984
f 3985 3986 3987
f 3988 3989 3990
f 3991 3992 3993
f 3994 3995 3996
f 3997 3998 3999
f 4000 4001 4002
f 4003 4004 4005
f 4006 4007 4008
f 4009 4010 4011
f 4012 4013 4014
f 4015 4016 4017
f 4018 4019 4020
f 4021 4022 4023
f 4024 4025 4026
f 4027 4028 4029
f 4030 4031 4032
f 4033 4034 4035
f 4036 4037 4038
f 4039 4040 4041
f 4042 4043 4044
f 4045 4046 4047
f 4048 4049 4050
f 4051 4052 4053
f 4054 4055 4056
f 4057 4058 4059
f 4060 4061 4062
f 4063 4064 4065
f 4066 4067 4068
f 4069 4070 4071
f 4072 4073 4074
f 4075 4076 4077
f 4078 4079 4080
f 4081 4082 4083
f 4084 4085 4086
f 4087 4088 4089
f 4090 4091 4092
f 4093 4094 4095
f 4096 4097 4098
f 4099 4100 4101
f 4102 4103 4104
f 4105 4106 4107
f 4108 4109 4110
f 4111 4112 4113
f 4114 4115 4116
f 4117 4118 4119
f 4120 4121 4122
f 4123 4124 4125
f 4126 4127 4128
f 4129 4130 4131
f 4132 4133 4134
f 4135 4136 4137
f 4138 4139 4140
f 4141 4142 4143
f 4144 4145 4146
f 4147 4148 4149
f 4150 4151 4152
f 4153 4154 4155
f 4156 4157 4158
f 4159 4160 4161
f 4162 4163 4164
f 4165 4166 4167
f 4168 4169 4170
f 4171 4172 4173
f 4174 4175 4176
f 4177 4178 4179
f 4180 4181 4182
f 4183 4184 4185
f 4186 4187 4188
f 4189 4190 4191
f 4192 4193 4194
f 4195 4196 4197
f 4198 4199 4200
f 4201 4202 4203
f 4204 4205 4206
f 4207 4208 4209
f 4210 4211 4212
f 4213 4214 4215
f 4216 4217 4218
f 4219 4220 4221
f 4222 4223 4224
f 4225 4226 4227
f 4228 4229 4230
f 4231 4232 4233
f 4234 4235 4236
f 4237 4238 4239
f 4240 4241 4242
f 4243 4244 4245
f 4246 4247 4248
f 4249 4250 4251
f 4252 4253 4254
f 4255 4256 4257
f 4258 4259 4260
f 4261 4262 4263
f 4264 4265 4266
f 4267 4268 4269
f 4270 4271 4272
f 4273 4274 4275
f 4276 4277 4278
f 4279 4280 4281
f 4282 4283 4284
f 4285 4286 4287
f 4288 4289 4290
f 4291 4292 4293
f 4294 4295 4296
f 4297 4298 4299
f 4300 4301 4302
f 4303 4304 4305
f 4306 4307 4308
f 4309 4310 4311
f 4312 4313 4314
f 4315 4316 4317
f 4318 4319 4320
f 4321 4322 4323
f 4324 4325 4326
f 4327 4328 4329
f 4330 4331 4332
f 4333 4334 4335
f 4336 4337 4338
f 4339 4340 4341
f 4342 4343 4344
f 4345 4346 4347
f 4348 4349 4350
f 4351 4352 4353
f 4354 4355 4356
f 4357 4358 4359
f 4360 4361 4362
f 4363 4364 4365
f 4366 4367 4368
f 4369 4370 4371
f 4372 4373 4374
f 4375 4376 4377
f 4378 4379 4380
f 4381 4382 4383
f 4384 4385 4386
f 4387 4388 4389
f 4390 4391 4392
f 4393 4394 4395
f 4396 4397 4398
f 4399 4400 4401
f 4402 4403 4404
f 4405 4406 4407
f 4408 4409 4410
f 4411 4412 4413
f 4414 4415 4416
f 4417 4418 4419
f 4420 4421 4422
f 4423 4424 4425
f 4426 4427 4428
f 4429 4430 4431
f 4432 4433 4434
f 4435 4436 4437
f 4438 4439 4440
f 4441 4442 4443
f 4444 4445 4446
f 4447 4448 4449
f 4450 4451 4452
f 4453 4454 4455
f 4456 4457 4458
f 4459 4460 4461
f 4462 4463 4464
f 4465 4466 4467
f 4468 4469 4470
f 4471 4472 4473
f 4474 4475 4476
f 4477 4478 4479
f 4480 4481 4482
f 4483 4484 4485
f 4486 4487 4488
f 4489 4490 4491
f 4492 4493 4494
f 4495 4496 4497
f 4498 4499 4500
f 4501 4502 4503
f 4504 4505 4506
f 4507 4508 4509
f 4510 4511 4512
f 4513 4514 4515
f 4516 4517 4518
f 4519 4520 4521
f 4522 4523 4524
f 4525 4526 4527
f 4528 4529 4530
f 4531 4532 4533
f 4534 4535 4536
f 4537 4538 4539
f 4540 4541 4542
f 4543 4544 4545
f 4546 4547 4548
f 4549 4550 4551
f 4552 4553 4554
f 4555 4556 4557
f 4558 4559 4560
f 4561 4562 4563
f 4564 4565 4566
f 4567 4568 4569
f 4570 4571 4572
f 4573 4574 4575
f 4576 4577 4578
f 4579 4580 4581
f 4582 4583 4584
f 4585 4586 4587
f 4588 4589 4590
f 4591 4592 4593
f 4594 4595 4596
f 4597 4598 4599
f 4600 4601 4602
f 4603 4604 4605
f 4606 4607 4608
f 4609 4610 4611
f 4612 4613 4614
f 4615 4616 4617
f 4618 4619 4620
f 4621 4622 4623
f 4624 4625 4626
f 4627 4628 4629
f 4630 4631 4632
f 4633 4634 4635
f 4636 4637 4638
f 4639 4640 4641
f 4642 4643 4644
f 4645 4646 4647
f 4648 4649 4650
f 4651 4652 4653
f 4654 4655 4656
f 4657 4658 4659
f 4660 4661 4662
f 4663 4664 4665
f 4666 4667 4668
f 4669 4670 4671
f 4672 4673 4674
f 4675 4676 4677
f 4678 4679 4680
f 4681 4682 4683
f 4684 4685 4686
f 4687 4688 4689
f 4690 4691 4692
f 4693 4694 4695
f 4696 4697 4698
f 4699 4700 4701
f 4702 4703 4704
f 4705 4706 4707
f 4708 4709 4710
f 4711 4712 4713
f 4714 4715 4716
f 4717 4718 4719
f 4720 4721 4722
f 4723 4724 4725
f 4726 4727 4728
f 4729 4730 4731
f 4732 4733 4734
f 4735 4736 4737
f 4738 4739 4740
f 4741 4742 4743
f 4744 4745 4746
f 4747 4748 4749
f 4750 4751 4752
f 4753 4754 4755
f 4756 4757 4758
f 4759 4760 4761
f 4762 4763 4764
f 4765 4766 4767
f 4768 4769 4770
f 4771 4772 4773
f 4774 4775 4776
f 4777 4778 4779
f 4780 4781 4782
f 4783 4784 4785
f 4786 4787 4788
f 4789 4790 4791
f 4792 4793 4794
f 4795 4796 4797
f 4798 4799 4800
f 4801 4802 4803
f 4804 4805 4806
f 4807 4808 4809
f 4810 4811 4812
f 4813 4814 4815
f 4816 4817 4818
f 4819 4820 4821
f 4822 4823 4824
f 4825 4826 4827
f 4828 4829 4830
f 4831 4832 4833
f 4834 4835 4836
f 4837 4838 4839
f 4840 4841 4842
f 4843 4844 4845
f 4846 4847 4848
f 4849 4850 4851
f 4852 4853 4854
f 4855 4856 4857
f 4858 4859 4860
f 4861 4862 4863
f 4864 4865 4866
f 4867 4868 4869
f 4870 4871 4872
f 4873 4874 4875
f 4876 4877 4878
f 4879 4880 4881
f 4882 4883 4884
f 4885 4886 4887
f 4888 4889 4890
f 4891 4892 4893
f 4894 4895 4896
f 4897 4898 4899
f 4900 4901 4902
f 4903 4904 4905
f 4906 4907 4908
f 4909 4910 4911
f 4912 4913 4914
f 4915 4916 4917
f 4918 4919 4920
f 4921 4922 4923
f 4924 4925 4926
f 4927 4928 4929
f 4930 4931 4932
f 4933 4934 4935
f 4936 4937 4938
f 4939 4940 4941
f 4942 4943 4944
f 4945 4946 4947
f 4948 4949 4950
f 4951 4952 4953
f 4954 4955 4956
f 4957 4958 4959
f 4960 4961 4962
f 4963 4964 4965
f 4966 4967 4968
f 4969 4970 4971
f 4972 4973 4974
f 4975 4976 4977
f 4978 4979 4980
f 4981 4982 4983
f 4984 4985 4986
f 4987 4988 4989
f 4990 4991 4992
f 4993 4994 4995
f 4996 4997 4998
f 4999 5000 5001
f 5002 5003 5004
f 5005 5006 5007
f 5008 5009 5010
f 5011 5012 5013
f 5014 5015 5016
f 5017 5018 5019
f 5020 5021 5022
f 5023 5024 5025
f 5026 5027 5028
f 5029 5030 5031
f 5032 5033 5034
f 5035 5036 5037
f 5038 5039 5040
f 5041 5042 5043
f 5044 5045 5046
f 5047 5048 5049
f 5050 5051 5052
f 5053 5054 5055
f 5056 5057 5058
f 5059 5060 5061
f 5062 5063 5064
f 5065 5066 5067
f 5068 5069 5070
f 5071 5072 5073
f 5074 5075 5076
f 5077 5078 5079
f 5080 5081 5082
f 5083 5084 5085
f 5086 5087 5088
f 5089 5090 5091
f 5092 5093 5094
f 5095 5096 5097
f 5098 5099 5100
f 5101 5102 5103
f 5104 5105 5106
f 5107 5108 5109
f 5110 5111 5112
f 5113 5114 5115
f 5116 5117 5118
f 5119 5120 5121
f 5122 5123 5124
f 5125 5126 5127
f 5128 5129 5130
f 5131 5132 5133
f 5134 5135 5136
f 5137 5138 5139
f 5140 5141 5142
f 5143 5144 5145
f 5146 5147 5148
f 5149 5150 5151
f 5152 5153 5154
f 5155 5156 5157
f 5158 5159 5160
f 5161 5162 5163
f 5164 5165 5166
f 5167 5168 5169
f 5170 5171 5172
f 5173 5174 5175
f 5176 5177 5178
f 5179 5180 5181
f 5182 5183 5184
f 5185 5186 5187
f 5188 5189 5190
f 5191 5192 5193
f 5194 5195 5196
f 5197 5198 5199
f 5200 5201 5202
f 5203 5204 5205
f 5206 5207 5208
f 5209 5210 5211
f 5212 5213 5214
f 5215 5216 5217
f 5218 5219 5220
f 5221 5222 5223
f 5224 5225 5226
f 5227 5228 5229
f 5230 5231 5232
f 5233 5234 5235
f 5236 5237 5238
f 5239 5240 5241
f 5242 5243 5244
f 5245 5246 5247
f 5248 5249 5250
f 5251 5252 5253
f 5254 5255 5256
f 5257 5258 5259
f 5260 5261 5262
f 5263 5264 5265
f 5266 5267 5268
f 5269 5270 5271
f 5272 5273 5274
f 5275 5276 5277
f 5278 5279 5280
f 5281 5282 5283
f 5284 5285 5286
f 5287 5288 5289
f 5290 5291 5292
f 5293 5294 5295
f 5296 5297 5298
f 5299 5300 5301
f 5302 5303 5304
f 5305 5306 5307
f 5308 5309 5310
f 5311 5312 5313
f 5314 5315 5316
f 5317 5318 5319
f 5320 5321 5322
f 5323 5324 5325
f 5326 5327 5328
f 5329 5330 5331
f 5332 5333 5334
f 5335 5336 5337
f 5338 5339 5340
f 5341 5342 5343
f 5344 5345 5346
f 5347 5348 5349
f 5350 5351 5352
f 5353 5354 5355
f 5356 5357 5358
f 5359 5360 5361
f 5362 5363 5364
f 5365 5366 5367
f 5368 5369 5370
f 5371 5372 5373
f 5374 5375 5376
f 5377 5378 5379
f 5380 5381 5382
f 5383 5384 5385
f 5386 5387 5388
f 5389 5390 5391
f 5392 5393 5394
f 5395 5396 5397
f 5398 5399 5400
f 5401 5402 5403
f 5404 5405 5406
f 5407 5408 5409
f 5410 5411 5412
f 5413 5414 5415
f 5416 5417 5418
f 5419 5420 5421
f 5422 5423 5424
f 5425 5426 5427
f 5428 5429 5430
f 5431 5432 5433
f 5434 5435 5436
f 5437 5438 5439
f 5440 5441 5442
f 5443 5444 5445
f 5446 5447 5448
f 5449 5450 5451
f 5452 5453 5454
f 5455 5456 5457
f 5458 5459 5460
f 5461 5462 5463
f 5464 5465 5466
f 5467 5468 5469
f 5470 5471 5472
f 5473 5474 5475
f 5476 5477 5478
f 5479 5480 5481
f 5482 5483 5484
f 5485 5486 5487
f 5488 5489 5490
f 5491 5492 5493
f 5494 5495 5496
f 5497 5498 5499
f 5500 5501 5502
f 5503 5504 5505
f 5506 5507 5508
f 5509 5510 5511
f 5512 5513 5514
f 5515 5516 5517
f 5518 5519 5520
f 5521 5522 5523
f 5524 5525 5526
f 5527 5528 5529
f 5530 5531 5532
f 5533 5534 5535
f 5536 5537 5538
f 5539 5540 5541
f 5542 5543 5544
f 5545 5546 5547
f 5548 5549 5550
f 5551 5552 5553
f 5554 5555 5556
f 5557 5558 5559
f 5560 5561 5562
f 5563 5564 5565
f 5566 5567 5568
f 5569 5570 5571
f 5572 5573 5574
f 5575 5576 5577
f 5578 5579 5580
f 5581 5582 5583
f 5584 5585 5586
f 5587 5588 5589
f 5590 5591 5592
f 5593 5594 5595
f 5596 5597 5598
f 5599 5600 5601
f 5602 5603 5604
f 5605 5606 5607
f 5608 5609 5610
f 5611 5612 5613
f 5614 5615 5616
f 5617 5618 5619
f 5620 5621 5622
f 5623 5624 5625
f 5626 5627 5628
f 5629 5630 5631
f 5632 5633 5634
f 5635 5636 5637
f 5638 5639 5640
f 5641 5642 5643
f 5644 5645 5646
f 5647 5648 5649
f 5650 5651 5652
f 5653 5654 5655
f 5656 5657 5658
f 5659 5660 5661
f 5662 5663 5664
f 5665 5666 5667
f 5668 5669 5670
f 5671 5672 5673
f 5674 5675 5676
f 5677 5678 5679
f 5680 5681 5682
f 5683 5684 5685
f 5686 5687 5688
f 5689 5690 5691
f 5692 5693 5694
f 5695 5696 5697
f 5698 5699 5700
f 5701 5702 5703
f 5704 5705 5706
f 5707 5708 5709
f 5710 5711 5712
f 5713 5714 5715
f 5716 5717 5718
f 5719 5720 5721
f 5722 5723 5724
f 5725 5726 5727
f 5728 5729 5730
f 5731 5732 5733
f 5734 5735 5736
f 5737 5738 5739
f 5740 5741 5742
f 5743 5744 5745
f 5746 5747 5748
f 5749 5750 5751
f 5752 5753 5754
f 5755 5756 5757
f 5758 5759 5760
f 5761 5762 5763
f 5764 5765 5766
f 5767 5768 5769
f 5770 5771 5772
f 5773 5774 5775
f 5776 5777 5778
f 5779 5780 5781
f 5782 5783 5784
f 5785 5786 5787
f 5788 5789 5790
f 5791 5792 5793
f 5794 5795 5796
f 5797 5798 5799
f 5800 5801 5802
f 5803 5804 5805
f 5806 5807 5808
f 5809 5810 5811
f 5812 5813 5814
f 5815 5816 5817
f 5818 5819 5820
f 5821 5822 5823
f 5824 5825 5826
f 5827 5828 5829
f 5830 5831 5832
f 5833 5834 5835
f 5836 5837 5838
f 5839 5840 5841
f 5842 5843 5844
f 5845 5846 5847
f 5848 5849 5850
f 5851 5852 5853
f 5854 5855 5856
f 5857 5858 5859
f 5860 5861 5862
f 5863 5864 5865
f 5866 5867 5868
f 5869 5870 5871
f 5872 5873 5874
f 5875 5876 5877
f 5878 5879 5880
f 5881 5882 5883
f 5884 5885 5886
f 5887 5888 5889
f 5890 5891 5892
f 5893 5894 5895
f 5896 5897 5898
f 5899 5900 5901
f 5902 5903 5904
f 5905 5906 5907
f 5908 5909 5910
f 5911 5912 5913
f 5914 5915 5916
f 5917 5918 5919
f 5920 5921 5922
f 5923 5924 5925
f 5926 5927 5928
f 5929 5930 5931
f 5932 5933 5934
f 5935 5936 5937
f 5938 5939 5940
f 5941 5942 5943
f 5944 5945 5946
f 5947 5948 5949
f 5950 5951 5952
f 5953 5954 5955
f 5956 5957 5958
f 5959 5960 5961
f 5962 5963 5964
f 5965 5966 5967
f 5968 5969 5970
f 5971 5972 5973
f 5974 5975 5976
f 5977 5978 5979
f 5980 5981 5982
f 5983 5984 5985
f 5986 5987 5988
f 5989 5990 5991
f 5992 5993 5994
f 5995 5996 5997
f 5998 5999 6000
f 6001 6002 6003
f 6004 6005 6006
f 6007 6008 6009
f 6010 6011 6012
f 6013 6014 6015
f 6016 6017 6018
f 6019 6020 6021
f 6022 6023 6024
f 6025 6026 6027
f 6028 6029 6030
f 6031 6032 6033
f 6034 6035 6036
f 6037 6038 6039
f 6040 6041 6042
f 6043 6044 6045
f 6046 6047 6048
f 6049 6050 6051
f 6052 6053 6054
f 6055 6056 6057
f 6058 6059 6060
