mtllib ur3e_base_link_visuals_base_mesh.mtl
v -5.6160331496357685e-08 0.09494876116514205 -0.04469942301511764
v -0.005716090556234121 0.09494876116514205 -0.04433243721723556
v -0.04285193979740143 0.09494874626398085 -0.0127181950956583
v 0.016774168238043785 0.09494876861572264 -0.04143265634775161
v 0.011338157579302788 0.09494876861572264 -0.04323752969503402
v -0.04285193979740143 0.09494874626398085 -0.0127181950956583
v -0.04285193979740143 0.09494874626398085 -0.0127181950956583
v 0.011338157579302788 0.09494876861572264 -0.04323752969503402
v 0.0057159787975251675 0.09494876116514205 -0.044332444667816155
v -0.04285193979740143 0.09494874626398085 -0.0127181950956583
v 0.0057159787975251675 0.09494876116514205 -0.044332444667816155
v -5.6160331496357685e-08 0.09494876116514205 -0.04469942301511764
v 0.031096557155251503 0.09494876861572264 -0.032109815627336495
v 0.02673514187335968 0.09494876861572264 -0.035822741687297814
v -0.04285193979740143 0.09494874626398085 -0.0127181950956583
v -0.04285193979740143 0.09494874626398085 -0.0127181950956583
v 0.02673514187335968 0.09494876861572264 -0.035822741687297814
v 0.021934732794761658 0.09494876861572264 -0.03894745931029319
v -0.04285193979740143 0.09494874626398085 -0.0127181950956583
v 0.021934732794761658 0.09494876861572264 -0.03894745931029319
v 0.016774168238043785 0.09494876861572264 -0.04143265634775161
v 0.04087366908788681 0.09494877606630324 -0.018093612045049664
v 0.03822433948516846 0.09494877606630324 -0.023171873763203617
v -0.04285193979740143 0.09494874626398085 -0.0127181950956583
v -0.04285193979740143 0.09494874626398085 -0.0127181950956583
v 0.03822433948516846 0.09494877606630324 -0.023171873763203617
v 0.03494736924767494 0.09494877606630324 -0.027869651094079014
v -0.04285193979740143 0.09494874626398085 -0.0127181950956583
v 0.03494736924767494 0.09494877606630324 -0.027869651094079014
v 0.031096557155251503 0.09494876861572264 -0.032109815627336495
v 0.044676415622234344 0.09494877606630324 -0.001432715682312846
v 0.04412641376256943 0.09494877606630324 -0.007134051527827977
v -0.04285193979740143 0.09494874626398085 -0.0127181950956583
v -0.04285193979740143 0.09494874626398085 -0.0127181950956583
v 0.04412641376256943 0.09494877606630324 -0.007134051527827977
v 0.04285185784101486 0.09494877606630324 -0.01271824352443218
v -0.04285193979740143 0.09494874626398085 -0.0127181950956583
v 0.04285185784101486 0.09494877606630324 -0.01271824352443218
v 0.04087366908788681 0.09494877606630324 -0.018093612045049664
v 0.041948962956666946 0.09494877606630324 0.015437591820955275
v 0.04357868805527687 0.09494877606630324 0.009946526959538458
v -0.04285193979740143 0.09494874626398085 -0.0127181950956583
v -0.04285193979740143 0.09494874626398085 -0.0127181950956583
v 0.04357868805527687 0.09494877606630324 0.009946526959538458
v 0.04449284449219704 0.09494877606630324 0.00429214397445321
v -0.04285193979740143 0.09494874626398085 -0.0127181950956583
v 0.04449284449219704 0.09494877606630324 0.00429214397445321
v 0.044676415622234344 0.09494877606630324 -0.001432715682312846
v 0.03308998793363571 0.09494877606630324 0.030051436275243756
v 0.03666120767593384 0.09494877606630324 0.025573253631591793
v -0.04285193979740143 0.09494874626398085 -0.0127181950956583
v -0.04285193979740143 0.09494874626398085 -0.0127181950956583
v 0.03666120767593384 0.09494877606630324 0.025573253631591793
v 0.039630454033613205 0.09494877606630324 0.02067516557872295
v -0.04285193979740143 0.09494874626398085 -0.0127181950956583
v 0.039630454033613205 0.09494877606630324 0.02067516557872295
v 0.041948962956666946 0.09494877606630324 0.015437591820955275
v 0.019394339993596077 0.09494876861572264 0.0402727723121643
v 0.024385083466768265 0.09494877606630324 0.03746203333139419
v -0.04285193979740143 0.09494874626398085 -0.0127181950956583
v -0.04285193979740143 0.09494874626398085 -0.0127181950956583
v 0.024385083466768265 0.09494877606630324 0.03746203333139419
v 0.02897542156279087 0.09494877606630324 0.03403616696596145
v -0.04285193979740143 0.09494874626398085 -0.0127181950956583
v 0.02897542156279087 0.09494877606630324 0.03403616696596145
v 0.03308998793363571 0.09494877606630324 0.030051436275243756
v 0.0028638960793614388 0.09494876861572264 0.04460757598280906
v 0.008544674143195152 0.09494876861572264 0.04387511312961578
v -0.04285193979740143 0.09494874626398085 -0.0127181950956583
v -0.04285193979740143 0.09494874626398085 -0.0127181950956583
v 0.008544674143195152 0.09494876861572264 0.04387511312961578
v 0.014085149392485619 0.09494876861572264 0.04242222756147384
v -0.04285193979740143 0.09494874626398085 -0.0127181950956583
v 0.014085149392485619 0.09494876861572264 0.04242222756147384
v 0.019394339993596077 0.09494876861572264 0.0402727723121643
v -0.014085163362324238 0.09494876116514205 0.04242224246263503
v -0.008544686250388622 0.09494876116514205 0.043875120580196374
v -0.04285193979740143 0.09494874626398085 -0.0127181950956583
v -0.04285193979740143 0.09494874626398085 -0.0127181950956583
v -0.008544686250388622 0.09494876116514205 0.043875120580196374
v -0.0028639077208936214 0.09494876116514205 0.04460757970809936
v -0.04285193979740143 0.09494874626398085 -0.0127181950956583
v -0.0028639077208936214 0.09494876116514205 0.04460757970809936
v 0.0028638960793614388 0.09494876861572264 0.04460757598280906
v -0.02897544391453266 0.09494875371456145 0.034036200493574136
v -0.024385103955864906 0.09494875371456145 0.037462063133716576
v -0.04285193979740143 0.09494874626398085 -0.0127181950956583
v -0.04285193979740143 0.09494874626398085 -0.0127181950956583
v -0.024385103955864906 0.09494875371456145 0.037462063133716576
v -0.01939435675740242 0.09494876116514205 0.04027279466390609
v -0.04285193979740143 0.09494874626398085 -0.0127181950956583
v -0.01939435675740242 0.09494876116514205 0.04027279466390609
v -0.014085163362324238 0.09494876116514205 0.04242224246263503
v -0.03963049501180649 0.09494875371456145 0.020675210282206532
v -0.036661241203546524 0.09494875371456145 0.025573294609785076
v -0.04285193979740143 0.09494874626398085 -0.0127181950956583
v -0.04285193979740143 0.09494874626398085 -0.0127181950956583
v -0.036661241203546524 0.09494875371456145 0.025573294609785076
v -0.0330900140106678 0.09494875371456145 0.03005147352814674
v -0.04285193979740143 0.09494874626398085 -0.0127181950956583
v -0.0330900140106678 0.09494875371456145 0.03005147352814674
v -0.02897544391453266 0.09494875371456145 0.034036200493574136
v -0.044492900371551514 0.09494874626398085 0.004292194265872239
v -0.04357874020934105 0.09494874626398085 0.009946576319634913
v -0.04285193979740143 0.09494874626398085 -0.0127181950956583
v -0.04285193979740143 0.09494874626398085 -0.0127181950956583
v -0.04357874020934105 0.09494874626398085 0.009946576319634913
v -0.04194900766015053 0.09494875371456145 0.01543763931840658
v -0.04285193979740143 0.09494874626398085 -0.0127181950956583
v -0.04194900766015053 0.09494875371456145 0.01543763931840658
v -0.03963049501180649 0.09494875371456145 0.020675210282206532
v -0.04285193979740143 0.09494874626398085 -0.0127181950956583
v -0.0441264845430851 0.09494874626398085 -0.007134001702070235
v -0.04467647895216942 0.09494874626398085 -0.001432665274478495
v -0.04285193979740143 0.09494874626398085 -0.0127181950956583
v -0.04467647895216942 0.09494874626398085 -0.001432665274478495
v -0.044492900371551514 0.09494874626398085 0.004292194265872239
v -0.034947462379932404 0.09494875371456145 -0.02786961197853088
v -0.03822442889213562 0.09494874626398085 -0.023171830922365185
v -0.04285193979740143 0.09494874626398085 -0.0127181950956583
v -0.04285193979740143 0.09494874626398085 -0.0127181950956583
v -0.03822442889213562 0.09494874626398085 -0.023171830922365185
v -0.040873751044273376 0.09494874626398085 -0.018093567341566082
v -0.021934837102890015 0.09494875371456145 -0.0389474332332611
v -0.026735244318842888 0.09494875371456145 -0.035822711884975426
v -0.04285193979740143 0.09494874626398085 -0.0127181950956583
v -0.04285193979740143 0.09494874626398085 -0.0127181950956583
v -0.026735244318842888 0.09494875371456145 -0.035822711884975426
v -0.031096654012799263 0.09494875371456145 -0.03210977837443351
v -0.04285193979740143 0.09494874626398085 -0.0127181950956583
v -0.031096654012799263 0.09494875371456145 -0.03210977837443351
v -0.034947462379932404 0.09494875371456145 -0.02786961197853088
v -0.005716090556234121 0.09494876116514205 -0.04433243721723556
v -0.011338267475366592 0.09494876116514205 -0.043237514793872826
v -0.04285193979740143 0.09494874626398085 -0.0127181950956583
v -0.04285193979740143 0.09494874626398085 -0.0127181950956583
v -0.011338267475366592 0.09494876116514205 -0.043237514793872826
v -0.01677427627146244 0.09494875371456145 -0.04143263772130012
v -0.04285193979740143 0.09494874626398085 -0.0127181950956583
v -0.01677427627146244 0.09494875371456145 -0.04143263772130012
v -0.021934837102890015 0.09494875371456145 -0.0389474332332611
v -0.005716090556234121 0.09494876116514205 -0.04433243721723556
v -5.6160331496357685e-08 0.09494876116514205 -0.04469942301511764
v -0.00575445219874382 0.09442915767431258 -0.04462997242808341
v -0.005716090556234121 0.09494876116514205 -0.04433243721723556
v -0.00575445219874382 0.09442915767431258 -0.04462997242808341
v -0.011338267475366592 0.09494876116514205 -0.043237514793872826
v -0.00575445219874382 0.09442915767431258 -0.04462997242808341
v -0.01141434721648693 0.09442916512489317 -0.04352771118283271
v -0.011338267475366592 0.09494876116514205 -0.043237514793872826
v -0.011338267475366592 0.09494876116514205 -0.043237514793872826
v -0.01141434721648693 0.09442916512489317 -0.04352771118283271
v -0.01677427627146244 0.09494875371456145 -0.04143263772130012
v -0.01141434721648693 0.09442916512489317 -0.04352771118283271
v -0.017343848943710327 0.09418702870607375 -0.04157483205199241
v -0.01677427627146244 0.09494875371456145 -0.04143263772130012
v -0.01677427627146244 0.09494875371456145 -0.04143263772130012
v -0.017343848943710327 0.09418702870607375 -0.04157483205199241
v -0.022082045674324036 0.09442915767431258 -0.039208833128213876
v -0.01677427627146244 0.09494875371456145 -0.04143263772130012
v -0.022082045674324036 0.09442915767431258 -0.039208833128213876
v -0.021934837102890015 0.09494875371456145 -0.0389474332332611
v -0.021934837102890015 0.09494875371456145 -0.0389474332332611
v -0.022082045674324036 0.09442915767431258 -0.039208833128213876
v -0.0269146915525198 0.09442915022373198 -0.03606311976909637
v -0.021934837102890015 0.09494875371456145 -0.0389474332332611
v -0.0269146915525198 0.09442915022373198 -0.03606311976909637
v -0.026735244318842888 0.09494875371456145 -0.035822711884975426
v -0.026735244318842888 0.09494875371456145 -0.035822711884975426
v -0.0269146915525198 0.09442915022373198 -0.03606311976909637
v -0.031096654012799263 0.09494875371456145 -0.03210977837443351
v -0.0269146915525198 0.09442915022373198 -0.03606311976909637
v -0.03130535036325455 0.09442915767431258 -0.03232529759407043
v -0.031096654012799263 0.09494875371456145 -0.03210977837443351
v -0.031096654012799263 0.09494875371456145 -0.03210977837443351
v -0.03130535036325455 0.09442915767431258 -0.03232529759407043
v -0.034947462379932404 0.09494875371456145 -0.02786961197853088
v -0.03130535036325455 0.09442915767431258 -0.03232529759407043
v -0.0355694442987442 0.09419811517000197 -0.027649944648146626
v -0.034947462379932404 0.09494875371456145 -0.02786961197853088
v -0.034947462379932404 0.09494875371456145 -0.02786961197853088
v -0.0355694442987442 0.09419811517000197 -0.027649944648146626
v -0.03822442889213562 0.09494874626398085 -0.023171830922365185
v -0.0355694442987442 0.09419811517000197 -0.027649944648146626
v -0.038765933364629745 0.09418702870607375 -0.02294514328241348
v -0.03822442889213562 0.09494874626398085 -0.023171830922365185
v -0.03822442889213562 0.09494874626398085 -0.023171830922365185
v -0.038765933364629745 0.09418702870607375 -0.02294514328241348
v -0.04114807769656181 0.09442915022373198 -0.018214983865618702
v -0.03822442889213562 0.09494874626398085 -0.023171830922365185
v -0.04114807769656181 0.09442915022373198 -0.018214983865618702
v -0.040873751044273376 0.09494874626398085 -0.018093567341566082
v -0.040873751044273376 0.09494874626398085 -0.018093567341566082
v -0.04114807769656181 0.09442915022373198 -0.018214983865618702
v -0.04285193979740143 0.09494874626398085 -0.0127181950956583
v -0.04114807769656181 0.09442915022373198 -0.018214983865618702
v -0.04334603622555733 0.09419810771942137 -0.012281170114874838
v -0.04285193979740143 0.09494874626398085 -0.0127181950956583
v -0.04285193979740143 0.09494874626398085 -0.0127181950956583
v -0.04334603622555733 0.09419810771942137 -0.012281170114874838
v -0.0441264845430851 0.09494874626398085 -0.007134001702070235
v -0.04334603622555733 0.09419810771942137 -0.012281170114874838
v -0.044422637671232224 0.09442915767431258 -0.007181898690760135
v -0.0441264845430851 0.09494874626398085 -0.007134001702070235
v -0.0441264845430851 0.09494874626398085 -0.007134001702070235
v -0.044422637671232224 0.09442915767431258 -0.007181898690760135
v -0.04467647895216942 0.09494874626398085 -0.001432665274478495
v -0.044422637671232224 0.09442915767431258 -0.007181898690760135
v -0.04501074552536011 0.0944385379552841 -0.0008267287048511206
v -0.04467647895216942 0.09494874626398085 -0.001432665274478495
v -0.04467647895216942 0.09494874626398085 -0.001432665274478495
v -0.04501074552536011 0.0944385379552841 -0.0008267287048511206
v -0.044492900371551514 0.09494874626398085 0.004292194265872239
v -0.04501074552536011 0.0944385379552841 -0.0008267287048511206
v -0.04474656656384468 0.09419424831867217 0.005149128381162881
v -0.044492900371551514 0.09494874626398085 0.004292194265872239
v -0.044492900371551514 0.09494874626398085 0.004292194265872239
v -0.04474656656384468 0.09419424831867217 0.005149128381162881
v -0.04357874020934105 0.09494874626398085 0.009946576319634913
v -0.04474656656384468 0.09419424831867217 0.005149128381162881
v -0.04387121647596359 0.09442915767431258 0.010013310238718985
v -0.04357874020934105 0.09494874626398085 0.009946576319634913
v -0.04357874020934105 0.09494874626398085 0.009946576319634913
v -0.04387121647596359 0.09442915767431258 0.010013310238718985
v -0.04194900766015053 0.09494875371456145 0.01543763931840658
v -0.04387121647596359 0.09442915767431258 0.010013310238718985
v -0.042230553925037384 0.09442915767431258 0.015541237778961657
v -0.04194900766015053 0.09494875371456145 0.01543763931840658
v -0.04194900766015053 0.09494875371456145 0.01543763931840658
v -0.042230553925037384 0.09442915767431258 0.015541237778961657
v -0.03963049501180649 0.09494875371456145 0.020675210282206532
v -0.042230553925037384 0.09442915767431258 0.015541237778961657
v -0.03989646956324577 0.09442915767431258 0.020813968032598492
v -0.03963049501180649 0.09494875371456145 0.020675210282206532
v -0.03963049501180649 0.09494875371456145 0.020675210282206532
v -0.03989646956324577 0.09442915767431258 0.020813968032598492
v -0.036661241203546524 0.09494875371456145 0.025573294609785076
v -0.03989646956324577 0.09442915767431258 0.020813968032598492
v -0.036907296627759933 0.09442915022373198 0.02574493363499641
v -0.036661241203546524 0.09494875371456145 0.025573294609785076
v -0.036661241203546524 0.09494875371456145 0.025573294609785076
v -0.036907296627759933 0.09442915022373198 0.02574493363499641
v -0.0330900140106678 0.09494875371456145 0.03005147352814674
v -0.036907296627759933 0.09442915022373198 0.02574493363499641
v -0.03331209346652031 0.09442915022373198 0.030253171920776364
v -0.0330900140106678 0.09494875371456145 0.03005147352814674
v -0.0330900140106678 0.09494875371456145 0.03005147352814674
v -0.03331209346652031 0.09442915022373198 0.030253171920776364
v -0.02897544391453266 0.09494875371456145 0.034036200493574136
v -0.03331209346652031 0.09442915022373198 0.030253171920776364
v -0.02916991338133812 0.09442916512489317 0.03426462784409522
v -0.02897544391453266 0.09494875371456145 0.034036200493574136
v -0.02897544391453266 0.09494875371456145 0.034036200493574136
v -0.02916991338133812 0.09442916512489317 0.03426462784409522
v -0.024385103955864906 0.09494875371456145 0.037462063133716576
v -0.02916991338133812 0.09442916512489317 0.03426462784409522
v -0.024106714874505997 0.09419810771942137 0.03806009516119956
v -0.024385103955864906 0.09494875371456145 0.037462063133716576
v -0.024385103955864906 0.09494875371456145 0.037462063133716576
v -0.024106714874505997 0.09419810771942137 0.03806009516119956
v -0.01939435675740242 0.09494876116514205 0.04027279466390609
v -0.024106714874505997 0.09419810771942137 0.03806009516119956
v -0.019041821360588074 0.09419812262058257 0.04083029553294181
v -0.01939435675740242 0.09494876116514205 0.04027279466390609
v -0.01939435675740242 0.09494876116514205 0.04027279466390609
v -0.019041821360588074 0.09419812262058257 0.04083029553294181
v -0.014085163362324238 0.09494876116514205 0.04242224246263503
v -0.019041821360588074 0.09419812262058257 0.04083029553294181
v -0.014179712161421776 0.09442915767431258 0.04270696267485618
v -0.014085163362324238 0.09494876116514205 0.04242224246263503
v -0.014085163362324238 0.09494876116514205 0.04242224246263503
v -0.014179712161421776 0.09442915767431258 0.04270696267485618
v -0.008544686250388622 0.09494876116514205 0.043875120580196374
v -0.014179712161421776 0.09442915767431258 0.04270696267485618
v -0.008062241598963737 0.09419812262058257 0.04432497546076774
v -0.008544686250388622 0.09494876116514205 0.043875120580196374
v -0.008544686250388622 0.09494876116514205 0.043875120580196374
v -0.008062241598963737 0.09419812262058257 0.04432497546076774
v -0.0028639077208936214 0.09494876116514205 0.04460757970809936
v -0.008062241598963737 0.09419812262058257 0.04432497546076774
v -0.0024124570190906525 0.09418704360723494 0.04498282447457313
v -0.0028639077208936214 0.09494876116514205 0.04460757970809936
v -0.0028639077208936214 0.09494876116514205 0.04460757970809936
v -0.0024124570190906525 0.09418704360723494 0.04498282447457313
v 0.002883097156882286 0.09442916512489317 0.04490696266293525
v -0.0028639077208936214 0.09494876116514205 0.04460757970809936
v 0.002883097156882286 0.09442916512489317 0.04490696266293525
v 0.0028638960793614388 0.09494876861572264 0.04460757598280906
v 0.0028638960793614388 0.09494876861572264 0.04460757598280906
v 0.002883097156882286 0.09442916512489317 0.04490696266293525
v 0.008544674143195152 0.09494876861572264 0.04387511312961578
v 0.002883097156882286 0.09442916512489317 0.04490696266293525
v 0.00907654594630003 0.09418704360723494 0.04412357881665229
v 0.008544674143195152 0.09494876861572264 0.04387511312961578
v 0.008544674143195152 0.09494876861572264 0.04387511312961578
v 0.00907654594630003 0.09418704360723494 0.04412357881665229
v 0.01417967863380909 0.09442918002605437 0.04270694404840469
v 0.008544674143195152 0.09494876861572264 0.04387511312961578
v 0.01417967863380909 0.09442918002605437 0.04270694404840469
v 0.014085149392485619 0.09494876861572264 0.04242222756147384
v 0.014085149392485619 0.09494876861572264 0.04242222756147384
v 0.01417967863380909 0.09442918002605437 0.04270694404840469
v 0.019394339993596077 0.09494876861572264 0.0402727723121643
v 0.01417967863380909 0.09442918002605437 0.04270694404840469
v 0.019971853122115135 0.09418705850839613 0.040378190577030175
v 0.019394339993596077 0.09494876861572264 0.0402727723121643
v 0.019394339993596077 0.09494876861572264 0.0402727723121643
v 0.019971853122115135 0.09418705850839613 0.040378190577030175
v 0.024548741057515144 0.09442918002605437 0.03771346062421798
v 0.019394339993596077 0.09494876861572264 0.0402727723121643
v 0.024548741057515144 0.09442918002605437 0.03771346062421798
v 0.024385083466768265 0.09494877606630324 0.03746203333139419
v 0.024385083466768265 0.09494877606630324 0.03746203333139419
v 0.024548741057515144 0.09442918002605437 0.03771346062421798
v 0.02897542156279087 0.09494877606630324 0.03403616696596145
v 0.024548741057515144 0.09442918002605437 0.03771346062421798
v 0.029627924785017967 0.09419813752174376 0.03393945842981338
v 0.02897542156279087 0.09494877606630324 0.03403616696596145
v 0.02897542156279087 0.09494877606630324 0.03403616696596145
v 0.029627924785017967 0.09419813752174376 0.03393945842981338
v 0.03308998793363571 0.09494877606630324 0.030051436275243756
v 0.029627924785017967 0.09419813752174376 0.03393945842981338
v 0.033312052488327026 0.09442918002605437 0.03025313280522823
v 0.03308998793363571 0.09494877606630324 0.030051436275243756
v 0.03308998793363571 0.09494877606630324 0.030051436275243756
v 0.033312052488327026 0.09442918002605437 0.03025313280522823
v 0.03666120767593384 0.09494877606630324 0.025573253631591793
v 0.033312052488327026 0.09442918002605437 0.03025313280522823
v 0.03690725192427635 0.09442917257547377 0.025744900107383725
v 0.03666120767593384 0.09494877606630324 0.025573253631591793
v 0.03666120767593384 0.09494877606630324 0.025573253631591793
v 0.03690725192427635 0.09442917257547377 0.025744900107383725
v 0.039630454033613205 0.09494877606630324 0.02067516557872295
v 0.03690725192427635 0.09442917257547377 0.025744900107383725
v 0.04019899666309357 0.09419813752174376 0.020340619608759877
v 0.039630454033613205 0.09494877606630324 0.02067516557872295
v 0.039630454033613205 0.09494877606630324 0.02067516557872295
v 0.04019899666309357 0.09419813752174376 0.020340619608759877
v 0.041948962956666946 0.09494877606630324 0.015437591820955275
v 0.04019899666309357 0.09419813752174376 0.020340619608759877
v 0.04243716597557068 0.09418705105781554 0.015111545100808142
v 0.041948962956666946 0.09494877606630324 0.015437591820955275
v 0.041948962956666946 0.09494877606630324 0.015437591820955275
v 0.04243716597557068 0.09418705105781554 0.015111545100808142
v 0.04387116804718971 0.09442918747663497 0.01001326087862253
v 0.041948962956666946 0.09494877606630324 0.015437591820955275
v 0.04387116804718971 0.09442918747663497 0.01001326087862253
v 0.04357868805527687 0.09494877606630324 0.009946526959538458
v 0.04357868805527687 0.09494877606630324 0.009946526959538458
v 0.04387116804718971 0.09442918747663497 0.01001326087862253
v 0.04479144886136055 0.09442918747663497 0.004320963751524686
v 0.04357868805527687 0.09494877606630324 0.009946526959538458
v 0.04479144886136055 0.09442918747663497 0.004320963751524686
v 0.04449284449219704 0.09494877606630324 0.00429214397445321
v 0.04449284449219704 0.09494877606630324 0.00429214397445321
v 0.04479144886136055 0.09442918747663497 0.004320963751524686
v 0.044976264238357544 0.09442918747663497 -0.0014423098182305691
v 0.04449284449219704 0.09494877606630324 0.00429214397445321
v 0.044976264238357544 0.09442918747663497 -0.0014423098182305691
v 0.044676415622234344 0.09494877606630324 -0.001432715682312846
v 0.044676415622234344 0.09494877606630324 -0.001432715682312846
v 0.044976264238357544 0.09442918747663497 -0.0014423098182305691
v 0.04412641376256943 0.09494877606630324 -0.007134051527827977
v 0.044976264238357544 0.09442918747663497 -0.0014423098182305691
v 0.04442257806658745 0.09442918002605437 -0.0071819149889051906
v 0.04412641376256943 0.09494877606630324 -0.007134051527827977
v 0.04412641376256943 0.09494877606630324 -0.007134051527827977
v 0.04442257806658745 0.09442918002605437 -0.0071819149889051906
v 0.04285185784101486 0.09494877606630324 -0.01271824352443218
v 0.04442257806658745 0.09442918002605437 -0.0071819149889051906
v 0.04302753135561943 0.09419813007116316 -0.013354075141251085
v 0.04285185784101486 0.09494877606630324 -0.01271824352443218
v 0.04285185784101486 0.09494877606630324 -0.01271824352443218
v 0.04302753135561943 0.09419813007116316 -0.013354075141251085
v 0.04087366908788681 0.09494877606630324 -0.018093612045049664
v 0.04302753135561943 0.09419813007116316 -0.013354075141251085
v 0.04114799574017525 0.09442918002605437 -0.018215030431747433
v 0.04087366908788681 0.09494877606630324 -0.018093612045049664
v 0.04087366908788681 0.09494877606630324 -0.018093612045049664
v 0.04114799574017525 0.09442918002605437 -0.018215030431747433
v 0.03822433948516846 0.09494877606630324 -0.023171873763203617
v 0.04114799574017525 0.09442918002605437 -0.018215030431747433
v 0.038273826241493225 0.09418705850839613 -0.023756816983222958
v 0.03822433948516846 0.09494877606630324 -0.023171873763203617
v 0.03822433948516846 0.09494877606630324 -0.023171873763203617
v 0.038273826241493225 0.09418705850839613 -0.023756816983222958
v 0.03518190607428551 0.09442918002605437 -0.028056697919964787
v 0.03822433948516846 0.09494877606630324 -0.023171873763203617
v 0.03518190607428551 0.09442918002605437 -0.028056697919964787
v 0.03494736924767494 0.09494877606630324 -0.027869651094079014
v 0.03494736924767494 0.09494877606630324 -0.027869651094079014
v 0.03518190607428551 0.09442918002605437 -0.028056697919964787
v 0.031096557155251503 0.09494876861572264 -0.032109815627336495
v 0.03518190607428551 0.09442918002605437 -0.028056697919964787
v 0.031305283308029175 0.09442918002605437 -0.032325301319360726
v 0.031096557155251503 0.09494876861572264 -0.032109815627336495
v 0.031096557155251503 0.09494876861572264 -0.032109815627336495
v 0.031305283308029175 0.09442918002605437 -0.032325301319360726
v 0.02673514187335968 0.09494876861572264 -0.035822741687297814
v 0.031305283308029175 0.09442918002605437 -0.032325301319360726
v 0.026495644822716713 0.09419812262058257 -0.036437377333641045
v 0.02673514187335968 0.09494876861572264 -0.035822741687297814
v 0.02673514187335968 0.09494876861572264 -0.035822741687297814
v 0.026495644822716713 0.09419812262058257 -0.036437377333641045
v 0.021934732794761658 0.09494876861572264 -0.03894745931029319
v 0.026495644822716713 0.09419812262058257 -0.036437377333641045
v 0.022081950679421425 0.09442917257547377 -0.03920884802937507
v 0.021934732794761658 0.09494876861572264 -0.03894745931029319
v 0.021934732794761658 0.09494876861572264 -0.03894745931029319
v 0.022081950679421425 0.09442917257547377 -0.03920884802937507
v 0.016774168238043785 0.09494876861572264 -0.04143265634775161
v 0.022081950679421425 0.09442917257547377 -0.03920884802937507
v 0.016886746510863304 0.09442917257547377 -0.0417107231914997
v 0.016774168238043785 0.09494876861572264 -0.04143265634775161
v 0.016774168238043785 0.09494876861572264 -0.04143265634775161
v 0.016886746510863304 0.09442917257547377 -0.0417107231914997
v 0.011338157579302788 0.09494876861572264 -0.04323752969503402
v 0.016886746510863304 0.09442917257547377 -0.0417107231914997
v 0.011414236389100552 0.09442917257547377 -0.04352771490812301
v 0.011338157579302788 0.09494876861572264 -0.04323752969503402
v 0.011338157579302788 0.09494876861572264 -0.04323752969503402
v 0.011414236389100552 0.09442917257547377 -0.04352771490812301
v 0.0057159787975251675 0.09494876116514205 -0.044332444667816155
v 0.011414236389100552 0.09442917257547377 -0.04352771490812301
v 0.005289461463689804 0.09418703615665434 -0.0447358451783657
v 0.0057159787975251675 0.09494876116514205 -0.044332444667816155
v 0.0057159787975251675 0.09494876116514205 -0.044332444667816155
v 0.005289461463689804 0.09418703615665434 -0.0447358451783657
v -5.8865374796823744e-08 0.09442915767431258 -0.044999420642852776
v 0.0057159787975251675 0.09494876116514205 -0.044332444667816155
v -5.8865374796823744e-08 0.09442915767431258 -0.044999420642852776
v -5.6160331496357685e-08 0.09494876116514205 -0.04469942301511764
v -5.6160331496357685e-08 0.09494876116514205 -0.04469942301511764
v -5.8865374796823744e-08 0.09442915767431258 -0.044999420642852776
v -0.00575445219874382 0.09442915767431258 -0.04462997242808341
v -0.044630005955696106 0.09414876252412795 -0.005754375830292701
v -0.04499944671988487 0.09414876252412795 2.1276031603179032e-08
v -0.04501074552536011 0.0944385379552841 -0.0008267287048511206
v -0.04501074552536011 0.0944385379552841 -0.0008267287048511206
v -0.044422637671232224 0.09442915767431258 -0.007181898690760135
v -0.044630005955696106 0.09414876252412795 -0.005754375830292701
v -0.044630005955696106 0.09414876252412795 -0.005754375830292701
v -0.044422637671232224 0.09442915767431258 -0.007181898690760135
v -0.04334603622555733 0.09419810771942137 -0.012281170114874838
v -0.04334603622555733 0.09419810771942137 -0.012281170114874838
v -0.04114807769656181 0.09442915022373198 -0.018214983865618702
v -0.0417107492685318 0.09414876252412795 -0.016886781901121136
v -0.0417107492685318 0.09414876252412795 -0.016886781901121136
v -0.04114807769656181 0.09442915022373198 -0.018214983865618702
v -0.038765933364629745 0.09418702870607375 -0.02294514328241348
v -0.0355694442987442 0.09419811517000197 -0.027649944648146626
v -0.03130535036325455 0.09442915767431258 -0.03232529759407043
v -0.03232534974813461 0.09414876997470854 -0.03130529820919036
v -0.03232534974813461 0.09414876997470854 -0.03130529820919036
v -0.03130535036325455 0.09442915767431258 -0.03232529759407043
v -0.02805672585964203 0.09414876997470854 -0.035181943327188485
v -0.03130535036325455 0.09442915767431258 -0.03232529759407043
v -0.0269146915525198 0.09442915022373198 -0.03606311976909637
v -0.02805672585964203 0.09414876997470854 -0.035181943327188485
v -0.02805672585964203 0.09414876997470854 -0.035181943327188485
v -0.0269146915525198 0.09442915022373198 -0.03606311976909637
v -0.02332741767168045 0.09414876997470854 -0.03848092257976531
v -0.02332741767168045 0.09414876997470854 -0.03848092257976531
v -0.0269146915525198 0.09442915022373198 -0.03606311976909637
v -0.022082045674324036 0.09442915767431258 -0.039208833128213876
v -0.02332741767168045 0.09414876997470854 -0.03848092257976531
v -0.022082045674324036 0.09442915767431258 -0.039208833128213876
v -0.017343848943710327 0.09418702870607375 -0.04157483205199241
v -0.017343848943710327 0.09418702870607375 -0.04157483205199241
v -0.01141434721648693 0.09442916512489317 -0.04352771118283271
v -0.012803628109395504 0.09414876997470854 -0.0431394837796688
v -0.012803628109395504 0.09414876997470854 -0.0431394837796688
v -0.01141434721648693 0.09442916512489317 -0.04352771118283271
v -0.007181957364082336 0.09414877742528914 -0.04442260414361953
v -0.01141434721648693 0.09442916512489317 -0.04352771118283271
v -0.00575445219874382 0.09442915767431258 -0.04462997242808341
v -0.007181957364082336 0.09414877742528914 -0.04442260414361953
v -0.007181957364082336 0.09414877742528914 -0.04442260414361953
v -0.00575445219874382 0.09442915767431258 -0.04462997242808341
v -0.0014423583634197712 0.09414877742528914 -0.04497629776597022
v -0.0014423583634197712 0.09414877742528914 -0.04497629776597022
v -0.00575445219874382 0.09442915767431258 -0.04462997242808341
v -5.8865374796823744e-08 0.09442915767431258 -0.044999420642852776
v -0.0014423583634197712 0.09414877742528914 -0.04497629776597022
v -5.8865374796823744e-08 0.09442915767431258 -0.044999420642852776
v 0.005289461463689804 0.09418703615665434 -0.0447358451783657
v 0.005289461463689804 0.09418703615665434 -0.0447358451783657
v 0.011414236389100552 0.09442917257547377 -0.04352771490812301
v 0.01001325435936451 0.09414877742528914 -0.04387120157480239
v 0.01001325435936451 0.09414877742528914 -0.04387120157480239
v 0.011414236389100552 0.09442917257547377 -0.04352771490812301
v 0.01554117351770401 0.09414878487586974 -0.04223054274916648
v 0.011414236389100552 0.09442917257547377 -0.04352771490812301
v 0.016886746510863304 0.09442917257547377 -0.0417107231914997
v 0.01554117351770401 0.09414878487586974 -0.04223054274916648
v 0.01554117351770401 0.09414878487586974 -0.04223054274916648
v 0.016886746510863304 0.09442917257547377 -0.0417107231914997
v 0.020813897252082825 0.09414878487586974 -0.03989646583795547
v 0.016886746510863304 0.09442917257547377 -0.0417107231914997
v 0.022081950679421425 0.09442917257547377 -0.03920884802937507
v 0.020813897252082825 0.09414878487586974 -0.03989646583795547
v 0.020813897252082825 0.09414878487586974 -0.03989646583795547
v 0.022081950679421425 0.09442917257547377 -0.03920884802937507
v 0.026495644822716713 0.09419812262058257 -0.036437377333641045
v 0.026495644822716713 0.09419812262058257 -0.036437377333641045
v 0.031305283308029175 0.09442918002605437 -0.032325301319360726
v 0.030253097414970398 0.09414878487586974 -0.0333121009171009
v 0.030253097414970398 0.09414878487586974 -0.0333121009171009
v 0.031305283308029175 0.09442918002605437 -0.032325301319360726
v 0.03426457941532135 0.09414878487586974 -0.02916992455720901
v 0.031305283308029175 0.09442918002605437 -0.032325301319360726
v 0.03518190607428551 0.09442918002605437 -0.028056697919964787
v 0.03426457941532135 0.09414878487586974 -0.02916992455720901
v 0.03426457941532135 0.09414878487586974 -0.02916992455720901
v 0.03518190607428551 0.09442918002605437 -0.028056697919964787
v 0.038273826241493225 0.09418705850839613 -0.023756816983222958
v 0.038273826241493225 0.09418705850839613 -0.023756816983222958
v 0.04114799574017525 0.09442918002605437 -0.018215030431747433
v 0.04054303094744682 0.09414879232645033 -0.019524544477462765
v 0.04054303094744682 0.09414879232645033 -0.019524544477462765
v 0.04114799574017525 0.09442918002605437 -0.018215030431747433
v 0.04302753135561943 0.09419813007116316 -0.013354075141251085
v 0.04302753135561943 0.09419813007116316 -0.013354075141251085
v 0.04442257806658745 0.09442918002605437 -0.0071819149889051906
v 0.04416954889893532 0.09414879232645033 -0.008602055720984934
v 0.04416954889893532 0.09414879232645033 -0.008602055720984934
v 0.04442257806658745 0.09442918002605437 -0.0071819149889051906
v 0.04490692541003227 0.09414879232645033 -0.002883152104914188
v 0.04442257806658745 0.09442918002605437 -0.0071819149889051906
v 0.044976264238357544 0.09442918747663497 -0.0014423098182305691
v 0.04490692541003227 0.09414879232645033 -0.002883152104914188
v 0.04490692541003227 0.09414879232645033 -0.002883152104914188
v 0.044976264238357544 0.09442918747663497 -0.0014423098182305691
v 0.04490692541003227 0.09414879232645033 0.0028830931987613435
v 0.04490692541003227 0.09414879232645033 0.0028830931987613435
v 0.044976264238357544 0.09442918747663497 -0.0014423098182305691
v 0.04479144886136055 0.09442918747663497 0.004320963751524686
v 0.04490692541003227 0.09414879232645033 0.0028830931987613435
v 0.04479144886136055 0.09442918747663497 0.004320963751524686
v 0.04416956007480621 0.09414879232645033 0.008601997978985308
v 0.04416956007480621 0.09414879232645033 0.008601997978985308
v 0.04479144886136055 0.09442918747663497 0.004320963751524686
v 0.04387116804718971 0.09442918747663497 0.01001326087862253
v 0.04416956007480621 0.09414879232645033 0.008601997978985308
v 0.04387116804718971 0.09442918747663497 0.01001326087862253
v 0.04243716597557068 0.09418705105781554 0.015111545100808142
v 0.04019899666309357 0.09419813752174376 0.020340619608759877
v 0.03690725192427635 0.09442917257547377 0.025744900107383725
v 0.03771345317363739 0.09414879232645033 0.024548726156353947
v 0.03771345317363739 0.09414879232645033 0.024548726156353947
v 0.03690725192427635 0.09442917257547377 0.025744900107383725
v 0.034264612942934036 0.09414879232645033 0.02916987799108028
v 0.03690725192427635 0.09442917257547377 0.025744900107383725
v 0.033312052488327026 0.09442918002605437 0.03025313280522823
v 0.034264612942934036 0.09414879232645033 0.02916987799108028
v 0.034264612942934036 0.09414879232645033 0.02916987799108028
v 0.033312052488327026 0.09442918002605437 0.03025313280522823
v 0.029627924785017967 0.09419813752174376 0.03393945842981338
v 0.029627924785017967 0.09419813752174376 0.03393945842981338
v 0.024548741057515144 0.09442918002605437 0.03771346062421798
v 0.025744905695319176 0.09414878487586974 0.036907251924276345
v 0.025744905695319176 0.09414878487586974 0.036907251924276345
v 0.024548741057515144 0.09442918002605437 0.03771346062421798
v 0.019971853122115135 0.09418705850839613 0.040378190577030175
v 0.019971853122115135 0.09418705850839613 0.040378190577030175
v 0.01417967863380909 0.09442918002605437 0.04270694404840469
v 0.015541221015155315 0.09414878487586974 0.04223051667213439
v 0.015541221015155315 0.09414878487586974 0.04223051667213439
v 0.01417967863380909 0.09442918002605437 0.04270694404840469
v 0.00907654594630003 0.09418704360723494 0.04412357881665229
v 0.00907654594630003 0.09418704360723494 0.04412357881665229
v 0.002883097156882286 0.09442916512489317 0.04490696266293525
v 0.004320974461734295 0.09414878487586974 0.044791471213102334
v 0.004320974461734295 0.09414878487586974 0.044791471213102334
v 0.002883097156882286 0.09442916512489317 0.04490696266293525
v -0.0024124570190906525 0.09418704360723494 0.04498282447457313
v -0.008062241598963737 0.09419812262058257 0.04432497546076774
v -0.014179712161421776 0.09442915767431258 0.04270696267485618
v -0.012803579680621624 0.09414877742528914 0.0431394912302494
v -0.012803579680621624 0.09414877742528914 0.0431394912302494
v -0.014179712161421776 0.09442915767431258 0.04270696267485618
v -0.019041821360588074 0.09419812262058257 0.04083029553294181
v -0.024106714874505997 0.09419810771942137 0.03806009516119956
v -0.02916991338133812 0.09442916512489317 0.03426462784409522
v -0.028056684881448746 0.09414876997470854 0.035181965678930276
v -0.028056684881448746 0.09414876997470854 0.035181965678930276
v -0.02916991338133812 0.09442916512489317 0.03426462784409522
v -0.03232531622052193 0.09414876997470854 0.03130532801151275
v -0.02916991338133812 0.09442916512489317 0.03426462784409522
v -0.03331209346652031 0.09442915022373198 0.030253171920776364
v -0.03232531622052193 0.09414876997470854 0.03130532801151275
v -0.03232531622052193 0.09414876997470854 0.03130532801151275
v -0.03331209346652031 0.09442915022373198 0.030253171920776364
v -0.03606315702199936 0.09414876997470854 0.026914637535810467
v -0.03331209346652031 0.09442915022373198 0.030253171920776364
v -0.036907296627759933 0.09442915022373198 0.02574493363499641
v -0.03606315702199936 0.09414876997470854 0.026914637535810467
v -0.03606315702199936 0.09414876997470854 0.026914637535810467
v -0.036907296627759933 0.09442915022373198 0.02574493363499641
v -0.039208848029375076 0.09414876997470854 0.022082021459937092
v -0.036907296627759933 0.09442915022373198 0.02574493363499641
v -0.03989646956324577 0.09442915767431258 0.020813968032598492
v -0.039208848029375076 0.09414876997470854 0.022082021459937092
v -0.039208848029375076 0.09414876997470854 0.022082021459937092
v -0.03989646956324577 0.09442915767431258 0.020813968032598492
v -0.04171073064208031 0.09414876252412795 0.01688682101666927
v -0.03989646956324577 0.09442915767431258 0.020813968032598492
v -0.042230553925037384 0.09442915767431258 0.015541237778961657
v -0.04171073064208031 0.09414876252412795 0.01688682101666927
v -0.04171073064208031 0.09414876252412795 0.01688682101666927
v -0.042230553925037384 0.09442915767431258 0.015541237778961657
v -0.04352772980928421 0.09414876252412795 0.011414332315325735
v -0.042230553925037384 0.09442915767431258 0.015541237778961657
v -0.04387121647596359 0.09442915767431258 0.010013310238718985
v -0.04352772980928421 0.09414876252412795 0.011414332315325735
v -0.04352772980928421 0.09414876252412795 0.011414332315325735
v -0.04387121647596359 0.09442915767431258 0.010013310238718985
v -0.04474656656384468 0.09419424831867217 0.005149128381162881
v -0.04499944671988487 0.09414876252412795 2.1276031603179032e-08
v -0.04474656656384468 0.09419424831867217 0.005149128381162881
v -0.04501074552536011 0.0944385379552841 -0.0008267287048511206
v -0.02317190170288086 0.09414876997470854 -0.038224373012781136
v -0.02332741767168045 0.09414876997470854 -0.03848092257976531
v -0.018093639984726906 0.09414876997470854 -0.04087370261549949
v -0.018093639984726906 0.09414876997470854 -0.04087370261549949
v -0.02332741767168045 0.09414876997470854 -0.03848092257976531
v -0.017343848943710327 0.09418702870607375 -0.04157483205199241
v -0.018093639984726906 0.09414876997470854 -0.04087370261549949
v -0.017343848943710327 0.09418702870607375 -0.04157483205199241
v -0.012718269601464272 0.09414876997470854 -0.04285189136862754
v -0.012718269601464272 0.09414876997470854 -0.04285189136862754
v -0.017343848943710327 0.09418702870607375 -0.04157483205199241
v -0.012803628109395504 0.09414876997470854 -0.0431394837796688
v -0.012718269601464272 0.09414876997470854 -0.04285189136862754
v -0.012803628109395504 0.09414876997470854 -0.0431394837796688
v -0.007134078070521355 0.09414877742528914 -0.04412644729018211
v -0.007134078070521355 0.09414877742528914 -0.04412644729018211
v -0.012803628109395504 0.09414876997470854 -0.0431394837796688
v -0.007181957364082336 0.09414877742528914 -0.04442260414361953
v -0.007134078070521355 0.09414877742528914 -0.04412644729018211
v -0.007181957364082336 0.09414877742528914 -0.04442260414361953
v -0.0014327422250062227 0.09414877742528914 -0.04467645287513732
v -0.0014327422250062227 0.09414877742528914 -0.04467645287513732
v -0.007181957364082336 0.09414877742528914 -0.04442260414361953
v -0.0014423583634197712 0.09414877742528914 -0.04497629776597022
v -0.0014327422250062227 0.09414877742528914 -0.04467645287513732
v -0.0014423583634197712 0.09414877742528914 -0.04497629776597022
v 0.004292117431759834 0.09414877742528914 -0.044492878019809716
v 0.004292117431759834 0.09414877742528914 -0.044492878019809716
v -0.0014423583634197712 0.09414877742528914 -0.04497629776597022
v 0.005289461463689804 0.09418703615665434 -0.0447358451783657
v 0.004292117431759834 0.09414877742528914 -0.044492878019809716
v 0.005289461463689804 0.09418703615665434 -0.0447358451783657
v 0.009946499951183796 0.09414877742528914 -0.04357872530817985
v 0.009946499951183796 0.09414877742528914 -0.04357872530817985
v 0.005289461463689804 0.09418703615665434 -0.0447358451783657
v 0.01001325435936451 0.09414877742528914 -0.04387120157480239
v 0.009946499951183796 0.09414877742528914 -0.04357872530817985
v 0.01001325435936451 0.09414877742528914 -0.04387120157480239
v 0.015437565743923187 0.09414878487586974 -0.041949000209569924
v 0.015437565743923187 0.09414878487586974 -0.041949000209569924
v 0.01001325435936451 0.09414877742528914 -0.04387120157480239
v 0.01554117351770401 0.09414878487586974 -0.04223054274916648
v 0.015437565743923187 0.09414878487586974 -0.041949000209569924
v 0.01554117351770401 0.09414878487586974 -0.04223054274916648
v 0.020675139501690865 0.09414878487586974 -0.03963049128651618
v 0.020675139501690865 0.09414878487586974 -0.03963049128651618
v 0.01554117351770401 0.09414878487586974 -0.04223054274916648
v 0.020813897252082825 0.09414878487586974 -0.03989646583795547
v 0.020675139501690865 0.09414878487586974 -0.03963049128651618
v 0.020813897252082825 0.09414878487586974 -0.03989646583795547
v 0.025573227554559708 0.09414878487586974 -0.036661244928836816
v 0.025573227554559708 0.09414878487586974 -0.036661244928836816
v 0.020813897252082825 0.09414878487586974 -0.03989646583795547
v 0.026495644822716713 0.09419812262058257 -0.036437377333641045
v 0.025573227554559708 0.09414878487586974 -0.036661244928836816
v 0.026495644822716713 0.09419812262058257 -0.036437377333641045
v 0.03005141019821167 0.09414878487586974 -0.03309002146124839
v 0.03005141019821167 0.09414878487586974 -0.03309002146124839
v 0.026495644822716713 0.09419812262058257 -0.036437377333641045
v 0.030253097414970398 0.09414878487586974 -0.0333121009171009
v 0.03005141019821167 0.09414878487586974 -0.03309002146124839
v 0.030253097414970398 0.09414878487586974 -0.0333121009171009
v 0.03403614088892937 0.09414878487586974 -0.028975455090403553
v 0.03403614088892937 0.09414878487586974 -0.028975455090403553
v 0.030253097414970398 0.09414878487586974 -0.0333121009171009
v 0.03426457941532135 0.09414878487586974 -0.02916992455720901
v 0.03403614088892937 0.09414878487586974 -0.028975455090403553
v 0.03426457941532135 0.09414878487586974 -0.02916992455720901
v 0.037462007254362106 0.09414879232645033 -0.024385118857026097
v 0.037462007254362106 0.09414879232645033 -0.024385118857026097
v 0.03426457941532135 0.09414878487586974 -0.02916992455720901
v 0.038273826241493225 0.09418705850839613 -0.023756816983222958
v 0.037462007254362106 0.09414879232645033 -0.024385118857026097
v 0.038273826241493225 0.09418705850839613 -0.023756816983222958
v 0.04027274623513222 0.09414879232645033 -0.01939437538385391
v 0.04027274623513222 0.09414879232645033 -0.01939437538385391
v 0.038273826241493225 0.09418705850839613 -0.023756816983222958
v 0.04054303094744682 0.09414879232645033 -0.019524544477462765
v 0.04027274623513222 0.09414879232645033 -0.01939437538385391
v 0.04054303094744682 0.09414879232645033 -0.019524544477462765
v 0.04242220148444176 0.09414879232645033 -0.014085184782743452
v 0.04242220148444176 0.09414879232645033 -0.014085184782743452
v 0.04054303094744682 0.09414879232645033 -0.019524544477462765
v 0.04302753135561943 0.09419813007116316 -0.013354075141251085
v 0.04242220148444176 0.09414879232645033 -0.014085184782743452
v 0.04302753135561943 0.09419813007116316 -0.013354075141251085
v 0.043875083327293396 0.09414879232645033 -0.008544709533452986
v 0.043875083327293396 0.09414879232645033 -0.008544709533452986
v 0.04302753135561943 0.09419813007116316 -0.013354075141251085
v 0.04416954889893532 0.09414879232645033 -0.008602055720984934
v 0.043875083327293396 0.09414879232645033 -0.008544709533452986
v 0.04416954889893532 0.09414879232645033 -0.008602055720984934
v 0.04460754990577698 0.09414879232645033 -0.00286393123678863
v 0.04460754990577698 0.09414879232645033 -0.00286393123678863
v 0.04416954889893532 0.09414879232645033 -0.008602055720984934
v 0.04490692541003227 0.09414879232645033 -0.002883152104914188
v 0.04460754990577698 0.09414879232645033 -0.00286393123678863
v 0.04490692541003227 0.09414879232645033 -0.002883152104914188
v 0.044607553631067276 0.09414879232645033 0.0028638725634664293
v 0.044607553631067276 0.09414879232645033 0.0028638725634664293
v 0.04490692541003227 0.09414879232645033 -0.002883152104914188
v 0.04490692541003227 0.09414879232645033 0.0028830931987613435
v 0.044607553631067276 0.09414879232645033 0.0028638725634664293
v 0.04490692541003227 0.09414879232645033 0.0028830931987613435
v 0.04387509450316429 0.09414879232645033 0.00854465179145336
v 0.04387509450316429 0.09414879232645033 0.00854465179145336
v 0.04490692541003227 0.09414879232645033 0.0028830931987613435
v 0.04416956007480621 0.09414879232645033 0.008601997978985308
v 0.04387509450316429 0.09414879232645033 0.00854465179145336
v 0.04416956007480621 0.09414879232645033 0.008601997978985308
v 0.04242221638560295 0.09414879232645033 0.014085128903388975
v 0.04242221638560295 0.09414879232645033 0.014085128903388975
v 0.04416956007480621 0.09414879232645033 0.008601997978985308
v 0.04243716597557068 0.09418705105781554 0.015111545100808142
v 0.04242221638560295 0.09414879232645033 0.014085128903388975
v 0.04243716597557068 0.09418705105781554 0.015111545100808142
v 0.04027276858687401 0.09414879232645033 0.01939432136714458
v 0.04027276858687401 0.09414879232645033 0.01939432136714458
v 0.04243716597557068 0.09418705105781554 0.015111545100808142
v 0.04019899666309357 0.09419813752174376 0.020340619608759877
v 0.04027276858687401 0.09414879232645033 0.01939432136714458
v 0.04019899666309357 0.09419813752174376 0.020340619608759877
v 0.037462037056684494 0.09414879232645033 0.024385068565607067
v 0.037462037056684494 0.09414879232645033 0.024385068565607067
v 0.04019899666309357 0.09419813752174376 0.020340619608759877
v 0.03771345317363739 0.09414879232645033 0.024548726156353947
v 0.037462037056684494 0.09414879232645033 0.024385068565607067
v 0.03771345317363739 0.09414879232645033 0.024548726156353947
v 0.034036170691251755 0.09414879232645033 0.028975408524274823
v 0.034036170691251755 0.09414879232645033 0.028975408524274823
v 0.03771345317363739 0.09414879232645033 0.024548726156353947
v 0.034264612942934036 0.09414879232645033 0.02916987799108028
v 0.034036170691251755 0.09414879232645033 0.028975408524274823
v 0.034264612942934036 0.09414879232645033 0.02916987799108028
v 0.030051447451114655 0.09414879232645033 0.03308998048305511
v 0.030051447451114655 0.09414879232645033 0.03308998048305511
v 0.034264612942934036 0.09414879232645033 0.02916987799108028
v 0.029627924785017967 0.09419813752174376 0.03393945842981338
v 0.030051447451114655 0.09414879232645033 0.03308998048305511
v 0.029627924785017967 0.09419813752174376 0.03393945842981338
v 0.02557326853275299 0.09414878487586974 0.03666120767593383
v 0.02557326853275299 0.09414878487586974 0.03666120767593383
v 0.029627924785017967 0.09419813752174376 0.03393945842981338
v 0.025744905695319176 0.09414878487586974 0.036907251924276345
v 0.02557326853275299 0.09414878487586974 0.03666120767593383
v 0.025744905695319176 0.09414878487586974 0.036907251924276345
v 0.020675184205174446 0.09414878487586974 0.039630457758903496
v 0.020675184205174446 0.09414878487586974 0.039630457758903496
v 0.025744905695319176 0.09414878487586974 0.036907251924276345
v 0.019971853122115135 0.09418705850839613 0.040378190577030175
v 0.020675184205174446 0.09414878487586974 0.039630457758903496
v 0.019971853122115135 0.09418705850839613 0.040378190577030175
v 0.015437613241374493 0.09414878487586974 0.041948974132537835
v 0.015437613241374493 0.09414878487586974 0.041948974132537835
v 0.019971853122115135 0.09418705850839613 0.040378190577030175
v 0.015541221015155315 0.09414878487586974 0.04223051667213439
v 0.015437613241374493 0.09414878487586974 0.041948974132537835
v 0.015541221015155315 0.09414878487586974 0.04223051667213439
v 0.00994654931128025 0.09414878487586974 0.043578706681728356
v 0.00994654931128025 0.09414878487586974 0.043578706681728356
v 0.015541221015155315 0.09414878487586974 0.04223051667213439
v 0.00907654594630003 0.09418704360723494 0.04412357881665229
v 0.00994654931128025 0.09414878487586974 0.043578706681728356
v 0.00907654594630003 0.09418704360723494 0.04412357881665229
v 0.0042921677231788635 0.09414878487586974 0.04449286684393882
v 0.0042921677231788635 0.09414878487586974 0.04449286684393882
v 0.00907654594630003 0.09418704360723494 0.04412357881665229
v 0.004320974461734295 0.09414878487586974 0.044791471213102334
v 0.0042921677231788635 0.09414878487586974 0.04449286684393882
v 0.004320974461734295 0.09414878487586974 0.044791471213102334
v -0.0014326918171718717 0.09414877742528914 0.044676445424556725
v -0.0014326918171718717 0.09414877742528914 0.044676445424556725
v 0.004320974461734295 0.09414878487586974 0.044791471213102334
v -0.0024124570190906525 0.09418704360723494 0.04498282447457313
v -0.0014326918171718717 0.09414877742528914 0.044676445424556725
v -0.0024124570190906525 0.09418704360723494 0.04498282447457313
v -0.007134028244763613 0.09414877742528914 0.04412644729018211
v -0.007134028244763613 0.09414877742528914 0.04412644729018211
v -0.0024124570190906525 0.09418704360723494 0.04498282447457313
v -0.008062241598963737 0.09419812262058257 0.04432497546076774
v -0.007134028244763613 0.09414877742528914 0.04412644729018211
v -0.008062241598963737 0.09419812262058257 0.04432497546076774
v -0.012718221172690392 0.09414877742528914 0.04285189881920814
v -0.012718221172690392 0.09414877742528914 0.04285189881920814
v -0.008062241598963737 0.09419812262058257 0.04432497546076774
v -0.012803579680621624 0.09414877742528914 0.0431394912302494
v -0.012718221172690392 0.09414877742528914 0.04285189881920814
v -0.012803579680621624 0.09414877742528914 0.0431394912302494
v -0.018093593418598175 0.09414877742528914 0.04087371751666068
v -0.018093593418598175 0.09414877742528914 0.04087371751666068
v -0.012803579680621624 0.09414877742528914 0.0431394912302494
v -0.019041821360588074 0.09419812262058257 0.04083029553294181
v -0.018093593418598175 0.09414877742528914 0.04087371751666068
v -0.019041821360588074 0.09419812262058257 0.04083029553294181
v -0.023171856999397278 0.09414876997470854 0.03822439163923263
v -0.023171856999397278 0.09414876997470854 0.03822439163923263
v -0.019041821360588074 0.09419812262058257 0.04083029553294181
v -0.024106714874505997 0.09419810771942137 0.03806009516119956
v -0.023171856999397278 0.09414876997470854 0.03822439163923263
v -0.024106714874505997 0.09419810771942137 0.03806009516119956
v -0.027869638055562973 0.09414876997470854 0.03494742512702941
v -0.027869638055562973 0.09414876997470854 0.03494742512702941
v -0.024106714874505997 0.09419810771942137 0.03806009516119956
v -0.028056684881448746 0.09414876997470854 0.035181965678930276
v -0.027869638055562973 0.09414876997470854 0.03494742512702941
v -0.028056684881448746 0.09414876997470854 0.035181965678930276
v -0.032109808176755905 0.09414876997470854 0.031096620485186573
v -0.032109808176755905 0.09414876997470854 0.031096620485186573
v -0.028056684881448746 0.09414876997470854 0.035181965678930276
v -0.03232531622052193 0.09414876997470854 0.03130532801151275
v -0.032109808176755905 0.09414876997470854 0.031096620485186573
v -0.03232531622052193 0.09414876997470854 0.03130532801151275
v -0.03582273796200752 0.09414876997470854 0.02673520892858505
v -0.03582273796200752 0.09414876997470854 0.02673520892858505
v -0.03232531622052193 0.09414876997470854 0.03130532801151275
v -0.03606315702199936 0.09414876997470854 0.026914637535810467
v -0.03582273796200752 0.09414876997470854 0.02673520892858505
v -0.03606315702199936 0.09414876997470854 0.026914637535810467
v -0.0389474593102932 0.09414876997470854 0.021934803575277325
v -0.0389474593102932 0.09414876997470854 0.021934803575277325
v -0.03606315702199936 0.09414876997470854 0.026914637535810467
v -0.039208848029375076 0.09414876997470854 0.022082021459937092
v -0.0389474593102932 0.09414876997470854 0.021934803575277325
v -0.039208848029375076 0.09414876997470854 0.022082021459937092
v -0.041432663798332214 0.09414876252412795 0.01677424274384975
v -0.041432663798332214 0.09414876252412795 0.01677424274384975
v -0.039208848029375076 0.09414876997470854 0.022082021459937092
v -0.04171073064208031 0.09414876252412795 0.01688682101666927
v -0.041432663798332214 0.09414876252412795 0.01677424274384975
v -0.04171073064208031 0.09414876252412795 0.01688682101666927
v -0.04323754087090492 0.09414876252412795 0.01133823301643133
v -0.04323754087090492 0.09414876252412795 0.01133823301643133
v -0.04171073064208031 0.09414876252412795 0.01688682101666927
v -0.04352772980928421 0.09414876252412795 0.011414332315325735
v -0.04323754087090492 0.09414876252412795 0.01133823301643133
v -0.04352772980928421 0.09414876252412795 0.011414332315325735
v -0.044332463294267654 0.09414876252412795 0.005716055631637572
v -0.044332463294267654 0.09414876252412795 0.005716055631637572
v -0.04352772980928421 0.09414876252412795 0.011414332315325735
v -0.04474656656384468 0.09419424831867217 0.005149128381162881
v -0.044332463294267654 0.09414876252412795 0.005716055631637572
v -0.04474656656384468 0.09419424831867217 0.005149128381162881
v -0.044699449092149734 0.09414876252412795 2.1106755454525225e-08
v -0.044699449092149734 0.09414876252412795 2.1106755454525225e-08
v -0.04474656656384468 0.09419424831867217 0.005149128381162881
v -0.04499944671988487 0.09414876252412795 2.1276031603179032e-08
v -0.044699449092149734 0.09414876252412795 2.1106755454525225e-08
v -0.04499944671988487 0.09414876252412795 2.1276031603179032e-08
v -0.04433247074484825 0.09414876252412795 -0.005716013722121715
v -0.04433247074484825 0.09414876252412795 -0.005716013722121715
v -0.04499944671988487 0.09414876252412795 2.1276031603179032e-08
v -0.044630005955696106 0.09414876252412795 -0.005754375830292701
v -0.04433247074484825 0.09414876252412795 -0.005716013722121715
v -0.044630005955696106 0.09414876252412795 -0.005754375830292701
v -0.043237555772066116 0.09414876252412795 -0.011338192038238047
v -0.043237555772066116 0.09414876252412795 -0.011338192038238047
v -0.044630005955696106 0.09414876252412795 -0.005754375830292701
v -0.04334603622555733 0.09419810771942137 -0.012281170114874838
v -0.043237555772066116 0.09414876252412795 -0.011338192038238047
v -0.04334603622555733 0.09419810771942137 -0.012281170114874838
v -0.04143268242478371 0.09414876252412795 -0.016774203628301617
v -0.04143268242478371 0.09414876252412795 -0.016774203628301617
v -0.04334603622555733 0.09419810771942137 -0.012281170114874838
v -0.0417107492685318 0.09414876252412795 -0.016886781901121136
v -0.04143268242478371 0.09414876252412795 -0.016774203628301617
v -0.0417107492685318 0.09414876252412795 -0.016886781901121136
v -0.03894748538732529 0.09414876252412795 -0.02193476632237434
v -0.03894748538732529 0.09414876252412795 -0.02193476632237434
v -0.0417107492685318 0.09414876252412795 -0.016886781901121136
v -0.038765933364629745 0.09418702870607375 -0.02294514328241348
v -0.03894748538732529 0.09414876252412795 -0.02193476632237434
v -0.038765933364629745 0.09418702870607375 -0.02294514328241348
v -0.03582276776432991 0.09414876252412795 -0.026735177263617512
v -0.03582276776432991 0.09414876252412795 -0.026735177263617512
v -0.038765933364629745 0.09418702870607375 -0.02294514328241348
v -0.0355694442987442 0.09419811517000197 -0.027649944648146626
v -0.03582276776432991 0.09414876252412795 -0.026735177263617512
v -0.0355694442987442 0.09419811517000197 -0.027649944648146626
v -0.03210984170436859 0.09414876997470854 -0.031096592545509335
v -0.03210984170436859 0.09414876997470854 -0.031096592545509335
v -0.0355694442987442 0.09419811517000197 -0.027649944648146626
v -0.03232534974813461 0.09414876997470854 -0.03130529820919036
v -0.03210984170436859 0.09414876997470854 -0.031096592545509335
v -0.03232534974813461 0.09414876997470854 -0.03130529820919036
v -0.027869677171111107 0.09414876997470854 -0.03494740277528762
v -0.027869677171111107 0.09414876997470854 -0.03494740277528762
v -0.03232534974813461 0.09414876997470854 -0.03130529820919036
v -0.02805672585964203 0.09414876997470854 -0.035181943327188485
v -0.027869677171111107 0.09414876997470854 -0.03494740277528762
v -0.02805672585964203 0.09414876997470854 -0.035181943327188485
v -0.02317190170288086 0.09414876997470854 -0.038224373012781136
v -0.02317190170288086 0.09414876997470854 -0.038224373012781136
v -0.02805672585964203 0.09414876997470854 -0.035181943327188485
v -0.02332741767168045 0.09414876997470854 -0.03848092257976531
v -0.044699449092149734 0.09414876252412795 2.1106755454525225e-08
v -0.04433247074484825 0.09414876252412795 -0.005716013722121715
v -0.044595714658498764 0.09390563517808913 -0.003052181331440806
v -0.044595714658498764 0.09390563517808913 -0.003052181331440806
v -0.04433247074484825 0.09414876252412795 -0.005716013722121715
v -0.04419476166367531 0.09393528848886488 -0.006981651298701762
v -0.04419476166367531 0.09393528848886488 -0.006981651298701762
v -0.04433247074484825 0.09414876252412795 -0.005716013722121715
v -0.043237555772066116 0.09414876252412795 -0.011338192038238047
v -0.04419476166367531 0.09393528848886488 -0.006981651298701762
v -0.043237555772066116 0.09414876252412795 -0.011338192038238047
v -0.04337485507130623 0.09394529461860655 -0.011198144406080244
v -0.04143268242478371 0.09414876252412795 -0.016774203628301617
v -0.04203358292579651 0.09394066780805586 -0.015380060300230978
v -0.043237555772066116 0.09414876252412795 -0.011338192038238047
v -0.043237555772066116 0.09414876252412795 -0.011338192038238047
v -0.04203358292579651 0.09394066780805586 -0.015380060300230978
v -0.04337485507130623 0.09394529461860655 -0.011198144406080244
v -0.03894748538732529 0.09414876252412795 -0.02193476632237434
v -0.03859781101346016 0.09394086897373198 -0.0226698275655508
v -0.04055962339043617 0.09393388777971266 -0.018875025212764737
v -0.03894748538732529 0.09414876252412795 -0.02193476632237434
v -0.04055962339043617 0.09393388777971266 -0.018875025212764737
v -0.04143268242478371 0.09414876252412795 -0.016774203628301617
v -0.04143268242478371 0.09414876252412795 -0.016774203628301617
v -0.04055962339043617 0.09393388777971266 -0.018875025212764737
v -0.04203358292579651 0.09394066780805586 -0.015380060300230978
v -0.03859781101346016 0.09394086897373198 -0.0226698275655508
v -0.03894748538732529 0.09414876252412795 -0.02193476632237434
v -0.03651464357972145 0.0939340367913246 -0.025840567424893376
v -0.03651464357972145 0.0939340367913246 -0.025840567424893376
v -0.03894748538732529 0.09414876252412795 -0.02193476632237434
v -0.03582276776432991 0.09414876252412795 -0.026735177263617512
v -0.03651464357972145 0.0939340367913246 -0.025840567424893376
v -0.03582276776432991 0.09414876252412795 -0.026735177263617512
v -0.034002985805273056 0.09393520653247832 -0.02908147685229778
v -0.034002985805273056 0.09393520653247832 -0.02908147685229778
v -0.03582276776432991 0.09414876252412795 -0.026735177263617512
v -0.03210984170436859 0.09414876997470854 -0.031096592545509335
v -0.034002985805273056 0.09393520653247832 -0.02908147685229778
v -0.03210984170436859 0.09414876997470854 -0.031096592545509335
v -0.03122762218117714 0.09393382817506789 -0.03203105926513671
v -0.03122762218117714 0.09393382817506789 -0.03203105926513671
v -0.03210984170436859 0.09414876997470854 -0.031096592545509335
v -0.027869677171111107 0.09414876997470854 -0.03494740277528762
v -0.03122762218117714 0.09393382817506789 -0.03203105926513671
v -0.027869677171111107 0.09414876997470854 -0.03494740277528762
v -0.028337983414530754 0.09393437206745146 -0.034622039645910256
v -0.02317190170288086 0.09414876997470854 -0.038224373012781136
v -0.024929018691182137 0.0939102992415428 -0.037106055766344063
v -0.027869677171111107 0.09414876997470854 -0.03494740277528762
v -0.027869677171111107 0.09414876997470854 -0.03494740277528762
v -0.024929018691182137 0.0939102992415428 -0.037106055766344063
v -0.028337983414530754 0.09393437206745146 -0.034622039645910256
v -0.018093639984726906 0.09414876997470854 -0.04087370261549949
v -0.021489063277840614 0.09391136467456816 -0.039199631661176675
v -0.02317190170288086 0.09414876997470854 -0.038224373012781136
v -0.02317190170288086 0.09414876997470854 -0.038224373012781136
v -0.021489063277840614 0.09391136467456816 -0.039199631661176675
v -0.024929018691182137 0.0939102992415428 -0.037106055766344063
v -0.013986652716994286 0.09391026943922041 -0.042457845062017434
v -0.018093639984726906 0.09414876997470854 -0.04087370261549949
v -0.012718269601464272 0.09414876997470854 -0.04285189136862754
v -0.013986652716994286 0.09391026943922041 -0.042457845062017434
v -0.017814403399825096 0.09391043335199355 -0.04100000485777854
v -0.018093639984726906 0.09414876997470854 -0.04087370261549949
v -0.018093639984726906 0.09414876997470854 -0.04087370261549949
v -0.017814403399825096 0.09391043335199355 -0.04100000485777854
v -0.021489063277840614 0.09391136467456816 -0.039199631661176675
v -0.007134078070521355 0.09414877742528914 -0.04412644729018211
v -0.010042845271527767 0.09393522143363951 -0.04360126331448554
v -0.012718269601464272 0.09414876997470854 -0.04285189136862754
v -0.012718269601464272 0.09414876997470854 -0.04285189136862754
v -0.010042845271527767 0.09393522143363951 -0.04360126331448554
v -0.013986652716994286 0.09391026943922041 -0.042457845062017434
v -0.0014327422250062227 0.09414877742528914 -0.04467645287513732
v -0.002159350784495473 0.09393440932035445 -0.044688552618026726
v -0.0060416641645133495 0.0939337983727455 -0.04432398453354835
v -0.0014327422250062227 0.09414877742528914 -0.04467645287513732
v -0.0060416641645133495 0.0939337983727455 -0.04432398453354835
v -0.007134078070521355 0.09414877742528914 -0.04412644729018211
v -0.007134078070521355 0.09414877742528914 -0.04412644729018211
v -0.0060416641645133495 0.0939337983727455 -0.04432398453354835
v -0.010042845271527767 0.09393522143363951 -0.04360126331448554
v -0.002159350784495473 0.09393440932035445 -0.044688552618026726
v -0.0014327422250062227 0.09414877742528914 -0.04467645287513732
v 0.0021446733735501766 0.09392722696065901 -0.04467337578535079
v 0.0021446733735501766 0.09392722696065901 -0.04467337578535079
v -0.0014327422250062227 0.09414877742528914 -0.04467645287513732
v 0.004292117431759834 0.09414877742528914 -0.044492878019809716
v 0.0021446733735501766 0.09392722696065901 -0.04467337578535079
v 0.004292117431759834 0.09414877742528914 -0.044492878019809716
v 0.006193367764353752 0.09393390268087386 -0.044304832816123955
v 0.006193367764353752 0.09393390268087386 -0.044304832816123955
v 0.004292117431759834 0.09414877742528914 -0.044492878019809716
v 0.009946499951183796 0.09414877742528914 -0.04357872530817985
v 0.006193367764353752 0.09393390268087386 -0.044304832816123955
v 0.009946499951183796 0.09414877742528914 -0.04357872530817985
v 0.010357121005654335 0.09393398463726042 -0.04352711513638496
v 0.015437565743923187 0.09414878487586974 -0.041949000209569924
v 0.017859594896435738 0.09394100308418273 -0.04102767258882522
v 0.01425780076533556 0.09393518418073653 -0.04241111129522323
v 0.015437565743923187 0.09414878487586974 -0.041949000209569924
v 0.01425780076533556 0.09393518418073653 -0.04241111129522323
v 0.009946499951183796 0.09414877742528914 -0.04357872530817985
v 0.009946499951183796 0.09414877742528914 -0.04357872530817985
v 0.01425780076533556 0.09393518418073653 -0.04241111129522323
v 0.010357121005654335 0.09393398463726042 -0.04352711513638496
v 0.017859594896435738 0.09394100308418273 -0.04102767258882522
v 0.015437565743923187 0.09414878487586974 -0.041949000209569924
v 0.020675139501690865 0.09414878487586974 -0.03963049128651618
v 0.017859594896435738 0.09394100308418273 -0.04102767258882522
v 0.020675139501690865 0.09414878487586974 -0.03963049128651618
v 0.021428439766168594 0.09391137957572936 -0.039232738316059106
v 0.021428439766168594 0.09391137957572936 -0.039232738316059106
v 0.020675139501690865 0.09414878487586974 -0.03963049128651618
v 0.025573227554559708 0.09414878487586974 -0.036661244928836816
v 0.021428439766168594 0.09391137957572936 -0.039232738316059106
v 0.025573227554559708 0.09414878487586974 -0.036661244928836816
v 0.02508145198225975 0.09394143521785735 -0.037089314311742776
v 0.03005141019821167 0.09414878487586974 -0.03309002146124839
v 0.02828953228890896 0.09393285214900969 -0.03464771062135696
v 0.025573227554559708 0.09414878487586974 -0.036661244928836816
v 0.025573227554559708 0.09414878487586974 -0.036661244928836816
v 0.02828953228890896 0.09393285214900969 -0.03464771062135696
v 0.02508145198225975 0.09394143521785735 -0.037089314311742776
v 0.03403614088892937 0.09414878487586974 -0.028975455090403553
v 0.03393298387527466 0.09394133836030959 -0.029190074652433392
v 0.03120921552181244 0.09393529593944548 -0.0320608764886856
v 0.03403614088892937 0.09414878487586974 -0.028975455090403553
v 0.03120921552181244 0.09393529593944548 -0.0320608764886856
v 0.03005141019821167 0.09414878487586974 -0.03309002146124839
v 0.03005141019821167 0.09414878487586974 -0.03309002146124839
v 0.03120921552181244 0.09393529593944548 -0.0320608764886856
v 0.02828953228890896 0.09393285214900969 -0.03464771062135696
v 0.03393298387527466 0.09394133836030959 -0.029190074652433392
v 0.03403614088892937 0.09414878487586974 -0.028975455090403553
v 0.03656008094549179 0.09393415600061415 -0.025777880102396008
v 0.03656008094549179 0.09393415600061415 -0.025777880102396008
v 0.03403614088892937 0.09414878487586974 -0.028975455090403553
v 0.037462007254362106 0.09414879232645033 -0.024385118857026097
v 0.03656008094549179 0.09393415600061415 -0.025777880102396008
v 0.037462007254362106 0.09414879232645033 -0.024385118857026097
v 0.03870638087391853 0.0939061939716339 -0.022358786314725872
v 0.03870638087391853 0.0939061939716339 -0.022358786314725872
v 0.037462007254362106 0.09414879232645033 -0.024385118857026097
v 0.04027274623513222 0.09414879232645033 -0.01939437538385391
v 0.03870638087391853 0.0939061939716339 -0.022358786314725872
v 0.04027274623513222 0.09414879232645033 -0.01939437538385391
v 0.040719352662563324 0.09393407404422759 -0.018542705103754994
v 0.04242220148444176 0.09414879232645033 -0.014085184782743452
v 0.04212852194905281 0.09391023218631743 -0.014948673546314238
v 0.04027274623513222 0.09414879232645033 -0.01939437538385391
v 0.04027274623513222 0.09414879232645033 -0.01939437538385391
v 0.04212852194905281 0.09391023218631743 -0.014948673546314238
v 0.040719352662563324 0.09393407404422759 -0.018542705103754994
v 0.043875083327293396 0.09414879232645033 -0.008544709533452986
v 0.04340265691280365 0.09394169598817824 -0.01095797587186098
v 0.04242220148444176 0.09414879232645033 -0.014085184782743452
v 0.04242220148444176 0.09414879232645033 -0.014085184782743452
v 0.04340265691280365 0.09394169598817824 -0.01095797587186098
v 0.04212852194905281 0.09391023218631743 -0.014948673546314238
v 0.04460754990577698 0.09414879232645033 -0.00286393123678863
v 0.044598449021577835 0.09391046315431593 -0.0030567497014999385
v 0.04417990893125534 0.09393388777971266 -0.00702403113245964
v 0.04460754990577698 0.09414879232645033 -0.00286393123678863
v 0.04417990893125534 0.09393388777971266 -0.00702403113245964
v 0.043875083327293396 0.09414879232645033 -0.008544709533452986
v 0.043875083327293396 0.09414879232645033 -0.008544709533452986
v 0.04417990893125534 0.09393388777971266 -0.00702403113245964
v 0.04340265691280365 0.09394169598817824 -0.01095797587186098
v 0.044598449021577835 0.09391046315431593 -0.0030567497014999385
v 0.04460754990577698 0.09414879232645033 -0.00286393123678863
v 0.044709768146276474 0.0939272567629814 0.0011658695293590424
v 0.044709768146276474 0.0939272567629814 0.0011658695293590424
v 0.04460754990577698 0.09414879232645033 -0.00286393123678863
v 0.044607553631067276 0.09414879232645033 0.0028638725634664293
v 0.044709768146276474 0.0939272567629814 0.0011658695293590424
v 0.044607553631067276 0.09414879232645033 0.0028638725634664293
v 0.04444078728556633 0.0939328223466873 0.005074562039226293
v 0.04444078728556633 0.0939328223466873 0.005074562039226293
v 0.044607553631067276 0.09414879232645033 0.0028638725634664293
v 0.04387509450316429 0.09414879232645033 0.00854465179145336
v 0.04242221638560295 0.09414879232645033 0.014085128903388975
v 0.042715780436992645 0.09393515437841414 0.013317778706550596
v 0.04387509450316429 0.09414879232645033 0.00854465179145336
v 0.04387509450316429 0.09414879232645033 0.00854465179145336
v 0.042715780436992645 0.09393515437841414 0.013317778706550596
v 0.04380737245082855 0.09393570572137831 0.009142816066741942
v 0.04387509450316429 0.09414879232645033 0.00854465179145336
v 0.04380737245082855 0.09393570572137831 0.009142816066741942
v 0.04444078728556633 0.0939328223466873 0.005074562039226293
v 0.04027276858687401 0.09414879232645033 0.01939432136714458
v 0.04140189290046692 0.09393288940191268 0.016930773854255673
v 0.04242221638560295 0.09414879232645033 0.014085128903388975
v 0.04242221638560295 0.09414879232645033 0.014085128903388975
v 0.04140189290046692 0.09393288940191268 0.016930773854255673
v 0.042715780436992645 0.09393515437841414 0.013317778706550596
v 0.03530439734458923 0.09390944987535475 0.02742032893002033
v 0.037648756057024 0.0939357429742813 0.024191819131374356
v 0.037462037056684494 0.09414879232645033 0.024385068565607067
v 0.037462037056684494 0.09414879232645033 0.024385068565607067
v 0.037648756057024 0.0939357429742813 0.024191819131374356
v 0.03978504240512848 0.09393530339002608 0.020471097901463505
v 0.037462037056684494 0.09414879232645033 0.024385068565607067
v 0.03978504240512848 0.09393530339002608 0.020471097901463505
v 0.04027276858687401 0.09414879232645033 0.01939432136714458
v 0.04027276858687401 0.09414879232645033 0.01939432136714458
v 0.03978504240512848 0.09393530339002608 0.020471097901463505
v 0.04140189290046692 0.09393288940191268 0.016930773854255673
v 0.03530439734458923 0.09390944987535475 0.02742032893002033
v 0.037462037056684494 0.09414879232645033 0.024385068565607067
v 0.034036170691251755 0.09414879232645033 0.028975408524274823
v 0.03530439734458923 0.09390944987535475 0.02742032893002033
v 0.034036170691251755 0.09414879232645033 0.028975408524274823
v 0.032726772129535675 0.09393528103828429 0.030510211363434788
v 0.032726772129535675 0.09393528103828429 0.030510211363434788
v 0.034036170691251755 0.09414879232645033 0.028975408524274823
v 0.030051447451114655 0.09414879232645033 0.03308998048305511
v 0.032726772129535675 0.09393528103828429 0.030510211363434788
v 0.030051447451114655 0.09414879232645033 0.03308998048305511
v 0.02954690530896187 0.09394089132547377 0.033625639975070946
v 0.02557326853275299 0.09414878487586974 0.03666120767593383
v 0.02658582478761673 0.09391028434038161 0.035937204957008355
v 0.030051447451114655 0.09414879232645033 0.03308998048305511
v 0.030051447451114655 0.09414879232645033 0.03308998048305511
v 0.02658582478761673 0.09391028434038161 0.035937204957008355
v 0.02954690530896187 0.09394089132547377 0.033625639975070946
v 0.020675184205174446 0.09414878487586974 0.039630457758903496
v 0.02318377047777176 0.09394170343875884 0.038293235003948205
v 0.02557326853275299 0.09414878487586974 0.03666120767593383
v 0.02557326853275299 0.09414878487586974 0.03666120767593383
v 0.02318377047777176 0.09394170343875884 0.038293235003948205
v 0.02658582478761673 0.09391028434038161 0.035937204957008355
v 0.015437613241374493 0.09414878487586974 0.041948974132537835
v 0.01605769619345665 0.09393439441919325 0.04175973311066627
v 0.01962229795753956 0.09393382817506789 0.04020072147250175
v 0.015437613241374493 0.09414878487586974 0.041948974132537835
v 0.01962229795753956 0.09393382817506789 0.04020072147250175
v 0.020675184205174446 0.09414878487586974 0.039630457758903496
v 0.020675184205174446 0.09414878487586974 0.039630457758903496
v 0.01962229795753956 0.09393382817506789 0.04020072147250175
v 0.02318377047777176 0.09394170343875884 0.038293235003948205
v 0.01605769619345665 0.09393439441919325 0.04175973311066627
v 0.015437613241374493 0.09414878487586974 0.041948974132537835
v 0.011953458189964294 0.09392723441123961 0.04309787973761558
v 0.011953458189964294 0.09392723441123961 0.04309787973761558
v 0.015437613241374493 0.09414878487586974 0.041948974132537835
v 0.00994654931128025 0.09414878487586974 0.043578706681728356
v 0.011953458189964294 0.09392723441123961 0.04309787973761558
v 0.00994654931128025 0.09414878487586974 0.043578706681728356
v 0.007923955097794533 0.09394123405218123 0.044047929346561425
v 0.007923955097794533 0.09394123405218123 0.044047929346561425
v 0.00994654931128025 0.09414878487586974 0.043578706681728356
v 0.0042921677231788635 0.09414878487586974 0.04449286684393882
v 0.007923955097794533 0.09394123405218123 0.044047929346561425
v 0.0042921677231788635 0.09414878487586974 0.04449286684393882
v 0.0038085950072854757 0.09393399953842162 0.044579997658729546
v -0.0014326918171718717 0.09414877742528914 0.044676445424556725
v -4.065478788106702e-05 0.09393409639596938 0.044733583927154534
v 0.0042921677231788635 0.09414878487586974 0.04449286684393882
v 0.0042921677231788635 0.09414878487586974 0.04449286684393882
v -4.065478788106702e-05 0.09393409639596938 0.044733583927154534
v 0.0038085950072854757 0.09393399953842162 0.044579997658729546
v -0.007134028244763613 0.09414877742528914 0.04412644729018211
v -0.00408501923084259 0.09392721951007842 0.044537637382745736
v -0.0014326918171718717 0.09414877742528914 0.044676445424556725
v -0.0014326918171718717 0.09414877742528914 0.044676445424556725
v -0.00408501923084259 0.09392721951007842 0.044537637382745736
v -4.065478788106702e-05 0.09393409639596938 0.044733583927154534
v -0.01601416803896427 0.0939328297972679 0.04176488146185874
v -0.012193787842988968 0.09394145756959914 0.043081372976303094
v -0.012718221172690392 0.09414877742528914 0.04285189881920814
v -0.012718221172690392 0.09414877742528914 0.04285189881920814
v -0.012193787842988968 0.09394145756959914 0.043081372976303094
v -0.008147459477186203 0.09393376857042311 0.043985441327095025
v -0.012718221172690392 0.09414877742528914 0.04285189881920814
v -0.008147459477186203 0.09393376857042311 0.043985441327095025
v -0.007134028244763613 0.09414877742528914 0.04412644729018211
v -0.007134028244763613 0.09414877742528914 0.04412644729018211
v -0.008147459477186203 0.09393376857042311 0.043985441327095025
v -0.00408501923084259 0.09392721951007842 0.044537637382745736
v -0.01601416803896427 0.0939328297972679 0.04176488146185874
v -0.012718221172690392 0.09414877742528914 0.04285189881920814
v -0.018093593418598175 0.09414877742528914 0.04087371751666068
v -0.01601416803896427 0.0939328297972679 0.04176488146185874
v -0.018093593418598175 0.09414877742528914 0.04087371751666068
v -0.01962818205356598 0.09391138702630995 0.040163744240999215
v -0.01962818205356598 0.09391138702630995 0.040163744240999215
v -0.018093593418598175 0.09414877742528914 0.04087371751666068
v -0.023171856999397278 0.09414876997470854 0.03822439163923263
v -0.01962818205356598 0.09391138702630995 0.040163744240999215
v -0.023171856999397278 0.09414876997470854 0.03822439163923263
v -0.0235645342618227 0.09394077956676482 0.03805796429514884
v -0.027869638055562973 0.09414876997470854 0.03494742512702941
v -0.026619724929332733 0.0939102917909622 0.03591229394078254
v -0.023171856999397278 0.09414876997470854 0.03822439163923263
v -0.023171856999397278 0.09414876997470854 0.03822439163923263
v -0.026619724929332733 0.0939102917909622 0.03591229394078254
v -0.0235645342618227 0.09394077956676482 0.03805796429514884
v -0.026619724929332733 0.0939102917909622 0.03591229394078254
v -0.027869638055562973 0.09414876997470854 0.03494742512702941
v -0.02982831373810768 0.09394171088933943 0.03337851911783218
v -0.02982831373810768 0.09394171088933943 0.03337851911783218
v -0.027869638055562973 0.09414876997470854 0.03494742512702941
v -0.032109808176755905 0.09414876997470854 0.031096620485186573
v -0.02982831373810768 0.09394171088933943 0.03337851911783218
v -0.032109808176755905 0.09414876997470854 0.031096620485186573
v -0.032856158912181854 0.0939340516924858 0.030370678752660748
v -0.03582273796200752 0.09414876997470854 0.02673520892858505
v -0.03532281890511513 0.09391020238399504 0.027396630495786663
v -0.032109808176755905 0.09414876997470854 0.031096620485186573
v -0.032109808176755905 0.09414876997470854 0.031096620485186573
v -0.03532281890511513 0.09391020238399504 0.027396630495786663
v -0.032856158912181854 0.0939340516924858 0.030370678752660748
v -0.0389474593102932 0.09414876997470854 0.021934803575277325
v -0.03776026517152786 0.09393519908189772 0.024002265185117718
v -0.03582273796200752 0.09414876997470854 0.02673520892858505
v -0.03582273796200752 0.09414876997470854 0.02673520892858505
v -0.03776026517152786 0.09393519908189772 0.024002265185117718
v -0.03532281890511513 0.09391020238399504 0.027396630495786663
v -0.041432663798332214 0.09414876252412795 0.01677424274384975
v -0.04139416292309761 0.09391041845083235 0.0168787594884634
v -0.03975719213485718 0.09393388032913207 0.020508302375674244
v -0.041432663798332214 0.09414876252412795 0.01677424274384975
v -0.03975719213485718 0.09393388032913207 0.020508302375674244
v -0.0389474593102932 0.09414876997470854 0.021934803575277325
v -0.0389474593102932 0.09414876997470854 0.021934803575277325
v -0.03975719213485718 0.09393388032913207 0.020508302375674244
v -0.03776026517152786 0.09393519908189772 0.024002265185117718
v -0.04139416292309761 0.09391041845083235 0.0168787594884634
v -0.041432663798332214 0.09414876252412795 0.01677424274384975
v -0.042863618582487106 0.09393517673015593 0.012833163142204283
v -0.042863618582487106 0.09393517673015593 0.012833163142204283
v -0.041432663798332214 0.09414876252412795 0.01677424274384975
v -0.04323754087090492 0.09414876252412795 0.01133823301643133
v -0.042863618582487106 0.09393517673015593 0.012833163142204283
v -0.04323754087090492 0.09414876252412795 0.01133823301643133
v -0.043794188648462296 0.0939328148961067 0.00910026393830776
v -0.043794188648462296 0.0939328148961067 0.00910026393830776
v -0.04323754087090492 0.09414876252412795 0.01133823301643133
v -0.044332463294267654 0.09414876252412795 0.005716055631637572
v -0.044595714658498764 0.09390563517808913 -0.003052181331440806
v -0.04469110071659088 0.09391022473573683 0.000994997448287904
v -0.044699449092149734 0.09414876252412795 2.1106755454525225e-08
v -0.044699449092149734 0.09414876252412795 2.1106755454525225e-08
v -0.04469110071659088 0.09391022473573683 0.000994997448287904
v -0.044332463294267654 0.09414876252412795 0.005716055631637572
v -0.044332463294267654 0.09414876252412795 0.005716055631637572
v -0.04469110071659088 0.09391022473573683 0.000994997448287904
v -0.04441358894109726 0.09391187131404875 0.005095156840980052
v -0.044332463294267654 0.09414876252412795 0.005716055631637572
v -0.04441358894109726 0.09391187131404875 0.005095156840980052
v -0.043794188648462296 0.0939328148961067 0.00910026393830776
v -0.021489063277840614 0.09391136467456816 -0.039199631661176675
v -0.0179892610758543 0.09388647973537444 -0.04120753705501556
v -0.021661920472979546 0.09388647973537444 -0.03940096870064735
v -0.024929018691182137 0.0939102992415428 -0.037106055766344063
v -0.021489063277840614 0.09391136467456816 -0.039199631661176675
v -0.021661920472979546 0.09388647973537444 -0.03940096870064735
v -0.024929018691182137 0.0939102992415428 -0.037106055766344063
v -0.021661920472979546 0.09388647973537444 -0.03940096870064735
v -0.0250525064766407 0.0938906744122505 -0.0373275838792324
v -0.017814403399825096 0.09391043335199355 -0.04100000485777854
v -0.013986652716994286 0.09391026943922041 -0.042457845062017434
v -0.013958343304693699 0.09388696402311324 -0.042740710079669945
v -0.008111128583550453 0.09383548796176909 0.04424702748656272
v -0.004040418658405542 0.0938524156808853 0.04479671642184257
v -0.008147459477186203 0.09393376857042311 0.043985441327095025
v -0.008147459477186203 0.09393376857042311 0.043985441327095025
v -0.004040418658405542 0.0938524156808853 0.04479671642184257
v -0.00408501923084259 0.09392721951007842 0.044537637382745736
v -0.016030259430408478 0.09383976459503172 0.042026940733194344
v -0.012163768522441387 0.09381919354200362 0.0433131493628025
v -0.012193787842988968 0.09394145756959914 0.043081372976303094
v -0.016030259430408478 0.09383976459503172 0.042026940733194344
v -0.012193787842988968 0.09394145756959914 0.043081372976303094
v -0.01601416803896427 0.0939328297972679 0.04176488146185874
v -0.026868410408496857 0.09388696402311324 0.03605125099420547
v -0.02335328608751297 0.09381877630949019 0.03845294937491416
v -0.0235645342618227 0.09394077956676482 0.03805796429514884
v -0.026868410408496857 0.09388696402311324 0.03605125099420547
v -0.0235645342618227 0.09394077956676482 0.03805796429514884
v -0.026619724929332733 0.0939102917909622 0.03591229394078254
v -0.032877929508686066 0.09383974969387053 0.03069650568068027
v -0.029970921576023102 0.09381918609142302 0.03355192765593528
v -0.02982831373810768 0.09394171088933943 0.03337851911783218
v -0.032877929508686066 0.09383974969387053 0.03069650568068027
v -0.02982831373810768 0.09394171088933943 0.03337851911783218
v -0.032856158912181854 0.0939340516924858 0.030370678752660748
v -0.035598576068878174 0.09388696402311324 0.027465369552373883
v -0.032877929508686066 0.09383974969387053 0.03069650568068027
v -0.032856158912181854 0.0939340516924858 0.030370678752660748
v -0.035598576068878174 0.09388696402311324 0.027465369552373883
v -0.032856158912181854 0.0939340516924858 0.030370678752660748
v -0.03532281890511513 0.09391020238399504 0.027396630495786663
v -0.03992396220564842 0.0938354805111885 0.020728468894958493
v -0.03789381682872772 0.09383974969387053 0.024234132841229435
v -0.03776026517152786 0.09393519908189772 0.024002265185117718
v -0.03992396220564842 0.0938354805111885 0.020728468894958493
v -0.03776026517152786 0.09393519908189772 0.024002265185117718
v -0.03975719213485718 0.09393388032913207 0.020508302375674244
v -0.04168853908777237 0.09388695657253264 0.016842551529407498
v -0.03992396220564842 0.0938354805111885 0.020728468894958493
v -0.03975719213485718 0.09393388032913207 0.020508302375674244
v -0.04168853908777237 0.09388695657253264 0.016842551529407498
v -0.03975719213485718 0.09393388032913207 0.020508302375674244
v -0.04139416292309761 0.09391041845083235 0.0168787594884634
v -0.04403594508767128 0.0938354730606079 0.009188454598188399
v -0.043026912957429886 0.09383974969387053 0.013111830689013003
v -0.042863618582487106 0.09393517673015593 0.012833163142204283
v -0.04403594508767128 0.0938354730606079 0.009188454598188399
v -0.042863618582487106 0.09393517673015593 0.012833163142204283
v -0.043794188648462296 0.0939328148961067 0.00910026393830776
v -0.044890206307172775 0.09378235787153243 -0.003076063701882958
v -0.044996585696935654 0.09376143664121626 0.0009009304922074078
v -0.04487678408622742 0.09391968697309493 0.0009783860296010969
v -0.044890206307172775 0.09378235787153243 -0.003076063701882958
v -0.04487678408622742 0.09391968697309493 0.0009783860296010969
v -0.04476232826709747 0.09392959624528883 -0.0031317051034420724
v -0.04476232826709747 0.09392959624528883 -0.0031317051034420724
v -0.04487678408622742 0.09391968697309493 0.0009783860296010969
v -0.04469110071659088 0.09391022473573683 0.000994997448287904
v -0.04476232826709747 0.09392959624528883 -0.0031317051034420724
v -0.04469110071659088 0.09391022473573683 0.000994997448287904
v -0.044595714658498764 0.09390563517808913 -0.003052181331440806
v -0.0423821285367012 0.09381917864084242 -0.015091184526681898
v -0.04358525201678276 0.09380266815423964 -0.011164444498717783
v -0.04337485507130623 0.09394529461860655 -0.011198144406080244
v -0.0423821285367012 0.09381917864084242 -0.015091184526681898
v -0.04337485507130623 0.09394529461860655 -0.011198144406080244
v -0.04203358292579651 0.09394066780805586 -0.015380060300230978
v -0.03897459805011749 0.09381876885890959 -0.02247192151844501
v -0.04083506017923355 0.09383974969387053 -0.01886087469756603
v -0.03859781101346016 0.09394086897373198 -0.0226698275655508
v -0.03859781101346016 0.09394086897373198 -0.0226698275655508
v -0.04083506017923355 0.09383974969387053 -0.01886087469756603
v -0.04055962339043617 0.09393388777971266 -0.018875025212764737
v -0.03674371540546417 0.09383974969387053 -0.025944836437702175
v -0.03897459805011749 0.09381876885890959 -0.02247192151844501
v -0.03859781101346016 0.09394086897373198 -0.0226698275655508
v -0.03674371540546417 0.09383974969387053 -0.025944836437702175
v -0.03859781101346016 0.09394086897373198 -0.0226698275655508
v -0.03651464357972145 0.0939340367913246 -0.025840567424893376
v -0.031470999121665955 0.09383549541234969 -0.03214292973279952
v -0.03426353260874748 0.0938354730606079 -0.02914793603122234
v -0.034002985805273056 0.09393520653247832 -0.02908147685229778
v -0.031470999121665955 0.09383549541234969 -0.03214292973279952
v -0.034002985805273056 0.09393520653247832 -0.02908147685229778
v -0.03122762218117714 0.09393382817506789 -0.03203105926513671
v -0.028355171903967857 0.0938359498977661 -0.0349220149219036
v -0.031470999121665955 0.09383549541234969 -0.03214292973279952
v -0.03122762218117714 0.09393382817506789 -0.03203105926513671
v -0.028355171903967857 0.0938359498977661 -0.0349220149219036
v -0.03122762218117714 0.09393382817506789 -0.03203105926513671
v -0.028337983414530754 0.09393437206745146 -0.034622039645910256
v -0.006118122022598982 0.09383975714445113 -0.04456232860684394
v -0.010110164061188698 0.0938359573483467 -0.0438331589102745
v -0.010042845271527767 0.09393522143363951 -0.04360126331448554
v -0.006118122022598982 0.09383975714445113 -0.04456232860684394
v -0.010042845271527767 0.09393522143363951 -0.04360126331448554
v -0.0060416641645133495 0.0939337983727455 -0.04432398453354835
v -0.002004056703299284 0.0938359573483467 -0.04493933916091918
v -0.006118122022598982 0.09383975714445113 -0.04456232860684394
v -0.0060416641645133495 0.0939337983727455 -0.04432398453354835
v -0.002004056703299284 0.0938359573483467 -0.04493933916091918
v -0.0060416641645133495 0.0939337983727455 -0.04432398453354835
v -0.002159350784495473 0.09393440932035445 -0.044688552618026726
v 0.006088786292821169 0.09383550286293028 -0.04457034915685653
v 0.0020599314011633396 0.09385687112808226 -0.044926181435585015
v 0.006193367764353752 0.09393390268087386 -0.044304832816123955
v 0.006193367764353752 0.09393390268087386 -0.044304832816123955
v 0.0020599314011633396 0.09385687112808226 -0.044926181435585015
v 0.0021446733735501766 0.09392722696065901 -0.04467337578535079
v 0.01792522333562374 0.09382268041372298 -0.041260536760091775
v 0.014136692509055138 0.0938359647989273 -0.042704958468675606
v 0.017859594896435738 0.09394100308418273 -0.04102767258882522
v 0.017859594896435738 0.09394100308418273 -0.04102767258882522
v 0.014136692509055138 0.0938359647989273 -0.042704958468675606
v 0.01425780076533556 0.09393518418073653 -0.04241111129522323
v 0.0284225195646286 0.09383597224950789 -0.03486716747283935
v 0.02512306161224842 0.09381920099258421 -0.03732046484947204
v 0.02508145198225975 0.09394143521785735 -0.037089314311742776
v 0.0284225195646286 0.09383597224950789 -0.03486716747283935
v 0.02508145198225975 0.09394143521785735 -0.037089314311742776
v 0.02828953228890896 0.09393285214900969 -0.03464771062135696
v 0.03675147518515587 0.09383977204561232 -0.0259337592869997
v 0.034260381013154984 0.09381920099258421 -0.029158383607864376
v 0.03393298387527466 0.09394133836030959 -0.029190074652433392
v 0.03675147518515587 0.09383977204561232 -0.0259337592869997
v 0.03393298387527466 0.09394133836030959 -0.029190074652433392
v 0.03656008094549179 0.09393415600061415 -0.025777880102396008
v 0.04084068536758423 0.09383977204561232 -0.018848553299903866
v 0.03896673023700714 0.09378456324338912 -0.02249936386942863
v 0.03889485076069832 0.09392962604761122 -0.022375416010618206
v 0.04084068536758423 0.09383977204561232 -0.018848553299903866
v 0.03889485076069832 0.09392962604761122 -0.022375416010618206
v 0.040719352662563324 0.09393407404422759 -0.018542705103754994
v 0.040719352662563324 0.09393407404422759 -0.018542705103754994
v 0.03889485076069832 0.09392962604761122 -0.022375416010618206
v 0.03870638087391853 0.0939061939716339 -0.022358786314725872
v 0.04241187125444412 0.09388698637485503 -0.0149276340380311
v 0.04084068536758423 0.09383977204561232 -0.018848553299903866
v 0.040719352662563324 0.09393407404422759 -0.018542705103754994
v 0.04241187125444412 0.09388698637485503 -0.0149276340380311
v 0.040719352662563324 0.09393407404422759 -0.018542705103754994
v 0.04212852194905281 0.09391023218631743 -0.014948673546314238
v 0.04440845921635628 0.09383550286293028 -0.0071746637113392344
v 0.04358362406492233 0.09382269531488417 -0.01114501431584358
v 0.04340265691280365 0.09394169598817824 -0.01095797587186098
v 0.04440845921635628 0.09383550286293028 -0.0071746637113392344
v 0.04340265691280365 0.09394169598817824 -0.01095797587186098
v 0.04417990893125534 0.09393388777971266 -0.00702403113245964
v 0.044866546988487244 0.09388698637485503 -0.002931524300947785
v 0.04440845921635628 0.09383550286293028 -0.0071746637113392344
v 0.04417990893125534 0.09393388777971266 -0.00702403113245964
v 0.044866546988487244 0.09388698637485503 -0.002931524300947785
v 0.04417990893125534 0.09393388777971266 -0.00702403113245964
v 0.044598449021577835 0.09391046315431593 -0.0030567497014999385
v 0.04468792304396629 0.09383597970008849 0.005152451805770396
v 0.04496483504772186 0.09385293722152709 0.0010902853682637212
v 0.04444078728556633 0.0939328223466873 0.005074562039226293
v 0.04444078728556633 0.0939328223466873 0.005074562039226293
v 0.04496483504772186 0.09385293722152709 0.0010902853682637212
v 0.044709768146276474 0.0939272567629814 0.0011658695293590424
v 0.041671279817819595 0.09383550286293028 0.016943771392107006
v 0.04302287846803665 0.09383977949619292 0.01312484126538038
v 0.042715780436992645 0.09393515437841414 0.013317778706550596
v 0.041671279817819595 0.09383550286293028 0.016943771392107006
v 0.042715780436992645 0.09393515437841414 0.013317778706550596
v 0.04140189290046692 0.09393288940191268 0.016930773854255673
v 0.03548717498779297 0.0938906967639923 0.027597697451710698
v 0.03786974027752876 0.09383597224950789 0.024278407916426655
v 0.037648756057024 0.0939357429742813 0.024191819131374356
v 0.03548717498779297 0.0938906967639923 0.027597697451710698
v 0.037648756057024 0.0939357429742813 0.024191819131374356
v 0.03530439734458923 0.09390944987535475 0.02742032893002033
v 0.029970338568091393 0.09381878376007079 0.03355265036225318
v 0.03290128707885742 0.09383550286293028 0.03067722916603088
v 0.02954690530896187 0.09394089132547377 0.033625639975070946
v 0.02954690530896187 0.09394089132547377 0.033625639975070946
v 0.03290128707885742 0.09383550286293028 0.03067722916603088
v 0.032726772129535675 0.09393528103828429 0.030510211363434788
v 0.026647914201021194 0.09388697892427443 0.036214500665664666
v 0.029970338568091393 0.09381878376007079 0.03355265036225318
v 0.02954690530896187 0.09394089132547377 0.033625639975070946
v 0.026647914201021194 0.09388697892427443 0.036214500665664666
v 0.02954690530896187 0.09394089132547377 0.033625639975070946
v 0.02658582478761673 0.09391028434038161 0.035937204957008355
v 0.01981426402926445 0.09383549541234969 0.040385432541370385
v 0.023371458053588867 0.09382268786430357 0.03843851387500762
v 0.02318377047777176 0.09394170343875884 0.038293235003948205
v 0.01981426402926445 0.09383549541234969 0.040385432541370385
v 0.02318377047777176 0.09394170343875884 0.038293235003948205
v 0.01962229795753956 0.09393382817506789 0.04020072147250175
v 0.015984535217285156 0.09383597224950789 0.042048230767250054
v 0.01981426402926445 0.09383549541234969 0.040385432541370385
v 0.01962229795753956 0.09393382817506789 0.04020072147250175
v 0.015984535217285156 0.09383597224950789 0.042048230767250054
v 0.01962229795753956 0.09393382817506789 0.04020072147250175
v 0.01605769619345665 0.09393439441919325 0.04175973311066627
v 0.008144753985106945 0.09382268041372298 0.04424260556697845
v 0.012070906348526478 0.09385292977094649 0.043328054249286645
v 0.007923955097794533 0.09394123405218123 0.044047929346561425
v 0.007923955097794533 0.09394123405218123 0.044047929346561425
v 0.012070906348526478 0.09385292977094649 0.043328054249286645
v 0.011953458189964294 0.09392723441123961 0.04309787973761558
v -4.065478788106702e-05 0.09393409639596938 0.044733583927154534
v -0.00408501923084259 0.09392721951007842 0.044537637382745736
v -0.004040418658405542 0.0938524156808853 0.04479671642184257
v -4.065478788106702e-05 0.09393409639596938 0.044733583927154534
v -0.004040418658405542 0.0938524156808853 0.04479671642184257
v -6.834547548351111e-06 0.09383976459503172 0.04498035460710525
v -0.008147459477186203 0.09393376857042311 0.043985441327095025
v -0.012193787842988968 0.09394145756959914 0.043081372976303094
v -0.008111128583550453 0.09383548796176909 0.04424702748656272
v -0.008111128583550453 0.09383548796176909 0.04424702748656272
v -0.012193787842988968 0.09394145756959914 0.043081372976303094
v -0.012163768522441387 0.09381919354200362 0.0433131493628025
v -0.019697461277246475 0.09388649463653563 0.04041886329650878
v -0.016030259430408478 0.09383976459503172 0.042026940733194344
v -0.01601416803896427 0.0939328297972679 0.04176488146185874
v -0.019697461277246475 0.09388649463653563 0.04041886329650878
v -0.01601416803896427 0.0939328297972679 0.04176488146185874
v -0.01962818205356598 0.09391138702630995 0.040163744240999215
v -0.01962818205356598 0.09391138702630995 0.040163744240999215
v -0.0235645342618227 0.09394077956676482 0.03805796429514884
v -0.019697461277246475 0.09388649463653563 0.04041886329650878
v -0.019697461277246475 0.09388649463653563 0.04041886329650878
v -0.0235645342618227 0.09394077956676482 0.03805796429514884
v -0.02335328608751297 0.09381877630949019 0.03845294937491416
v -0.026619724929332733 0.0939102917909622 0.03591229394078254
v -0.02982831373810768 0.09394171088933943 0.03337851911783218
v -0.026868410408496857 0.09388696402311324 0.03605125099420547
v -0.026868410408496857 0.09388696402311324 0.03605125099420547
v -0.02982831373810768 0.09394171088933943 0.03337851911783218
v -0.029970921576023102 0.09381918609142302 0.03355192765593528
v -0.03532281890511513 0.09391020238399504 0.027396630495786663
v -0.03776026517152786 0.09393519908189772 0.024002265185117718
v -0.035598576068878174 0.09388696402311324 0.027465369552373883
v -0.035598576068878174 0.09388696402311324 0.027465369552373883
v -0.03776026517152786 0.09393519908189772 0.024002265185117718
v -0.03789381682872772 0.09383974969387053 0.024234132841229435
v -0.04139416292309761 0.09391041845083235 0.0168787594884634
v -0.042863618582487106 0.09393517673015593 0.012833163142204283
v -0.04168853908777237 0.09388695657253264 0.016842551529407498
v -0.04168853908777237 0.09388695657253264 0.016842551529407498
v -0.042863618582487106 0.09393517673015593 0.012833163142204283
v -0.043026912957429886 0.09383974969387053 0.013111830689013003
v -0.044662605971097946 0.09388648718595503 0.00518915569409728
v -0.04403594508767128 0.0938354730606079 0.009188454598188399
v -0.043794188648462296 0.0939328148961067 0.00910026393830776
v -0.044662605971097946 0.09388648718595503 0.00518915569409728
v -0.043794188648462296 0.0939328148961067 0.00910026393830776
v -0.04441358894109726 0.09391187131404875 0.005095156840980052
v -0.04441358894109726 0.09391187131404875 0.005095156840980052
v -0.04469110071659088 0.09391022473573683 0.000994997448287904
v -0.04487678408622742 0.09391968697309493 0.0009783860296010969
v -0.04441358894109726 0.09391187131404875 0.005095156840980052
v -0.04487678408622742 0.09391968697309493 0.0009783860296010969
v -0.044662605971097946 0.09388648718595503 0.00518915569409728
v -0.044662605971097946 0.09388648718595503 0.00518915569409728
v -0.04487678408622742 0.09391968697309493 0.0009783860296010969
v -0.044996585696935654 0.09376143664121626 0.0009009304922074078
v -0.044420238584280014 0.0938354656100273 -0.007101792376488446
v -0.044890206307172775 0.09378235787153243 -0.003076063701882958
v -0.04476232826709747 0.09392959624528883 -0.0031317051034420724
v -0.044420238584280014 0.0938354656100273 -0.007101792376488446
v -0.04476232826709747 0.09392959624528883 -0.0031317051034420724
v -0.04419476166367531 0.09393528848886488 -0.006981651298701762
v -0.04419476166367531 0.09393528848886488 -0.006981651298701762
v -0.04476232826709747 0.09392959624528883 -0.0031317051034420724
v -0.044595714658498764 0.09390563517808913 -0.003052181331440806
v -0.04419476166367531 0.09393528848886488 -0.006981651298701762
v -0.04337485507130623 0.09394529461860655 -0.011198144406080244
v -0.044420238584280014 0.0938354656100273 -0.007101792376488446
v -0.044420238584280014 0.0938354656100273 -0.007101792376488446
v -0.04337485507130623 0.09394529461860655 -0.011198144406080244
v -0.04358525201678276 0.09380266815423964 -0.011164444498717783
v -0.04203358292579651 0.09394066780805586 -0.015380060300230978
v -0.04055962339043617 0.09393388777971266 -0.018875025212764737
v -0.04083506017923355 0.09383974969387053 -0.01886087469756603
v -0.04203358292579651 0.09394066780805586 -0.015380060300230978
v -0.04083506017923355 0.09383974969387053 -0.01886087469756603
v -0.0423821285367012 0.09381917864084242 -0.015091184526681898
v -0.03651464357972145 0.0939340367913246 -0.025840567424893376
v -0.034002985805273056 0.09393520653247832 -0.02908147685229778
v -0.03426353260874748 0.0938354730606079 -0.02914793603122234
v -0.03651464357972145 0.0939340367913246 -0.025840567424893376
v -0.03426353260874748 0.0938354730606079 -0.02914793603122234
v -0.03674371540546417 0.09383974969387053 -0.025944836437702175
v -0.0250525064766407 0.0938906744122505 -0.0373275838792324
v -0.028355171903967857 0.0938359498977661 -0.0349220149219036
v -0.028337983414530754 0.09393437206745146 -0.034622039645910256
v -0.0250525064766407 0.0938906744122505 -0.0373275838792324
v -0.028337983414530754 0.09393437206745146 -0.034622039645910256
v -0.024929018691182137 0.0939102992415428 -0.037106055766344063
v -0.021489063277840614 0.09391136467456816 -0.039199631661176675
v -0.017814403399825096 0.09391043335199355 -0.04100000485777854
v -0.0179892610758543 0.09388647973537444 -0.04120753705501556
v -0.0179892610758543 0.09388647973537444 -0.04120753705501556
v -0.017814403399825096 0.09391043335199355 -0.04100000485777854
v -0.013958343304693699 0.09388696402311324 -0.042740710079669945
v -0.013986652716994286 0.09391026943922041 -0.042457845062017434
v -0.010042845271527767 0.09393522143363951 -0.04360126331448554
v -0.013958343304693699 0.09388696402311324 -0.042740710079669945
v -0.013958343304693699 0.09388696402311324 -0.042740710079669945
v -0.010042845271527767 0.09393522143363951 -0.04360126331448554
v -0.010110164061188698 0.0938359573483467 -0.0438331589102745
v -0.002159350784495473 0.09393440932035445 -0.044688552618026726
v 0.0021446733735501766 0.09392722696065901 -0.04467337578535079
v 0.0020599314011633396 0.09385687112808226 -0.044926181435585015
v -0.002159350784495473 0.09393440932035445 -0.044688552618026726
v 0.0020599314011633396 0.09385687112808226 -0.044926181435585015
v -0.002004056703299284 0.0938359573483467 -0.04493933916091918
v 0.010116553865373135 0.09383548796176909 -0.04383200034499168
v 0.006088786292821169 0.09383550286293028 -0.04457034915685653
v 0.006193367764353752 0.09393390268087386 -0.044304832816123955
v 0.010116553865373135 0.09383548796176909 -0.04383200034499168
v 0.006193367764353752 0.09393390268087386 -0.044304832816123955
v 0.010357121005654335 0.09393398463726042 -0.04352711513638496
v 0.010357121005654335 0.09393398463726042 -0.04352711513638496
v 0.01425780076533556 0.09393518418073653 -0.04241111129522323
v 0.014136692509055138 0.0938359647989273 -0.042704958468675606
v 0.010357121005654335 0.09393398463726042 -0.04352711513638496
v 0.014136692509055138 0.0938359647989273 -0.042704958468675606
v 0.010116553865373135 0.09383548796176909 -0.04383200034499168
v 0.021516596898436546 0.09388649463653563 -0.03948048502206802
v 0.01792522333562374 0.09382268041372298 -0.041260536760091775
v 0.017859594896435738 0.09394100308418273 -0.04102767258882522
v 0.021516596898436546 0.09388649463653563 -0.03948048502206802
v 0.017859594896435738 0.09394100308418273 -0.04102767258882522
v 0.021428439766168594 0.09391137957572936 -0.039232738316059106
v 0.021428439766168594 0.09391137957572936 -0.039232738316059106
v 0.02508145198225975 0.09394143521785735 -0.037089314311742776
v 0.021516596898436546 0.09388649463653563 -0.03948048502206802
v 0.021516596898436546 0.09388649463653563 -0.03948048502206802
v 0.02508145198225975 0.09394143521785735 -0.037089314311742776
v 0.02512306161224842 0.09381920099258421 -0.03732046484947204
v 0.03144665062427521 0.09383977204561232 -0.032161135226488106
v 0.0284225195646286 0.09383597224950789 -0.03486716747283935
v 0.02828953228890896 0.09393285214900969 -0.03464771062135696
v 0.03144665062427521 0.09383977204561232 -0.032161135226488106
v 0.02828953228890896 0.09393285214900969 -0.03464771062135696
v 0.03120921552181244 0.09393529593944548 -0.0320608764886856
v 0.03120921552181244 0.09393529593944548 -0.0320608764886856
v 0.03393298387527466 0.09394133836030959 -0.029190074652433392
v 0.03144665062427521 0.09383977204561232 -0.032161135226488106
v 0.03144665062427521 0.09383977204561232 -0.032161135226488106
v 0.03393298387527466 0.09394133836030959 -0.029190074652433392
v 0.034260381013154984 0.09381920099258421 -0.029158383607864376
v 0.03656008094549179 0.09393415600061415 -0.025777880102396008
v 0.03870638087391853 0.0939061939716339 -0.022358786314725872
v 0.03889485076069832 0.09392962604761122 -0.022375416010618206
v 0.03656008094549179 0.09393415600061415 -0.025777880102396008
v 0.03889485076069832 0.09392962604761122 -0.022375416010618206
v 0.03675147518515587 0.09383977204561232 -0.0259337592869997
v 0.03675147518515587 0.09383977204561232 -0.0259337592869997
v 0.03889485076069832 0.09392962604761122 -0.022375416010618206
v 0.03896673023700714 0.09378456324338912 -0.02249936386942863
v 0.04212852194905281 0.09391023218631743 -0.014948673546314238
v 0.04340265691280365 0.09394169598817824 -0.01095797587186098
v 0.04241187125444412 0.09388698637485503 -0.0149276340380311
v 0.04241187125444412 0.09388698637485503 -0.0149276340380311
v 0.04340265691280365 0.09394169598817824 -0.01095797587186098
v 0.04358362406492233 0.09382269531488417 -0.01114501431584358
v 0.044598449021577835 0.09391046315431593 -0.0030567497014999385
v 0.044709768146276474 0.0939272567629814 0.0011658695293590424
v 0.044866546988487244 0.09388698637485503 -0.002931524300947785
v 0.044866546988487244 0.09388698637485503 -0.002931524300947785
v 0.044709768146276474 0.0939272567629814 0.0011658695293590424
v 0.04496483504772186 0.09385293722152709 0.0010902853682637212
v 0.044038139283657074 0.09383977949619292 0.009158162400126455
v 0.04468792304396629 0.09383597970008849 0.005152451805770396
v 0.04444078728556633 0.0939328223466873 0.005074562039226293
v 0.044038139283657074 0.09383977949619292 0.009158162400126455
v 0.04444078728556633 0.0939328223466873 0.005074562039226293
v 0.04380737245082855 0.09393570572137831 0.009142816066741942
v 0.04380737245082855 0.09393570572137831 0.009142816066741942
v 0.042715780436992645 0.09393515437841414 0.013317778706550596
v 0.04302287846803665 0.09383977949619292 0.01312484126538038
v 0.04380737245082855 0.09393570572137831 0.009142816066741942
v 0.04302287846803665 0.09383977949619292 0.01312484126538038
v 0.044038139283657074 0.09383977949619292 0.009158162400126455
v 0.03995785117149353 0.09383550286293028 0.020662944763898846
v 0.041671279817819595 0.09383550286293028 0.016943771392107006
v 0.04140189290046692 0.09393288940191268 0.016930773854255673
v 0.03995785117149353 0.09383550286293028 0.020662944763898846
v 0.04140189290046692 0.09393288940191268 0.016930773854255673
v 0.03978504240512848 0.09393530339002608 0.020471097901463505
v 0.03978504240512848 0.09393530339002608 0.020471097901463505
v 0.037648756057024 0.0939357429742813 0.024191819131374356
v 0.03786974027752876 0.09383597224950789 0.024278407916426655
v 0.03978504240512848 0.09393530339002608 0.020471097901463505
v 0.03786974027752876 0.09383597224950789 0.024278407916426655
v 0.03995785117149353 0.09383550286293028 0.020662944763898846
v 0.03530439734458923 0.09390944987535475 0.02742032893002033
v 0.032726772129535675 0.09393528103828429 0.030510211363434788
v 0.03548717498779297 0.0938906967639923 0.027597697451710698
v 0.03548717498779297 0.0938906967639923 0.027597697451710698
v 0.032726772129535675 0.09393528103828429 0.030510211363434788
v 0.03290128707885742 0.09383550286293028 0.03067722916603088
v 0.02658582478761673 0.09391028434038161 0.035937204957008355
v 0.02318377047777176 0.09394170343875884 0.038293235003948205
v 0.026647914201021194 0.09388697892427443 0.036214500665664666
v 0.026647914201021194 0.09388697892427443 0.036214500665664666
v 0.02318377047777176 0.09394170343875884 0.038293235003948205
v 0.023371458053588867 0.09382268786430357 0.03843851387500762
v 0.01605769619345665 0.09393439441919325 0.04175973311066627
v 0.011953458189964294 0.09392723441123961 0.04309787973761558
v 0.012070906348526478 0.09385292977094649 0.043328054249286645
v 0.01605769619345665 0.09393439441919325 0.04175973311066627
v 0.012070906348526478 0.09385292977094649 0.043328054249286645
v 0.015984535217285156 0.09383597224950789 0.042048230767250054
v 0.004127349238842726 0.09383549541234969 0.044794570654630654
v 0.008144753985106945 0.09382268041372298 0.04424260556697845
v 0.007923955097794533 0.09394123405218123 0.044047929346561425
v 0.004127349238842726 0.09383549541234969 0.044794570654630654
v 0.007923955097794533 0.09394123405218123 0.044047929346561425
v 0.0038085950072854757 0.09393399953842162 0.044579997658729546
v -6.834547548351111e-06 0.09383976459503172 0.04498035460710525
v 0.004127349238842726 0.09383549541234969 0.044794570654630654
v 0.0038085950072854757 0.09393399953842162 0.044579997658729546
v -6.834547548351111e-06 0.09383976459503172 0.04498035460710525
v 0.0038085950072854757 0.09393399953842162 0.044579997658729546
v -4.065478788106702e-05 0.09393409639596938 0.044733583927154534
v -0.04465551674365997 0.08516070246696471 0.005243122112005948
v -0.044662605971097946 0.09388648718595503 0.00518915569409728
v -0.04495164379477501 0.08516050130128859 0.0009586286032572388
v -0.04495164379477501 0.08516050130128859 0.0009586286032572388
v -0.044662605971097946 0.09388648718595503 0.00518915569409728
v -0.044996585696935654 0.09376143664121626 0.0009009304922074078
v -0.04495164379477501 0.08516050130128859 0.0009586286032572388
v -0.044996585696935654 0.09376143664121626 0.0009009304922074078
v -0.0448613278567791 0.08517377823591231 -0.0030525268521159883
v -0.0448613278567791 0.08517377823591231 -0.0030525268521159883
v -0.044996585696935654 0.09376143664121626 0.0009009304922074078
v -0.044890206307172775 0.09378235787153243 -0.003076063701882958
v -0.0448613278567791 0.08517377823591231 -0.0030525268521159883
v -0.044890206307172775 0.09378235787153243 -0.003076063701882958
v -0.04442095756530762 0.08521173894405364 -0.00709526240825653
v -0.04442095756530762 0.08521173894405364 -0.00709526240825653
v -0.044890206307172775 0.09378235787153243 -0.003076063701882958
v -0.044420238584280014 0.0938354656100273 -0.007101792376488446
v -0.04442095756530762 0.08521173894405364 -0.00709526240825653
v -0.044420238584280014 0.0938354656100273 -0.007101792376488446
v -0.043540049344301224 0.08516117930412291 -0.011222323402762411
v -0.043540049344301224 0.08516117930412291 -0.011222323402762411
v -0.044420238584280014 0.0938354656100273 -0.007101792376488446
v -0.04358525201678276 0.09380266815423964 -0.011164444498717783
v -0.043540049344301224 0.08516117930412291 -0.011222323402762411
v -0.04358525201678276 0.09380266815423964 -0.011164444498717783
v -0.04233914613723755 0.08516117930412291 -0.015135133638978003
v -0.04233914613723755 0.08516117930412291 -0.015135133638978003
v -0.04358525201678276 0.09380266815423964 -0.011164444498717783
v -0.0423821285367012 0.09381917864084242 -0.015091184526681898
v -0.04233914613723755 0.08516117930412291 -0.015135133638978003
v -0.0423821285367012 0.09381917864084242 -0.015091184526681898
v -0.04084078595042229 0.08520793169736861 -0.018848506733775135
v -0.04084078595042229 0.08520793169736861 -0.018848506733775135
v -0.0423821285367012 0.09381917864084242 -0.015091184526681898
v -0.04083506017923355 0.09383974969387053 -0.01886087469756603
v -0.04084078595042229 0.08520793169736861 -0.018848506733775135
v -0.04083506017923355 0.09383974969387053 -0.01886087469756603
v -0.038979046046733856 0.08521173894405364 -0.022454351186752316
v -0.038979046046733856 0.08521173894405364 -0.022454351186752316
v -0.04083506017923355 0.09383974969387053 -0.01886087469756603
v -0.03897459805011749 0.09381876885890959 -0.02247192151844501
v -0.038979046046733856 0.08521173894405364 -0.022454351186752316
v -0.03897459805011749 0.09381876885890959 -0.02247192151844501
v -0.03675156459212303 0.0852079391479492 -0.02593373507261276
v -0.03675156459212303 0.0852079391479492 -0.02593373507261276
v -0.03897459805011749 0.09381876885890959 -0.02247192151844501
v -0.03674371540546417 0.09383974969387053 -0.025944836437702175
v -0.03675156459212303 0.0852079391479492 -0.02593373507261276
v -0.03674371540546417 0.09383974969387053 -0.025944836437702175
v -0.03431163728237152 0.08516070246696471 -0.029057126492261883
v -0.03431163728237152 0.08516070246696471 -0.029057126492261883
v -0.03674371540546417 0.09383974969387053 -0.025944836437702175
v -0.03426353260874748 0.0938354730606079 -0.02914793603122234
v -0.03431163728237152 0.08516070246696471 -0.029057126492261883
v -0.03426353260874748 0.0938354730606079 -0.02914793603122234
v -0.031475476920604706 0.08521173149347304 -0.03213809803128242
v -0.031475476920604706 0.08521173149347304 -0.03213809803128242
v -0.03426353260874748 0.0938354730606079 -0.02914793603122234
v -0.031470999121665955 0.09383549541234969 -0.03214292973279952
v -0.031475476920604706 0.08521173149347304 -0.03213809803128242
v -0.031470999121665955 0.09383549541234969 -0.03214292973279952
v -0.0283605195581913 0.08521220088005065 -0.03491809591650962
v -0.0283605195581913 0.08521220088005065 -0.03491809591650962
v -0.031470999121665955 0.09383549541234969 -0.03214292973279952
v -0.028355171903967857 0.0938359498977661 -0.0349220149219036
v -0.0283605195581913 0.08521220088005065 -0.03491809591650962
v -0.028355171903967857 0.0938359498977661 -0.0349220149219036
v -0.025017714127898216 0.08516118675470351 -0.03736026212573051
v -0.025017714127898216 0.08516118675470351 -0.03736026212573051
v -0.028355171903967857 0.0938359498977661 -0.0349220149219036
v -0.0250525064766407 0.0938906744122505 -0.0373275838792324
v -0.025017714127898216 0.08516118675470351 -0.03736026212573051
v -0.0250525064766407 0.0938906744122505 -0.0373275838792324
v -0.021661920472979546 0.09388647973537444 -0.03940096870064735
v -0.025017714127898216 0.08516118675470351 -0.03736026212573051
v -0.021661920472979546 0.09388647973537444 -0.03940096870064735
v -0.02161690965294838 0.08515699952840804 -0.0394168198108673
v -0.02161690965294838 0.08515699952840804 -0.0394168198108673
v -0.021661920472979546 0.09388647973537444 -0.03940096870064735
v -0.01803879626095295 0.08516069501638411 -0.041185017675161355
v -0.01803879626095295 0.08516069501638411 -0.041185017675161355
v -0.021661920472979546 0.09388647973537444 -0.03940096870064735
v -0.0179892610758543 0.09388647973537444 -0.04120753705501556
v -0.01803879626095295 0.08516069501638411 -0.041185017675161355
v -0.0179892610758543 0.09388647973537444 -0.04120753705501556
v -0.014010329730808735 0.08516118675470351 -0.042724531143903725
v -0.014010329730808735 0.08516118675470351 -0.042724531143903725
v -0.0179892610758543 0.09388647973537444 -0.04120753705501556
v -0.013958343304693699 0.09388696402311324 -0.042740710079669945
v -0.014010329730808735 0.08516118675470351 -0.042724531143903725
v -0.013958343304693699 0.09388696402311324 -0.042740710079669945
v -0.010116690769791603 0.08521220088005065 -0.04383198916912078
v -0.010116690769791603 0.08521220088005065 -0.04383198916912078
v -0.013958343304693699 0.09388696402311324 -0.042740710079669945
v -0.010110164061188698 0.0938359573483467 -0.0438331589102745
v -0.010116690769791603 0.08521220088005065 -0.04383198916912078
v -0.010110164061188698 0.0938359573483467 -0.0438331589102745
v -0.006131620146334171 0.0852079391479492 -0.0445604845881462
v -0.006131620146334171 0.0852079391479492 -0.0445604845881462
v -0.010110164061188698 0.0938359573483467 -0.0438331589102745
v -0.006118122022598982 0.09383975714445113 -0.04456232860684394
v -0.006131620146334171 0.0852079391479492 -0.0445604845881462
v -0.006118122022598982 0.09383975714445113 -0.04456232860684394
v -0.0020817890763282776 0.08515699952840804 -0.04490702971816062
v -0.0020817890763282776 0.08515699952840804 -0.04490702971816062
v -0.006118122022598982 0.09383975714445113 -0.04456232860684394
v -0.002004056703299284 0.0938359573483467 -0.04493933916091918
v -0.0020817890763282776 0.08515699952840804 -0.04490702971816062
v -0.002004056703299284 0.0938359573483467 -0.04493933916091918
v 0.002049526199698448 0.08526312559843062 -0.044949188828468316
v 0.002049526199698448 0.08526312559843062 -0.044949188828468316
v -0.002004056703299284 0.0938359573483467 -0.04493933916091918
v 0.0020599314011633396 0.09385687112808226 -0.044926181435585015
v 0.002049526199698448 0.08526312559843062 -0.044949188828468316
v 0.0020599314011633396 0.09385687112808226 -0.044926181435585015
v 0.006088786292821169 0.09383550286293028 -0.04457034915685653
v 0.002049526199698448 0.08526312559843062 -0.044949188828468316
v 0.006088786292821169 0.09383550286293028 -0.04457034915685653
v 0.006118036340922117 0.0852079465985298 -0.044562347233295434
v 0.006118036340922117 0.0852079465985298 -0.044562347233295434
v 0.006088786292821169 0.09383550286293028 -0.04457034915685653
v 0.010013837367296219 0.0851607173681259 -0.043832927942275994
v 0.010013837367296219 0.0851607173681259 -0.043832927942275994
v 0.006088786292821169 0.09383550286293028 -0.04457034915685653
v 0.010116553865373135 0.09383548796176909 -0.04383200034499168
v 0.010013837367296219 0.0851607173681259 -0.043832927942275994
v 0.010116553865373135 0.09383548796176909 -0.04383200034499168
v 0.014130494557321072 0.08521220833063124 -0.042707357555627816
v 0.014130494557321072 0.08521220833063124 -0.042707357555627816
v 0.010116553865373135 0.09383548796176909 -0.04383200034499168
v 0.014136692509055138 0.0938359647989273 -0.042704958468675606
v 0.014130494557321072 0.08521220833063124 -0.042707357555627816
v 0.014136692509055138 0.0938359647989273 -0.042704958468675606
v 0.017913956195116043 0.0852079465985298 -0.04125921800732612
v 0.017913956195116043 0.0852079465985298 -0.04125921800732612
v 0.014136692509055138 0.0938359647989273 -0.042704958468675606
v 0.01792522333562374 0.09382268041372298 -0.041260536760091775
v 0.017913956195116043 0.0852079465985298 -0.04125921800732612
v 0.01792522333562374 0.09382268041372298 -0.041260536760091775
v 0.02146844007074833 0.0851607173681259 -0.03950580582022666
v 0.02146844007074833 0.0851607173681259 -0.03950580582022666
v 0.01792522333562374 0.09382268041372298 -0.041260536760091775
v 0.021516596898436546 0.09388649463653563 -0.03948048502206802
v 0.02146844007074833 0.0851607173681259 -0.03950580582022666
v 0.021516596898436546 0.09388649463653563 -0.03948048502206802
v 0.025154994800686836 0.0851612016558647 -0.03726793080568313
v 0.025154994800686836 0.0851612016558647 -0.03726793080568313
v 0.021516596898436546 0.09388649463653563 -0.03948048502206802
v 0.02512306161224842 0.09381920099258421 -0.03732046484947204
v 0.025154994800686836 0.0851612016558647 -0.03726793080568313
v 0.02512306161224842 0.09381920099258421 -0.03732046484947204
v 0.02838125452399254 0.085207961499691 -0.03489608690142631
v 0.02838125452399254 0.085207961499691 -0.03489608690142631
v 0.02512306161224842 0.09381920099258421 -0.03732046484947204
v 0.0284225195646286 0.09383597224950789 -0.03486716747283935
v 0.02838125452399254 0.085207961499691 -0.03489608690142631
v 0.0284225195646286 0.09383597224950789 -0.03486716747283935
v 0.0314132459461689 0.08521176129579543 -0.032198872417211526
v 0.0314132459461689 0.08521176129579543 -0.032198872417211526
v 0.0284225195646286 0.09383597224950789 -0.03486716747283935
v 0.03144665062427521 0.09383977204561232 -0.032161135226488106
v 0.0314132459461689 0.08521176129579543 -0.032198872417211526
v 0.03144665062427521 0.09383977204561232 -0.032161135226488106
v 0.03426344320178032 0.08521222323179244 -0.029147993773221966
v 0.03426344320178032 0.08521222323179244 -0.029147993773221966
v 0.03144665062427521 0.09383977204561232 -0.032161135226488106
v 0.034260381013154984 0.09381920099258421 -0.029158383607864376
v 0.03426344320178032 0.08521222323179244 -0.029147993773221966
v 0.034260381013154984 0.09381920099258421 -0.029158383607864376
v 0.036772049963474274 0.08521222323179244 -0.025911487638950344
v 0.036772049963474274 0.08521222323179244 -0.025911487638950344
v 0.034260381013154984 0.09381920099258421 -0.029158383607864376
v 0.03675147518515587 0.09383977204561232 -0.0259337592869997
v 0.036772049963474274 0.08521222323179244 -0.025911487638950344
v 0.03675147518515587 0.09383977204561232 -0.0259337592869997
v 0.03896673023700714 0.09378456324338912 -0.02249936386942863
v 0.036772049963474274 0.08521222323179244 -0.025911487638950344
v 0.03896673023700714 0.09378456324338912 -0.02249936386942863
v 0.03897594287991524 0.08521221578121184 -0.02246027439832687
v 0.03897594287991524 0.08521221578121184 -0.02246027439832687
v 0.03896673023700714 0.09378456324338912 -0.02249936386942863
v 0.040835000574588776 0.085207961499691 -0.01886092126369476
v 0.040835000574588776 0.085207961499691 -0.01886092126369476
v 0.03896673023700714 0.09378456324338912 -0.02249936386942863
v 0.04084068536758423 0.09383977204561232 -0.018848553299903866
v 0.040835000574588776 0.085207961499691 -0.01886092126369476
v 0.04084068536758423 0.09383977204561232 -0.018848553299903866
v 0.042394500225782394 0.0851612091064453 -0.014979212544858454
v 0.042394500225782394 0.0851612091064453 -0.014979212544858454
v 0.04084068536758423 0.09383977204561232 -0.018848553299903866
v 0.04241187125444412 0.09388698637485503 -0.0149276340380311
v 0.042394500225782394 0.0851612091064453 -0.014979212544858454
v 0.04241187125444412 0.09388698637485503 -0.0149276340380311
v 0.04359031841158867 0.08521222323179244 -0.011111794039607046
v 0.04359031841158867 0.08521222323179244 -0.011111794039607046
v 0.04241187125444412 0.09388698637485503 -0.0149276340380311
v 0.04358362406492233 0.09382269531488417 -0.01114501431584358
v 0.04359031841158867 0.08521222323179244 -0.011111794039607046
v 0.04358362406492233 0.09382269531488417 -0.01114501431584358
v 0.04440845921635628 0.09383550286293028 -0.0071746637113392344
v 0.04359031841158867 0.08521222323179244 -0.011111794039607046
v 0.04440845921635628 0.09383550286293028 -0.0071746637113392344
v 0.04440934211015701 0.08520796895027159 -0.007144334260374307
v 0.04440934211015701 0.08520796895027159 -0.007144334260374307
v 0.04440845921635628 0.09383550286293028 -0.0071746637113392344
v 0.04488192871212959 0.08521222323179244 -0.003033128567039966
v 0.04488192871212959 0.08521222323179244 -0.003033128567039966
v 0.04440845921635628 0.09383550286293028 -0.0071746637113392344
v 0.044866546988487244 0.09388698637485503 -0.002931524300947785
v 0.04488192871212959 0.08521222323179244 -0.003033128567039966
v 0.044866546988487244 0.09388698637485503 -0.002931524300947785
v 0.04494938999414444 0.0851612091064453 0.0011062296107411382
v 0.04494938999414444 0.0851612091064453 0.0011062296107411382
v 0.044866546988487244 0.09388698637485503 -0.002931524300947785
v 0.04496483504772186 0.09385293722152709 0.0010902853682637212
v 0.04494938999414444 0.0851612091064453 0.0011062296107411382
v 0.04496483504772186 0.09385293722152709 0.0010902853682637212
v 0.04468901455402374 0.08521222323179244 0.005145910196006297
v 0.04468901455402374 0.08521222323179244 0.005145910196006297
v 0.04496483504772186 0.09385293722152709 0.0010902853682637212
v 0.04468792304396629 0.09383597970008849 0.005152451805770396
v 0.04468901455402374 0.08521222323179244 0.005145910196006297
v 0.04468792304396629 0.09383597970008849 0.005152451805770396
v 0.04402219504117966 0.08515700697898863 0.009111449122428892
v 0.04402219504117966 0.08515700697898863 0.009111449122428892
v 0.04468792304396629 0.09383597970008849 0.005152451805770396
v 0.044038139283657074 0.09383977949619292 0.009158162400126455
v 0.04402219504117966 0.08515700697898863 0.009111449122428892
v 0.044038139283657074 0.09383977949619292 0.009158162400126455
v 0.0430179089307785 0.08521222323179244 0.01315472088754177
v 0.0430179089307785 0.08521222323179244 0.01315472088754177
v 0.044038139283657074 0.09383977949619292 0.009158162400126455
v 0.04302287846803665 0.09383977949619292 0.01312484126538038
v 0.0430179089307785 0.08521222323179244 0.01315472088754177
v 0.04302287846803665 0.09383977949619292 0.01312484126538038
v 0.041671279817819595 0.09383550286293028 0.016943771392107006
v 0.0430179089307785 0.08521222323179244 0.01315472088754177
v 0.041671279817819595 0.09383550286293028 0.016943771392107006
v 0.04164345934987068 0.08521222323179244 0.01701206155121326
v 0.04164345934987068 0.08521222323179244 0.01701206155121326
v 0.041671279817819595 0.09383550286293028 0.016943771392107006
v 0.03995785117149353 0.09383550286293028 0.020662944763898846
v 0.04164345934987068 0.08521222323179244 0.01701206155121326
v 0.03995785117149353 0.09383550286293028 0.020662944763898846
v 0.03994051739573479 0.085207961499691 0.02068783529102802
v 0.03994051739573479 0.085207961499691 0.02068783529102802
v 0.03995785117149353 0.09383550286293028 0.020662944763898846
v 0.03787359222769737 0.08521221578121184 0.024273009970784184
v 0.03787359222769737 0.08521221578121184 0.024273009970784184
v 0.03995785117149353 0.09383550286293028 0.020662944763898846
v 0.03786974027752876 0.09383597224950789 0.024278407916426655
v 0.03787359222769737 0.08521221578121184 0.024273009970784184
v 0.03786974027752876 0.09383597224950789 0.024278407916426655
v 0.035530935972929 0.08515701442956923 0.027541337534785267
v 0.035530935972929 0.08515701442956923 0.027541337534785267
v 0.03786974027752876 0.09383597224950789 0.024278407916426655
v 0.03548717498779297 0.0938906967639923 0.027597697451710698
v 0.035530935972929 0.08515701442956923 0.027541337534785267
v 0.03548717498779297 0.0938906967639923 0.027597697451710698
v 0.03295348957180977 0.0851607248187065 0.03058870136737823
v 0.03295348957180977 0.0851607248187065 0.03058870136737823
v 0.03548717498779297 0.0938906967639923 0.027597697451710698
v 0.03290128707885742 0.09383550286293028 0.03067722916603088
v 0.03295348957180977 0.0851607248187065 0.03058870136737823
v 0.03290128707885742 0.09383550286293028 0.03067722916603088
v 0.029980061575770378 0.08521176129579543 0.03353737294673919
v 0.029980061575770378 0.08521176129579543 0.03353737294673919
v 0.03290128707885742 0.09383550286293028 0.03067722916603088
v 0.029970338568091393 0.09381878376007079 0.03355265036225318
v 0.029980061575770378 0.08521176129579543 0.03353737294673919
v 0.029970338568091393 0.09381878376007079 0.03355265036225318
v 0.026692185550928116 0.0851612016558647 0.036182850599288933
v 0.026692185550928116 0.0851612016558647 0.036182850599288933
v 0.029970338568091393 0.09381878376007079 0.03355265036225318
v 0.026647914201021194 0.09388697892427443 0.036214500665664666
v 0.026692185550928116 0.0851612016558647 0.036182850599288933
v 0.026647914201021194 0.09388697892427443 0.036214500665664666
v 0.023388510569930077 0.08515699952840804 0.0383920632302761
v 0.023388510569930077 0.08515699952840804 0.0383920632302761
v 0.026647914201021194 0.09388697892427443 0.036214500665664666
v 0.023371458053588867 0.09382268786430357 0.03843851387500762
v 0.023388510569930077 0.08515699952840804 0.0383920632302761
v 0.023371458053588867 0.09382268786430357 0.03843851387500762
v 0.019820036366581917 0.08521176129579543 0.0403822399675846
v 0.019820036366581917 0.08521176129579543 0.0403822399675846
v 0.023371458053588867 0.09382268786430357 0.03843851387500762
v 0.01981426402926445 0.09383549541234969 0.040385432541370385
v 0.019820036366581917 0.08521176129579543 0.0403822399675846
v 0.01981426402926445 0.09383549541234969 0.040385432541370385
v 0.015940338373184204 0.0851612016558647 0.04204256832599639
v 0.015940338373184204 0.0851612016558647 0.04204256832599639
v 0.01981426402926445 0.09383549541234969 0.040385432541370385
v 0.015984535217285156 0.09383597224950789 0.042048230767250054
v 0.015940338373184204 0.0851612016558647 0.04204256832599639
v 0.015984535217285156 0.09383597224950789 0.042048230767250054
v 0.01205116044729948 0.0851612016558647 0.04331791400909423
v 0.01205116044729948 0.0851612016558647 0.04331791400909423
v 0.015984535217285156 0.09383597224950789 0.042048230767250054
v 0.012070906348526478 0.09385292977094649 0.043328054249286645
v 0.01205116044729948 0.0851612016558647 0.04331791400909423
v 0.012070906348526478 0.09385292977094649 0.043328054249286645
v 0.008153374306857586 0.0852079540491104 0.0442352183163166
v 0.008153374306857586 0.0852079540491104 0.0442352183163166
v 0.012070906348526478 0.09385292977094649 0.043328054249286645
v 0.008144753985106945 0.09382268041372298 0.04424260556697845
v 0.008153374306857586 0.0852079540491104 0.0442352183163166
v 0.008144753985106945 0.09382268041372298 0.04424260556697845
v 0.004133856855332851 0.08521175384521483 0.04479366168379783
v 0.004133856855332851 0.08521175384521483 0.04479366168379783
v 0.008144753985106945 0.09382268041372298 0.04424260556697845
v 0.004127349238842726 0.09383549541234969 0.044794570654630654
v 0.004133856855332851 0.08521175384521483 0.04479366168379783
v 0.004127349238842726 0.09383549541234969 0.044794570654630654
v 6.800264600315131e-06 0.0852079465985298 0.044980362057685845
v 6.800264600315131e-06 0.0852079465985298 0.044980362057685845
v 0.004127349238842726 0.09383549541234969 0.044794570654630654
v -6.834547548351111e-06 0.09383976459503172 0.04498035460710525
v 6.800264600315131e-06 0.0852079465985298 0.044980362057685845
v -6.834547548351111e-06 0.09383976459503172 0.04498035460710525
v -0.003952006343752146 0.0851607173681259 0.04478821530938148
v -0.003952006343752146 0.0851607173681259 0.04478821530938148
v -6.834547548351111e-06 0.09383976459503172 0.04498035460710525
v -0.004040418658405542 0.0938524156808853 0.04479671642184257
v -0.003952006343752146 0.0851607173681259 0.04478821530938148
v -0.004040418658405542 0.0938524156808853 0.04479671642184257
v -0.008008449338376522 0.0851607099175453 0.04424327611923217
v -0.008008449338376522 0.0851607099175453 0.04424327611923217
v -0.004040418658405542 0.0938524156808853 0.04479671642184257
v -0.008111128583550453 0.09383548796176909 0.04424702748656272
v -0.008008449338376522 0.0851607099175453 0.04424327611923217
v -0.008111128583550453 0.09383548796176909 0.04424702748656272
v -0.01221055444329977 0.0851611942052841 0.04327328130602836
v -0.01221055444329977 0.0851611942052841 0.04327328130602836
v -0.008111128583550453 0.09383548796176909 0.04424702748656272
v -0.012163768522441387 0.09381919354200362 0.0433131493628025
v -0.01221055444329977 0.0851611942052841 0.04327328130602836
v -0.012163768522441387 0.09381919354200362 0.0433131493628025
v -0.016017526388168335 0.0852079391479492 0.042031809687614434
v -0.016017526388168335 0.0852079391479492 0.042031809687614434
v -0.012163768522441387 0.09381919354200362 0.0433131493628025
v -0.016030259430408478 0.09383976459503172 0.042026940733194344
v -0.016017526388168335 0.0852079391479492 0.042031809687614434
v -0.016030259430408478 0.09383976459503172 0.042026940733194344
v -0.019648179411888123 0.0851607099175453 0.04044197127223014
v -0.019648179411888123 0.0851607099175453 0.04044197127223014
v -0.016030259430408478 0.09383976459503172 0.042026940733194344
v -0.019697461277246475 0.09388649463653563 0.04041886329650878
v -0.019648179411888123 0.0851607099175453 0.04044197127223014
v -0.019697461277246475 0.09388649463653563 0.04041886329650878
v -0.02324427291750908 0.08516070246696471 0.03848775848746299
v -0.02324427291750908 0.08516070246696471 0.03848775848746299
v -0.019697461277246475 0.09388649463653563 0.04041886329650878
v -0.02335328608751297 0.09381877630949019 0.03845294937491416
v -0.02324427291750908 0.08516070246696471 0.03848775848746299
v -0.02335328608751297 0.09381877630949019 0.03845294937491416
v -0.026825228706002235 0.08516118675470351 0.03608437255024909
v -0.026825228706002235 0.08516118675470351 0.03608437255024909
v -0.02335328608751297 0.09381877630949019 0.03845294937491416
v -0.026868410408496857 0.09388696402311324 0.03605125099420547
v -0.026825228706002235 0.08516118675470351 0.03608437255024909
v -0.026868410408496857 0.09388696402311324 0.03605125099420547
v -0.029901890084147453 0.08515699952840804 0.03356863930821418
v -0.029901890084147453 0.08515699952840804 0.03356863930821418
v -0.026868410408496857 0.09388696402311324 0.03605125099420547
v -0.029970921576023102 0.09381918609142302 0.03355192765593528
v -0.029901890084147453 0.08515699952840804 0.03356863930821418
v -0.029970921576023102 0.09381918609142302 0.03355192765593528
v -0.032846275717020035 0.08521174639463423 0.030735734850168225
v -0.032846275717020035 0.08521174639463423 0.030735734850168225
v -0.029970921576023102 0.09381918609142302 0.03355192765593528
v -0.032877929508686066 0.09383974969387053 0.03069650568068027
v -0.032846275717020035 0.08521174639463423 0.030735734850168225
v -0.032877929508686066 0.09383974969387053 0.03069650568068027
v -0.03556593134999275 0.08516118675470351 0.027508908882737156
v -0.03556593134999275 0.08516118675470351 0.027508908882737156
v -0.032877929508686066 0.09383974969387053 0.03069650568068027
v -0.035598576068878174 0.09388696402311324 0.027465369552373883
v -0.03556593134999275 0.08516118675470351 0.027508908882737156
v -0.035598576068878174 0.09388696402311324 0.027465369552373883
v -0.037886474281549454 0.08520793169736861 0.02424562349915504
v -0.037886474281549454 0.08520793169736861 0.02424562349915504
v -0.035598576068878174 0.09388696402311324 0.027465369552373883
v -0.03789381682872772 0.09383974969387053 0.024234132841229435
v -0.037886474281549454 0.08520793169736861 0.02424562349915504
v -0.03789381682872772 0.09383974969387053 0.024234132841229435
v -0.03992064669728279 0.08521173894405364 0.020734149962663647
v -0.03992064669728279 0.08521173894405364 0.020734149962663647
v -0.03789381682872772 0.09383974969387053 0.024234132841229435
v -0.03992396220564842 0.0938354805111885 0.020728468894958493
v -0.03992064669728279 0.08521173894405364 0.020734149962663647
v -0.03992396220564842 0.0938354805111885 0.020728468894958493
v -0.04167131707072258 0.08521220088005065 0.016943840309977528
v -0.04167131707072258 0.08521220088005065 0.016943840309977528
v -0.03992396220564842 0.0938354805111885 0.020728468894958493
v -0.04168853908777237 0.09388695657253264 0.016842551529407498
v -0.04167131707072258 0.08521220088005065 0.016943840309977528
v -0.04168853908777237 0.09388695657253264 0.016842551529407498
v -0.04302293434739113 0.0852079391479492 0.01312487944960594
v -0.04302293434739113 0.0852079391479492 0.01312487944960594
v -0.04168853908777237 0.09388695657253264 0.016842551529407498
v -0.043026912957429886 0.09383974969387053 0.013111830689013003
v -0.04302293434739113 0.0852079391479492 0.01312487944960594
v -0.043026912957429886 0.09383974969387053 0.013111830689013003
v -0.04403430223464966 0.08521173894405364 0.009194812737405298
v -0.04403430223464966 0.08521173894405364 0.009194812737405298
v -0.043026912957429886 0.09383974969387053 0.013111830689013003
v -0.04403594508767128 0.0938354730606079 0.009188454598188399
v -0.04403430223464966 0.08521173894405364 0.009194812737405298
v -0.04403594508767128 0.0938354730606079 0.009188454598188399
v -0.04465551674365997 0.08516070246696471 0.005243122112005948
v -0.04465551674365997 0.08516070246696471 0.005243122112005948
v -0.04403594508767128 0.0938354730606079 0.009188454598188399
v -0.044662605971097946 0.09388648718595503 0.00518915569409728
v -0.01803879626095295 0.08516069501638411 -0.041185017675161355
v -0.014010329730808735 0.08516118675470351 -0.042724531143903725
v -0.01400567963719368 0.08513949066400527 -0.042446386069059365
v -0.01803879626095295 0.08516069501638411 -0.041185017675161355
v -0.01400567963719368 0.08513949066400527 -0.042446386069059365
v -0.017807388678193092 0.08513949066400527 -0.04099697992205619
v -0.02161690965294838 0.08515699952840804 -0.0394168198108673
v -0.01803879626095295 0.08516069501638411 -0.041185017675161355
v -0.017807388678193092 0.08513949066400527 -0.04099697992205619
v -0.02161690965294838 0.08515699952840804 -0.0394168198108673
v -0.017807388678193092 0.08513949066400527 -0.04099697992205619
v -0.02146146260201931 0.08513855189085005 -0.039207451045513146
v -0.025017714127898216 0.08516118675470351 -0.03736026212573051
v -0.02161690965294838 0.08515699952840804 -0.0394168198108673
v -0.02146146260201931 0.08513855189085005 -0.039207451045513146
v -0.025017714127898216 0.08516118675470351 -0.03736026212573051
v -0.02146146260201931 0.08513855189085005 -0.039207451045513146
v -0.024938175454735756 0.08513948321342467 -0.03709369525313377
v -0.00809555035084486 0.08513949811458586 0.043958120048046105
v -0.004064676817506552 0.08513855934143065 0.044511750340461724
v -0.003952006343752146 0.0851607173681259 0.04478821530938148
v -0.00809555035084486 0.08513949811458586 0.043958120048046105
v -0.003952006343752146 0.0851607173681259 0.04478821530938148
v -0.008008449338376522 0.0851607099175453 0.04424327611923217
v -0.0159269068390131 0.0851207599043846 0.04175515472888946
v -0.012059246189892292 0.08513855189085005 0.04303942620754241
v -0.01221055444329977 0.0851611942052841 0.04327328130602836
v -0.0159269068390131 0.0851207599043846 0.04175515472888946
v -0.01221055444329977 0.0851611942052841 0.04327328130602836
v -0.016017526388168335 0.0852079391479492 0.042031809687614434
v -0.026600711047649384 0.08513949066400527 0.035920154303312295
v -0.02322414331138134 0.08513949066400527 0.03819023445248603
v -0.02324427291750908 0.08516070246696471 0.03848775848746299
v -0.026600711047649384 0.08513949066400527 0.035920154303312295
v -0.02324427291750908 0.08516070246696471 0.03848775848746299
v -0.026825228706002235 0.08516118675470351 0.03608437255024909
v -0.032665543258190155 0.0851207599043846 0.03049790672957897
v -0.02975667268037796 0.08513855189085005 0.033352050930261605
v -0.029901890084147453 0.08515699952840804 0.03356863930821418
v -0.032665543258190155 0.0851207599043846 0.03049790672957897
v -0.029901890084147453 0.08515699952840804 0.03356863930821418
v -0.032846275717020035 0.08521174639463423 0.030735734850168225
v -0.03530516475439072 0.08513854444026946 0.02741102874279022
v -0.032665543258190155 0.0851207599043846 0.03049790672957897
v -0.03556593134999275 0.08516118675470351 0.027508908882737156
v -0.03556593134999275 0.08516118675470351 0.027508908882737156
v -0.032665543258190155 0.0851207599043846 0.03049790672957897
v -0.032846275717020035 0.08521174639463423 0.030735734850168225
v -0.03968740999698639 0.08514261245727538 0.020564371719956395
v -0.037652987986803055 0.08514261245727538 0.02408809401094913
v -0.03878191113471985 0.08511432260274886 0.02255400456488132
v -0.03878191113471985 0.08511432260274886 0.02255400456488132
v -0.037886474281549454 0.08520793169736861 0.02424562349915504
v -0.03992064669728279 0.08521173894405364 0.020734149962663647
v -0.041380029171705246 0.085120752453804 0.016877921298146244
v -0.03968740999698639 0.08514261245727538 0.020564371719956395
v -0.03878191113471985 0.08511432260274886 0.02255400456488132
v -0.041380029171705246 0.085120752453804 0.016877921298146244
v -0.03878191113471985 0.08511432260274886 0.02255400456488132
v -0.03992064669728279 0.08521173894405364 0.020734149962663647
v -0.041380029171705246 0.085120752453804 0.016877921298146244
v -0.03992064669728279 0.08521173894405364 0.020734149962663647
v -0.04167131707072258 0.08521220088005065 0.016943840309977528
v -0.043763723224401474 0.08514215797185896 0.00909403897821903
v -0.042755644768476486 0.08514261245727538 0.01303605083376169
v -0.04342878609895706 0.08511432260274886 0.011254364624619482
v -0.04342878609895706 0.08511432260274886 0.011254364624619482
v -0.04302293434739113 0.0852079391479492 0.01312487944960594
v -0.04403430223464966 0.08521173894405364 0.009194812737405298
v -0.044699449092149734 0.08514396846294402 2.150036593207005e-08
v -0.04468619450926781 0.08513858169317244 0.0010025334777310488
v -0.04459104686975479 0.08513297885656355 -0.0030433400534093376
v -0.04459104686975479 0.08513297885656355 -0.0030433400534093376
v -0.04468619450926781 0.08513858169317244 0.0010025334777310488
v -0.04495164379477501 0.08516050130128859 0.0009586286032572388
v -0.04459104686975479 0.08513297885656355 -0.0030433400534093376
v -0.04495164379477501 0.08516050130128859 0.0009586286032572388
v -0.0448613278567791 0.08517377823591231 -0.0030525268521159883
v -0.042116180062294006 0.08513854444026946 -0.014968215487897394
v -0.043303232640028 0.08513948321342467 -0.011076415888965128
v -0.043540049344301224 0.08516117930412291 -0.011222323402762411
v -0.042116180062294006 0.08513854444026946 -0.014968215487897394
v -0.043540049344301224 0.08516117930412291 -0.011222323402762411
v -0.04233914613723755 0.08516117930412291 -0.015135133638978003
v -0.03871031850576401 0.08514261245727538 -0.022349402308464047
v -0.04058226943016052 0.08514261245727538 -0.018736686557531353
v -0.03989836946129799 0.08511432260274886 -0.02051439508795738
v -0.03989836946129799 0.08511432260274886 -0.02051439508795738
v -0.04084078595042229 0.08520793169736861 -0.018848506733775135
v -0.038979046046733856 0.08521173894405364 -0.022454351186752316
v -0.03651713952422142 0.085120752453804 -0.025761798024177548
v -0.03871031850576401 0.08514261245727538 -0.022349402308464047
v -0.03989836946129799 0.08511432260274886 -0.02051439508795738
v -0.03651713952422142 0.085120752453804 -0.025761798024177548
v -0.03989836946129799 0.08511432260274886 -0.02051439508795738
v -0.038979046046733856 0.08521173894405364 -0.022454351186752316
v -0.03651713952422142 0.085120752453804 -0.025761798024177548
v -0.038979046046733856 0.08521173894405364 -0.022454351186752316
v -0.03675156459212303 0.0852079391479492 -0.02593373507261276
v -0.031245030462741852 0.08514261245727538 -0.031964540481567376
v -0.03402082249522209 0.08513854444026946 -0.02898970805108547
v -0.02997269667685032 0.08511432260274886 -0.03338199108839034
v -0.02997269667685032 0.08511432260274886 -0.03338199108839034
v -0.03402082249522209 0.08513854444026946 -0.02898970805108547
v -0.03431163728237152 0.08516070246696471 -0.029057126492261883
v -0.02997269667685032 0.08511432260274886 -0.03338199108839034
v -0.03431163728237152 0.08516070246696471 -0.029057126492261883
v -0.031475476920604706 0.08521173149347304 -0.03213809803128242
v -0.028208769857883453 0.08514261245727538 -0.03467345610260963
v -0.031245030462741852 0.08514261245727538 -0.031964540481567376
v -0.02997269667685032 0.08511432260274886 -0.03338199108839034
v -0.02997269667685032 0.08511432260274886 -0.03338199108839034
v -0.031475476920604706 0.08521173149347304 -0.03213809803128242
v -0.0283605195581913 0.08521220088005065 -0.03491809591650962
v -0.006086410954594612 0.08514217287302016 -0.04428226500749587
v -0.010088001377880573 0.08514261990785597 -0.04354554042220115
v -0.008264475502073765 0.08511433005332945 -0.044095546007156365
v -0.008264475502073765 0.08511433005332945 -0.044095546007156365
v -0.010116690769791603 0.08521220088005065 -0.04383198916912078
v -0.006131620146334171 0.0852079391479492 -0.0445604845881462
v -0.0020343505311757326 0.08513949066400527 -0.04465104267001151
v -0.006086410954594612 0.08514217287302016 -0.04428226500749587
v -0.008264475502073765 0.08511433005332945 -0.044095546007156365
v -0.0020343505311757326 0.08513949066400527 -0.04465104267001151
v -0.008264475502073765 0.08511433005332945 -0.044095546007156365
v -0.0020817890763282776 0.08515699952840804 -0.04490702971816062
v -0.0020817890763282776 0.08515699952840804 -0.04490702971816062
v -0.008264475502073765 0.08511433005332945 -0.044095546007156365
v -0.006131620146334171 0.0852079391479492 -0.0445604845881462
v 0.006081458646804094 0.08511812984943389 -0.04427313432097434
v 0.002034567529335618 0.08514261990785597 -0.04465245455503463
v 0.0019725693855434656 0.08511807024478911 -0.04482831433415412
v 0.006081458646804094 0.08511812984943389 -0.04427313432097434
v 0.0019725693855434656 0.08511807024478911 -0.04482831433415412
v 0.006118036340922117 0.0852079465985298 -0.044562347233295434
v 0.006118036340922117 0.0852079465985298 -0.044562347233295434
v 0.0019725693855434656 0.08511807024478911 -0.04482831433415412
v 0.002049526199698448 0.08526312559843062 -0.044949188828468316
v 0.01780804805457592 0.08514218032360076 -0.040997989475727074
v 0.014006256125867367 0.08514262735843657 -0.04244767874479293
v 0.015850013121962547 0.08511433750391005 -0.041970167309045785
v 0.015850013121962547 0.08511433750391005 -0.041970167309045785
v 0.014130494557321072 0.08521220833063124 -0.042707357555627816
v 0.017913956195116043 0.0852079465985298 -0.04125921800732612
v 0.028208816424012184 0.08514218032360076 -0.034673098474740975
v 0.024938177317380905 0.08513950556516646 -0.03709366917610168
v 0.029761547222733498 0.08511434495449065 -0.033570323139429085
v 0.029761547222733498 0.08511434495449065 -0.033570323139429085
v 0.024938177317380905 0.08513950556516646 -0.03709366917610168
v 0.025154994800686836 0.0851612016558647 -0.03726793080568313
v 0.029761547222733498 0.08511434495449065 -0.033570323139429085
v 0.025154994800686836 0.0851612016558647 -0.03726793080568313
v 0.02838125452399254 0.085207961499691 -0.03489608690142631
v 0.036517441272735596 0.08514218777418135 -0.02577668987214565
v 0.034022312611341476 0.08514263480901717 -0.02899072505533695
v 0.0353495255112648 0.08511434495449065 -0.027624754235148426
v 0.0353495255112648 0.08511434495449065 -0.027624754235148426
v 0.03426344320178032 0.08521222323179244 -0.029147993773221966
v 0.036772049963474274 0.08521222323179244 -0.025911487638950344
v 0.04058222472667694 0.08514263480901717 -0.018736682832241055
v 0.03871027007699013 0.08514263480901717 -0.022349385544657704
v 0.03976822271943092 0.08511434495449065 -0.020765466615557667
v 0.03976822271943092 0.08511434495449065 -0.020765466615557667
v 0.03897594287991524 0.08521221578121184 -0.02246027439832687
v 0.040835000574588776 0.085207961499691 -0.01886092126369476
v 0.04211656004190445 0.08513950556516646 -0.01496821269392967
v 0.04058222472667694 0.08514263480901717 -0.018736682832241055
v 0.03976822271943092 0.08511434495449065 -0.020765466615557667
v 0.04211656004190445 0.08513950556516646 -0.01496821269392967
v 0.03976822271943092 0.08511434495449065 -0.020765466615557667
v 0.042394500225782394 0.0851612091064453 -0.014979212544858454
v 0.042394500225782394 0.0851612091064453 -0.014979212544858454
v 0.03976822271943092 0.08511434495449065 -0.020765466615557667
v 0.040835000574588776 0.085207961499691 -0.01886092126369476
v 0.04413222521543503 0.08514218777418135 -0.007092793472111224
v 0.043303195387125015 0.08513951301574706 -0.011076354421675203
v 0.04391144588589668 0.08511649817228316 -0.009241477586328982
v 0.04391144588589668 0.08511649817228316 -0.009241477586328982
v 0.04359031841158867 0.08521222323179244 -0.011111794039607046
v 0.04440934211015701 0.08520796895027159 -0.007144334260374307
v 0.04458466172218323 0.08512078225612639 -0.0030617900192737575
v 0.04413222521543503 0.08514218777418135 -0.007092793472111224
v 0.04391144588589668 0.08511649817228316 -0.009241477586328982
v 0.04458466172218323 0.08512078225612639 -0.0030617900192737575
v 0.04391144588589668 0.08511649817228316 -0.009241477586328982
v 0.04440934211015701 0.08520796895027159 -0.007144334260374307
v 0.04458466172218323 0.08512078225612639 -0.0030617900192737575
v 0.04440934211015701 0.08520796895027159 -0.007144334260374307
v 0.04488192871212959 0.08521222323179244 -0.003033128567039966
v 0.04440183565020561 0.08512078225612639 0.005063925404101609
v 0.04468575119972229 0.08513951301574706 0.0010174288181588052
v 0.04494938999414444 0.0851612091064453 0.0011062296107411382
v 0.04440183565020561 0.08512078225612639 0.005063925404101609
v 0.04494938999414444 0.0851612091064453 0.0011062296107411382
v 0.04468901455402374 0.08521222323179244 0.005145910196006297
v 0.04139295220375061 0.08514263480901717 0.01687018387019634
v 0.0427471362054348 0.08511813730001448 0.013029783032834528
v 0.04079069942235947 0.08511435240507124 0.018677100539207455
v 0.04079069942235947 0.08511435240507124 0.018677100539207455
v 0.0427471362054348 0.08511813730001448 0.013029783032834528
v 0.0430179089307785 0.08521222323179244 0.01315472088754177
v 0.04079069942235947 0.08511435240507124 0.018677100539207455
v 0.0430179089307785 0.08521222323179244 0.01315472088754177
v 0.04164345934987068 0.08521222323179244 0.01701206155121326
v 0.03530529886484146 0.08513950556516646 0.027411451563239094
v 0.03765176981687546 0.08512078225612639 0.024073041975498196
v 0.035530935972929 0.08515701442956923 0.027541337534785267
v 0.035530935972929 0.08515701442956923 0.027541337534785267
v 0.03765176981687546 0.08512078225612639 0.024073041975498196
v 0.03787359222769737 0.08521221578121184 0.024273009970784184
v 0.02974640391767025 0.08512077480554579 0.03335128724575042
v 0.03266603499650955 0.08513856679201125 0.03050812147557735
v 0.03295348957180977 0.0851607248187065 0.03058870136737823
v 0.02974640391767025 0.08512077480554579 0.03335128724575042
v 0.03295348957180977 0.0851607248187065 0.03058870136737823
v 0.029980061575770378 0.08521176129579543 0.03353737294673919
v 0.026600277051329613 0.08513856679201125 0.03591992333531379
v 0.02974640391767025 0.08512077480554579 0.03335128724575042
v 0.026692185550928116 0.0851612016558647 0.036182850599288933
v 0.026692185550928116 0.0851612016558647 0.036182850599288933
v 0.02974640391767025 0.08512077480554579 0.03335128724575042
v 0.029980061575770378 0.08521176129579543 0.03353737294673919
v 0.01964525878429413 0.08512077480554579 0.04014001414179801
v 0.02322392165660858 0.08513950556516646 0.038190346211194985
v 0.023388510569930077 0.08515699952840804 0.0383920632302761
v 0.01964525878429413 0.08512077480554579 0.04014001414179801
v 0.023388510569930077 0.08515699952840804 0.0383920632302761
v 0.019820036366581917 0.08521176129579543 0.0403822399675846
v 0.015922987833619118 0.08513950556516646 0.041764944791793816
v 0.01964525878429413 0.08512077480554579 0.04014001414179801
v 0.015940338373184204 0.0851612016558647 0.04204256832599639
v 0.015940338373184204 0.0851612016558647 0.04204256832599639
v 0.01964525878429413 0.08512077480554579 0.04014001414179801
v 0.019820036366581917 0.08521176129579543 0.0403822399675846
v 0.008087086491286755 0.0851207673549652 0.043951753526926034
v 0.012058950029313564 0.08513856679201125 0.043039489537477486
v 0.01205116044729948 0.0851612016558647 0.04331791400909423
v 0.008087086491286755 0.0851207673549652 0.043951753526926034
v 0.01205116044729948 0.0851612016558647 0.04331791400909423
v 0.008153374306857586 0.0852079540491104 0.0442352183163166
v 6.800264600315131e-06 0.0852079465985298 0.044980362057685845
v -0.003952006343752146 0.0851607173681259 0.04478821530938148
v 0.0021832920610904694 0.08511433750391005 0.04481016099452972
v 0.0021832920610904694 0.08511433750391005 0.04481016099452972
v -0.003952006343752146 0.0851607173681259 0.04478821530938148
v -0.004064676817506552 0.08513855934143065 0.044511750340461724
v 0.0021832920610904694 0.08511433750391005 0.04481016099452972
v -0.004064676817506552 0.08513855934143065 0.044511750340461724
v -1.8695082815156638e-07 0.08514262735843657 0.0446987859904766
v -0.008008449338376522 0.0851607099175453 0.04424327611923217
v -0.01221055444329977 0.0851611942052841 0.04327328130602836
v -0.012059246189892292 0.08513855189085005 0.04303942620754241
v -0.008008449338376522 0.0851607099175453 0.04424327611923217
v -0.012059246189892292 0.08513855189085005 0.04303942620754241
v -0.00809555035084486 0.08513949811458586 0.043958120048046105
v -0.01965510845184326 0.08513949066400527 0.04014388844370841
v -0.0159269068390131 0.0851207599043846 0.04175515472888946
v -0.019648179411888123 0.0851607099175453 0.04044197127223014
v -0.019648179411888123 0.0851607099175453 0.04044197127223014
v -0.0159269068390131 0.0851207599043846 0.04175515472888946
v -0.016017526388168335 0.0852079391479492 0.042031809687614434
v -0.019648179411888123 0.0851607099175453 0.04044197127223014
v -0.02324427291750908 0.08516070246696471 0.03848775848746299
v -0.02322414331138134 0.08513949066400527 0.03819023445248603
v -0.019648179411888123 0.0851607099175453 0.04044197127223014
v -0.02322414331138134 0.08513949066400527 0.03819023445248603
v -0.01965510845184326 0.08513949066400527 0.04014388844370841
v -0.026825228706002235 0.08516118675470351 0.03608437255024909
v -0.029901890084147453 0.08515699952840804 0.03356863930821418
v -0.02975667268037796 0.08513855189085005 0.033352050930261605
v -0.026825228706002235 0.08516118675470351 0.03608437255024909
v -0.02975667268037796 0.08513855189085005 0.033352050930261605
v -0.026600711047649384 0.08513949066400527 0.035920154303312295
v -0.03556593134999275 0.08516118675470351 0.027508908882737156
v -0.037886474281549454 0.08520793169736861 0.02424562349915504
v -0.03878191113471985 0.08511432260274886 0.02255400456488132
v -0.03556593134999275 0.08516118675470351 0.027508908882737156
v -0.03878191113471985 0.08511432260274886 0.02255400456488132
v -0.03530516475439072 0.08513854444026946 0.02741102874279022
v -0.03530516475439072 0.08513854444026946 0.02741102874279022
v -0.03878191113471985 0.08511432260274886 0.02255400456488132
v -0.037652987986803055 0.08514261245727538 0.02408809401094913
v -0.04167131707072258 0.08521220088005065 0.016943840309977528
v -0.04302293434739113 0.0852079391479492 0.01312487944960594
v -0.04342878609895706 0.08511432260274886 0.011254364624619482
v -0.04167131707072258 0.08521220088005065 0.016943840309977528
v -0.04342878609895706 0.08511432260274886 0.011254364624619482
v -0.041380029171705246 0.085120752453804 0.016877921298146244
v -0.041380029171705246 0.085120752453804 0.016877921298146244
v -0.04342878609895706 0.08511432260274886 0.011254364624619482
v -0.042755644768476486 0.08514261245727538 0.01303605083376169
v -0.0444081574678421 0.08513948321342467 0.005076595582067966
v -0.043763723224401474 0.08514215797185896 0.00909403897821903
v -0.04342878609895706 0.08511432260274886 0.011254364624619482
v -0.0444081574678421 0.08513948321342467 0.005076595582067966
v -0.04342878609895706 0.08511432260274886 0.011254364624619482
v -0.04465551674365997 0.08516070246696471 0.005243122112005948
v -0.04465551674365997 0.08516070246696471 0.005243122112005948
v -0.04342878609895706 0.08511432260274886 0.011254364624619482
v -0.04403430223464966 0.08521173894405364 0.009194812737405298
v -0.04465551674365997 0.08516070246696471 0.005243122112005948
v -0.04495164379477501 0.08516050130128859 0.0009586286032572388
v -0.04468619450926781 0.08513858169317244 0.0010025334777310488
v -0.04465551674365997 0.08516070246696471 0.005243122112005948
v -0.04468619450926781 0.08513858169317244 0.0010025334777310488
v -0.0444081574678421 0.08513948321342467 0.005076595582067966
v -0.04412226751446724 0.085120752453804 -0.007098352536559104
v -0.04459104686975479 0.08513297885656355 -0.0030433400534093376
v -0.0448613278567791 0.08517377823591231 -0.0030525268521159883
v -0.04412226751446724 0.085120752453804 -0.007098352536559104
v -0.0448613278567791 0.08517377823591231 -0.0030525268521159883
v -0.04442095756530762 0.08521173894405364 -0.00709526240825653
v -0.04442095756530762 0.08521173894405364 -0.00709526240825653
v -0.043540049344301224 0.08516117930412291 -0.011222323402762411
v -0.04412226751446724 0.085120752453804 -0.007098352536559104
v -0.04412226751446724 0.085120752453804 -0.007098352536559104
v -0.043540049344301224 0.08516117930412291 -0.011222323402762411
v -0.043303232640028 0.08513948321342467 -0.011076415888965128
v -0.04233914613723755 0.08516117930412291 -0.015135133638978003
v -0.04084078595042229 0.08520793169736861 -0.018848506733775135
v -0.03989836946129799 0.08511432260274886 -0.02051439508795738
v -0.04233914613723755 0.08516117930412291 -0.015135133638978003
v -0.03989836946129799 0.08511432260274886 -0.02051439508795738
v -0.042116180062294006 0.08513854444026946 -0.014968215487897394
v -0.042116180062294006 0.08513854444026946 -0.014968215487897394
v -0.03989836946129799 0.08511432260274886 -0.02051439508795738
v -0.04058226943016052 0.08514261245727538 -0.018736686557531353
v -0.03675156459212303 0.0852079391479492 -0.02593373507261276
v -0.03431163728237152 0.08516070246696471 -0.029057126492261883
v -0.03651713952422142 0.085120752453804 -0.025761798024177548
v -0.03651713952422142 0.085120752453804 -0.025761798024177548
v -0.03431163728237152 0.08516070246696471 -0.029057126492261883
v -0.03402082249522209 0.08513854444026946 -0.02898970805108547
v -0.024938175454735756 0.08513948321342467 -0.03709369525313377
v -0.028208769857883453 0.08514261245727538 -0.03467345610260963
v -0.02997269667685032 0.08511432260274886 -0.03338199108839034
v -0.024938175454735756 0.08513948321342467 -0.03709369525313377
v -0.02997269667685032 0.08511432260274886 -0.03338199108839034
v -0.025017714127898216 0.08516118675470351 -0.03736026212573051
v -0.025017714127898216 0.08516118675470351 -0.03736026212573051
v -0.02997269667685032 0.08511432260274886 -0.03338199108839034
v -0.0283605195581913 0.08521220088005065 -0.03491809591650962
v -0.014010329730808735 0.08516118675470351 -0.042724531143903725
v -0.010116690769791603 0.08521220088005065 -0.04383198916912078
v -0.008264475502073765 0.08511433005332945 -0.044095546007156365
v -0.014010329730808735 0.08516118675470351 -0.042724531143903725
v -0.008264475502073765 0.08511433005332945 -0.044095546007156365
v -0.01400567963719368 0.08513949066400527 -0.042446386069059365
v -0.01400567963719368 0.08513949066400527 -0.042446386069059365
v -0.008264475502073765 0.08511433005332945 -0.044095546007156365
v -0.010088001377880573 0.08514261990785597 -0.04354554042220115
v -0.0020817890763282776 0.08515699952840804 -0.04490702971816062
v 0.002049526199698448 0.08526312559843062 -0.044949188828468316
v 0.0019725693855434656 0.08511807024478911 -0.04482831433415412
v -0.0020817890763282776 0.08515699952840804 -0.04490702971816062
v 0.0019725693855434656 0.08511807024478911 -0.04482831433415412
v -0.0020343505311757326 0.08513949066400527 -0.04465104267001151
v -0.0020343505311757326 0.08513949066400527 -0.04465104267001151
v 0.0019725693855434656 0.08511807024478911 -0.04482831433415412
v 0.002034567529335618 0.08514261990785597 -0.04465245455503463
v 0.010087836533784866 0.08513949811458586 -0.04354411363601684
v 0.006081458646804094 0.08511812984943389 -0.04427313432097434
v 0.010013837367296219 0.0851607173681259 -0.043832927942275994
v 0.010013837367296219 0.0851607173681259 -0.043832927942275994
v 0.006081458646804094 0.08511812984943389 -0.04427313432097434
v 0.006118036340922117 0.0852079465985298 -0.044562347233295434
v 0.010013837367296219 0.0851607173681259 -0.043832927942275994
v 0.014130494557321072 0.08521220833063124 -0.042707357555627816
v 0.015850013121962547 0.08511433750391005 -0.041970167309045785
v 0.010013837367296219 0.0851607173681259 -0.043832927942275994
v 0.015850013121962547 0.08511433750391005 -0.041970167309045785
v 0.010087836533784866 0.08513949811458586 -0.04354411363601684
v 0.010087836533784866 0.08513949811458586 -0.04354411363601684
v 0.015850013121962547 0.08511433750391005 -0.041970167309045785
v 0.014006256125867367 0.08514262735843657 -0.04244767874479293
v 0.02146182209253311 0.08513949811458586 -0.039207696914672845
v 0.01780804805457592 0.08514218032360076 -0.040997989475727074
v 0.015850013121962547 0.08511433750391005 -0.041970167309045785
v 0.02146182209253311 0.08513949811458586 -0.039207696914672845
v 0.015850013121962547 0.08511433750391005 -0.041970167309045785
v 0.02146844007074833 0.0851607173681259 -0.03950580582022666
v 0.02146844007074833 0.0851607173681259 -0.03950580582022666
v 0.015850013121962547 0.08511433750391005 -0.041970167309045785
v 0.017913956195116043 0.0852079465985298 -0.04125921800732612
v 0.02146844007074833 0.0851607173681259 -0.03950580582022666
v 0.025154994800686836 0.0851612016558647 -0.03726793080568313
v 0.024938177317380905 0.08513950556516646 -0.03709366917610168
v 0.02146844007074833 0.0851607173681259 -0.03950580582022666
v 0.024938177317380905 0.08513950556516646 -0.03709366917610168
v 0.02146182209253311 0.08513949811458586 -0.039207696914672845
v 0.031244978308677673 0.08514263480901717 -0.03196453675627708
v 0.028208816424012184 0.08514218032360076 -0.034673098474740975
v 0.029761547222733498 0.08511434495449065 -0.033570323139429085
v 0.029761547222733498 0.08511434495449065 -0.033570323139429085
v 0.02838125452399254 0.085207961499691 -0.03489608690142631
v 0.0314132459461689 0.08521176129579543 -0.032198872417211526
v 0.0314132459461689 0.08521176129579543 -0.032198872417211526
v 0.03426344320178032 0.08521222323179244 -0.029147993773221966
v 0.0353495255112648 0.08511434495449065 -0.027624754235148426
v 0.0314132459461689 0.08521176129579543 -0.032198872417211526
v 0.0353495255112648 0.08511434495449065 -0.027624754235148426
v 0.029761547222733498 0.08511434495449065 -0.033570323139429085
v 0.029761547222733498 0.08511434495449065 -0.033570323139429085
v 0.0353495255112648 0.08511434495449065 -0.027624754235148426
v 0.034022312611341476 0.08514263480901717 -0.02899072505533695
v 0.029761547222733498 0.08511434495449065 -0.033570323139429085
v 0.034022312611341476 0.08514263480901717 -0.02899072505533695
v 0.031244978308677673 0.08514263480901717 -0.03196453675627708
v 0.036772049963474274 0.08521222323179244 -0.025911487638950344
v 0.03897594287991524 0.08521221578121184 -0.02246027439832687
v 0.03976822271943092 0.08511434495449065 -0.020765466615557667
v 0.036772049963474274 0.08521222323179244 -0.025911487638950344
v 0.03976822271943092 0.08511434495449065 -0.020765466615557667
v 0.0353495255112648 0.08511434495449065 -0.027624754235148426
v 0.0353495255112648 0.08511434495449065 -0.027624754235148426
v 0.03976822271943092 0.08511434495449065 -0.020765466615557667
v 0.03871027007699013 0.08514263480901717 -0.022349385544657704
v 0.0353495255112648 0.08511434495449065 -0.027624754235148426
v 0.03871027007699013 0.08514263480901717 -0.022349385544657704
v 0.036517441272735596 0.08514218777418135 -0.02577668987214565
v 0.042394500225782394 0.0851612091064453 -0.014979212544858454
v 0.04359031841158867 0.08521222323179244 -0.011111794039607046
v 0.04391144588589668 0.08511649817228316 -0.009241477586328982
v 0.042394500225782394 0.0851612091064453 -0.014979212544858454
v 0.04391144588589668 0.08511649817228316 -0.009241477586328982
v 0.043303195387125015 0.08513951301574706 -0.011076354421675203
v 0.042394500225782394 0.0851612091064453 -0.014979212544858454
v 0.043303195387125015 0.08513951301574706 -0.011076354421675203
v 0.04211656004190445 0.08513950556516646 -0.01496821269392967
v 0.04488192871212959 0.08521222323179244 -0.003033128567039966
v 0.04494938999414444 0.0851612091064453 0.0011062296107411382
v 0.04458466172218323 0.08512078225612639 -0.0030617900192737575
v 0.04458466172218323 0.08512078225612639 -0.0030617900192737575
v 0.04494938999414444 0.0851612091064453 0.0011062296107411382
v 0.04468575119972229 0.08513951301574706 0.0010174288181588052
v 0.04376200959086418 0.08513857424259184 0.009094015695154665
v 0.04440183565020561 0.08512078225612639 0.005063925404101609
v 0.04402219504117966 0.08515700697898863 0.009111449122428892
v 0.04402219504117966 0.08515700697898863 0.009111449122428892
v 0.04440183565020561 0.08512078225612639 0.005063925404101609
v 0.04468901455402374 0.08521222323179244 0.005145910196006297
v 0.04402219504117966 0.08515700697898863 0.009111449122428892
v 0.0430179089307785 0.08521222323179244 0.01315472088754177
v 0.0427471362054348 0.08511813730001448 0.013029783032834528
v 0.04402219504117966 0.08515700697898863 0.009111449122428892
v 0.0427471362054348 0.08511813730001448 0.013029783032834528
v 0.04376200959086418 0.08513857424259184 0.009094015695154665
v 0.039687350392341614 0.08514263480901717 0.020564377307891842
v 0.04139295220375061 0.08514263480901717 0.01687018387019634
v 0.04079069942235947 0.08511435240507124 0.018677100539207455
v 0.04079069942235947 0.08511435240507124 0.018677100539207455
v 0.04164345934987068 0.08521222323179244 0.01701206155121326
v 0.03994051739573479 0.085207961499691 0.02068783529102802
v 0.03994051739573479 0.085207961499691 0.02068783529102802
v 0.03787359222769737 0.08521221578121184 0.024273009970784184
v 0.03765176981687546 0.08512078225612639 0.024073041975498196
v 0.03994051739573479 0.085207961499691 0.02068783529102802
v 0.03765176981687546 0.08512078225612639 0.024073041975498196
v 0.04079069942235947 0.08511435240507124 0.018677100539207455
v 0.04079069942235947 0.08511435240507124 0.018677100539207455
v 0.03765176981687546 0.08512078225612639 0.024073041975498196
v 0.039687350392341614 0.08514263480901717 0.020564377307891842
v 0.035530935972929 0.08515701442956923 0.027541337534785267
v 0.03295348957180977 0.0851607248187065 0.03058870136737823
v 0.03266603499650955 0.08513856679201125 0.03050812147557735
v 0.035530935972929 0.08515701442956923 0.027541337534785267
v 0.03266603499650955 0.08513856679201125 0.03050812147557735
v 0.03530529886484146 0.08513950556516646 0.027411451563239094
v 0.026692185550928116 0.0851612016558647 0.036182850599288933
v 0.023388510569930077 0.08515699952840804 0.0383920632302761
v 0.02322392165660858 0.08513950556516646 0.038190346211194985
v 0.026692185550928116 0.0851612016558647 0.036182850599288933
v 0.02322392165660858 0.08513950556516646 0.038190346211194985
v 0.026600277051329613 0.08513856679201125 0.03591992333531379
v 0.015940338373184204 0.0851612016558647 0.04204256832599639
v 0.01205116044729948 0.0851612016558647 0.04331791400909423
v 0.012058950029313564 0.08513856679201125 0.043039489537477486
v 0.015940338373184204 0.0851612016558647 0.04204256832599639
v 0.012058950029313564 0.08513856679201125 0.043039489537477486
v 0.015922987833619118 0.08513950556516646 0.041764944791793816
v 0.004064675886183977 0.08514262735843657 0.044513586908578866
v 0.008087086491286755 0.0851207673549652 0.043951753526926034
v 0.0021832920610904694 0.08511433750391005 0.04481016099452972
v 0.0021832920610904694 0.08511433750391005 0.04481016099452972
v 0.008087086491286755 0.0851207673549652 0.043951753526926034
v 0.008153374306857586 0.0852079540491104 0.0442352183163166
v 0.0021832920610904694 0.08511433750391005 0.04481016099452972
v 0.008153374306857586 0.0852079540491104 0.0442352183163166
v 0.004133856855332851 0.08521175384521483 0.04479366168379783
v -1.8695082815156638e-07 0.08514262735843657 0.0446987859904766
v 0.004064675886183977 0.08514262735843657 0.044513586908578866
v 0.0021832920610904694 0.08511433750391005 0.04481016099452972
v 0.0021832920610904694 0.08511433750391005 0.04481016099452972
v 0.004133856855332851 0.08521175384521483 0.04479366168379783
v 6.800264600315131e-06 0.0852079465985298 0.044980362057685845
v -0.04433246701955795 0.08489888161420821 -0.005716013256460427
v -0.044699449092149734 0.08489888161420821 2.1511079140168473e-08
v -0.04477442428469658 0.08514373004436492 -0.0010223411954939363
v -0.04477442428469658 0.08514373004436492 -0.0010223411954939363
v -0.043879441916942596 0.08513849228620528 -0.008951693773269652
v -0.04433246701955795 0.08489888161420821 -0.005716013256460427
v -0.04433246701955795 0.08489888161420821 -0.005716013256460427
v -0.043879441916942596 0.08513849228620528 -0.008951693773269652
v -0.04323755204677582 0.08489888161420821 -0.011338192038238047
v -0.04058283194899559 0.08514396846294402 -0.018736997619271275
v -0.03894748166203499 0.08489888161420821 -0.02193476632237434
v -0.04143268242478371 0.08489888161420821 -0.016774203628301617
v -0.04323755204677582 0.08489888161420821 -0.011338192038238047
v -0.043879441916942596 0.08513849228620528 -0.008951693773269652
v -0.04211854934692383 0.08514396846294402 -0.014968905597925184
v -0.04323755204677582 0.08489888161420821 -0.011338192038238047
v -0.04211854934692383 0.08514396846294402 -0.014968905597925184
v -0.04143268242478371 0.08489888161420821 -0.016774203628301617
v -0.04143268242478371 0.08489888161420821 -0.016774203628301617
v -0.04211854934692383 0.08514396846294402 -0.014968905597925184
v -0.04058283194899559 0.08514396846294402 -0.018736997619271275
v -0.04058283194899559 0.08514396846294402 -0.018736997619271275
v -0.03757645562291145 0.08513443171977995 -0.024286115542054173
v -0.03894748166203499 0.08489888161420821 -0.02193476632237434
v -0.03894748166203499 0.08489888161420821 -0.02193476632237434
v -0.03757645562291145 0.08513443171977995 -0.024286115542054173
v -0.03582276776432991 0.0848988890647888 -0.026735177263617512
v -0.03757645562291145 0.08513443171977995 -0.024286115542054173
v -0.03402277082204819 0.08514396846294402 -0.028991239145398136
v -0.03582276776432991 0.0848988890647888 -0.026735177263617512
v -0.03582276776432991 0.0848988890647888 -0.026735177263617512
v -0.03402277082204819 0.08514396846294402 -0.028991239145398136
v -0.03210983797907829 0.0848988890647888 -0.031096590682864186
v -0.028209291398525238 0.08514396846294402 -0.034673847258090966
v -0.027869675308465958 0.0848988890647888 -0.03494740277528762
v -0.0312455203384161 0.08514396846294402 -0.03196494281291961
v -0.0312455203384161 0.08514396846294402 -0.03196494281291961
v -0.027869675308465958 0.0848988890647888 -0.03494740277528762
v -0.03210983797907829 0.0848988890647888 -0.031096590682864186
v -0.0312455203384161 0.08514396846294402 -0.03196494281291961
v -0.03210983797907829 0.0848988890647888 -0.031096590682864186
v -0.03402277082204819 0.08514396846294402 -0.028991239145398136
v -0.017808379605412483 0.08514397591352461 -0.040998790413141244
v -0.018093636259436607 0.0848988890647888 -0.04087370261549949
v -0.02146279066801071 0.08514397591352461 -0.03920954093337058
v -0.02146279066801071 0.08514397591352461 -0.03920954093337058
v -0.018093636259436607 0.0848988890647888 -0.04087370261549949
v -0.02317189797759056 0.0848988890647888 -0.038224373012781136
v -0.027869675308465958 0.0848988890647888 -0.03494740277528762
v -0.028209291398525238 0.08514396846294402 -0.034673847258090966
v -0.02493937499821186 0.08514397591352461 -0.03709537908434867
v -0.027869675308465958 0.0848988890647888 -0.03494740277528762
v -0.02493937499821186 0.08514397591352461 -0.03709537908434867
v -0.02317189797759056 0.0848988890647888 -0.038224373012781136
v -0.02317189797759056 0.0848988890647888 -0.038224373012781136
v -0.02493937499821186 0.08514397591352461 -0.03709537908434867
v -0.02146279066801071 0.08514397591352461 -0.03920954093337058
v -0.01008831150829792 0.08514397591352461 -0.04354612529277801
v -0.007134075276553631 0.0848988965153694 -0.04412644729018211
v -0.012718266807496548 0.0848988890647888 -0.04285189136862754
v -0.018093636259436607 0.0848988890647888 -0.04087370261549949
v -0.017808379605412483 0.08514397591352461 -0.040998790413141244
v -0.014006310142576694 0.08514397591352461 -0.04244834184646606
v -0.018093636259436607 0.0848988890647888 -0.04087370261549949
v -0.014006310142576694 0.08514397591352461 -0.04244834184646606
v -0.012718266807496548 0.0848988890647888 -0.04285189136862754
v -0.012718266807496548 0.0848988890647888 -0.04285189136862754
v -0.014006310142576694 0.08514397591352461 -0.04244834184646606
v -0.01008831150829792 0.08514397591352461 -0.04354612529277801
v -0.0042040785774588585 0.08513280004262923 -0.04453864321112632
v -0.0014327391982078552 0.0848988965153694 -0.04467645287513732
v -0.007134075276553631 0.0848988965153694 -0.04412644729018211
v -0.0042040785774588585 0.08513280004262923 -0.04453864321112632
v -0.007134075276553631 0.0848988965153694 -0.04412644729018211
v -0.01008831150829792 0.08514397591352461 -0.04354612529277801
v 0.006086411420255899 0.08514398336410521 -0.04428309947252273
v 0.009946503676474094 0.0848988965153694 -0.04357872530817985
v 0.0042921206913888454 0.0848988965153694 -0.044492878019809716
v -0.0042040785774588585 0.08513280004262923 -0.04453864321112632
v 0.0020344245713204145 0.08514398336410521 -0.044653095304965966
v -0.0014327391982078552 0.0848988965153694 -0.04467645287513732
v -0.0014327391982078552 0.0848988965153694 -0.04467645287513732
v 0.0020344245713204145 0.08514398336410521 -0.044653095304965966
v 0.0042921206913888454 0.0848988965153694 -0.044492878019809716
v 0.0042921206913888454 0.0848988965153694 -0.044492878019809716
v 0.0020344245713204145 0.08514398336410521 -0.044653095304965966
v 0.006086411420255899 0.08514398336410521 -0.04428309947252273
v 0.0178082175552845 0.08514398336410521 -0.040998838841915124
v 0.020675141364336014 0.08489890396595 -0.03963049128651618
v 0.015437568537890911 0.08489890396595 -0.041949000209569924
v 0.006086411420255899 0.08514398336410521 -0.04428309947252273
v 0.012458776123821735 0.085139662027359 -0.042983058840036385
v 0.009946503676474094 0.0848988965153694 -0.04357872530817985
v 0.009946503676474094 0.0848988965153694 -0.04357872530817985
v 0.012458776123821735 0.085139662027359 -0.042983058840036385
v 0.015437568537890911 0.08489890396595 -0.041949000209569924
v 0.015437568537890911 0.08489890396595 -0.041949000209569924
v 0.012458776123821735 0.085139662027359 -0.042983058840036385
v 0.0178082175552845 0.08514398336410521 -0.040998838841915124
v 0.024939298629760742 0.08514399081468581 -0.037095393985509865
v 0.025573229417204857 0.08489890396595 -0.036661244928836816
v 0.02146267145872116 0.08514399081468581 -0.03920957818627357
v 0.02146267145872116 0.08514399081468581 -0.03920957818627357
v 0.025573229417204857 0.08489890396595 -0.036661244928836816
v 0.020675141364336014 0.08489890396595 -0.03963049128651618
v 0.02146267145872116 0.08514399081468581 -0.03920957818627357
v 0.020675141364336014 0.08489890396595 -0.03963049128651618
v 0.0178082175552845 0.08514398336410521 -0.040998838841915124
v 0.025573229417204857 0.08489890396595 -0.036661244928836816
v 0.024939298629760742 0.08514399081468581 -0.037095393985509865
v 0.028209256008267403 0.08514399081468581 -0.03467383980751037
v 0.025573229417204857 0.08489890396595 -0.036661244928836816
v 0.028209256008267403 0.08514399081468581 -0.03467383980751037
v 0.03005141206085682 0.08489890396595 -0.03309002146124839
v 0.03005141206085682 0.08489890396595 -0.03309002146124839
v 0.028209256008267403 0.08514399081468581 -0.03467383980751037
v 0.03271250054240227 0.08514226227998732 -0.030587075278162953
v 0.03005141206085682 0.08489890396595 -0.03309002146124839
v 0.03271250054240227 0.08514226227998732 -0.030587075278162953
v 0.03403614088892937 0.0848989114165306 -0.028975455090403553
v 0.0413617268204689 0.08513245731592177 -0.01705660670995712
v 0.040272749960422516 0.0848989114165306 -0.01939437352120876
v 0.03871079906821251 0.08514399081468581 -0.022349726408720013
v 0.03871079906821251 0.08514399081468581 -0.022349726408720013
v 0.040272749960422516 0.0848989114165306 -0.01939437352120876
v 0.037462010979652405 0.0848989114165306 -0.024385118857026097
v 0.03403614088892937 0.0848989114165306 -0.028975455090403553
v 0.03271250054240227 0.08514226227998732 -0.030587075278162953
v 0.03651803359389305 0.08514399081468581 -0.025777300819754597
v 0.03403614088892937 0.0848989114165306 -0.028975455090403553
v 0.03651803359389305 0.08514399081468581 -0.025777300819754597
v 0.037462010979652405 0.0848989114165306 -0.024385118857026097
v 0.037462010979652405 0.0848989114165306 -0.024385118857026097
v 0.03651803359389305 0.08514399081468581 -0.025777300819754597
v 0.03871079906821251 0.08514399081468581 -0.022349726408720013
v 0.040272749960422516 0.0848989114165306 -0.01939437352120876
v 0.0413617268204689 0.08513245731592177 -0.01705660670995712
v 0.042422205209732056 0.0848989114165306 -0.014085183851420878
v 0.0413617268204689 0.08513245731592177 -0.01705660670995712
v 0.043305180966854095 0.0851439982652664 -0.011076863855123518
v 0.042422205209732056 0.0848989114165306 -0.014085183851420878
v 0.042422205209732056 0.0848989114165306 -0.014085183851420878
v 0.043305180966854095 0.0851439982652664 -0.011076863855123518
v 0.043875087052583694 0.0848989114165306 -0.008544708602130411
v 0.043875087052583694 0.0848989114165306 -0.008544708602130411
v 0.043305180966854095 0.0851439982652664 -0.011076863855123518
v 0.0444171205163002 0.08513896912336348 -0.005456634797155856
v 0.043875087052583694 0.0848989114165306 -0.008544708602130411
v 0.0444171205163002 0.08513896912336348 -0.005456634797155856
v 0.044607553631067276 0.0848989114165306 -0.0028639307711273427
v 0.04338221624493599 0.08513439446687697 0.010985468514263628
v 0.04387509822845459 0.0848989114165306 0.00854465179145336
v 0.04441012814640999 0.0851439982652664 0.005076963920146226
v 0.04441012814640999 0.0851439982652664 0.005076963920146226
v 0.04387509822845459 0.0848989114165306 0.00854465179145336
v 0.044607557356357574 0.0848989114165306 0.0028638730291277166
v 0.0444171205163002 0.08513896912336348 -0.005456634797155856
v 0.04468780383467674 0.0851439982652664 0.0010175307979807255
v 0.044607553631067276 0.0848989114165306 -0.0028639307711273427
v 0.044607553631067276 0.0848989114165306 -0.0028639307711273427
v 0.04468780383467674 0.0851439982652664 0.0010175307979807255
v 0.044607557356357574 0.0848989114165306 0.0028638730291277166
v 0.044607557356357574 0.0848989114165306 0.0028638730291277166
v 0.04468780383467674 0.0851439982652664 0.0010175307979807255
v 0.04441012814640999 0.0851439982652664 0.005076963920146226
v 0.04387509822845459 0.0848989114165306 0.00854465179145336
v 0.04338221624493599 0.08513439446687697 0.010985468514263628
v 0.04242222011089325 0.0848989114165306 0.014085128903388975
v 0.04338221624493599 0.08513439446687697 0.010985468514263628
v 0.04139355570077896 0.0851439982652664 0.016870362684130665
v 0.04242222011089325 0.0848989114165306 0.014085128903388975
v 0.04242222011089325 0.0848989114165306 0.014085128903388975
v 0.04139355570077896 0.0851439982652664 0.016870362684130665
v 0.04027277231216431 0.0848989114165306 0.01939432136714458
v 0.03889017924666405 0.08513628691434859 0.022130286321043965
v 0.03746204078197479 0.0848989114165306 0.024385068565607067
v 0.04027277231216431 0.0848989114165306 0.01939432136714458
v 0.03889017924666405 0.08513628691434859 0.022130286321043965
v 0.04027277231216431 0.0848989114165306 0.01939432136714458
v 0.04139355570077896 0.0851439982652664 0.016870362684130665
v 0.03266790509223938 0.08514399081468581 0.030509732663631436
v 0.030051449313759804 0.0848989114165306 0.03308998048305511
v 0.03403617441654205 0.0848989114165306 0.028975410386919972
v 0.03889017924666405 0.08513628691434859 0.022130286321043965
v 0.03530697897076607 0.0851439982652664 0.0274126511067152
v 0.03746204078197479 0.0848989114165306 0.024385068565607067
v 0.03746204078197479 0.0848989114165306 0.024385068565607067
v 0.03530697897076607 0.0851439982652664 0.0274126511067152
v 0.03403617441654205 0.0848989114165306 0.028975410386919972
v 0.03403617441654205 0.0848989114165306 0.028975410386919972
v 0.03530697897076607 0.0851439982652664 0.0274126511067152
v 0.03266790509223938 0.08514399081468581 0.030509732663631436
v 0.02322511188685894 0.08514399081468581 0.03819202631711959
v 0.020675186067819595 0.08489890396595 0.039630457758903496
v 0.02557327039539814 0.0848989114165306 0.03666120767593383
v 0.03266790509223938 0.08514399081468581 0.030509732663631436
v 0.02803891710937023 0.08513564616441725 0.034869600087404244
v 0.030051449313759804 0.0848989114165306 0.03308998048305511
v 0.030051449313759804 0.0848989114165306 0.03308998048305511
v 0.02803891710937023 0.08513564616441725 0.034869600087404244
v 0.02557327039539814 0.0848989114165306 0.03666120767593383
v 0.02557327039539814 0.0848989114165306 0.03666120767593383
v 0.02803891710937023 0.08513564616441725 0.034869600087404244
v 0.02322511188685894 0.08514399081468581 0.03819202631711959
v 0.015923738479614258 0.08514399081468581 0.04176686704158782
v 0.015437616035342216 0.08489890396595 0.041948974132537835
v 0.019655900076031685 0.08514399081468581 0.04014576599001884
v 0.019655900076031685 0.08514399081468581 0.04014576599001884
v 0.015437616035342216 0.08489890396595 0.041948974132537835
v 0.020675186067819595 0.08489890396595 0.039630457758903496
v 0.019655900076031685 0.08514399081468581 0.04014576599001884
v 0.020675186067819595 0.08489890396595 0.039630457758903496
v 0.02322511188685894 0.08514399081468581 0.03819202631711959
v 0.0018688441487029195 0.08513914048671721 0.04474677518010139
v 0.004292170982807875 0.08489890396595 0.04449286684393882
v 0.008095786906778812 0.08514398336410521 0.04396016150712966
v 0.008095786906778812 0.08514398336410521 0.04396016150712966
v 0.004292170982807875 0.08489890396595 0.04449286684393882
v 0.009946552105247974 0.08489890396595 0.043578706681728356
v 0.015437616035342216 0.08489890396595 0.041948974132537835
v 0.015923738479614258 0.08514399081468581 0.04176686704158782
v 0.012059800326824188 0.08514399081468581 0.04304182901978492
v 0.015437616035342216 0.08489890396595 0.041948974132537835
v 0.012059800326824188 0.08514399081468581 0.04304182901978492
v 0.009946552105247974 0.08489890396595 0.043578706681728356
v 0.009946552105247974 0.08489890396595 0.043578706681728356
v 0.012059800326824188 0.08514399081468581 0.04304182901978492
v 0.008095786906778812 0.08514398336410521 0.04396016150712966
v -0.004064729902893305 0.08514398336410521 0.044514220207929604
v -0.007134025450795889 0.0848988965153694 0.04412644729018211
v -0.0014326887903735042 0.0848988965153694 0.044676445424556725
v 0.004292170982807875 0.08489890396595 0.04449286684393882
v 0.0018688441487029195 0.08513914048671721 0.04474677518010139
v -0.0014326887903735042 0.0848988965153694 0.044676445424556725
v -0.0014326887903735042 0.0848988965153694 0.044676445424556725
v 0.0018688441487029195 0.08513914048671721 0.04474677518010139
v -0.004064729902893305 0.08514398336410521 0.044514220207929604
v -0.010010172612965107 0.08513183891773222 0.04359874874353408
v -0.012718218378722668 0.0848988965153694 0.04285189881920814
v -0.007134025450795889 0.0848988965153694 0.04412644729018211
v -0.010010172612965107 0.08513183891773222 0.04359874874353408
v -0.007134025450795889 0.0848988965153694 0.04412644729018211
v -0.004064729902893305 0.08514398336410521 0.044514220207929604
v -0.020864425227046013 0.08514358103275298 0.039571754634380334
v -0.02317185513675213 0.0848988890647888 0.03822439163923263
v -0.018093589693307877 0.0848988965153694 0.04087371751666068
v -0.010010172612965107 0.08513183891773222 0.04359874874353408
v -0.01592385768890381 0.08514397591352461 0.04176684096455573
v -0.012718218378722668 0.0848988965153694 0.04285189881920814
v -0.012718218378722668 0.0848988965153694 0.04285189881920814
v -0.01592385768890381 0.08514397591352461 0.04176684096455573
v -0.018093589693307877 0.0848988965153694 0.04087371751666068
v -0.018093589693307877 0.0848988965153694 0.04087371751666068
v -0.01592385768890381 0.08514397591352461 0.04176684096455573
v -0.020864425227046013 0.08514358103275298 0.039571754634380334
v -0.032667916268110275 0.08514397591352461 0.030509779229760167
v -0.03210980445146561 0.0848988890647888 0.031096620485186573
v -0.02975820191204548 0.08514397591352461 0.033353988081216805
v -0.02975820191204548 0.08514397591352461 0.033353988081216805
v -0.03210980445146561 0.0848988890647888 0.031096620485186573
v -0.027869636192917824 0.0848988890647888 0.03494742512702941
v -0.02317185513675213 0.0848988890647888 0.03822439163923263
v -0.020864425227046013 0.08514358103275298 0.039571754634380334
v -0.026601891964673996 0.08514397591352461 0.0359218344092369
v -0.02317185513675213 0.0848988890647888 0.03822439163923263
v -0.026601891964673996 0.08514397591352461 0.0359218344092369
v -0.027869636192917824 0.0848988890647888 0.03494742512702941
v -0.027869636192917824 0.0848988890647888 0.03494742512702941
v -0.026601891964673996 0.08514397591352461 0.0359218344092369
v -0.02975820191204548 0.08514397591352461 0.033353988081216805
v -0.03210980445146561 0.0848988890647888 0.031096620485186573
v -0.032667916268110275 0.08514397591352461 0.030509779229760167
v -0.03530704602599144 0.08514396846294402 0.027412639930844303
v -0.03210980445146561 0.0848988890647888 0.031096620485186573
v -0.03530704602599144 0.08514396846294402 0.027412639930844303
v -0.035822734236717224 0.0848988890647888 0.02673520892858505
v -0.035822734236717224 0.0848988890647888 0.02673520892858505
v -0.03530704602599144 0.08514396846294402 0.027412639930844303
v -0.037653494626283646 0.08514396846294402 0.024088473990559574
v -0.035822734236717224 0.0848988890647888 0.02673520892858505
v -0.037653494626283646 0.08514396846294402 0.024088473990559574
v -0.0389474593102932 0.0848988890647888 0.021934803575277325
v -0.037653494626283646 0.08514396846294402 0.024088473990559574
v -0.03968796133995056 0.08514396846294402 0.02056467160582542
v -0.0389474593102932 0.0848988890647888 0.021934803575277325
v -0.0389474593102932 0.0848988890647888 0.021934803575277325
v -0.03968796133995056 0.08514396846294402 0.02056467160582542
v -0.041432660073041916 0.0848988890647888 0.01677424274384975
v -0.041432660073041916 0.0848988890647888 0.01677424274384975
v -0.03968796133995056 0.08514396846294402 0.02056467160582542
v -0.0423867292702198 0.0851442590355873 0.01430845446884632
v -0.044410187751054764 0.08514396846294402 0.005076941102743148
v -0.044332459568977356 0.08489888161420821 0.005716055631637572
v -0.04376451298594475 0.08514396846294402 0.009094395674765108
v -0.04376451298594475 0.08514396846294402 0.009094395674765108
v -0.044332459568977356 0.08489888161420821 0.005716055631637572
v -0.043237537145614624 0.08489888161420821 0.01133823301643133
v -0.041432660073041916 0.0848988890647888 0.01677424274384975
v -0.0423867292702198 0.0851442590355873 0.01430845446884632
v -0.043237537145614624 0.08489888161420821 0.01133823301643133
v -0.043237537145614624 0.08489888161420821 0.01133823301643133
v -0.0423867292702198 0.0851442590355873 0.01430845446884632
v -0.04376451298594475 0.08514396846294402 0.009094395674765108
v -0.044332459568977356 0.08489888161420821 0.005716055631637572
v -0.044410187751054764 0.08514396846294402 0.005076941102743148
v -0.04477442428469658 0.08514373004436492 -0.0010223411954939363
v -0.044332459568977356 0.08489888161420821 0.005716055631637572
v -0.04477442428469658 0.08514373004436492 -0.0010223411954939363
v -0.044699449092149734 0.08489888161420821 2.1511079140168473e-08
v -0.03655756264925003 0.024781506508588787 0.032831095159053796
v -0.03764006122946739 0.02465300820767879 0.03254482895135879
v -0.036825839430093765 0.02441664226353168 0.03301817923784255
v -0.03558420389890671 0.024784008041024205 0.03330124542117118
v -0.03655756264925003 0.024781506508588787 0.032831095159053796
v -0.035560719668865204 0.02442020364105701 0.03362555056810378
v -0.035560719668865204 0.02442020364105701 0.03362555056810378
v -0.03655756264925003 0.024781506508588787 0.032831095159053796
v -0.036825839430093765 0.02441664226353168 0.03301817923784255
v -0.03469019755721092 0.024712538346648213 0.03394684568047523
v -0.03558420389890671 0.024784008041024205 0.03330124542117118
v -0.035560719668865204 0.02442020364105701 0.03362555056810378
v -0.033918797969818115 0.02478498965501785 0.03471242636442184
v -0.03469019755721092 0.024712538346648213 0.03394684568047523
v -0.034098587930202484 0.024478303268551823 0.03480733558535575
v -0.034098587930202484 0.024478303268551823 0.03480733558535575
v -0.03469019755721092 0.024712538346648213 0.03394684568047523
v -0.035560719668865204 0.02442020364105701 0.03362555056810378
v -0.034098587930202484 0.024478303268551823 0.03480733558535575
v -0.035560719668865204 0.02442020364105701 0.03362555056810378
v -0.03361467272043228 0.024411402642726895 0.035661093890666955
v -0.03329451382160187 0.024743890389800068 0.035606503486633294
v -0.033918797969818115 0.02478498965501785 0.03471242636442184
v -0.034098587930202484 0.024478303268551823 0.03480733558535575
v -0.03329451382160187 0.024743890389800068 0.035606503486633294
v -0.034098587930202484 0.024478303268551823 0.03480733558535575
v -0.03361467272043228 0.024411402642726895 0.035661093890666955
v -0.03282689303159714 0.024742200970649716 0.036583714187145226
v -0.03329451382160187 0.024743890389800068 0.035606503486633294
v -0.0330272801220417 0.024410752579569813 0.0368964672088623
v -0.0330272801220417 0.024410752579569813 0.0368964672088623
v -0.03329451382160187 0.024743890389800068 0.035606503486633294
v -0.03361467272043228 0.024411402642726895 0.035661093890666955
v -0.03254345431923866 0.024660270661115643 0.037634856998920434
v -0.03282689303159714 0.024742200970649716 0.036583714187145226
v -0.0330272801220417 0.024410752579569813 0.0368964672088623
v -0.0328311026096344 0.024781504645943638 -0.03655755519866943
v -0.03254483640193939 0.024653006345033642 -0.03764005377888679
v -0.033018190413713455 0.024416640400886532 -0.03682583197951316
v -0.033301252871751785 0.024784006178379055 -0.0355842001736164
v -0.0328311026096344 0.024781504645943638 -0.03655755519866943
v -0.033625561743974686 0.024420199915766713 -0.0355607122182846
v -0.033625561743974686 0.024420199915766713 -0.0355607122182846
v -0.0328311026096344 0.024781504645943638 -0.03655755519866943
v -0.033018190413713455 0.024416640400886532 -0.03682583197951316
v -0.03394685685634613 0.024712536484003064 -0.03469019010663032
v -0.033301252871751785 0.024784006178379055 -0.0355842001736164
v -0.033625561743974686 0.024420199915766713 -0.0355607122182846
v -0.03471243754029274 0.02478498592972755 -0.03391879051923751
v -0.03394685685634613 0.024712536484003064 -0.03469019010663032
v -0.034807343035936356 0.024478299543261525 -0.03409858047962188
v -0.034807343035936356 0.024478299543261525 -0.03409858047962188
v -0.03394685685634613 0.024712536484003064 -0.03469019010663032
v -0.033625561743974686 0.024420199915766713 -0.0355607122182846
v -0.034807343035936356 0.024478299543261525 -0.03409858047962188
v -0.033625561743974686 0.024420199915766713 -0.0355607122182846
v -0.03566110506653786 0.024411398917436596 -0.03361466526985168
v -0.035606514662504196 0.02474388666450977 -0.03329451009631156
v -0.03471243754029274 0.02478498592972755 -0.03391879051923751
v -0.034807343035936356 0.024478299543261525 -0.03409858047962188
v -0.035606514662504196 0.02474388666450977 -0.03329451009631156
v -0.034807343035936356 0.024478299543261525 -0.03409858047962188
v -0.03566110506653786 0.024411398917436596 -0.03361466526985168
v -0.03658372163772583 0.024742195382714268 -0.032826885581016534
v -0.035606514662504196 0.02474388666450977 -0.03329451009631156
v -0.0368964783847332 0.024410748854279515 -0.0330272726714611
v -0.0368964783847332 0.024410748854279515 -0.0330272726714611
v -0.035606514662504196 0.02474388666450977 -0.03329451009631156
v -0.03566110506653786 0.024411398917436596 -0.03361466526985168
v -0.037634868174791336 0.024660266935825344 -0.03254345059394836
v -0.03658372163772583 0.024742195382714268 -0.032826885581016534
v -0.0368964783847332 0.024410748854279515 -0.0330272726714611
v 0.03655754774808884 0.02478152699768543 -0.032831095159053796
v 0.0376400463283062 0.024653030559420582 -0.03254482895135879
v 0.03682582452893257 0.024416662752628323 -0.03301818296313285
v 0.03559882938861847 0.024704128503799435 -0.03330679610371589
v 0.03655754774808884 0.02478152699768543 -0.032831095159053796
v 0.03682582452893257 0.024416662752628323 -0.03301818296313285
v 0.03559882938861847 0.024704128503799435 -0.03330679610371589
v 0.03682582452893257 0.024416662752628323 -0.03301818296313285
v 0.035094767808914185 0.024422863498330113 -0.0339444987475872
v 0.03470093011856079 0.024785118177533146 -0.03392821177840232
v 0.03559882938861847 0.024704128503799435 -0.03330679610371589
v 0.035094767808914185 0.024422863498330113 -0.0339444987475872
v 0.03392649069428444 0.024789886549115177 -0.034700371325016015
v 0.03470093011856079 0.024785118177533146 -0.03392821177840232
v 0.03409856930375099 0.024478321895003315 -0.03480733931064605
v 0.03409856930375099 0.024478321895003315 -0.03480733931064605
v 0.03470093011856079 0.024785118177533146 -0.03392821177840232
v 0.035094767808914185 0.024422863498330113 -0.0339444987475872
v 0.03409856930375099 0.024478321895003315 -0.03480733931064605
v 0.035094767808914185 0.024422863498330113 -0.0339444987475872
v 0.033617474138736725 0.024410922080278393 -0.03565791621804237
v 0.033294498920440674 0.02474390901625156 -0.03560650721192359
v 0.03392649069428444 0.024789886549115177 -0.034700371325016015
v 0.03409856930375099 0.024478321895003315 -0.03480733931064605
v 0.033294498920440674 0.02474390901625156 -0.03560650721192359
v 0.03409856930375099 0.024478321895003315 -0.03480733931064605
v 0.033617474138736725 0.024410922080278393 -0.03565791621804237
v 0.032826878130435944 0.02474221773445606 -0.036583714187145226
v 0.033294498920440674 0.02474390901625156 -0.03560650721192359
v 0.033029552549123764 0.02441006153821945 -0.03689372166991233
v 0.033029552549123764 0.02441006153821945 -0.03689372166991233
v 0.033294498920440674 0.02474390901625156 -0.03560650721192359
v 0.033617474138736725 0.024410922080278393 -0.03565791621804237
v 0.03254343941807747 0.024660289287567135 -0.03763486072421073
v 0.032826878130435944 0.02474221773445606 -0.036583714187145226
v 0.033029552549123764 0.02441006153821945 -0.03689372166991233
v 0.032831087708473206 0.024781528860330578 0.03655755519866943
v 0.0325448215007782 0.024653030559420582 0.03764005005359649
v 0.03301817178726196 0.024416664615273472 0.03682583197951316
v 0.03330123797059059 0.024784030392765995 0.035584196448326104
v 0.032831087708473206 0.024781528860330578 0.03655755519866943
v 0.03362554311752319 0.024420225992798802 0.0355607084929943
v 0.03362554311752319 0.024420225992798802 0.0355607084929943
v 0.032831087708473206 0.024781528860330578 0.03655755519866943
v 0.03301817178726196 0.024416664615273472 0.03682583197951316
v 0.03394683822989464 0.024712560698390004 0.03469018638134002
v 0.03330123797059059 0.024784030392765995 0.035584196448326104
v 0.03362554311752319 0.024420225992798802 0.0355607084929943
v 0.03471241891384125 0.02478501200675964 0.03391879051923751
v 0.03394683822989464 0.024712560698390004 0.03469018638134002
v 0.03480732813477516 0.024478325620293614 0.03409857675433158
v 0.03480732813477516 0.024478325620293614 0.03409857675433158
v 0.03394683822989464 0.024712560698390004 0.03469018638134002
v 0.03362554311752319 0.024420225992798802 0.0355607084929943
v 0.03480732813477516 0.024478325620293614 0.03409857675433158
v 0.03362554311752319 0.024420225992798802 0.0355607084929943
v 0.035657789558172226 0.024412585422396656 0.033614452928304665
v 0.035606496036052704 0.02474391274154186 0.033294506371021264
v 0.03471241891384125 0.02478501200675964 0.03391879051923751
v 0.03480732813477516 0.024478325620293614 0.03409857675433158
v 0.035606496036052704 0.02474391274154186 0.033294506371021264
v 0.03480732813477516 0.024478325620293614 0.03409857675433158
v 0.035657789558172226 0.024412585422396656 0.033614452928304665
v 0.036583706736564636 0.024742223322391507 0.032826881855726235
v 0.035606496036052704 0.02474391274154186 0.033294506371021264
v 0.03689371049404144 0.024410067126154896 0.033029559999704354
v 0.03689371049404144 0.024410067126154896 0.033029559999704354
v 0.035606496036052704 0.02474391274154186 0.033294506371021264
v 0.035657789558172226 0.024412585422396656 0.033614452928304665
v 0.03763485327363014 0.024660294875502583 0.03254344686865806
v 0.036583706736564636 0.024742223322391507 0.032826881855726235
v 0.03689371049404144 0.024410067126154896 0.033029559999704354
v -0.007134075276553631 0.0848988965153694 -0.04412644729018211
v -0.008602079004049301 0.0848988965153694 -0.044169582426548
v -0.012718266807496548 0.0848988890647888 -0.04285189136862754
v -0.012718266807496548 0.0848988890647888 -0.04285189136862754
v -0.008602079004049301 0.0848988965153694 -0.044169582426548
v -0.01417973730713129 0.0848988890647888 -0.042706951498985284
v -0.012718266807496548 0.0848988890647888 -0.04285189136862754
v -0.01417973730713129 0.0848988890647888 -0.042706951498985284
v -0.018093636259436607 0.0848988890647888 -0.04087370261549949
v -0.018093636259436607 0.0848988890647888 -0.04087370261549949
v -0.01417973730713129 0.0848988890647888 -0.042706951498985284
v -0.01952456682920456 0.0848988890647888 -0.0405430644750595
v -0.018093636259436607 0.0848988890647888 -0.04087370261549949
v -0.01952456682920456 0.0848988890647888 -0.0405430644750595
v -0.02317189797759056 0.0848988890647888 -0.038224373012781136
v -0.02317189797759056 0.0848988890647888 -0.038224373012781136
v -0.01952456682920456 0.0848988890647888 -0.0405430644750595
v -0.02454880066215992 0.0848988890647888 -0.03771345689892768
v -0.02317189797759056 0.0848988890647888 -0.038224373012781136
v -0.02454880066215992 0.0848988890647888 -0.03771345689892768
v -0.027869675308465958 0.0848988890647888 -0.03494740277528762
v -0.027869675308465958 0.0848988890647888 -0.03494740277528762
v -0.02454880066215992 0.0848988890647888 -0.03771345689892768
v -0.029169948771595955 0.0848988890647888 -0.03426461294293403
v -0.027869675308465958 0.0848988890647888 -0.03494740277528762
v -0.029169948771595955 0.0848988890647888 -0.03426461294293403
v -0.03210983797907829 0.0848988890647888 -0.031096590682864186
v -0.03210983797907829 0.0848988890647888 -0.031096590682864186
v -0.029169948771595955 0.0848988890647888 -0.03426461294293403
v -0.0333121232688427 0.0848988890647888 -0.03025313280522823
v -0.03210983797907829 0.0848988890647888 -0.031096590682864186
v -0.0333121232688427 0.0848988890647888 -0.03025313280522823
v -0.03582276776432991 0.0848988890647888 -0.026735177263617512
v -0.03582276776432991 0.0848988890647888 -0.026735177263617512
v -0.0333121232688427 0.0848988890647888 -0.03025313280522823
v -0.03690731152892113 0.0848988890647888 -0.025744898244738575
v -0.03582276776432991 0.0848988890647888 -0.026735177263617512
v -0.03690731152892113 0.0848988890647888 -0.025744898244738575
v -0.03894748166203499 0.08489888161420821 -0.02193476632237434
v -0.03894748166203499 0.08489888161420821 -0.02193476632237434
v -0.03690731152892113 0.0848988890647888 -0.025744898244738575
v -0.039896488189697266 0.08489888161420821 -0.020813930779695507
v -0.03894748166203499 0.08489888161420821 -0.02193476632237434
v -0.039896488189697266 0.08489888161420821 -0.020813930779695507
v -0.04143268242478371 0.08489888161420821 -0.016774203628301617
v -0.04143268242478371 0.08489888161420821 -0.016774203628301617
v -0.039896488189697266 0.08489888161420821 -0.020813930779695507
v -0.04223056510090828 0.08489888161420821 -0.015541207045316694
v -0.04143268242478371 0.08489888161420821 -0.016774203628301617
v -0.04223056510090828 0.08489888161420821 -0.015541207045316694
v -0.04323755204677582 0.08489888161420821 -0.011338192038238047
v -0.04323755204677582 0.08489888161420821 -0.011338192038238047
v -0.04223056510090828 0.08489888161420821 -0.015541207045316694
v -0.04387122392654419 0.08489888161420821 -0.010013288818299769
v -0.04323755204677582 0.08489888161420821 -0.011338192038238047
v -0.04387122392654419 0.08489888161420821 -0.010013288818299769
v -0.04433246701955795 0.08489888161420821 -0.005716013256460427
v -0.04433246701955795 0.08489888161420821 -0.005716013256460427
v -0.04387122392654419 0.08489888161420821 -0.010013288818299769
v -0.044791508466005325 0.08489888161420821 -0.004320958163589238
v -0.04433246701955795 0.08489888161420821 -0.005716013256460427
v -0.044791508466005325 0.08489888161420821 -0.004320958163589238
v -0.044699449092149734 0.08489888161420821 2.1511079140168473e-08
v -0.044699449092149734 0.08489888161420821 2.1511079140168473e-08
v -0.044791508466005325 0.08489888161420821 -0.004320958163589238
v -0.04497632011771202 0.08489888161420821 0.001442324020899832
v -0.044699449092149734 0.08489888161420821 2.1511079140168473e-08
v -0.04497632011771202 0.08489888161420821 0.001442324020899832
v -0.044332459568977356 0.08489888161420821 0.005716055631637572
v -0.044332459568977356 0.08489888161420821 0.005716055631637572
v -0.04497632011771202 0.08489888161420821 0.001442324020899832
v -0.04442262649536133 0.08489888161420821 0.007181922905147075
v -0.044332459568977356 0.08489888161420821 0.005716055631637572
v -0.04442262649536133 0.08489888161420821 0.007181922905147075
v -0.043237537145614624 0.08489888161420821 0.01133823301643133
v -0.043237537145614624 0.08489888161420821 0.01133823301643133
v -0.04442262649536133 0.08489888161420821 0.007181922905147075
v -0.0431395098567009 0.08489888161420821 0.012803593650460241
v -0.043237537145614624 0.08489888161420821 0.01133823301643133
v -0.0431395098567009 0.08489888161420821 0.012803593650460241
v -0.041432660073041916 0.0848988890647888 0.01677424274384975
v -0.041432660073041916 0.0848988890647888 0.01677424274384975
v -0.0431395098567009 0.08489888161420821 0.012803593650460241
v -0.04114805534482002 0.0848988890647888 0.018215032294392582
v -0.041432660073041916 0.0848988890647888 0.01677424274384975
v -0.04114805534482002 0.0848988890647888 0.018215032294392582
v -0.0389474593102932 0.0848988890647888 0.021934803575277325
v -0.0389474593102932 0.0848988890647888 0.021934803575277325
v -0.04114805534482002 0.0848988890647888 0.018215032294392582
v -0.03848094493150711 0.0848988890647888 0.02332738414406776
v -0.0389474593102932 0.0848988890647888 0.021934803575277325
v -0.03848094493150711 0.0848988890647888 0.02332738414406776
v -0.035822734236717224 0.0848988890647888 0.02673520892858505
v -0.035822734236717224 0.0848988890647888 0.02673520892858505
v -0.03848094493150711 0.0848988890647888 0.02332738414406776
v -0.03518196567893028 0.0848988890647888 0.02805669046938419
v -0.035822734236717224 0.0848988890647888 0.02673520892858505
v -0.03518196567893028 0.0848988890647888 0.02805669046938419
v -0.03210980445146561 0.0848988890647888 0.031096620485186573
v -0.03210980445146561 0.0848988890647888 0.031096620485186573
v -0.03518196567893028 0.0848988890647888 0.02805669046938419
v -0.03130532056093216 0.0848988890647888 0.03232531622052192
v -0.03210980445146561 0.0848988890647888 0.031096620485186573
v -0.03130532056093216 0.0848988890647888 0.03232531622052192
v -0.027869636192917824 0.0848988890647888 0.03494742512702941
v -0.027869636192917824 0.0848988890647888 0.03494742512702941
v -0.03130532056093216 0.0848988890647888 0.03232531622052192
v -0.026914628222584724 0.0848988890647888 0.036063153296709054
v -0.027869636192917824 0.0848988890647888 0.03494742512702941
v -0.026914628222584724 0.0848988890647888 0.036063153296709054
v -0.02317185513675213 0.0848988890647888 0.03822439163923263
v -0.02317185513675213 0.0848988890647888 0.03822439163923263
v -0.026914628222584724 0.0848988890647888 0.036063153296709054
v -0.02208200842142105 0.0848988965153694 0.039208836853504174
v -0.02317185513675213 0.0848988890647888 0.03822439163923263
v -0.02208200842142105 0.0848988965153694 0.039208836853504174
v -0.018093589693307877 0.0848988965153694 0.04087371751666068
v -0.018093589693307877 0.0848988965153694 0.04087371751666068
v -0.02208200842142105 0.0848988965153694 0.039208836853504174
v -0.01688680425286293 0.0848988965153694 0.041710715740919106
v -0.018093589693307877 0.0848988965153694 0.04087371751666068
v -0.01688680425286293 0.0848988965153694 0.041710715740919106
v -0.012718218378722668 0.0848988965153694 0.04285189881920814
v -0.012718218378722668 0.0848988965153694 0.04285189881920814
v -0.01688680425286293 0.0848988965153694 0.041710715740919106
v -0.01141431462019682 0.0848988965153694 0.04352770745754241
v -0.012718218378722668 0.0848988965153694 0.04285189881920814
v -0.01141431462019682 0.0848988965153694 0.04352770745754241
v -0.007134025450795889 0.0848988965153694 0.04412644729018211
v -0.007134025450795889 0.0848988965153694 0.04412644729018211
v -0.01141431462019682 0.0848988965153694 0.04352770745754241
v -0.005754399579018354 0.0848988965153694 0.044629968702793114
v -0.007134025450795889 0.0848988965153694 0.04412644729018211
v -0.005754399579018354 0.0848988965153694 0.044629968702793114
v -0.0014326887903735042 0.0848988965153694 0.044676445424556725
v -0.0014326887903735042 0.0848988965153694 0.044676445424556725
v -0.005754399579018354 0.0848988965153694 0.044629968702793114
v -2.272177557216537e-09 0.08489890396595 0.04499941319227218
v -0.0014326887903735042 0.0848988965153694 0.044676445424556725
v -2.272177557216537e-09 0.08489890396595 0.04499941319227218
v 0.004292170982807875 0.08489890396595 0.04449286684393882
v 0.004292170982807875 0.08489890396595 0.04449286684393882
v -2.272177557216537e-09 0.08489890396595 0.04499941319227218
v 0.005754394456744194 0.08489890396595 0.044629964977502816
v 0.004292170982807875 0.08489890396595 0.04449286684393882
v 0.005754394456744194 0.08489890396595 0.044629964977502816
v 0.009946552105247974 0.08489890396595 0.043578706681728356
v 0.009946552105247974 0.08489890396595 0.043578706681728356
v 0.005754394456744194 0.08489890396595 0.044629964977502816
v 0.011414309032261372 0.08489890396595 0.04352769628167152
v 0.009946552105247974 0.08489890396595 0.043578706681728356
v 0.011414309032261372 0.08489890396595 0.04352769628167152
v 0.015437616035342216 0.08489890396595 0.041948974132537835
v 0.015437616035342216 0.08489890396595 0.041948974132537835
v 0.011414309032261372 0.08489890396595 0.04352769628167152
v 0.016886796802282333 0.08489890396595 0.041710693389177315
v 0.015437616035342216 0.08489890396595 0.041948974132537835
v 0.016886796802282333 0.08489890396595 0.041710693389177315
v 0.020675186067819595 0.08489890396595 0.039630457758903496
v 0.020675186067819595 0.08489890396595 0.039630457758903496
v 0.016886796802282333 0.08489890396595 0.041710693389177315
v 0.022081999108195305 0.08489890396595 0.03920881450176238
v 0.020675186067819595 0.08489890396595 0.039630457758903496
v 0.022081999108195305 0.08489890396595 0.03920881450176238
v 0.02557327039539814 0.0848989114165306 0.03666120767593383
v 0.02557327039539814 0.0848989114165306 0.03666120767593383
v 0.022081999108195305 0.08489890396595 0.03920881450176238
v 0.02691461332142353 0.0848989114165306 0.036063123494386666
v 0.02557327039539814 0.0848989114165306 0.03666120767593383
v 0.02691461332142353 0.0848989114165306 0.036063123494386666
v 0.030051449313759804 0.0848989114165306 0.03308998048305511
v 0.030051449313759804 0.0848989114165306 0.03308998048305511
v 0.02691461332142353 0.0848989114165306 0.036063123494386666
v 0.03130530193448067 0.0848989114165306 0.032325278967618935
v 0.030051449313759804 0.0848989114165306 0.03308998048305511
v 0.03130530193448067 0.0848989114165306 0.032325278967618935
v 0.03403617441654205 0.0848989114165306 0.028975410386919972
v 0.03403617441654205 0.0848989114165306 0.028975410386919972
v 0.03130530193448067 0.0848989114165306 0.032325278967618935
v 0.03518194332718849 0.0848989114165306 0.028056651353836056
v 0.03403617441654205 0.0848989114165306 0.028975410386919972
v 0.03518194332718849 0.0848989114165306 0.028056651353836056
v 0.03746204078197479 0.0848989114165306 0.024385068565607067
v 0.03746204078197479 0.0848989114165306 0.024385068565607067
v 0.03518194332718849 0.0848989114165306 0.028056651353836056
v 0.03848091512918472 0.0848989114165306 0.02332734130322933
v 0.03746204078197479 0.0848989114165306 0.024385068565607067
v 0.03848091512918472 0.0848989114165306 0.02332734130322933
v 0.04027277231216431 0.0848989114165306 0.01939432136714458
v 0.04027277231216431 0.0848989114165306 0.01939432136714458
v 0.03848091512918472 0.0848989114165306 0.02332734130322933
v 0.04114801809191704 0.0848989114165306 0.01821498572826385
v 0.04027277231216431 0.0848989114165306 0.01939432136714458
v 0.04114801809191704 0.0848989114165306 0.01821498572826385
v 0.04242222011089325 0.0848989114165306 0.014085128903388975
v 0.04242222011089325 0.0848989114165306 0.014085128903388975
v 0.04114801809191704 0.0848989114165306 0.01821498572826385
v 0.043139468878507614 0.0848989114165306 0.012803545221686361
v 0.04242222011089325 0.0848989114165306 0.014085128903388975
v 0.043139468878507614 0.0848989114165306 0.012803545221686361
v 0.04387509822845459 0.0848989114165306 0.00854465179145336
v 0.04387509822845459 0.0848989114165306 0.00854465179145336
v 0.043139468878507614 0.0848989114165306 0.012803545221686361
v 0.04442257806658745 0.0848989114165306 0.0071818726137280455
v 0.04387509822845459 0.0848989114165306 0.00854465179145336
v 0.04442257806658745 0.0848989114165306 0.0071818726137280455
v 0.044607557356357574 0.0848989114165306 0.0028638730291277166
v 0.044607557356357574 0.0848989114165306 0.0028638730291277166
v 0.04442257806658745 0.0848989114165306 0.0071818726137280455
v 0.04497626796364784 0.0848989114165306 0.0014422732638195155
v 0.044607557356357574 0.0848989114165306 0.0028638730291277166
v 0.04497626796364784 0.0848989114165306 0.0014422732638195155
v 0.044607553631067276 0.0848989114165306 -0.0028639307711273427
v 0.044607553631067276 0.0848989114165306 -0.0028639307711273427
v 0.04497626796364784 0.0848989114165306 0.0014422732638195155
v 0.04479144886136055 0.0848989114165306 -0.004321008920669555
v 0.044607553631067276 0.0848989114165306 -0.0028639307711273427
v 0.04479144886136055 0.0848989114165306 -0.004321008920669555
v 0.043875087052583694 0.0848989114165306 -0.008544708602130411
v 0.043875087052583694 0.0848989114165306 -0.008544708602130411
v 0.04479144886136055 0.0848989114165306 -0.004321008920669555
v 0.04387115687131882 0.0848989114165306 -0.010013338178396223
v 0.043875087052583694 0.0848989114165306 -0.008544708602130411
v 0.04387115687131882 0.0848989114165306 -0.010013338178396223
v 0.042422205209732056 0.0848989114165306 -0.014085183851420878
v 0.042422205209732056 0.0848989114165306 -0.014085183851420878
v 0.04387115687131882 0.0848989114165306 -0.010013338178396223
v 0.04223049432039261 0.0848989114165306 -0.015541255474090574
v 0.042422205209732056 0.0848989114165306 -0.014085183851420878
v 0.04223049432039261 0.0848989114165306 -0.015541255474090574
v 0.040272749960422516 0.0848989114165306 -0.01939437352120876
v 0.040272749960422516 0.0848989114165306 -0.01939437352120876
v 0.04223049432039261 0.0848989114165306 -0.015541255474090574
v 0.039896409958601 0.0848989114165306 -0.02081397548317909
v 0.040272749960422516 0.0848989114165306 -0.01939437352120876
v 0.039896409958601 0.0848989114165306 -0.02081397548317909
v 0.037462010979652405 0.0848989114165306 -0.024385118857026097
v 0.037462010979652405 0.0848989114165306 -0.024385118857026097
v 0.039896409958601 0.0848989114165306 -0.02081397548317909
v 0.03690722584724426 0.0848989114165306 -0.025744941085577008
v 0.037462010979652405 0.0848989114165306 -0.024385118857026097
v 0.03690722584724426 0.0848989114165306 -0.025744941085577008
v 0.03403614088892937 0.0848989114165306 -0.028975455090403553
v 0.03403614088892937 0.0848989114165306 -0.028975455090403553
v 0.03690722584724426 0.0848989114165306 -0.025744941085577008
v 0.033312033861875534 0.0848989114165306 -0.030253170058131214
v 0.03403614088892937 0.0848989114165306 -0.028975455090403553
v 0.033312033861875534 0.0848989114165306 -0.030253170058131214
v 0.03005141206085682 0.08489890396595 -0.03309002146124839
v 0.03005141206085682 0.08489890396595 -0.03309002146124839
v 0.033312033861875534 0.0848989114165306 -0.030253170058131214
v 0.029169853776693344 0.08489890396595 -0.034264646470546715
v 0.03005141206085682 0.08489890396595 -0.03309002146124839
v 0.029169853776693344 0.08489890396595 -0.034264646470546715
v 0.025573229417204857 0.08489890396595 -0.036661244928836816
v 0.025573229417204857 0.08489890396595 -0.036661244928836816
v 0.029169853776693344 0.08489890396595 -0.034264646470546715
v 0.02454870194196701 0.08489890396595 -0.03771348670125007
v 0.025573229417204857 0.08489890396595 -0.036661244928836816
v 0.02454870194196701 0.08489890396595 -0.03771348670125007
v 0.020675141364336014 0.08489890396595 -0.03963049128651618
v 0.020675141364336014 0.08489890396595 -0.03963049128651618
v 0.02454870194196701 0.08489890396595 -0.03771348670125007
v 0.0195244662463665 0.08489890396595 -0.04054308682680129
v 0.020675141364336014 0.08489890396595 -0.03963049128651618
v 0.0195244662463665 0.08489890396595 -0.04054308682680129
v 0.015437568537890911 0.08489890396595 -0.041949000209569924
v 0.015437568537890911 0.08489890396595 -0.041949000209569924
v 0.0195244662463665 0.08489890396595 -0.04054308682680129
v 0.014179633930325508 0.08489890396595 -0.042706970125436776
v 0.015437568537890911 0.08489890396595 -0.041949000209569924
v 0.014179633930325508 0.08489890396595 -0.042706970125436776
v 0.009946503676474094 0.0848988965153694 -0.04357872530817985
v 0.009946503676474094 0.0848988965153694 -0.04357872530817985
v 0.014179633930325508 0.08489890396595 -0.042706970125436776
v 0.00860197376459837 0.0848988965153694 -0.04416959360241889
v 0.009946503676474094 0.0848988965153694 -0.04357872530817985
v 0.00860197376459837 0.0848988965153694 -0.04416959360241889
v 0.0042921206913888454 0.0848988965153694 -0.044492878019809716
v 0.0042921206913888454 0.0848988965153694 -0.044492878019809716
v 0.00860197376459837 0.0848988965153694 -0.04416959360241889
v 0.002883069682866335 0.0848988965153694 -0.04490696266293525
v 0.0042921206913888454 0.0848988965153694 -0.044492878019809716
v 0.002883069682866335 0.0848988965153694 -0.04490696266293525
v -0.0014327391982078552 0.0848988965153694 -0.04467645287513732
v -0.0014327391982078552 0.0848988965153694 -0.04467645287513732
v 0.002883069682866335 0.0848988965153694 -0.04490696266293525
v -0.0028831756208091974 0.0848988965153694 -0.04490695893764495
v -0.0014327391982078552 0.0848988965153694 -0.04467645287513732
v -0.0028831756208091974 0.0848988965153694 -0.04490695893764495
v -0.007134075276553631 0.0848988965153694 -0.04412644729018211
v -0.007134075276553631 0.0848988965153694 -0.04412644729018211
v -0.0028831756208091974 0.0848988965153694 -0.04490695893764495
v -0.008602079004049301 0.0848988965153694 -0.044169582426548
v -0.03251836821436882 0.06124829500913619 0.03755074739456176
v -0.03254345431923866 0.024660270661115643 0.037634856998920434
v -0.032064810395240784 0.05506817623972892 0.04073942825198173
v -0.032064810395240784 0.05506817623972892 0.04073942825198173
v -0.03254345431923866 0.024660270661115643 0.037634856998920434
v -0.03212526813149452 0.02465810067951679 0.04060780629515647
v -0.032064810395240784 0.05506817623972892 0.04073942825198173
v -0.03212526813149452 0.02465810067951679 0.04060780629515647
v -0.03170548006892204 0.051368564367294305 0.04253597185015678
v -0.02913360297679901 0.024663921445608136 0.04992104694247245
v -0.02912231534719467 0.03796681016683578 0.04987712949514388
v -0.03041926585137844 0.02467205189168453 0.04689583927392959
v -0.02912231534719467 0.03796681016683578 0.04987712949514388
v -0.030772969126701355 0.04512072354555129 0.04584719985723495
v -0.03041926585137844 0.02467205189168453 0.04689583927392959
v -0.03041926585137844 0.02467205189168453 0.04689583927392959
v -0.030772969126701355 0.04512072354555129 0.04584719985723495
v -0.03142823278903961 0.02473706007003784 0.04372229799628257
v -0.03142823278903961 0.02473706007003784 0.04372229799628257
v -0.030772969126701355 0.04512072354555129 0.04584719985723495
v -0.03212526813149452 0.02465810067951679 0.04060780629515647
v -0.03212526813149452 0.02465810067951679 0.04060780629515647
v -0.030772969126701355 0.04512072354555129 0.04584719985723495
v -0.03170548006892204 0.051368564367294305 0.04253597185015678
v -0.02415197156369686 0.02476580254733562 0.057476244866847985
v -0.026053620502352715 0.028906518593430516 0.05503534153103828
v -0.025483274832367897 0.024645272642374035 0.05588375404477119
v -0.025483274832367897 0.024645272642374035 0.05588375404477119
v -0.026053620502352715 0.028906518593430516 0.05503534153103828
v -0.027500910684466362 0.02465463429689407 0.052926946431398385
v -0.027500910684466362 0.02465463429689407 0.052926946431398385
v -0.026053620502352715 0.028906518593430516 0.05503534153103828
v -0.027661971747875214 0.03309554606676101 0.05257745087146758
v -0.027500910684466362 0.02465463429689407 0.052926946431398385
v -0.027661971747875214 0.03309554606676101 0.05257745087146758
v -0.02913360297679901 0.024663921445608136 0.04992104694247245
v -0.02913360297679901 0.024663921445608136 0.04992104694247245
v -0.027661971747875214 0.03309554606676101 0.05257745087146758
v -0.02912231534719467 0.03796681016683578 0.04987712949514388
v -0.0330272801220417 0.024410752579569813 0.0368964672088623
v -0.031952038407325745 0.024420924484729763 0.042926408350467675
v -0.03212526813149452 0.02465810067951679 0.04060780629515647
v -0.0330272801220417 0.024410752579569813 0.0368964672088623
v -0.03212526813149452 0.02465810067951679 0.04060780629515647
v -0.03254345431923866 0.024660270661115643 0.037634856998920434
v -0.024531977251172066 0.02447072602808475 0.05736031755805015
v -0.02415197156369686 0.02476580254733562 0.057476244866847985
v -0.025483274832367897 0.024645272642374035 0.05588375404477119
v -0.025177069008350372 0.024391887709498402 0.05696877464652061
v -0.024531977251172066 0.02447072602808475 0.05736031755805015
v -0.025483274832367897 0.024645272642374035 0.05588375404477119
v -0.0287003256380558 0.024406705051660534 0.05162547528743743
v -0.025177069008350372 0.024391887709498402 0.05696877464652061
v -0.027500910684466362 0.02465463429689407 0.052926946431398385
v -0.027500910684466362 0.02465463429689407 0.052926946431398385
v -0.025177069008350372 0.024391887709498402 0.05696877464652061
v -0.025483274832367897 0.024645272642374035 0.05588375404477119
v -0.02913360297679901 0.024663921445608136 0.04992104694247245
v -0.0287003256380558 0.024406705051660534 0.05162547528743743
v -0.027500910684466362 0.02465463429689407 0.052926946431398385
v -0.030716553330421448 0.02440572530031204 0.047145366668701165
v -0.0287003256380558 0.024406705051660534 0.05162547528743743
v -0.03041926585137844 0.02467205189168453 0.04689583927392959
v -0.03041926585137844 0.02467205189168453 0.04689583927392959
v -0.0287003256380558 0.024406705051660534 0.05162547528743743
v -0.02913360297679901 0.024663921445608136 0.04992104694247245
v -0.031952038407325745 0.024420924484729763 0.042926408350467675
v -0.030716553330421448 0.02440572530031204 0.047145366668701165
v -0.03041926585137844 0.02467205189168453 0.04689583927392959
v -0.031952038407325745 0.024420924484729763 0.042926408350467675
v -0.03041926585137844 0.02467205189168453 0.04689583927392959
v -0.03142823278903961 0.02473706007003784 0.04372229799628257
v -0.03212526813149452 0.02465810067951679 0.04060780629515647
v -0.031952038407325745 0.024420924484729763 0.042926408350467675
v -0.03142823278903961 0.02473706007003784 0.04372229799628257
v -0.04360499605536461 0.024399429559707638 0.04230207577347755
v -0.045652199536561966 0.024392290040850636 0.042308595031499856
v -0.042153824120759964 0.024399481713771817 0.04370888695120811
v -0.042153824120759964 0.024399481713771817 0.04370888695120811
v -0.045652199536561966 0.024392290040850636 0.042308595031499856
v -0.04089473932981491 0.024392090737819668 0.04697751253843307
v -0.03528670221567154 0.024392744526267048 0.05130958184599876
v -0.03634914010763168 0.024399513378739354 0.04412591457366943
v -0.038293056190013885 0.024399483576416966 0.04467929154634475
v -0.03528670221567154 0.024392744526267048 0.05130958184599876
v -0.038293056190013885 0.024399483576416966 0.04467929154634475
v -0.04089473932981491 0.024392090737819668 0.04697751253843307
v -0.04089473932981491 0.024392090737819668 0.04697751253843307
v -0.038293056190013885 0.024399483576416966 0.04467929154634475
v -0.040308985859155655 0.024399481713771817 0.044534463435411446
v -0.04089473932981491 0.024392090737819668 0.04697751253843307
v -0.040308985859155655 0.024399481713771817 0.044534463435411446
v -0.042153824120759964 0.024399481713771817 0.04370888695120811
v -0.045652199536561966 0.024392290040850636 0.042308595031499856
v -0.04360499605536461 0.024399429559707638 0.04230207577347755
v -0.04448758438229561 0.024399481713771817 0.04048382863402366
v -0.045652199536561966 0.024392290040850636 0.042308595031499856
v -0.04448758438229561 0.024399481713771817 0.04048382863402366
v -0.050082188099622726 0.024391727522015568 0.037029225379228585
v -0.050082188099622726 0.024391727522015568 0.037029225379228585
v -0.04448758438229561 0.024399481713771817 0.04048382863402366
v -0.04469502717256546 0.024399481713771817 0.038473386317491524
v -0.050082188099622726 0.024391727522015568 0.037029225379228585
v -0.04469502717256546 0.024399481713771817 0.038473386317491524
v -0.044024523347616196 0.02439920976758003 0.03607526421546935
v -0.050082188099622726 0.024391727522015568 0.037029225379228585
v -0.044024523347616196 0.02439920976758003 0.03607526421546935
v -0.05371726304292679 0.024393817409873005 0.031433731317520135
v -0.05371726304292679 0.024393817409873005 0.031433731317520135
v -0.044024523347616196 0.02439920976758003 0.03607526421546935
v -0.05178524926304817 0.02440603822469711 0.028614496812224385
v -0.05178524926304817 0.02440603822469711 0.028614496812224385
v -0.044024523347616196 0.02439920976758003 0.03607526421546935
v -0.046942338347435 0.02442446909844875 0.030665466561913487
v -0.041929084807634354 0.02439916133880615 0.03388536348938941
v -0.04265795648097992 0.024405520409345623 0.03212026506662368
v -0.046942338347435 0.02442446909844875 0.030665466561913487
v -0.041929084807634354 0.02439916133880615 0.03388536348938941
v -0.046942338347435 0.02442446909844875 0.030665466561913487
v -0.044024523347616196 0.02439920976758003 0.03607526421546935
v -0.041929084807634354 0.02439916133880615 0.03388536348938941
v -0.03948765620589256 0.024399550631642338 0.033101420849561684
v -0.04265795648097992 0.024405520409345623 0.03212026506662368
v -0.04265795648097992 0.024405520409345623 0.03212026506662368
v -0.03948765620589256 0.024399550631642338 0.033101420849561684
v -0.036825839430093765 0.02441664226353168 0.03301817923784255
v -0.05371726304292679 0.024393817409873005 0.031433731317520135
v -0.05178524926304817 0.02440603822469711 0.028614496812224385
v -0.056988634169101715 0.024391354992985722 0.025155793875455853
v -0.035560719668865204 0.02442020364105701 0.03362555056810378
v -0.0356268435716629 0.024399552494287487 0.03407182544469833
v -0.03361467272043228 0.024411402642726895 0.035661093890666955
v -0.03361467272043228 0.024411402642726895 0.035661093890666955
v -0.0356268435716629 0.024399552494287487 0.03407182544469833
v -0.033885229378938675 0.024399284273385998 0.03585160151124
v -0.03432301804423332 0.024399213492870327 0.04255427420139312
v -0.030716553330421448 0.02440572530031204 0.047145366668701165
v -0.031952038407325745 0.024420924484729763 0.042926408350467675
v -0.03432301804423332 0.024399213492870327 0.04255427420139312
v -0.031952038407325745 0.024420924484729763 0.042926408350467675
v -0.033246252685785294 0.024399513378739354 0.04030902311205863
v -0.033246252685785294 0.024399513378739354 0.04030902311205863
v -0.031952038407325745 0.024420924484729763 0.042926408350467675
v -0.0331014059484005 0.024399533867835995 0.03829309344291686
v -0.0331014059484005 0.024399533867835995 0.03829309344291686
v -0.031952038407325745 0.024420924484729763 0.042926408350467675
v -0.0330272801220417 0.024410752579569813 0.0368964672088623
v -0.03634914010763168 0.024399513378739354 0.04412591457366943
v -0.03528670221567154 0.024392744526267048 0.05130958184599876
v -0.0287003256380558 0.024406705051660534 0.05162547528743743
v -0.03634914010763168 0.024399513378739354 0.04412591457366943
v -0.0287003256380558 0.024406705051660534 0.05162547528743743
v -0.03432301804423332 0.024399213492870327 0.04255427420139312
v -0.03432301804423332 0.024399213492870327 0.04255427420139312
v -0.0287003256380558 0.024406705051660534 0.05162547528743743
v -0.030716553330421448 0.02440572530031204 0.047145366668701165
v -0.0356268435716629 0.024399552494287487 0.03407182544469833
v -0.035560719668865204 0.02442020364105701 0.03362555056810378
v -0.0374717116355896 0.024399511516094204 0.03324628993868827
v -0.0374717116355896 0.024399511516094204 0.03324628993868827
v -0.035560719668865204 0.02442020364105701 0.03362555056810378
v -0.036825839430093765 0.02441664226353168 0.03301817923784255
v -0.0374717116355896 0.024399511516094204 0.03324628993868827
v -0.036825839430093765 0.02441664226353168 0.03301817923784255
v -0.03948765620589256 0.024399550631642338 0.033101420849561684
v -0.03361467272043228 0.024411402642726895 0.035661093890666955
v -0.033885229378938675 0.024399284273385998 0.03585160151124
v -0.0330272801220417 0.024410752579569813 0.0368964672088623
v -0.0331014059484005 0.024399533867835995 0.03829309344291686
v -0.0330272801220417 0.024410752579569813 0.0368964672088623
v -0.033885229378938675 0.024399284273385998 0.03585160151124
v -0.025177069008350372 0.024391887709498402 0.05696877464652061
v -0.0287003256380558 0.024406705051660534 0.05162547528743743
v -0.03528670221567154 0.024392744526267048 0.05130958184599876
v -0.03764006122946739 0.02465300820767879 0.03254482895135879
v -0.040527693927288055 0.02462542802095413 0.032151907682418816
v -0.036825839430093765 0.02441664226353168 0.03301817923784255
v -0.036825839430093765 0.02441664226353168 0.03301817923784255
v -0.040527693927288055 0.02462542802095413 0.032151907682418816
v -0.04265795648097992 0.024405520409345623 0.03212026506662368
v -0.055742017924785614 0.024723341688513752 0.02556807920336723
v -0.05747603997588158 0.024531515315175053 0.024330405518412587
v -0.05721845105290413 0.02443328499794006 0.02477965876460075
v -0.055742017924785614 0.024723341688513752 0.02556807920336723
v -0.057464998215436935 0.02479145117104053 0.024158086627721783
v -0.05747603997588158 0.024531515315175053 0.024330405518412587
v -0.04265795648097992 0.024405520409345623 0.03212026506662368
v -0.040527693927288055 0.02462542802095413 0.032151907682418816
v -0.04378131404519081 0.024651596322655674 0.03143529593944549
v -0.046942338347435 0.02442446909844875 0.030665466561913487
v -0.04265795648097992 0.024405520409345623 0.03212026506662368
v -0.04378131404519081 0.024651596322655674 0.03143529593944549
v -0.046942338347435 0.02442446909844875 0.030665466561913487
v -0.04378131404519081 0.024651596322655674 0.03143529593944549
v -0.046868812292814255 0.024809043854475018 0.030404280871152874
v -0.05178524926304817 0.02440603822469711 0.028614496812224385
v -0.046942338347435 0.02442446909844875 0.030665466561913487
v -0.05001439154148102 0.02466873452067375 0.029083408415317532
v -0.05001439154148102 0.02466873452067375 0.029083408415317532
v -0.046942338347435 0.02442446909844875 0.030665466561913487
v -0.046868812292814255 0.024809043854475018 0.030404280871152874
v -0.05299050360918045 0.024655444547533985 0.027460852637886998
v -0.05178524926304817 0.02440603822469711 0.028614496812224385
v -0.05001439154148102 0.02466873452067375 0.029083408415317532
v -0.056988634169101715 0.024391354992985722 0.025155793875455853
v -0.05178524926304817 0.02440603822469711 0.028614496812224385
v -0.05721845105290413 0.02443328499794006 0.02477965876460075
v -0.05721845105290413 0.02443328499794006 0.02477965876460075
v -0.05178524926304817 0.02440603822469711 0.028614496812224385
v -0.05299050360918045 0.024655444547533985 0.027460852637886998
v -0.05721845105290413 0.02443328499794006 0.02477965876460075
v -0.05299050360918045 0.024655444547533985 0.027460852637886998
v -0.055742017924785614 0.024723341688513752 0.02556807920336723
v -0.057464998215436935 0.02479145117104053 0.024158086627721783
v -0.055742017924785614 0.024723341688513752 0.02556807920336723
v -0.05452020466327667 0.02964253909885883 0.02641552686691284
v -0.05452020466327667 0.02964253909885883 0.02641552686691284
v -0.055742017924785614 0.024723341688513752 0.02556807920336723
v -0.05299050360918045 0.024655444547533985 0.027460852637886998
v -0.05452020466327667 0.02964253909885883 0.02641552686691284
v -0.05001439154148102 0.02466873452067375 0.029083408415317532
v -0.05208459869027138 0.03393001481890678 0.027943834662437435
v -0.05452020466327667 0.02964253909885883 0.02641552686691284
v -0.05299050360918045 0.024655444547533985 0.027460852637886998
v -0.05001439154148102 0.02466873452067375 0.029083408415317532
v -0.046868812292814255 0.024809043854475018 0.030404280871152874
v -0.045020800083875656 0.04670391976833343 0.03103114105761051
v -0.04784238338470459 0.04167088493704795 0.030022324994206425
v -0.05001439154148102 0.02466873452067375 0.029083408415317532
v -0.05020270496606827 0.037384148687124245 0.028958721086382862
v -0.05208459869027138 0.03393001481890678 0.027943834662437435
v -0.046868812292814255 0.024809043854475018 0.030404280871152874
v -0.04784238338470459 0.04167088493704795 0.030022324994206425
v -0.05020270496606827 0.037384148687124245 0.028958721086382862
v -0.046868812292814255 0.024809043854475018 0.030404280871152874
v -0.05020270496606827 0.037384148687124245 0.028958721086382862
v -0.05001439154148102 0.02466873452067375 0.029083408415317532
v -0.040527693927288055 0.02462542802095413 0.032151907682418816
v -0.04084321856498718 0.054584968835115426 0.03205521404743194
v -0.045020800083875656 0.04670391976833343 0.03103114105761051
v -0.045020800083875656 0.04670391976833343 0.03103114105761051
v -0.046868812292814255 0.024809043854475018 0.030404280871152874
v -0.04378131404519081 0.024651596322655674 0.03143529593944549
v -0.045020800083875656 0.04670391976833343 0.03103114105761051
v -0.04378131404519081 0.024651596322655674 0.03143529593944549
v -0.040527693927288055 0.02462542802095413 0.032151907682418816
v -0.04084321856498718 0.054584968835115426 0.03205521404743194
v -0.03764006122946739 0.02465300820767879 0.03254482895135879
v -0.037436675280332565 0.061353433877229684 0.032553195953369134
v -0.04084321856498718 0.054584968835115426 0.03205521404743194
v -0.040527693927288055 0.02462542802095413 0.032151907682418816
v -0.03764006122946739 0.02465300820767879 0.03254482895135879
v -0.037436675280332565 0.061353433877229684 0.032553195953369134
v -0.03764006122946739 0.02465300820767879 0.03254482895135879
v -0.03655756264925003 0.024781506508588787 0.032831095159053796
v -0.035123176872730255 0.06460378319025038 0.033570490777492516
v -0.03635144978761673 0.06316758692264555 0.03290127217769622
v -0.03558420389890671 0.024784008041024205 0.03330124542117118
v -0.03558420389890671 0.024784008041024205 0.03330124542117118
v -0.03635144978761673 0.06316758692264555 0.03290127217769622
v -0.03655756264925003 0.024781506508588787 0.032831095159053796
v -0.03655756264925003 0.024781506508588787 0.032831095159053796
v -0.03635144978761673 0.06316758692264555 0.03290127217769622
v -0.037436675280332565 0.061353433877229684 0.032553195953369134
v -0.03469019755721092 0.024712538346648213 0.03394684568047523
v -0.035123176872730255 0.06460378319025038 0.033570490777492516
v -0.03558420389890671 0.024784008041024205 0.03330124542117118
v -0.03392361104488373 0.06483282148838042 0.03467528522014617
v -0.03469019755721092 0.024712538346648213 0.03394684568047523
v -0.033918797969818115 0.02478498965501785 0.03471242636442184
v -0.03469019755721092 0.024712538346648213 0.03394684568047523
v -0.03392361104488373 0.06483282148838042 0.03467528522014617
v -0.035123176872730255 0.06460378319025038 0.033570490777492516
v -0.03392361104488373 0.06483282148838042 0.03467528522014617
v -0.033918797969818115 0.02478498965501785 0.03471242636442184
v -0.03320728987455368 0.06405367702245711 0.035719972103834145
v -0.03281800448894501 0.06303510814905165 0.03652378171682357
v -0.03320728987455368 0.06405367702245711 0.035719972103834145
v -0.03329451382160187 0.024743890389800068 0.035606503486633294
v -0.03329451382160187 0.024743890389800068 0.035606503486633294
v -0.03320728987455368 0.06405367702245711 0.035719972103834145
v -0.033918797969818115 0.02478498965501785 0.03471242636442184
v -0.03254345431923866 0.024660270661115643 0.037634856998920434
v -0.03251836821436882 0.06124829500913619 0.03755074739456176
v -0.03282689303159714 0.024742200970649716 0.036583714187145226
v -0.03282689303159714 0.024742200970649716 0.036583714187145226
v -0.03251836821436882 0.06124829500913619 0.03755074739456176
v -0.03281800448894501 0.06303510814905165 0.03652378171682357
v -0.03282689303159714 0.024742200970649716 0.036583714187145226
v -0.03281800448894501 0.06303510814905165 0.03652378171682357
v -0.03329451382160187 0.024743890389800068 0.035606503486633294
v -0.037947554141283035 0.060336854308843606 -0.032460939139127724
v -0.037634868174791336 0.024660266935825344 -0.03254345059394836
v -0.040922924876213074 0.05472471565008163 -0.03203401342034339
v -0.040922924876213074 0.05472471565008163 -0.03203401342034339
v -0.037634868174791336 0.024660266935825344 -0.03254345059394836
v -0.040607817471027374 0.02465809509158134 -0.03212526440620422
v -0.040922924876213074 0.05472471565008163 -0.03203401342034339
v -0.040607817471027374 0.02465809509158134 -0.03212526440620422
v -0.042535994201898575 0.05136855691671371 -0.03170546516776084
v -0.04992105811834335 0.02466391213238239 -0.02913359552621841
v -0.04975825175642967 0.037998810410499566 -0.02917605452239513
v -0.04689584672451019 0.024672042578458783 -0.03041925840079784
v -0.04975825175642967 0.037998810410499566 -0.02917605452239513
v -0.04584721475839615 0.045120716094970696 -0.030772956088185307
v -0.04689584672451019 0.024672042578458783 -0.03041925840079784
v -0.04689584672451019 0.024672042578458783 -0.03041925840079784
v -0.04584721475839615 0.045120716094970696 -0.030772956088185307
v -0.04372230917215347 0.02473705261945724 -0.031428229063749306
v -0.04372230917215347 0.02473705261945724 -0.031428229063749306
v -0.04584721475839615 0.045120716094970696 -0.030772956088185307
v -0.040607817471027374 0.02465809509158134 -0.03212526440620422
v -0.040607817471027374 0.02465809509158134 -0.03212526440620422
v -0.04584721475839615 0.045120716094970696 -0.030772956088185307
v -0.042535994201898575 0.05136855691671371 -0.03170546516776084
v -0.05747780576348305 0.024760060012340542 -0.024151304736733433
v -0.055045709013938904 0.028894295915961262 -0.026047121733427044
v -0.05588409677147865 0.024645250290632244 -0.025483047589659687
v -0.05588409677147865 0.024645250290632244 -0.025483047589659687
v -0.055045709013938904 0.028894295915961262 -0.026047121733427044
v -0.05292695760726929 0.024654621258378025 -0.02750090323388576
v -0.05292695760726929 0.024654621258378025 -0.02750090323388576
v -0.055045709013938904 0.028894295915961262 -0.026047121733427044
v -0.05253295600414276 0.03330504894256591 -0.027685372158885
v -0.05292695760726929 0.024654621258378025 -0.02750090323388576
v -0.05253295600414276 0.03330504894256591 -0.027685372158885
v -0.04992105811834335 0.02466391213238239 -0.02913359552621841
v -0.04992105811834335 0.02466391213238239 -0.02913359552621841
v -0.05253295600414276 0.03330504894256591 -0.027685372158885
v -0.04975825175642967 0.037998810410499566 -0.02917605452239513
v -0.0368964783847332 0.024410748854279515 -0.0330272726714611
v -0.04118841141462326 0.024406608194112774 -0.03239494562149047
v -0.040607817471027374 0.02465809509158134 -0.03212526440620422
v -0.0368964783847332 0.024410748854279515 -0.0330272726714611
v -0.040607817471027374 0.02465809509158134 -0.03212526440620422
v -0.037634868174791336 0.024660266935825344 -0.03254345059394836
v -0.05736032500863075 0.024470712989568707 -0.024531969800591465
v -0.05747780576348305 0.024760060012340542 -0.024151304736733433
v -0.05588409677147865 0.024645250290632244 -0.025483047589659687
v -0.05689574405550957 0.024399632588028904 -0.025209201499819752
v -0.05736032500863075 0.024470712989568707 -0.024531969800591465
v -0.05588409677147865 0.024645250290632244 -0.025483047589659687
v -0.051625482738018036 0.024406695738434788 -0.0287003181874752
v -0.05689574405550957 0.024399632588028904 -0.025209201499819752
v -0.05292695760726929 0.024654621258378025 -0.02750090323388576
v -0.05292695760726929 0.024654621258378025 -0.02750090323388576
v -0.05689574405550957 0.024399632588028904 -0.025209201499819752
v -0.05588409677147865 0.024645250290632244 -0.025483047589659687
v -0.04992105811834335 0.02466391213238239 -0.02913359552621841
v -0.051625482738018036 0.024406695738434788 -0.0287003181874752
v -0.05292695760726929 0.024654621258378025 -0.02750090323388576
v -0.045000892132520676 0.024421917274594303 -0.0313965082168579
v -0.051625482738018036 0.024406695738434788 -0.0287003181874752
v -0.04689584672451019 0.024672042578458783 -0.03041925840079784
v -0.04689584672451019 0.024672042578458783 -0.03041925840079784
v -0.051625482738018036 0.024406695738434788 -0.0287003181874752
v -0.04992105811834335 0.02466391213238239 -0.02913359552621841
v -0.045000892132520676 0.024421917274594303 -0.0313965082168579
v -0.04689584672451019 0.024672042578458783 -0.03041925840079784
v -0.04372230917215347 0.02473705261945724 -0.031428229063749306
v -0.04118841141462326 0.024406608194112774 -0.03239494562149047
v -0.045000892132520676 0.024421917274594303 -0.0313965082168579
v -0.040607817471027374 0.02465809509158134 -0.03212526440620422
v -0.040607817471027374 0.02465809509158134 -0.03212526440620422
v -0.045000892132520676 0.024421917274594303 -0.0313965082168579
v -0.04372230917215347 0.02473705261945724 -0.031428229063749306
v -0.03829310089349747 0.024399530142545697 -0.033101398497819894
v -0.0368964783847332 0.024410748854279515 -0.0330272726714611
v -0.0358516126871109 0.0243992805480957 -0.03388522192835807
v -0.05120745301246643 0.024385444819927212 -0.035456258803606026
v -0.04412592202425003 0.024399505928158757 -0.03634913265705108
v -0.044679298996925354 0.024399477988481518 -0.03829304873943328
v -0.05120745301246643 0.024385444819927212 -0.035456258803606026
v -0.044679298996925354 0.024399477988481518 -0.03829304873943328
v -0.04855863004922867 0.0243662167340517 -0.03913564607501029
v -0.04255428537726402 0.02439920790493488 -0.03432301059365272
v -0.04118841141462326 0.024406608194112774 -0.03239494562149047
v -0.040309030562639236 0.024399507790803906 -0.03324624523520469
v -0.040309030562639236 0.024399507790803906 -0.03324624523520469
v -0.04118841141462326 0.024406608194112774 -0.03239494562149047
v -0.03829310089349747 0.024399530142545697 -0.033101398497819894
v -0.03829310089349747 0.024399530142545697 -0.033101398497819894
v -0.04118841141462326 0.024406608194112774 -0.03239494562149047
v -0.0368964783847332 0.024410748854279515 -0.0330272726714611
v -0.04255428537726402 0.02439920790493488 -0.03432301059365272
v -0.045000892132520676 0.024421917274594303 -0.0313965082168579
v -0.04118841141462326 0.024406608194112774 -0.03239494562149047
v -0.04855863004922867 0.0243662167340517 -0.03913564607501029
v -0.044679298996925354 0.024399477988481518 -0.03829304873943328
v -0.04453447088599205 0.024399477988481518 -0.04030898213386535
v -0.04855863004922867 0.0243662167340517 -0.03913564607501029
v -0.04453447088599205 0.024399477988481518 -0.04030898213386535
v -0.0431508831679821 0.024386357516050335 -0.04497206583619117
v -0.0358516126871109 0.0243992805480957 -0.03388522192835807
v -0.03566110506653786 0.024411398917436596 -0.03361466526985168
v -0.03407183662056923 0.024399550631642338 -0.0356268398463726
v -0.03407183662056923 0.024399550631642338 -0.0356268398463726
v -0.03566110506653786 0.024411398917436596 -0.03361466526985168
v -0.033625561743974686 0.024420199915766713 -0.0355607122182846
v -0.05120745301246643 0.024385444819927212 -0.035456258803606026
v -0.05435402691364288 0.02438942342996597 -0.030449355021119114
v -0.04412592202425003 0.024399505928158757 -0.03634913265705108
v -0.04412592202425003 0.024399505928158757 -0.03634913265705108
v -0.05435402691364288 0.02438942342996597 -0.030449355021119114
v -0.051625482738018036 0.024406695738434788 -0.0287003181874752
v -0.04412592202425003 0.024399505928158757 -0.03634913265705108
v -0.051625482738018036 0.024406695738434788 -0.0287003181874752
v -0.04255428537726402 0.02439920790493488 -0.03432301059365272
v -0.04255428537726402 0.02439920790493488 -0.03432301059365272
v -0.051625482738018036 0.024406695738434788 -0.0287003181874752
v -0.045000892132520676 0.024421917274594303 -0.0313965082168579
v -0.033885370939970016 0.02439916133880615 -0.04192907735705375
v -0.03310149908065796 0.024399481713771817 -0.03948764875531196
v -0.032120272517204285 0.024405520409345623 -0.042657949030399316
v -0.032120272517204285 0.024405520409345623 -0.042657949030399316
v -0.03310149908065796 0.024399481713771817 -0.03948764875531196
v -0.033018190413713455 0.024416640400886532 -0.03682583197951316
v -0.033018190413713455 0.024416640400886532 -0.03682583197951316
v -0.03310149908065796 0.024399481713771817 -0.03948764875531196
v -0.033246248960494995 0.024399561807513234 -0.0374716930091381
v -0.0358516126871109 0.0243992805480957 -0.03388522192835807
v -0.0368964783847332 0.024410748854279515 -0.0330272726714611
v -0.03566110506653786 0.024411398917436596 -0.03361466526985168
v -0.05435402691364288 0.02438942342996597 -0.030449355021119114
v -0.05689574405550957 0.024399632588028904 -0.025209201499819752
v -0.051625482738018036 0.024406695738434788 -0.0287003181874752
v -0.03407183662056923 0.024399550631642338 -0.0356268398463726
v -0.033625561743974686 0.024420199915766713 -0.0355607122182846
v -0.033246248960494995 0.024399561807513234 -0.0374716930091381
v -0.04453447088599205 0.024399477988481518 -0.04030898213386535
v -0.04370889440178871 0.024399477988481518 -0.04215381667017936
v -0.0431508831679821 0.024386357516050335 -0.04497206583619117
v -0.0431508831679821 0.024386357516050335 -0.04497206583619117
v -0.04370889440178871 0.024399477988481518 -0.04215381667017936
v -0.04230208322405815 0.02439942583441734 -0.043604988604784005
v -0.03329380601644516 0.02439300902187824 -0.05263536795973777
v -0.038928888738155365 0.024377088993787762 -0.048671826720237725
v -0.03847339376807213 0.024399479851126667 -0.044695019721984856
v -0.033885370939970016 0.02439916133880615 -0.04192907735705375
v -0.032120272517204285 0.024405520409345623 -0.042657949030399316
v -0.030665475875139236 0.0244244709610939 -0.046942330896854394
v -0.033885370939970016 0.02439916133880615 -0.04192907735705375
v -0.030665475875139236 0.0244244709610939 -0.046942330896854394
v -0.036075275391340256 0.02439920976758003 -0.04402451589703559
v -0.033625561743974686 0.024420199915766713 -0.0355607122182846
v -0.033018190413713455 0.024416640400886532 -0.03682583197951316
v -0.033246248960494995 0.024399561807513234 -0.0374716930091381
v -0.0431508831679821 0.024386357516050335 -0.04497206583619117
v -0.04230208322405815 0.02439942583441734 -0.043604988604784005
v -0.04048383608460426 0.024399477988481518 -0.044487576931715005
v -0.0431508831679821 0.024386357516050335 -0.04497206583619117
v -0.04048383608460426 0.024399477988481518 -0.044487576931715005
v -0.038928888738155365 0.024377088993787762 -0.048671826720237725
v -0.038928888738155365 0.024377088993787762 -0.048671826720237725
v -0.04048383608460426 0.024399477988481518 -0.044487576931715005
v -0.03847339376807213 0.024399479851126667 -0.044695019721984856
v -0.036075275391340256 0.02439920976758003 -0.04402451589703559
v -0.030665475875139236 0.0244244709610939 -0.046942330896854394
v -0.028614504262804985 0.024406041949987408 -0.05178524181246757
v -0.036075275391340256 0.02439920976758003 -0.04402451589703559
v -0.028614504262804985 0.024406041949987408 -0.05178524181246757
v -0.03329380601644516 0.02439300902187824 -0.05263536795973777
v -0.036075275391340256 0.02439920976758003 -0.04402451589703559
v -0.03329380601644516 0.02439300902187824 -0.05263536795973777
v -0.03847339376807213 0.024399479851126667 -0.044695019721984856
v -0.03329380601644516 0.02439300902187824 -0.05263536795973777
v -0.028614504262804985 0.024406041949987408 -0.05178524181246757
v -0.025199713185429573 0.024386433884501454 -0.05698639526963233
v -0.03254483640193939 0.024653006345033642 -0.03764005377888679
v -0.03215191513299942 0.02462542615830898 -0.04052768647670745
v -0.033018190413713455 0.024416640400886532 -0.03682583197951316
v -0.033018190413713455 0.024416640400886532 -0.03682583197951316
v -0.03215191513299942 0.02462542615830898 -0.04052768647670745
v -0.032120272517204285 0.024405520409345623 -0.042657949030399316
v -0.02556808851659298 0.02472334913909435 -0.05574201047420501
v -0.02429179474711418 0.024548290297389027 -0.05749817192554473
v -0.024754539132118225 0.02441265061497688 -0.05728179216384887
v -0.02556808851659298 0.02472334913909435 -0.05574201047420501
v -0.024167196825146675 0.024795437231659886 -0.057453941553831094
v -0.02429179474711418 0.024548290297389027 -0.05749817192554473
v -0.032120272517204285 0.024405520409345623 -0.042657949030399316
v -0.03215191513299942 0.02462542615830898 -0.04052768647670745
v -0.03143530339002609 0.024651598185300824 -0.04378130659461021
v -0.030665475875139236 0.0244244709610939 -0.046942330896854394
v -0.032120272517204285 0.024405520409345623 -0.042657949030399316
v -0.03143530339002609 0.024651598185300824 -0.04378130659461021
v -0.030665475875139236 0.0244244709610939 -0.046942330896854394
v -0.03143530339002609 0.024651598185300824 -0.04378130659461021
v -0.030371829867362976 0.02479280717670917 -0.046973302960395806
v -0.028614504262804985 0.024406041949987408 -0.05178524181246757
v -0.030665475875139236 0.0244244709610939 -0.046942330896854394
v -0.029078958556056023 0.02467013709247112 -0.05002098158001899
v -0.029078958556056023 0.02467013709247112 -0.05002098158001899
v -0.030665475875139236 0.0244244709610939 -0.046942330896854394
v -0.030371829867362976 0.02479280717670917 -0.046973302960395806
v -0.027460860088467598 0.024655450135469433 -0.05299049615859985
v -0.028614504262804985 0.024406041949987408 -0.05178524181246757
v -0.029078958556056023 0.02467013709247112 -0.05002098158001899
v -0.025199713185429573 0.024386433884501454 -0.05698639526963233
v -0.028614504262804985 0.024406041949987408 -0.05178524181246757
v -0.024754539132118225 0.02441265061497688 -0.05728179216384887
v -0.024754539132118225 0.02441265061497688 -0.05728179216384887
v -0.028614504262804985 0.024406041949987408 -0.05178524181246757
v -0.027460860088467598 0.024655450135469433 -0.05299049615859985
v -0.024754539132118225 0.02441265061497688 -0.05728179216384887
v -0.027460860088467598 0.024655450135469433 -0.05299049615859985
v -0.02556808851659298 0.02472334913909435 -0.05574201047420501
v -0.024167196825146675 0.024795437231659886 -0.057453941553831094
v -0.02556808851659298 0.02472334913909435 -0.05574201047420501
v -0.026415538042783737 0.029642544686794278 -0.05452019721269607
v -0.026415538042783737 0.029642544686794278 -0.05452019721269607
v -0.02556808851659298 0.02472334913909435 -0.05574201047420501
v -0.027460860088467598 0.024655450135469433 -0.05299049615859985
v -0.028976203873753548 0.03744157031178474 -0.05016841366887092
v -0.027943847700953484 0.03393000736832618 -0.052084591239690774
v -0.029078958556056023 0.02467013709247112 -0.05002098158001899
v -0.029078958556056023 0.02467013709247112 -0.05002098158001899
v -0.027943847700953484 0.03393000736832618 -0.052084591239690774
v -0.026415538042783737 0.029642544686794278 -0.05452019721269607
v -0.026415538042783737 0.029642544686794278 -0.05452019721269607
v -0.027460860088467598 0.024655450135469433 -0.05299049615859985
v -0.029078958556056023 0.02467013709247112 -0.05002098158001899
v -0.030036160722374916 0.041743464767932885 -0.04780737310647964
v -0.030371829867362976 0.02479280717670917 -0.046973302960395806
v -0.031031157821416855 0.04670391976833343 -0.045020788908004754
v -0.028976203873753548 0.03744157031178474 -0.05016841366887092
v -0.029078958556056023 0.02467013709247112 -0.05002098158001899
v -0.030036160722374916 0.041743464767932885 -0.04780737310647964
v -0.030036160722374916 0.041743464767932885 -0.04780737310647964
v -0.029078958556056023 0.02467013709247112 -0.05002098158001899
v -0.030371829867362976 0.02479280717670917 -0.046973302960395806
v -0.03215191513299942 0.02462542615830898 -0.04052768647670745
v -0.03205523639917374 0.054584968835115426 -0.04084320366382598
v -0.031031157821416855 0.04670391976833343 -0.045020788908004754
v -0.031031157821416855 0.04670391976833343 -0.045020788908004754
v -0.030371829867362976 0.02479280717670917 -0.046973302960395806
v -0.03143530339002609 0.024651598185300824 -0.04378130659461021
v -0.031031157821416855 0.04670391976833343 -0.045020788908004754
v -0.03143530339002609 0.024651598185300824 -0.04378130659461021
v -0.03215191513299942 0.02462542615830898 -0.04052768647670745
v -0.03205523639917374 0.054584968835115426 -0.04084320366382598
v -0.03254483640193939 0.024653006345033642 -0.03764005377888679
v -0.03255321830511093 0.061353430151939385 -0.037436656653881066
v -0.03205523639917374 0.054584968835115426 -0.04084320366382598
v -0.03215191513299942 0.02462542615830898 -0.04052768647670745
v -0.03254483640193939 0.024653006345033642 -0.03764005377888679
v -0.03255321830511093 0.061353430151939385 -0.037436656653881066
v -0.03254483640193939 0.024653006345033642 -0.03764005377888679
v -0.0328311026096344 0.024781504645943638 -0.03655755519866943
v -0.033301252871751785 0.024784006178379055 -0.0355842001736164
v -0.03303416073322296 0.06363850831985472 -0.03602271899580955
v -0.0328311026096344 0.024781504645943638 -0.03655755519866943
v -0.0328311026096344 0.024781504645943638 -0.03655755519866943
v -0.03303416073322296 0.06363850831985472 -0.03602271899580955
v -0.03255321830511093 0.061353430151939385 -0.037436656653881066
v -0.03397224098443985 0.06485474109649657 -0.03461788594722747
v -0.03303416073322296 0.06363850831985472 -0.03602271899580955
v -0.03394685685634613 0.024712536484003064 -0.03469019010663032
v -0.03394685685634613 0.024712536484003064 -0.03469019010663032
v -0.03303416073322296 0.06363850831985472 -0.03602271899580955
v -0.033301252871751785 0.024784006178379055 -0.0355842001736164
v -0.0351032130420208 0.0646112412214279 -0.03358489647507667
v -0.03394685685634613 0.024712536484003064 -0.03469019010663032
v -0.03471243754029274 0.02478498592972755 -0.03391879051923751
v -0.03394685685634613 0.024712536484003064 -0.03469019010663032
v -0.0351032130420208 0.0646112412214279 -0.03358489647507667
v -0.03397224098443985 0.06485474109649657 -0.03461788594722747
v -0.036507897078990936 0.06309860944747923 -0.03282127529382705
v -0.0351032130420208 0.0646112412214279 -0.03358489647507667
v -0.035606514662504196 0.02474388666450977 -0.03329451009631156
v -0.035606514662504196 0.02474388666450977 -0.03329451009631156
v -0.0351032130420208 0.0646112412214279 -0.03358489647507667
v -0.03471243754029274 0.02478498592972755 -0.03391879051923751
v -0.037634868174791336 0.024660266935825344 -0.03254345059394836
v -0.037947554141283035 0.060336854308843606 -0.032460939139127724
v -0.03658372163772583 0.024742195382714268 -0.032826885581016534
v -0.03658372163772583 0.024742195382714268 -0.032826885581016534
v -0.037947554141283035 0.060336854308843606 -0.032460939139127724
v -0.036507897078990936 0.06309860944747923 -0.03282127529382705
v -0.03658372163772583 0.024742195382714268 -0.032826885581016534
v -0.036507897078990936 0.06309860944747923 -0.03282127529382705
v -0.035606514662504196 0.02474388666450977 -0.03329451009631156
v 0.03246091678738594 0.060336876660585397 -0.037947539240121834
v 0.03254343941807747 0.024660289287567135 -0.03763486072421073
v 0.032064780592918396 0.05506815388798713 -0.04073943197727203
v 0.032064780592918396 0.05506815388798713 -0.04073943197727203
v 0.03254343941807747 0.024660289287567135 -0.03763486072421073
v 0.03212525323033333 0.02465811930596828 -0.04060781002044677
v 0.032064780592918396 0.05506815388798713 -0.04073943197727203
v 0.03212525323033333 0.02465811930596828 -0.04060781002044677
v 0.03170544654130936 0.0513685792684555 -0.042535979300737374
v 0.029133586212992668 0.02466393634676933 -0.04992105066776275
v 0.02917604148387909 0.037998836487531655 -0.04975824058055877
v 0.030419249087572098 0.024672068655490872 -0.04689583927392959
v 0.02917604148387909 0.037998836487531655 -0.04975824058055877
v 0.030772939324378967 0.045120742172002785 -0.045847203582525246
v 0.030419249087572098 0.024672068655490872 -0.04689583927392959
v 0.030419249087572098 0.024672068655490872 -0.04689583927392959
v 0.030772939324378967 0.045120742172002785 -0.045847203582525246
v 0.03142821788787842 0.02473707683384418 -0.04372230172157287
v 0.03142821788787842 0.02473707683384418 -0.04372230172157287
v 0.030772939324378967 0.045120742172002785 -0.045847203582525246
v 0.03212525323033333 0.02465811930596828 -0.04060781002044677
v 0.03212525323033333 0.02465811930596828 -0.04060781002044677
v 0.030772939324378967 0.045120742172002785 -0.045847203582525246
v 0.03170544654130936 0.0513685792684555 -0.042535979300737374
v 0.024152345955371857 0.02476619370281696 -0.057475127279758446
v 0.02606346271932125 0.02892913110554218 -0.05502097308635711
v 0.025483040139079094 0.024645276367664334 -0.05588408932089805
v 0.025483040139079094 0.024645276367664334 -0.05588408932089805
v 0.02606346271932125 0.02892913110554218 -0.05502097308635711
v 0.02750089392066002 0.024654647335410115 -0.05292695015668868
v 0.02750089392066002 0.024654647335410115 -0.05292695015668868
v 0.02606346271932125 0.02892913110554218 -0.05502097308635711
v 0.027716008946299553 0.03340483084321021 -0.052480906248092644
v 0.02750089392066002 0.024654647335410115 -0.05292695015668868
v 0.027716008946299553 0.03340483084321021 -0.052480906248092644
v 0.029133586212992668 0.02466393634676933 -0.04992105066776275
v 0.029133586212992668 0.02466393634676933 -0.04992105066776275
v 0.027716008946299553 0.03340483084321021 -0.052480906248092644
v 0.02917604148387909 0.037998836487531655 -0.04975824058055877
v 0.033029552549123764 0.02441006153821945 -0.03689372166991233
v 0.03195202350616455 0.024420941248536106 -0.042926408350467675
v 0.03212525323033333 0.02465811930596828 -0.04060781002044677
v 0.033029552549123764 0.02441006153821945 -0.03689372166991233
v 0.03212525323033333 0.02465811930596828 -0.04060781002044677
v 0.03254343941807747 0.024660289287567135 -0.03763486072421073
v 0.024531960487365723 0.024470737203955647 -0.05736031755805015
v 0.024152345955371857 0.02476619370281696 -0.057475127279758446
v 0.025483040139079094 0.024645276367664334 -0.05588408932089805
v 0.025201573967933655 0.02439908869564533 -0.05690681561827659
v 0.024531960487365723 0.024470737203955647 -0.05736031755805015
v 0.025483040139079094 0.024645276367664334 -0.05588408932089805
v 0.028700310736894608 0.024406719952821728 -0.05162547528743743
v 0.025201573967933655 0.02439908869564533 -0.05690681561827659
v 0.02750089392066002 0.024654647335410115 -0.05292695015668868
v 0.02750089392066002 0.024654647335410115 -0.05292695015668868
v 0.025201573967933655 0.02439908869564533 -0.05690681561827659
v 0.025483040139079094 0.024645276367664334 -0.05588408932089805
v 0.029133586212992668 0.02466393634676933 -0.04992105066776275
v 0.028700310736894608 0.024406719952821728 -0.05162547528743743
v 0.02750089392066002 0.024654647335410115 -0.05292695015668868
v 0.030716536566615105 0.024405740201473233 -0.047145366668701165
v 0.028700310736894608 0.024406719952821728 -0.05162547528743743
v 0.030419249087572098 0.024672068655490872 -0.04689583927392959
v 0.030419249087572098 0.024672068655490872 -0.04689583927392959
v 0.028700310736894608 0.024406719952821728 -0.05162547528743743
v 0.029133586212992668 0.02466393634676933 -0.04992105066776275
v 0.03195202350616455 0.024420941248536106 -0.042926408350467675
v 0.030716536566615105 0.024405740201473233 -0.047145366668701165
v 0.030419249087572098 0.024672068655490872 -0.04689583927392959
v 0.03195202350616455 0.024420941248536106 -0.042926408350467675
v 0.030419249087572098 0.024672068655490872 -0.04689583927392959
v 0.03142821788787842 0.02473707683384418 -0.04372230172157287
v 0.03212525323033333 0.02465811930596828 -0.04060781002044677
v 0.03195202350616455 0.024420941248536106 -0.042926408350467675
v 0.03142821788787842 0.02473707683384418 -0.04372230172157287
v 0.04343308508396149 0.024386255070567128 -0.04470406472682952
v 0.043604981154203415 0.024399453774094578 -0.04230207577347755
v 0.044487569481134415 0.024399505928158757 -0.04048382863402366
v 0.04343308508396149 0.024386255070567128 -0.04470406472682952
v 0.044487569481134415 0.024399505928158757 -0.04048382863402366
v 0.0487060472369194 0.024366248399019238 -0.03895201534032821
v 0.0487060472369194 0.024366248399019238 -0.03895201534032821
v 0.044487569481134415 0.024399505928158757 -0.04048382863402366
v 0.044695012271404266 0.024399505928158757 -0.038473386317491524
v 0.0487060472369194 0.024366248399019238 -0.03895201534032821
v 0.044695012271404266 0.024399505928158757 -0.038473386317491524
v 0.05140386521816254 0.024366248399019238 -0.03531543165445327
v 0.03747168555855751 0.024399584159255024 -0.03324624150991439
v 0.03682582452893257 0.024416662752628323 -0.03301818296313285
v 0.03948763757944107 0.024399505928158757 -0.033101491630077355
v 0.03948763757944107 0.024399505928158757 -0.033101491630077355
v 0.03682582452893257 0.024416662752628323 -0.03301818296313285
v 0.04265793785452843 0.024405544623732563 -0.03212026506662368
v 0.03910720720887184 0.02437711507081985 -0.048528663814067834
v 0.04030897095799446 0.024399505928158757 -0.044534463435411446
v 0.04343308508396149 0.024386255070567128 -0.04470406472682952
v 0.04030897095799446 0.024399505928158757 -0.044534463435411446
v 0.04215380921959877 0.024399505928158757 -0.04370888695120811
v 0.04343308508396149 0.024386255070567128 -0.04470406472682952
v 0.04343308508396149 0.024386255070567128 -0.04470406472682952
v 0.04215380921959877 0.024399505928158757 -0.04370888695120811
v 0.043604981154203415 0.024399453774094578 -0.04230207577347755
v 0.05140386521816254 0.024366248399019238 -0.03531543165445327
v 0.044695012271404266 0.024399505928158757 -0.038473386317491524
v 0.044024508446455 0.024399235844612118 -0.03607526794075965
v 0.05140386521816254 0.024366248399019238 -0.03531543165445327
v 0.044024508446455 0.024399235844612118 -0.03607526794075965
v 0.05382779613137245 0.0243730004876852 -0.03148130327463149
v 0.05382779613137245 0.0243730004876852 -0.03148130327463149
v 0.044024508446455 0.024399235844612118 -0.03607526794075965
v 0.05178523436188698 0.024406068027019497 -0.028614498674869534
v 0.05178523436188698 0.024406068027019497 -0.028614498674869534
v 0.044024508446455 0.024399235844612118 -0.03607526794075965
v 0.046942323446273804 0.02442449703812599 -0.030665468424558636
v 0.04192906990647316 0.02439918555319309 -0.03388536348938941
v 0.046942323446273804 0.02442449703812599 -0.030665468424558636
v 0.044024508446455 0.024399235844612118 -0.03607526794075965
v 0.03948763757944107 0.024399505928158757 -0.033101491630077355
v 0.04265793785452843 0.024405544623732563 -0.03212026506662368
v 0.04192906990647316 0.02439918555319309 -0.03388536348938941
v 0.04192906990647316 0.02439918555319309 -0.03388536348938941
v 0.04265793785452843 0.024405544623732563 -0.03212026506662368
v 0.046942323446273804 0.02442449703812599 -0.030665468424558636
v 0.03562682867050171 0.02439957298338413 -0.034071829169988625
v 0.035094767808914185 0.024422863498330113 -0.0339444987475872
v 0.03747168555855751 0.024399584159255024 -0.03324624150991439
v 0.03747168555855751 0.024399584159255024 -0.03324624150991439
v 0.035094767808914185 0.024422863498330113 -0.0339444987475872
v 0.03682582452893257 0.024416662752628323 -0.03301818296313285
v 0.035286687314510345 0.02439276315271854 -0.051309585571289056
v 0.03634912520647049 0.024399532005190846 -0.044125918298959725
v 0.03829304128885269 0.024399504065513607 -0.04467929527163505
v 0.035286687314510345 0.02439276315271854 -0.051309585571289056
v 0.03829304128885269 0.024399504065513607 -0.04467929527163505
v 0.03910720720887184 0.02437711507081985 -0.048528663814067834
v 0.03910720720887184 0.02437711507081985 -0.048528663814067834
v 0.03829304128885269 0.024399504065513607 -0.04467929527163505
v 0.04030897095799446 0.024399505928158757 -0.044534463435411446
v 0.033101387321949005 0.024399552494287487 -0.03829309344291686
v 0.033029552549123764 0.02441006153821945 -0.03689372166991233
v 0.03388521447777748 0.02439930289983749 -0.0358516052365303
v 0.03432299941778183 0.02439923211932182 -0.04255427792668342
v 0.030716536566615105 0.024405740201473233 -0.047145366668701165
v 0.03195202350616455 0.024420941248536106 -0.042926408350467675
v 0.03432299941778183 0.02439923211932182 -0.04255427792668342
v 0.03195202350616455 0.024420941248536106 -0.042926408350467675
v 0.0332462377846241 0.024399532005190846 -0.04030902311205863
v 0.0332462377846241 0.024399532005190846 -0.04030902311205863
v 0.03195202350616455 0.024420941248536106 -0.042926408350467675
v 0.033101387321949005 0.024399552494287487 -0.03829309344291686
v 0.033101387321949005 0.024399552494287487 -0.03829309344291686
v 0.03195202350616455 0.024420941248536106 -0.042926408350467675
v 0.033029552549123764 0.02441006153821945 -0.03689372166991233
v 0.03634912520647049 0.024399532005190846 -0.044125918298959725
v 0.035286687314510345 0.02439276315271854 -0.051309585571289056
v 0.028700310736894608 0.024406719952821728 -0.05162547528743743
v 0.03634912520647049 0.024399532005190846 -0.044125918298959725
v 0.028700310736894608 0.024406719952821728 -0.05162547528743743
v 0.03432299941778183 0.02439923211932182 -0.04255427792668342
v 0.03432299941778183 0.02439923211932182 -0.04255427792668342
v 0.028700310736894608 0.024406719952821728 -0.05162547528743743
v 0.030716536566615105 0.024405740201473233 -0.047145366668701165
v 0.05382779613137245 0.0243730004876852 -0.03148130327463149
v 0.05178523436188698 0.024406068027019497 -0.028614498674869534
v 0.056905895471572876 0.024413939565420147 -0.02509631589055061
v 0.025201573967933655 0.02439908869564533 -0.05690681561827659
v 0.028700310736894608 0.024406719952821728 -0.05162547528743743
v 0.035286687314510345 0.02439276315271854 -0.051309585571289056
v 0.03388521447777748 0.02439930289983749 -0.0358516052365303
v 0.033617474138736725 0.024410922080278393 -0.03565791621804237
v 0.03562682867050171 0.02439957298338413 -0.034071829169988625
v 0.03562682867050171 0.02439957298338413 -0.034071829169988625
v 0.033617474138736725 0.024410922080278393 -0.03565791621804237
v 0.035094767808914185 0.024422863498330113 -0.0339444987475872
v 0.03388521447777748 0.02439930289983749 -0.0358516052365303
v 0.033029552549123764 0.02441006153821945 -0.03689372166991233
v 0.033617474138736725 0.024410922080278393 -0.03565791621804237
v 0.0376400463283062 0.024653030559420582 -0.03254482895135879
v 0.04052767530083656 0.02462545037269592 -0.032151907682418816
v 0.03682582452893257 0.024416662752628323 -0.03301818296313285
v 0.03682582452893257 0.024416662752628323 -0.03301818296313285
v 0.04052767530083656 0.02462545037269592 -0.032151907682418816
v 0.04265793785452843 0.024405544623732563 -0.03212026506662368
v 0.056905895471572876 0.024413939565420147 -0.02509631589055061
v 0.057490721344947815 0.024547548964619633 -0.024300238117575642
v 0.057160165160894394 0.024362621828913685 -0.024993849918246266
v 0.05574200302362442 0.024723377078771588 -0.02556808106601238
v 0.057490721344947815 0.024547548964619633 -0.024300238117575642
v 0.056905895471572876 0.024413939565420147 -0.02509631589055061
v 0.05574200302362442 0.024723377078771588 -0.02556808106601238
v 0.057465773075819016 0.024791873991489407 -0.024157280102372166
v 0.057490721344947815 0.024547548964619633 -0.024300238117575642
v 0.04265793785452843 0.024405544623732563 -0.03212026506662368
v 0.04052767530083656 0.02462545037269592 -0.032151907682418816
v 0.04378129541873932 0.024651622399687764 -0.03143529593944549
v 0.046942323446273804 0.02442449703812599 -0.030665468424558636
v 0.04265793785452843 0.024405544623732563 -0.03212026506662368
v 0.04378129541873932 0.024651622399687764 -0.03143529593944549
v 0.046942323446273804 0.02442449703812599 -0.030665468424558636
v 0.04378129541873932 0.024651622399687764 -0.03143529593944549
v 0.04686879739165306 0.024809071794152256 -0.030404282733798024
v 0.05178523436188698 0.024406068027019497 -0.028614498674869534
v 0.046942323446273804 0.02442449703812599 -0.030665468424558636
v 0.050014376640319824 0.024668764322996136 -0.02908341027796268
v 0.050014376640319824 0.024668764322996136 -0.02908341027796268
v 0.046942323446273804 0.02442449703812599 -0.030665468424558636
v 0.04686879739165306 0.024809071794152256 -0.030404282733798024
v 0.05299048870801926 0.024655476212501522 -0.027460854500532147
v 0.05178523436188698 0.024406068027019497 -0.028614498674869534
v 0.050014376640319824 0.024668764322996136 -0.02908341027796268
v 0.056905895471572876 0.024413939565420147 -0.02509631589055061
v 0.05178523436188698 0.024406068027019497 -0.028614498674869534
v 0.05299048870801926 0.024655476212501522 -0.027460854500532147
v 0.056905895471572876 0.024413939565420147 -0.02509631589055061
v 0.05299048870801926 0.024655476212501522 -0.027460854500532147
v 0.05574200302362442 0.024723377078771588 -0.02556808106601238
v 0.057465773075819016 0.024791873991489407 -0.024157280102372166
v 0.05574200302362442 0.024723377078771588 -0.02556808106601238
v 0.05452018603682518 0.029642572626471516 -0.026415528729557988
v 0.05452018603682518 0.029642572626471516 -0.026415528729557988
v 0.05574200302362442 0.024723377078771588 -0.02556808106601238
v 0.05299048870801926 0.024655476212501522 -0.027460854500532147
v 0.05452018603682518 0.029642572626471516 -0.026415528729557988
v 0.050014376640319824 0.024668764322996136 -0.02908341027796268
v 0.05208457633852959 0.033930044621229165 -0.027943838387727734
v 0.05452018603682518 0.029642572626471516 -0.026415528729557988
v 0.05299048870801926 0.024655476212501522 -0.027460854500532147
v 0.050014376640319824 0.024668764322996136 -0.02908341027796268
v 0.04686879739165306 0.024809071794152256 -0.030404282733798024
v 0.04502077028155327 0.04670394584536552 -0.031031144782900807
v 0.04780963808298111 0.04173378273844718 -0.030035039409995076
v 0.050014376640319824 0.024668764322996136 -0.02908341027796268
v 0.050203077495098114 0.037391249090433114 -0.028959073126316067
v 0.05208457633852959 0.033930044621229165 -0.027943838387727734
v 0.04686879739165306 0.024809071794152256 -0.030404282733798024
v 0.04780963808298111 0.04173378273844718 -0.030035039409995076
v 0.050203077495098114 0.037391249090433114 -0.028959073126316067
v 0.04686879739165306 0.024809071794152256 -0.030404282733798024
v 0.050203077495098114 0.037391249090433114 -0.028959073126316067
v 0.050014376640319824 0.024668764322996136 -0.02908341027796268
v 0.04052767530083656 0.02462545037269592 -0.032151907682418816
v 0.040843185037374496 0.05458499118685722 -0.032055221498012536
v 0.04502077028155327 0.04670394584536552 -0.031031144782900807
v 0.04502077028155327 0.04670394584536552 -0.031031144782900807
v 0.04686879739165306 0.024809071794152256 -0.030404282733798024
v 0.04378129541873932 0.024651622399687764 -0.03143529593944549
v 0.04502077028155327 0.04670394584536552 -0.031031144782900807
v 0.04378129541873932 0.024651622399687764 -0.03143529593944549
v 0.04052767530083656 0.02462545037269592 -0.032151907682418816
v 0.040843185037374496 0.05458499118685722 -0.032055221498012536
v 0.0376400463283062 0.024653030559420582 -0.03254482895135879
v 0.03743663430213928 0.061353452503681176 -0.03255319967865943
v 0.040843185037374496 0.05458499118685722 -0.032055221498012536
v 0.04052767530083656 0.02462545037269592 -0.032151907682418816
v 0.0376400463283062 0.024653030559420582 -0.03254482895135879
v 0.03743663430213928 0.061353452503681176 -0.03255319967865943
v 0.0376400463283062 0.024653030559420582 -0.03254482895135879
v 0.03655754774808884 0.02478152699768543 -0.032831095159053796
v 0.0350867435336113 0.06463415920734404 -0.03359481692314147
v 0.03635140880942345 0.06316760927438735 -0.03290127590298652
v 0.03559882938861847 0.024704128503799435 -0.03330679610371589
v 0.03559882938861847 0.024704128503799435 -0.03330679610371589
v 0.03635140880942345 0.06316760927438735 -0.03290127590298652
v 0.03655754774808884 0.02478152699768543 -0.032831095159053796
v 0.03655754774808884 0.02478152699768543 -0.032831095159053796
v 0.03635140880942345 0.06316760927438735 -0.03290127590298652
v 0.03743663430213928 0.061353452503681176 -0.03255319967865943
v 0.03470093011856079 0.024785118177533146 -0.03392821177840232
v 0.0350867435336113 0.06463415920734404 -0.03359481692314147
v 0.03559882938861847 0.024704128503799435 -0.03330679610371589
v 0.03393013775348663 0.06482814997434615 -0.03467003256082534
v 0.0350867435336113 0.06463415920734404 -0.03359481692314147
v 0.03392649069428444 0.024789886549115177 -0.034700371325016015
v 0.03392649069428444 0.024789886549115177 -0.034700371325016015
v 0.0350867435336113 0.06463415920734404 -0.03359481692314147
v 0.03470093011856079 0.024785118177533146 -0.03392821177840232
v 0.03393013775348663 0.06482814997434615 -0.03467003256082534
v 0.03392649069428444 0.024789886549115177 -0.034700371325016015
v 0.03331463411450386 0.06419967114925383 -0.03554632887244224
v 0.03281988203525543 0.06311480700969695 -0.036508224904537194
v 0.03331463411450386 0.06419967114925383 -0.03554632887244224
v 0.033294498920440674 0.02474390901625156 -0.03560650721192359
v 0.033294498920440674 0.02474390901625156 -0.03560650721192359
v 0.03331463411450386 0.06419967114925383 -0.03554632887244224
v 0.03392649069428444 0.024789886549115177 -0.034700371325016015
v 0.03254343941807747 0.024660289287567135 -0.03763486072421073
v 0.03246091678738594 0.060336876660585397 -0.037947539240121834
v 0.032826878130435944 0.02474221773445606 -0.036583714187145226
v 0.032826878130435944 0.02474221773445606 -0.036583714187145226
v 0.03246091678738594 0.060336876660585397 -0.037947539240121834
v 0.03281988203525543 0.06311480700969695 -0.036508224904537194
v 0.032826878130435944 0.02474221773445606 -0.036583714187145226
v 0.03281988203525543 0.06311480700969695 -0.036508224904537194
v 0.033294498920440674 0.02474390901625156 -0.03560650721192359
v 0.03794751688838005 0.060336880385875695 0.032460935413837426
v 0.03763485327363014 0.024660294875502583 0.03254344686865806
v 0.04082857072353363 0.054907921701669686 0.03204993903636932
v 0.04082857072353363 0.054907921701669686 0.03204993903636932
v 0.03763485327363014 0.024660294875502583 0.03254344686865806
v 0.04060780256986618 0.02465812489390373 0.03212526068091392
v 0.04082857072353363 0.054907921701669686 0.03204993903636932
v 0.04060780256986618 0.02465812489390373 0.03212526068091392
v 0.04253596067428589 0.051368586719036095 0.031705461442470544
v 0.04992103949189186 0.024663945659995076 0.02913359366357326
v 0.049988023936748505 0.03779634833335876 0.02906520292162895
v 0.04677141085267067 0.02467938512563705 0.030459895730018612
v 0.049988023936748505 0.03779634833335876 0.02906520292162895
v 0.04584718495607376 0.04512074962258338 0.03077295236289501
v 0.04677141085267067 0.02467938512563705 0.030459895730018612
v 0.04677141085267067 0.02467938512563705 0.030459895730018612
v 0.04584718495607376 0.04512074962258338 0.03077295236289501
v 0.04372229427099228 0.02473708428442478 0.03142822533845901
v 0.04372229427099228 0.02473708428442478 0.03142822533845901
v 0.04584718495607376 0.04512074962258338 0.03077295236289501
v 0.04060780256986618 0.02465812489390373 0.03212526068091392
v 0.04060780256986618 0.02465812489390373 0.03212526068091392
v 0.04584718495607376 0.04512074962258338 0.03077295236289501
v 0.04253596067428589 0.051368586719036095 0.031705461442470544
v 0.057451389729976654 0.02474717795848846 0.024184633046388623
v 0.05503717064857483 0.028907664120197293 0.026052979752421376
v 0.05588408187031746 0.02464528940618038 0.025483045727014538
v 0.05588408187031746 0.02464528940618038 0.025483045727014538
v 0.05503717064857483 0.028907664120197293 0.026052979752421376
v 0.052926938980817795 0.02465465851128101 0.027500901371240612
v 0.052926938980817795 0.02465465851128101 0.027500901371240612
v 0.05503717064857483 0.028907664120197293 0.026052979752421376
v 0.05257744342088699 0.0330955684185028 0.027661958709359166
v 0.052926938980817795 0.02465465851128101 0.027500901371240612
v 0.05257744342088699 0.0330955684185028 0.027661958709359166
v 0.04992103949189186 0.024663945659995076 0.02913359366357326
v 0.04992103949189186 0.024663945659995076 0.02913359366357326
v 0.05257744342088699 0.0330955684185028 0.027661958709359166
v 0.049988023936748505 0.03779634833335876 0.02906520292162895
v 0.03689371049404144 0.024410067126154896 0.033029559999704354
v 0.042926400899887085 0.024420946836471554 0.03195203095674514
v 0.04060780256986618 0.02465812489390373 0.03212526068091392
v 0.03689371049404144 0.024410067126154896 0.033029559999704354
v 0.04060780256986618 0.02465812489390373 0.03212526068091392
v 0.03763485327363014 0.024660294875502583 0.03254344686865806
v 0.05739656835794449 0.024467712268233296 0.024498907849192616
v 0.057451389729976654 0.02474717795848846 0.024184633046388623
v 0.05588408187031746 0.02464528940618038 0.025483045727014538
v 0.05689572915434837 0.024399671703577038 0.025209199637174603
v 0.05739656835794449 0.024467712268233296 0.024498907849192616
v 0.05588408187031746 0.02464528940618038 0.025483045727014538
v 0.05162546783685684 0.024406731128692623 0.028700316324830052
v 0.05689572915434837 0.024399671703577038 0.025209199637174603
v 0.052926938980817795 0.02465465851128101 0.027500901371240612
v 0.052926938980817795 0.02465465851128101 0.027500901371240612
v 0.05689572915434837 0.024399671703577038 0.025209199637174603
v 0.05588408187031746 0.02464528940618038 0.025483045727014538
v 0.04992103949189186 0.024663945659995076 0.02913359366357326
v 0.05162546783685684 0.024406731128692623 0.028700316324830052
v 0.052926938980817795 0.02465465851128101 0.027500901371240612
v 0.047145359218120575 0.02440574951469898 0.030716544017195698
v 0.05162546783685684 0.024406731128692623 0.028700316324830052
v 0.04677141085267067 0.02467938512563705 0.030459895730018612
v 0.04677141085267067 0.02467938512563705 0.030459895730018612
v 0.05162546783685684 0.024406731128692623 0.028700316324830052
v 0.04992103949189186 0.024663945659995076 0.02913359366357326
v 0.042926400899887085 0.024420946836471554 0.03195203095674514
v 0.047145359218120575 0.02440574951469898 0.030716544017195698
v 0.04677141085267067 0.02467938512563705 0.030459895730018612
v 0.042926400899887085 0.024420946836471554 0.03195203095674514
v 0.04677141085267067 0.02467938512563705 0.030459895730018612
v 0.04372229427099228 0.02473708428442478 0.03142822533845901
v 0.04060780256986618 0.02465812489390373 0.03212526068091392
v 0.042926400899887085 0.024420946836471554 0.03195203095674514
v 0.04372229427099228 0.02473708428442478 0.03142822533845901
v 0.03585159778594971 0.02439930662512779 0.03388521820306777
v 0.03689371049404144 0.024410067126154896 0.033029559999704354
v 0.035657789558172226 0.024412585422396656 0.033614452928304665
v 0.04230206832289696 0.024399457499384877 0.043604988604784005
v 0.042308587580919266 0.024392319843173024 0.04565219208598136
v 0.04370887950062752 0.024399509653449055 0.04215381667017936
v 0.04370887950062752 0.024399509653449055 0.04215381667017936
v 0.042308587580919266 0.024392319843173024 0.04565219208598136
v 0.04697750508785248 0.024392120540142056 0.04089473187923431
v 0.05120743811130524 0.024385482072830197 0.035456258803606026
v 0.05435401201248169 0.024389460682868954 0.030449351295828816
v 0.04412590712308884 0.024399537593126294 0.03634912893176078
v 0.042308587580919266 0.024392319843173024 0.04565219208598136
v 0.04230206832289696 0.024399457499384877 0.043604988604784005
v 0.04048382118344307 0.024399509653449055 0.044487576931715005
v 0.042308587580919266 0.024392319843173024 0.04565219208598136
v 0.04048382118344307 0.024399509653449055 0.044487576931715005
v 0.037029217928647995 0.024391757324337956 0.05008218064904212
v 0.037029217928647995 0.024391757324337956 0.05008218064904212
v 0.04048382118344307 0.024399509653449055 0.044487576931715005
v 0.038473378866910934 0.024399507790803906 0.044695019721984856
v 0.03212025761604309 0.024405544623732563 0.04265794530510902
v 0.030665460973978043 0.02442449517548084 0.046942330896854394
v 0.03388535603880882 0.02439918555319309 0.04192907735705375
v 0.03585159778594971 0.02439930662512779 0.03388521820306777
v 0.035657789558172226 0.024412585422396656 0.033614452928304665
v 0.034071821719408035 0.024399574846029278 0.0356268361210823
v 0.034071821719408035 0.024399574846029278 0.0356268361210823
v 0.035657789558172226 0.024412585422396656 0.033614452928304665
v 0.03362554311752319 0.024420225992798802 0.0355607084929943
v 0.03829308599233627 0.024399558082222935 0.033101394772529595
v 0.03689371049404144 0.024410067126154896 0.033029559999704354
v 0.03585159778594971 0.02439930662512779 0.03388521820306777
v 0.04697750508785248 0.024392120540142056 0.04089473187923431
v 0.044534455984830856 0.024399509653449055 0.04030897840857505
v 0.04370887950062752 0.024399509653449055 0.04215381667017936
v 0.037029217928647995 0.024391757324337956 0.05008218064904212
v 0.038473378866910934 0.024399507790803906 0.044695019721984856
v 0.03607525676488876 0.024399235844612118 0.04402451589703559
v 0.037029217928647995 0.024391757324337956 0.05008218064904212
v 0.03607525676488876 0.024399235844612118 0.04402451589703559
v 0.031433723866939545 0.024393845349550244 0.053717255592346184
v 0.031433723866939545 0.024393845349550244 0.053717255592346184
v 0.03607525676488876 0.024399235844612118 0.04402451589703559
v 0.02861448936164379 0.0244060643017292 0.05178524181246757
v 0.02861448936164379 0.0244060643017292 0.05178524181246757
v 0.03607525676488876 0.024399235844612118 0.04402451589703559
v 0.030665460973978043 0.02442449517548084 0.046942330896854394
v 0.034071821719408035 0.024399574846029278 0.0356268361210823
v 0.03362554311752319 0.024420225992798802 0.0355607084929943
v 0.0332462303340435 0.024399586021900174 0.0374716930091381
v 0.03388535603880882 0.02439918555319309 0.04192907735705375
v 0.030665460973978043 0.02442449517548084 0.046942330896854394
v 0.03607525676488876 0.024399235844612118 0.04402451589703559
v 0.03388535603880882 0.02439918555319309 0.04192907735705375
v 0.033101484179496765 0.024399505928158757 0.03948764503002166
v 0.03212025761604309 0.024405544623732563 0.04265794530510902
v 0.03212025761604309 0.024405544623732563 0.04265794530510902
v 0.033101484179496765 0.024399505928158757 0.03948764503002166
v 0.03301817178726196 0.024416664615273472 0.03682583197951316
v 0.03301817178726196 0.024416664615273472 0.03682583197951316
v 0.033101484179496765 0.024399505928158757 0.03948764503002166
v 0.0332462303340435 0.024399586021900174 0.0374716930091381
v 0.04255426675081253 0.024399237707257267 0.03432300686836242
v 0.047145359218120575 0.02440574951469898 0.030716544017195698
v 0.042926400899887085 0.024420946836471554 0.03195203095674514
v 0.04255426675081253 0.024399237707257267 0.03432300686836242
v 0.042926400899887085 0.024420946836471554 0.03195203095674514
v 0.04030901566147804 0.024399537593126294 0.03324624523520469
v 0.04030901566147804 0.024399537593126294 0.03324624523520469
v 0.042926400899887085 0.024420946836471554 0.03195203095674514
v 0.03829308599233627 0.024399558082222935 0.033101394772529595
v 0.03829308599233627 0.024399558082222935 0.033101394772529595
v 0.042926400899887085 0.024420946836471554 0.03195203095674514
v 0.03689371049404144 0.024410067126154896 0.033029559999704354
v 0.04255426675081253 0.024399237707257267 0.03432300686836242
v 0.04412590712308884 0.024399537593126294 0.03634912893176078
v 0.05162546783685684 0.024406731128692623 0.028700316324830052
v 0.05162546783685684 0.024406731128692623 0.028700316324830052
v 0.04412590712308884 0.024399537593126294 0.03634912893176078
v 0.05435401201248169 0.024389460682868954 0.030449351295828816
v 0.05120743811130524 0.024385482072830197 0.035456258803606026
v 0.04412590712308884 0.024399537593126294 0.03634912893176078
v 0.04467928409576416 0.024399509653449055 0.03829304873943328
v 0.05120743811130524 0.024385482072830197 0.035456258803606026
v 0.04467928409576416 0.024399509653449055 0.03829304873943328
v 0.04697750508785248 0.024392120540142056 0.04089473187923431
v 0.04697750508785248 0.024392120540142056 0.04089473187923431
v 0.04467928409576416 0.024399509653449055 0.03829304873943328
v 0.044534455984830856 0.024399509653449055 0.04030897840857505
v 0.031433723866939545 0.024393845349550244 0.053717255592346184
v 0.02861448936164379 0.0244060643017292 0.05178524181246757
v 0.025096306577324867 0.0244139339774847 0.056905902922153466
v 0.03362554311752319 0.024420225992798802 0.0355607084929943
v 0.03301817178726196 0.024416664615273472 0.03682583197951316
v 0.0332462303340435 0.024399586021900174 0.0374716930091381
v 0.05162546783685684 0.024406731128692623 0.028700316324830052
v 0.047145359218120575 0.02440574951469898 0.030716544017195698
v 0.04255426675081253 0.024399237707257267 0.03432300686836242
v 0.05435401201248169 0.024389460682868954 0.030449351295828816
v 0.05689572915434837 0.024399671703577038 0.025209199637174603
v 0.05162546783685684 0.024406731128692623 0.028700316324830052
v 0.0325448215007782 0.024653030559420582 0.03764005005359649
v 0.03217978775501251 0.024626642465591427 0.040364045649766915
v 0.03301817178726196 0.024416664615273472 0.03682583197951316
v 0.03301817178726196 0.024416664615273472 0.03682583197951316
v 0.03217978775501251 0.024626642465591427 0.040364045649766915
v 0.03212025761604309 0.024405544623732563 0.04265794530510902
v 0.025568071752786636 0.02472336962819099 0.05574200674891471
v 0.024256369099020958 0.02459142170846462 0.05749548971652984
v 0.025096306577324867 0.0244139339774847 0.056905902922153466
v 0.025096306577324867 0.0244139339774847 0.056905902922153466
v 0.024256369099020958 0.02459142170846462 0.05749548971652984
v 0.02465597353875637 0.024434482678771016 0.05730891972780227
v 0.025568071752786636 0.02472336962819099 0.05574200674891471
v 0.02416205033659935 0.0247947983443737 0.05745952203869819
v 0.024256369099020958 0.02459142170846462 0.05749548971652984
v 0.03212025761604309 0.024405544623732563 0.04265794530510902
v 0.03217978775501251 0.024626642465591427 0.040364045649766915
v 0.03144123777747154 0.024654600769281384 0.04374973475933074
v 0.030665460973978043 0.02442449517548084 0.046942330896854394
v 0.03212025761604309 0.024405544623732563 0.04265794530510902
v 0.03144123777747154 0.024654600769281384 0.04374973475933074
v 0.030665460973978043 0.02442449517548084 0.046942330896854394
v 0.03144123777747154 0.024654600769281384 0.04374973475933074
v 0.030371814966201782 0.024792829528450962 0.046973302960395806
v 0.02861448936164379 0.0244060643017292 0.05178524181246757
v 0.030665460973978043 0.02442449517548084 0.046942330896854394
v 0.02907894179224968 0.02467016130685806 0.05002098158001899
v 0.02907894179224968 0.02467016130685806 0.05002098158001899
v 0.030665460973978043 0.02442449517548084 0.046942330896854394
v 0.030371814966201782 0.024792829528450962 0.046973302960395806
v 0.027460845187306404 0.024655472487211224 0.05299049615859985
v 0.02861448936164379 0.0244060643017292 0.05178524181246757
v 0.02907894179224968 0.02467016130685806 0.05002098158001899
v 0.025096306577324867 0.0244139339774847 0.056905902922153466
v 0.02861448936164379 0.0244060643017292 0.05178524181246757
v 0.027460845187306404 0.024655472487211224 0.05299049615859985
v 0.025096306577324867 0.0244139339774847 0.056905902922153466
v 0.027460845187306404 0.024655472487211224 0.05299049615859985
v 0.025568071752786636 0.02472336962819099 0.05574200674891471
v 0.02416205033659935 0.0247947983443737 0.05745952203869819
v 0.025568071752786636 0.02472336962819099 0.05574200674891471
v 0.026415517553687096 0.02964256703853607 0.05452019348740577
v 0.026415517553687096 0.02964256703853607 0.05452019348740577
v 0.025568071752786636 0.02472336962819099 0.05574200674891471
v 0.027460845187306404 0.024655472487211224 0.05299049615859985
v 0.0289666298776865 0.03740894421935081 0.050188310444355004
v 0.027943825349211693 0.03393002972006797 0.052084587514400475
v 0.02907894179224968 0.02467016130685806 0.05002098158001899
v 0.02907894179224968 0.02467016130685806 0.05002098158001899
v 0.027943825349211693 0.03393002972006797 0.052084587514400475
v 0.026415517553687096 0.02964256703853607 0.05452019348740577
v 0.026415517553687096 0.02964256703853607 0.05452019348740577
v 0.027460845187306404 0.024655472487211224 0.05299049615859985
v 0.02907894179224968 0.02467016130685806 0.05002098158001899
v 0.0289666298776865 0.03740894421935081 0.050188310444355004
v 0.02907894179224968 0.02467016130685806 0.05002098158001899
v 0.030039973556995392 0.041755378246307366 0.047798421233892434
v 0.030039973556995392 0.041755378246307366 0.047798421233892434
v 0.02907894179224968 0.02467016130685806 0.05002098158001899
v 0.030371814966201782 0.024792829528450962 0.046973302960395806
v 0.03217978775501251 0.024626642465591427 0.040364045649766915
v 0.03205519914627075 0.05458499118685722 0.04084319993853568
v 0.03108522668480873 0.04699906334280967 0.04486045986413955
v 0.03217978775501251 0.024626642465591427 0.040364045649766915
v 0.03108522668480873 0.04699906334280967 0.04486045986413955
v 0.03144123777747154 0.024654600769281384 0.04374973475933074
v 0.03144123777747154 0.024654600769281384 0.04374973475933074
v 0.03108522668480873 0.04699906334280967 0.04486045986413955
v 0.030371814966201782 0.024792829528450962 0.046973302960395806
v 0.030371814966201782 0.024792829528450962 0.046973302960395806
v 0.03108522668480873 0.04699906334280967 0.04486045986413955
v 0.030039973556995392 0.041755378246307366 0.047798421233892434
v 0.03205519914627075 0.05458499118685722 0.04084319993853568
v 0.0325448215007782 0.024653030559420582 0.03764005005359649
v 0.03255317732691765 0.061353456228971474 0.03743665292859077
v 0.03205519914627075 0.05458499118685722 0.04084319993853568
v 0.03217978775501251 0.024626642465591427 0.040364045649766915
v 0.0325448215007782 0.024653030559420582 0.03764005005359649
v 0.03255317732691765 0.061353456228971474 0.03743665292859077
v 0.0325448215007782 0.024653030559420582 0.03764005005359649
v 0.032831087708473206 0.024781528860330578 0.03655755519866943
v 0.03357820212841034 0.06460862606763838 0.03511229157447814
v 0.032891713082790375 0.06322935968637465 0.03636770322918891
v 0.03330123797059059 0.024784030392765995 0.035584196448326104
v 0.03330123797059059 0.024784030392765995 0.035584196448326104
v 0.032891713082790375 0.06322935968637465 0.03636770322918891
v 0.032831087708473206 0.024781528860330578 0.03655755519866943
v 0.032831087708473206 0.024781528860330578 0.03655755519866943
v 0.032891713082790375 0.06322935968637465 0.03636770322918891
v 0.03255317732691765 0.061353456228971474 0.03743665292859077
v 0.03394683822989464 0.024712560698390004 0.03469018638134002
v 0.03357820212841034 0.06460862606763838 0.03511229157447814
v 0.03330123797059059 0.024784030392765995 0.035584196448326104
v 0.03466571494936943 0.06483758985996245 0.03393152728676795
v 0.03394683822989464 0.024712560698390004 0.03469018638134002
v 0.03471241891384125 0.02478501200675964 0.03391879051923751
v 0.03394683822989464 0.024712560698390004 0.03469018638134002
v 0.03466571494936943 0.06483758985996245 0.03393152728676795
v 0.03357820212841034 0.06460862606763838 0.03511229157447814
v 0.03466571494936943 0.06483758985996245 0.03393152728676795
v 0.03471241891384125 0.02478501200675964 0.03391879051923751
v 0.03557668253779411 0.0641757622361183 0.03329630568623542
v 0.03650761395692825 0.06309939175844191 0.03282131999731063
v 0.03557668253779411 0.0641757622361183 0.03329630568623542
v 0.035606496036052704 0.02474391274154186 0.033294506371021264
v 0.035606496036052704 0.02474391274154186 0.033294506371021264
v 0.03557668253779411 0.0641757622361183 0.03329630568623542
v 0.03471241891384125 0.02478501200675964 0.03391879051923751
v 0.03763485327363014 0.024660294875502583 0.03254344686865806
v 0.03794751688838005 0.060336880385875695 0.032460935413837426
v 0.036583706736564636 0.024742223322391507 0.032826881855726235
v 0.036583706736564636 0.024742223322391507 0.032826881855726235
v 0.03794751688838005 0.060336880385875695 0.032460935413837426
v 0.03650761395692825 0.06309939175844191 0.03282131999731063
v 0.036583706736564636 0.024742223322391507 0.032826881855726235
v 0.03650761395692825 0.06309939175844191 0.03282131999731063
v 0.035606496036052704 0.02474391274154186 0.033294506371021264
v -0.005754399579018354 0.0848988965153694 0.044629968702793114
v -0.00792298000305891 0.08003483712673186 0.04429642483592033
v -0.004062586463987827 0.07756857573986052 0.04489685595035552
v -0.005754399579018354 0.0848988965153694 0.044629968702793114
v -0.004062586463987827 0.07756857573986052 0.04489685595035552
v -2.272177557216537e-09 0.08489890396595 0.04499941319227218
v -0.00792298000305891 0.08003483712673186 0.04429642483592033
v -0.005754399579018354 0.0848988965153694 0.044629968702793114
v -0.01141431462019682 0.0848988965153694 0.04352770745754241
v -0.00792298000305891 0.08003483712673186 0.04429642483592033
v -0.01141431462019682 0.0848988965153694 0.04352770745754241
v -0.011813446879386902 0.07748882472515105 0.04351264983415603
v -0.011813446879386902 0.07748882472515105 0.04351264983415603
v -0.01141431462019682 0.0848988965153694 0.04352770745754241
v -0.01688680425286293 0.0848988965153694 0.041710715740919106
v -0.011813446879386902 0.07748882472515105 0.04351264983415603
v -0.01688680425286293 0.0848988965153694 0.041710715740919106
v -0.01558292843401432 0.07770738005638121 0.04229571670293807
v -0.02208200842142105 0.0848988965153694 0.039208836853504174
v -0.01937871053814888 0.07759244740009306 0.040699936449527734
v -0.01688680425286293 0.0848988965153694 0.041710715740919106
v -0.01688680425286293 0.0848988965153694 0.041710715740919106
v -0.01937871053814888 0.07759244740009306 0.040699936449527734
v -0.01558292843401432 0.07770738005638121 0.04229571670293807
v -0.026914628222584724 0.0848988890647888 0.036063153296709054
v -0.026166735216975212 0.077712744474411 0.03670104593038558
v -0.02287251688539982 0.07775301486253737 0.038834434002637856
v -0.026914628222584724 0.0848988890647888 0.036063153296709054
v -0.02287251688539982 0.07775301486253737 0.038834434002637856
v -0.02208200842142105 0.0848988965153694 0.039208836853504174
v -0.02208200842142105 0.0848988965153694 0.039208836853504174
v -0.02287251688539982 0.07775301486253737 0.038834434002637856
v -0.01937871053814888 0.07759244740009306 0.040699936449527734
v -0.026166735216975212 0.077712744474411 0.03670104593038558
v -0.026914628222584724 0.0848988890647888 0.036063153296709054
v -0.029376424849033356 0.07759282737970351 0.034191306680440896
v -0.029376424849033356 0.07759282737970351 0.034191306680440896
v -0.026914628222584724 0.0848988890647888 0.036063153296709054
v -0.03130532056093216 0.0848988890647888 0.03232531622052192
v -0.029376424849033356 0.07759282737970351 0.034191306680440896
v -0.03130532056093216 0.0848988890647888 0.03232531622052192
v -0.032272808253765106 0.07778210192918776 0.03145668655633926
v -0.032272808253765106 0.07778210192918776 0.03145668655633926
v -0.03130532056093216 0.0848988890647888 0.03232531622052192
v -0.03518196567893028 0.0848988890647888 0.02805669046938419
v -0.032272808253765106 0.07778210192918776 0.03145668655633926
v -0.03518196567893028 0.0848988890647888 0.02805669046938419
v -0.034903887659311295 0.0777069106698036 0.028520185500383374
v -0.03848094493150711 0.0848988890647888 0.02332738414406776
v -0.03720695897936821 0.08003479242324828 0.02530991844832897
v -0.03518196567893028 0.0848988890647888 0.02805669046938419
v -0.03518196567893028 0.0848988890647888 0.02805669046938419
v -0.03720695897936821 0.08003479242324828 0.02530991844832897
v -0.034903887659311295 0.0777069106698036 0.028520185500383374
v -0.04114805534482002 0.0848988890647888 0.018215032294392582
v -0.04118034988641739 0.07768980413675307 0.018329901620745655
v -0.03940441086888313 0.07756463438272475 0.02189829386770725
v -0.04114805534482002 0.0848988890647888 0.018215032294392582
v -0.03940441086888313 0.07756463438272475 0.02189829386770725
v -0.03848094493150711 0.0848988890647888 0.02332738414406776
v -0.03848094493150711 0.0848988890647888 0.02332738414406776
v -0.03940441086888313 0.07756463438272475 0.02189829386770725
v -0.03720695897936821 0.08003479242324828 0.02530991844832897
v -0.04118034988641739 0.07768980413675307 0.018329901620745655
v -0.04114805534482002 0.0848988890647888 0.018215032294392582
v -0.04254419729113579 0.0800347328186035 0.014660870656371115
v -0.04254419729113579 0.0800347328186035 0.014660870656371115
v -0.04114805534482002 0.0848988890647888 0.018215032294392582
v -0.0431395098567009 0.08489888161420821 0.012803593650460241
v -0.04254419729113579 0.0800347328186035 0.014660870656371115
v -0.0431395098567009 0.08489888161420821 0.012803593650460241
v -0.043770529329776764 0.07758066803216933 0.01078212074935436
v -0.043770529329776764 0.07758066803216933 0.01078212074935436
v -0.0431395098567009 0.08489888161420821 0.012803593650460241
v -0.04442262649536133 0.08489888161420821 0.007181922905147075
v -0.043770529329776764 0.07758066803216933 0.01078212074935436
v -0.04442262649536133 0.08489888161420821 0.007181922905147075
v -0.04453626275062561 0.07770150899887084 0.00694073038175702
v -0.04453626275062561 0.07770150899887084 0.00694073038175702
v -0.04442262649536133 0.08489888161420821 0.007181922905147075
v -0.04497632011771202 0.08489888161420821 0.001442324020899832
v -0.04453626275062561 0.07770150899887084 0.00694073038175702
v -0.04497632011771202 0.08489888161420821 0.001442324020899832
v -0.04497240111231804 0.07770202308893202 0.003050693310797214
v -0.044791508466005325 0.08489888161420821 -0.004320958163589238
v -0.045048460364341736 0.07781727612018584 -0.001133601297624409
v -0.04497632011771202 0.08489888161420821 0.001442324020899832
v -0.04497632011771202 0.08489888161420821 0.001442324020899832
v -0.045048460364341736 0.07781727612018584 -0.001133601297624409
v -0.04497240111231804 0.07770202308893202 0.003050693310797214
v -0.04312841221690178 0.07761785387992857 -0.013164048083126543
v -0.04421887546777725 0.07739686220884322 -0.008869932964444159
v -0.04387122392654419 0.08489888161420821 -0.010013288818299769
v -0.04387122392654419 0.08489888161420821 -0.010013288818299769
v -0.04421887546777725 0.07739686220884322 -0.008869932964444159
v -0.044809453189373016 0.07750603556632994 -0.004985984414815902
v -0.04387122392654419 0.08489888161420821 -0.010013288818299769
v -0.044809453189373016 0.07750603556632994 -0.004985984414815902
v -0.044791508466005325 0.08489888161420821 -0.004320958163589238
v -0.044791508466005325 0.08489888161420821 -0.004320958163589238
v -0.044809453189373016 0.07750603556632994 -0.004985984414815902
v -0.045048460364341736 0.07781727612018584 -0.001133601297624409
v -0.04312841221690178 0.07761785387992857 -0.013164048083126543
v -0.04387122392654419 0.08489888161420821 -0.010013288818299769
v -0.04190582036972046 0.0777035281062126 -0.01660671457648277
v -0.04190582036972046 0.0777035281062126 -0.01660671457648277
v -0.04387122392654419 0.08489888161420821 -0.010013288818299769
v -0.04223056510090828 0.08489888161420821 -0.015541207045316694
v -0.04190582036972046 0.0777035281062126 -0.01660671457648277
v -0.04223056510090828 0.08489888161420821 -0.015541207045316694
v -0.039896488189697266 0.08489888161420821 -0.020813930779695507
v -0.04190582036972046 0.0777035281062126 -0.01660671457648277
v -0.039896488189697266 0.08489888161420821 -0.020813930779695507
v -0.040287621319293976 0.07771061360836028 -0.020213127136230465
v -0.03690731152892113 0.0848988890647888 -0.025744898244738575
v -0.03831484168767929 0.07758995890617369 -0.023749072104692456
v -0.039896488189697266 0.08489888161420821 -0.020813930779695507
v -0.039896488189697266 0.08489888161420821 -0.020813930779695507
v -0.03831484168767929 0.07758995890617369 -0.023749072104692456
v -0.040287621319293976 0.07771061360836028 -0.020213127136230465
v -0.0333121232688427 0.0848988890647888 -0.03025313280522823
v -0.033548444509506226 0.07769803702831267 -0.03010391443967819
v -0.03605102002620697 0.0800347477197647 -0.026930892840027806
v -0.0333121232688427 0.0848988890647888 -0.03025313280522823
v -0.03605102002620697 0.0800347477197647 -0.026930892840027806
v -0.03690731152892113 0.0848988890647888 -0.025744898244738575
v -0.03690731152892113 0.0848988890647888 -0.025744898244738575
v -0.03605102002620697 0.0800347477197647 -0.026930892840027806
v -0.03831484168767929 0.07758995890617369 -0.023749072104692456
v -0.033548444509506226 0.07769803702831267 -0.03010391443967819
v -0.0333121232688427 0.0848988890647888 -0.03025313280522823
v -0.030743693932890892 0.07758028060197829 -0.032969009131193154
v -0.030743693932890892 0.07758028060197829 -0.032969009131193154
v -0.0333121232688427 0.0848988890647888 -0.03025313280522823
v -0.029169948771595955 0.0848988890647888 -0.03426461294293403
v -0.030743693932890892 0.07758028060197829 -0.032969009131193154
v -0.029169948771595955 0.0848988890647888 -0.03426461294293403
v -0.02772187627851963 0.08003477007150649 -0.035446397960186
v -0.02772187627851963 0.08003477007150649 -0.035446397960186
v -0.029169948771595955 0.0848988890647888 -0.03426461294293403
v -0.02454880066215992 0.0848988890647888 -0.03771345689892768
v -0.02772187627851963 0.08003477007150649 -0.035446397960186
v -0.02454880066215992 0.0848988890647888 -0.03771345689892768
v -0.02452663891017437 0.07768510282039641 -0.03781830891966819
v -0.02452663891017437 0.07768510282039641 -0.03781830891966819
v -0.02454880066215992 0.0848988890647888 -0.03771345689892768
v -0.01952456682920456 0.0848988890647888 -0.0405430644750595
v -0.02452663891017437 0.07768510282039641 -0.03781830891966819
v -0.01952456682920456 0.0848988890647888 -0.0405430644750595
v -0.021153293550014496 0.07769497483968733 -0.0398050844669342
v -0.01417973730713129 0.0848988890647888 -0.042706951498985284
v -0.017402172088623047 0.07758725434541701 -0.041583951562643044
v -0.01952456682920456 0.0848988890647888 -0.0405430644750595
v -0.01952456682920456 0.0848988890647888 -0.0405430644750595
v -0.017402172088623047 0.07758725434541701 -0.041583951562643044
v -0.021153293550014496 0.07769497483968733 -0.0398050844669342
v -0.008602079004049301 0.0848988965153694 -0.044169582426548
v -0.009926467202603817 0.07770937681198119 -0.04396808519959449
v -0.013705060817301273 0.0777248442173004 -0.04293768852949142
v -0.008602079004049301 0.0848988965153694 -0.044169582426548
v -0.013705060817301273 0.0777248442173004 -0.04293768852949142
v -0.01417973730713129 0.0848988890647888 -0.042706951498985284
v -0.01417973730713129 0.0848988890647888 -0.042706951498985284
v -0.013705060817301273 0.0777248442173004 -0.04293768852949142
v -0.017402172088623047 0.07758725434541701 -0.041583951562643044
v -0.009926467202603817 0.07770937681198119 -0.04396808519959449
v -0.008602079004049301 0.0848988965153694 -0.044169582426548
v -0.005881891120225191 0.07759305834770201 -0.0446924902498722
v -0.005881891120225191 0.07759305834770201 -0.0446924902498722
v -0.008602079004049301 0.0848988965153694 -0.044169582426548
v -0.0028831756208091974 0.0848988965153694 -0.04490695893764495
v -0.005881891120225191 0.07759305834770201 -0.0446924902498722
v -0.0028831756208091974 0.0848988965153694 -0.04490695893764495
v -0.001930218655616045 0.07775943726301192 -0.0450276955962181
v -0.001930218655616045 0.07775943726301192 -0.0450276955962181
v -0.0028831756208091974 0.0848988965153694 -0.04490695893764495
v 0.002883069682866335 0.0848988965153694 -0.04490696266293525
v -0.001930218655616045 0.07775943726301192 -0.0450276955962181
v 0.002883069682866335 0.0848988965153694 -0.04490696266293525
v 0.0019973712041974068 0.07771255075931548 -0.0450296401977539
v 0.00860197376459837 0.0848988965153694 -0.04416959360241889
v 0.005955809261649847 0.0800347402691841 -0.04460353776812553
v 0.002883069682866335 0.0848988965153694 -0.04490696266293525
v 0.002883069682866335 0.0848988965153694 -0.04490696266293525
v 0.005955809261649847 0.0800347402691841 -0.04460353776812553
v 0.0019973712041974068 0.07771255075931548 -0.0450296401977539
v 0.014179633930325508 0.08489890396595 -0.042706970125436776
v 0.013778410851955414 0.07770440727472304 -0.04291680455207824
v 0.009949593804776669 0.0775478109717369 -0.043970279395580285
v 0.014179633930325508 0.08489890396595 -0.042706970125436776
v 0.009949593804776669 0.0775478109717369 -0.043970279395580285
v 0.00860197376459837 0.0848988965153694 -0.04416959360241889
v 0.00860197376459837 0.0848988965153694 -0.04416959360241889
v 0.009949593804776669 0.0775478109717369 -0.043970279395580285
v 0.005955809261649847 0.0800347402691841 -0.04460353776812553
v 0.013778410851955414 0.07770440727472304 -0.04291680455207824
v 0.014179633930325508 0.08489890396595 -0.042706970125436776
v 0.017553314566612244 0.07758482545614241 -0.04152070358395576
v 0.017553314566612244 0.07758482545614241 -0.04152070358395576
v 0.014179633930325508 0.08489890396595 -0.042706970125436776
v 0.0195244662463665 0.08489890396595 -0.04054308682680129
v 0.017553314566612244 0.07758482545614241 -0.04152070358395576
v 0.0195244662463665 0.08489890396595 -0.04054308682680129
v 0.021047748625278473 0.08003477752208708 -0.0397735983133316
v 0.021047748625278473 0.08003477752208708 -0.0397735983133316
v 0.0195244662463665 0.08489890396595 -0.04054308682680129
v 0.02454870194196701 0.08489890396595 -0.03771348670125007
v 0.021047748625278473 0.08003477752208708 -0.0397735983133316
v 0.02454870194196701 0.08489890396595 -0.03771348670125007
v 0.024587662890553474 0.07768505811691283 -0.03777946904301643
v 0.029169853776693344 0.08489890396595 -0.034264646470546715
v 0.027721785008907318 0.08003478497266768 -0.03544642031192779
v 0.02454870194196701 0.08489890396595 -0.03771348670125007
v 0.02454870194196701 0.08489890396595 -0.03771348670125007
v 0.027721785008907318 0.08003478497266768 -0.03544642031192779
v 0.024587662890553474 0.07768505811691283 -0.03777946904301643
v 0.033312033861875534 0.0848989114165306 -0.030253170058131214
v 0.030861536040902138 0.0775831639766693 -0.03285812214016914
v 0.029169853776693344 0.08489890396595 -0.034264646470546715
v 0.029169853776693344 0.08489890396595 -0.034264646470546715
v 0.030861536040902138 0.0775831639766693 -0.03285812214016914
v 0.027721785008907318 0.08003478497266768 -0.03544642031192779
v 0.03690722584724426 0.0848989114165306 -0.025744941085577008
v 0.03608015179634094 0.07770495116710661 -0.02701863087713718
v 0.03359803184866905 0.07770951837301253 -0.030045961961150166
v 0.03690722584724426 0.0848989114165306 -0.025744941085577008
v 0.03359803184866905 0.07770951837301253 -0.030045961961150166
v 0.033312033861875534 0.0848989114165306 -0.030253170058131214
v 0.033312033861875534 0.0848989114165306 -0.030253170058131214
v 0.03359803184866905 0.07770951837301253 -0.030045961961150166
v 0.030861536040902138 0.0775831639766693 -0.03285812214016914
v 0.03608015179634094 0.07770495116710661 -0.02701863087713718
v 0.03690722584724426 0.0848989114165306 -0.025744941085577008
v 0.03840189427137375 0.07759156823158263 -0.023607607930898663
v 0.03840189427137375 0.07759156823158263 -0.023607607930898663
v 0.03690722584724426 0.0848989114165306 -0.025744941085577008
v 0.039896409958601 0.0848989114165306 -0.02081397548317909
v 0.03840189427137375 0.07759156823158263 -0.023607607930898663
v 0.039896409958601 0.0848989114165306 -0.02081397548317909
v 0.04031649976968765 0.07774636149406432 -0.02014675363898277
v 0.04031649976968765 0.07774636149406432 -0.02014675363898277
v 0.039896409958601 0.0848989114165306 -0.02081397548317909
v 0.04223049432039261 0.0848989114165306 -0.015541255474090574
v 0.04031649976968765 0.07774636149406432 -0.02014675363898277
v 0.04223049432039261 0.0848989114165306 -0.015541255474090574
v 0.0419190414249897 0.07771261036396025 -0.01656699180603027
v 0.04387115687131882 0.0848989114165306 -0.010013338178396223
v 0.04315100610256195 0.08003479987382887 -0.01276465132832527
v 0.04223049432039261 0.0848989114165306 -0.015541255474090574
v 0.04223049432039261 0.0848989114165306 -0.015541255474090574
v 0.04315100610256195 0.08003479987382887 -0.01276465132832527
v 0.0419190414249897 0.07771261036396025 -0.01656699180603027
v 0.04498837888240814 0.08003481477499007 -0.000995481852442026
v 0.04482130706310272 0.07742366194725035 -0.004977688193321227
v 0.04479144886136055 0.0848989114165306 -0.004321008920669555
v 0.04479144886136055 0.0848989114165306 -0.004321008920669555
v 0.04482130706310272 0.07742366194725035 -0.004977688193321227
v 0.04420163482427597 0.07753823697566985 -0.008869821205735205
v 0.04479144886136055 0.0848989114165306 -0.004321008920669555
v 0.04420163482427597 0.07753823697566985 -0.008869821205735205
v 0.04387115687131882 0.0848989114165306 -0.010013338178396223
v 0.04387115687131882 0.0848989114165306 -0.010013338178396223
v 0.04420163482427597 0.07753823697566985 -0.008869821205735205
v 0.04315100610256195 0.08003479987382887 -0.01276465132832527
v 0.04498837888240814 0.08003481477499007 -0.000995481852442026
v 0.04479144886136055 0.0848989114165306 -0.004321008920669555
v 0.04497626796364784 0.0848989114165306 0.0014422732638195155
v 0.04498837888240814 0.08003481477499007 -0.000995481852442026
v 0.04497626796364784 0.0848989114165306 0.0014422732638195155
v 0.04497676342725754 0.07756073772907256 0.00305956439115107
v 0.04497676342725754 0.07756073772907256 0.00305956439115107
v 0.04497626796364784 0.0848989114165306 0.0014422732638195155
v 0.04442257806658745 0.0848989114165306 0.0071818726137280455
v 0.04497676342725754 0.07756073772907256 0.00305956439115107
v 0.04442257806658745 0.0848989114165306 0.0071818726137280455
v 0.04452585056424141 0.07769415527582167 0.007015542592853307
v 0.043139468878507614 0.0848989114165306 0.012803545221686361
v 0.04373219981789589 0.07757767289876936 0.010938159190118311
v 0.04442257806658745 0.0848989114165306 0.0071818726137280455
v 0.04442257806658745 0.0848989114165306 0.0071818726137280455
v 0.04373219981789589 0.07757767289876936 0.010938159190118311
v 0.04452585056424141 0.07769415527582167 0.007015542592853307
v 0.04114801809191704 0.0848989114165306 0.01821498572826385
v 0.0425441600382328 0.08003479242324828 0.014660822227597235
v 0.043139468878507614 0.0848989114165306 0.012803545221686361
v 0.043139468878507614 0.0848989114165306 0.012803545221686361
v 0.0425441600382328 0.08003479242324828 0.014660822227597235
v 0.04373219981789589 0.07757767289876936 0.010938159190118311
v 0.03848091512918472 0.0848989114165306 0.02332734130322933
v 0.03939920663833618 0.07769874483346938 0.021898880600929257
v 0.041149139404296875 0.07769339531660079 0.01839727349579334
v 0.03848091512918472 0.0848989114165306 0.02332734130322933
v 0.041149139404296875 0.07769339531660079 0.01839727349579334
v 0.04114801809191704 0.0848989114165306 0.01821498572826385
v 0.04114801809191704 0.0848989114165306 0.01821498572826385
v 0.041149139404296875 0.07769339531660079 0.01839727349579334
v 0.0425441600382328 0.08003479242324828 0.014660822227597235
v 0.03939920663833618 0.07769874483346938 0.021898880600929257
v 0.03848091512918472 0.0848989114165306 0.02332734130322933
v 0.03722383454442024 0.07758899033069609 0.02542498521506786
v 0.03722383454442024 0.07758899033069609 0.02542498521506786
v 0.03848091512918472 0.0848989114165306 0.02332734130322933
v 0.03518194332718849 0.0848989114165306 0.028056651353836056
v 0.03722383454442024 0.07758899033069609 0.02542498521506786
v 0.03518194332718849 0.0848989114165306 0.028056651353836056
v 0.03485378995537758 0.07773226499557494 0.02857672609388828
v 0.03485378995537758 0.07773226499557494 0.02857672609388828
v 0.03518194332718849 0.0848989114165306 0.028056651353836056
v 0.03130530193448067 0.0848989114165306 0.032325278967618935
v 0.03485378995537758 0.07773226499557494 0.02857672609388828
v 0.03130530193448067 0.0848989114165306 0.032325278967618935
v 0.032242633402347565 0.07771089673042296 0.03149786964058875
v 0.02691461332142353 0.0848989114165306 0.036063123494386666
v 0.029249275103211403 0.07759338617324828 0.03430001437664031
v 0.03130530193448067 0.0848989114165306 0.032325278967618935
v 0.03130530193448067 0.0848989114165306 0.032325278967618935
v 0.029249275103211403 0.07759338617324828 0.03430001437664031
v 0.032242633402347565 0.07771089673042296 0.03149786964058875
v 0.022081999108195305 0.08489890396595 0.03920881450176238
v 0.022814389318227768 0.07771182060241698 0.03887363895773887
v 0.02611168660223484 0.0777655318379402 0.03673353791236877
v 0.022081999108195305 0.08489890396595 0.03920881450176238
v 0.02611168660223484 0.0777655318379402 0.03673353791236877
v 0.02691461332142353 0.0848989114165306 0.036063123494386666
v 0.02691461332142353 0.0848989114165306 0.036063123494386666
v 0.02611168660223484 0.0777655318379402 0.03673353791236877
v 0.029249275103211403 0.07759338617324828 0.03430001437664031
v 0.022814389318227768 0.07771182060241698 0.03887363895773887
v 0.022081999108195305 0.08489890396595 0.03920881450176238
v 0.019228147342801094 0.07759121805429457 0.04077143594622611
v 0.019228147342801094 0.07759121805429457 0.04077143594622611
v 0.022081999108195305 0.08489890396595 0.03920881450176238
v 0.016886796802282333 0.08489890396595 0.041710693389177315
v 0.019228147342801094 0.07759121805429457 0.04077143594622611
v 0.016886796802282333 0.08489890396595 0.041710693389177315
v 0.015543096698820591 0.07779160887002944 0.04230130091309547
v 0.015543096698820591 0.07779160887002944 0.04230130091309547
v 0.016886796802282333 0.08489890396595 0.041710693389177315
v 0.011414309032261372 0.08489890396595 0.04352769628167152
v 0.015543096698820591 0.07779160887002944 0.04230130091309547
v 0.011414309032261372 0.08489890396595 0.04352769628167152
v 0.011779406107962132 0.07770143449306487 0.043508183211088174
v 0.005754394456744194 0.08489890396595 0.044629964977502816
v 0.00792295765131712 0.08003482222557066 0.04429642483592033
v 0.011414309032261372 0.08489890396595 0.04352769628167152
v 0.011414309032261372 0.08489890396595 0.04352769628167152
v 0.00792295765131712 0.08003482222557066 0.04429642483592033
v 0.011779406107962132 0.07770143449306487 0.043508183211088174
v -0.004062586463987827 0.07756857573986052 0.04489685595035552
v -6.748984014848247e-05 0.07744032144546507 0.04509542882442474
v -2.272177557216537e-09 0.08489890396595 0.04499941319227218
v -2.272177557216537e-09 0.08489890396595 0.04499941319227218
v -6.748984014848247e-05 0.07744032144546507 0.04509542882442474
v 0.0039065382443368435 0.0775717869400978 0.04491014033555984
v -2.272177557216537e-09 0.08489890396595 0.04499941319227218
v 0.0039065382443368435 0.0775717869400978 0.04491014033555984
v 0.005754394456744194 0.08489890396595 0.044629964977502816
v 0.005754394456744194 0.08489890396595 0.044629964977502816
v 0.0039065382443368435 0.0775717869400978 0.04491014033555984
v 0.00792295765131712 0.08003482222557066 0.04429642483592033
v 0.03339424729347229 0.024097535759210583 -0.038380522280931466
v 0.033101387321949005 0.024399552494287487 -0.03829309344291686
v 0.03390008211135864 0.024097535759210583 -0.03653150424361228
v 0.03390008211135864 0.024097535759210583 -0.03653150424361228
v 0.033101387321949005 0.024399552494287487 -0.03829309344291686
v 0.03388521447777748 0.02439930289983749 -0.0358516052365303
v 0.03390008211135864 0.024097535759210583 -0.03653150424361228
v 0.03388521447777748 0.02439930289983749 -0.0358516052365303
v 0.03467715159058571 0.02409969642758369 -0.03535510227084159
v 0.03467715159058571 0.02409969642758369 -0.03535510227084159
v 0.03388521447777748 0.02439930289983749 -0.0358516052365303
v 0.03574809804558754 0.024097535759210583 -0.03435240313410758
v 0.03574809804558754 0.024097535759210583 -0.03435240313410758
v 0.03388521447777748 0.02439930289983749 -0.0358516052365303
v 0.03562682867050171 0.02439957298338413 -0.034071829169988625
v 0.03574809804558754 0.024097535759210583 -0.03435240313410758
v 0.03562682867050171 0.02439957298338413 -0.034071829169988625
v 0.03748968616127968 0.024097537621855732 -0.03355137631297111
v 0.03748968616127968 0.024097537621855732 -0.03355137631297111
v 0.03562682867050171 0.02439957298338413 -0.034071829169988625
v 0.03747168555855751 0.024399584159255024 -0.03324624150991439
v 0.03748968616127968 0.024097537621855732 -0.03355137631297111
v 0.03747168555855751 0.024399584159255024 -0.03324624150991439
v 0.039400212466716766 0.024097537621855732 -0.03339429944753646
v 0.039400212466716766 0.024097537621855732 -0.03339429944753646
v 0.03747168555855751 0.024399584159255024 -0.03324624150991439
v 0.03948763757944107 0.024399505928158757 -0.033101491630077355
v 0.039400212466716766 0.024097537621855732 -0.03339429944753646
v 0.03948763757944107 0.024399505928158757 -0.033101491630077355
v 0.04124922677874565 0.024097537621855732 -0.03390014171600341
v 0.04124922677874565 0.024097537621855732 -0.03390014171600341
v 0.03948763757944107 0.024399505928158757 -0.033101491630077355
v 0.04192906990647316 0.02439918555319309 -0.03388536348938941
v 0.04124922677874565 0.024097537621855732 -0.03390014171600341
v 0.04192906990647316 0.02439918555319309 -0.03388536348938941
v 0.042425621300935745 0.02409970015287399 -0.03467720746994018
v 0.042425621300935745 0.02409970015287399 -0.03467720746994018
v 0.04192906990647316 0.02439918555319309 -0.03388536348938941
v 0.04342833533883095 0.02409753948450088 -0.0357481800019741
v 0.04342833533883095 0.02409753948450088 -0.0357481800019741
v 0.04192906990647316 0.02439918555319309 -0.03388536348938941
v 0.044024508446455 0.024399235844612118 -0.03607526794075965
v 0.04342833533883095 0.02409753948450088 -0.0357481800019741
v 0.044024508446455 0.024399235844612118 -0.03607526794075965
v 0.04422934725880623 0.02409753948450088 -0.03748969733715057
v 0.04422934725880623 0.02409753948450088 -0.03748969733715057
v 0.044024508446455 0.024399235844612118 -0.03607526794075965
v 0.044695012271404266 0.024399505928158757 -0.038473386317491524
v 0.04422934725880623 0.02409753948450088 -0.03748969733715057
v 0.044695012271404266 0.024399505928158757 -0.038473386317491524
v 0.04439026117324829 0.02409970015287399 -0.03889039158821105
v 0.04439026117324829 0.02409970015287399 -0.03889039158821105
v 0.044695012271404266 0.024399505928158757 -0.038473386317491524
v 0.04421438276767731 0.02409753948450088 -0.040346920490264886
v 0.04421438276767731 0.02409753948450088 -0.040346920490264886
v 0.044695012271404266 0.024399505928158757 -0.038473386317491524
v 0.044487569481134415 0.024399505928158757 -0.04048382863402366
v 0.04421438276767731 0.02409753948450088 -0.040346920490264886
v 0.044487569481134415 0.024399505928158757 -0.04048382863402366
v 0.04365341365337372 0.02409970015287399 -0.04164035245776176
v 0.04365341365337372 0.02409970015287399 -0.04164035245776176
v 0.044487569481134415 0.024399505928158757 -0.04048382863402366
v 0.043604981154203415 0.024399453774094578 -0.04230207577347755
v 0.04365341365337372 0.02409970015287399 -0.04164035245776176
v 0.043604981154203415 0.024399453774094578 -0.04230207577347755
v 0.04277285188436508 0.024097537621855732 -0.04281377792358398
v 0.04277285188436508 0.024097537621855732 -0.04281377792358398
v 0.043604981154203415 0.024399453774094578 -0.04230207577347755
v 0.04215380921959877 0.024399505928158757 -0.04370888695120811
v 0.04277285188436508 0.024097537621855732 -0.04281377792358398
v 0.04215380921959877 0.024399505928158757 -0.04370888695120811
v 0.04164029657840729 0.02409969829022884 -0.04365346953272819
v 0.04164029657840729 0.02409969829022884 -0.04365346953272819
v 0.04215380921959877 0.024399505928158757 -0.04370888695120811
v 0.04029103368520737 0.024097537621855732 -0.0442293994128704
v 0.04029103368520737 0.024097537621855732 -0.0442293994128704
v 0.04215380921959877 0.024399505928158757 -0.04370888695120811
v 0.04030897095799446 0.024399505928158757 -0.044534463435411446
v 0.04029103368520737 0.024097537621855732 -0.0442293994128704
v 0.04030897095799446 0.024399505928158757 -0.044534463435411446
v 0.038890331983566284 0.02409969829022884 -0.04439031705260276
v 0.038890331983566284 0.02409969829022884 -0.04439031705260276
v 0.04030897095799446 0.024399505928158757 -0.044534463435411446
v 0.03829304128885269 0.024399504065513607 -0.04467929527163505
v 0.038890331983566284 0.02409969829022884 -0.04439031705260276
v 0.03829304128885269 0.024399504065513607 -0.04467929527163505
v 0.03743379935622215 0.024097535759210583 -0.04421443492174148
v 0.03743379935622215 0.024097535759210583 -0.04421443492174148
v 0.03829304128885269 0.024399504065513607 -0.04467929527163505
v 0.03634912520647049 0.024399532005190846 -0.044125918298959725
v 0.03743379935622215 0.024097535759210583 -0.04421443492174148
v 0.03634912520647049 0.024399532005190846 -0.044125918298959725
v 0.03614036738872528 0.02409969642758369 -0.04365346580743789
v 0.03614036738872528 0.02409969642758369 -0.04365346580743789
v 0.03634912520647049 0.024399532005190846 -0.044125918298959725
v 0.03496691212058067 0.024097535759210583 -0.042772874236106866
v 0.03496691212058067 0.024097535759210583 -0.042772874236106866
v 0.03634912520647049 0.024399532005190846 -0.044125918298959725
v 0.03432299941778183 0.02439923211932182 -0.04255427792668342
v 0.03496691212058067 0.024097535759210583 -0.042772874236106866
v 0.03432299941778183 0.02439923211932182 -0.04255427792668342
v 0.03387565165758133 0.024097535759210583 -0.04119687527418136
v 0.03387565165758133 0.024097535759210583 -0.04119687527418136
v 0.03432299941778183 0.02439923211932182 -0.04255427792668342
v 0.0332462377846241 0.024399532005190846 -0.04030902311205863
v 0.03387565165758133 0.024097535759210583 -0.04119687527418136
v 0.0332462377846241 0.024399532005190846 -0.04030902311205863
v 0.03347396478056908 0.02409969642758369 -0.039845440536737435
v 0.03347396478056908 0.02409969642758369 -0.039845440536737435
v 0.0332462377846241 0.024399532005190846 -0.04030902311205863
v 0.03339424729347229 0.024097535759210583 -0.038380522280931466
v 0.03339424729347229 0.024097535759210583 -0.038380522280931466
v 0.0332462377846241 0.024399532005190846 -0.04030902311205863
v 0.033101387321949005 0.024399552494287487 -0.03829309344291686
v 0.03339429199695587 0.02409753948450088 0.03940021619200706
v 0.033101484179496765 0.024399505928158757 0.03948764503002166
v 0.03390013426542282 0.02409753948450088 0.04124923422932624
v 0.03390013426542282 0.02409753948450088 0.04124923422932624
v 0.033101484179496765 0.024399505928158757 0.03948764503002166
v 0.03388535603880882 0.02439918555319309 0.04192907735705375
v 0.03390013426542282 0.02409753948450088 0.04124923422932624
v 0.03388535603880882 0.02439918555319309 0.04192907735705375
v 0.03467719629406929 0.02409970015287399 0.042425628751516335
v 0.03467719629406929 0.02409970015287399 0.042425628751516335
v 0.03388535603880882 0.02439918555319309 0.04192907735705375
v 0.03574817255139351 0.02409753948450088 0.04342834278941154
v 0.03574817255139351 0.02409753948450088 0.04342834278941154
v 0.03388535603880882 0.02439918555319309 0.04192907735705375
v 0.03607525676488876 0.024399235844612118 0.04402451589703559
v 0.03574817255139351 0.02409753948450088 0.04342834278941154
v 0.03607525676488876 0.024399235844612118 0.04402451589703559
v 0.03748968988656998 0.02409754134714603 0.04422935470938682
v 0.03748968988656998 0.02409754134714603 0.04422935470938682
v 0.03607525676488876 0.024399235844612118 0.04402451589703559
v 0.038473378866910934 0.024399507790803906 0.044695019721984856
v 0.03748968988656998 0.02409754134714603 0.04422935470938682
v 0.038473378866910934 0.024399507790803906 0.044695019721984856
v 0.038890380412340164 0.02409970201551914 0.04439026862382888
v 0.038890380412340164 0.02409970201551914 0.04439026862382888
v 0.038473378866910934 0.024399507790803906 0.044695019721984856
v 0.040346913039684296 0.02409754134714603 0.0442143902182579
v 0.040346913039684296 0.02409754134714603 0.0442143902182579
v 0.038473378866910934 0.024399507790803906 0.044695019721984856
v 0.04048382118344307 0.024399509653449055 0.044487576931715005
v 0.040346913039684296 0.02409754134714603 0.0442143902182579
v 0.04048382118344307 0.024399509653449055 0.044487576931715005
v 0.04164034500718117 0.02409970201551914 0.04365341737866401
v 0.04164034500718117 0.02409970201551914 0.04365341737866401
v 0.04048382118344307 0.024399509653449055 0.044487576931715005
v 0.04230206832289696 0.024399457499384877 0.043604988604784005
v 0.04164034500718117 0.02409970201551914 0.04365341737866401
v 0.04230206832289696 0.024399457499384877 0.043604988604784005
v 0.04281376674771309 0.02409754134714603 0.04277285933494567
v 0.04281376674771309 0.02409754134714603 0.04277285933494567
v 0.04230206832289696 0.024399457499384877 0.043604988604784005
v 0.04370887950062752 0.024399509653449055 0.04215381667017936
v 0.04281376674771309 0.02409754134714603 0.04277285933494567
v 0.04370887950062752 0.024399509653449055 0.04215381667017936
v 0.0436534583568573 0.024099703878164288 0.04164030402898788
v 0.0436534583568573 0.024099703878164288 0.04164030402898788
v 0.04370887950062752 0.024399509653449055 0.04215381667017936
v 0.04422939196228981 0.02409754320979118 0.04029104113578796
v 0.04422939196228981 0.02409754320979118 0.04029104113578796
v 0.04370887950062752 0.024399509653449055 0.04215381667017936
v 0.044534455984830856 0.024399509653449055 0.04030897840857505
v 0.04422939196228981 0.02409754320979118 0.04029104113578796
v 0.044534455984830856 0.024399509653449055 0.04030897840857505
v 0.04439030587673187 0.024099703878164288 0.038890339434146874
v 0.04439030587673187 0.024099703878164288 0.038890339434146874
v 0.044534455984830856 0.024399509653449055 0.04030897840857505
v 0.04467928409576416 0.024399509653449055 0.03829304873943328
v 0.04439030587673187 0.024099703878164288 0.038890339434146874
v 0.04467928409576416 0.024399509653449055 0.03829304873943328
v 0.04421442747116089 0.02409754320979118 0.03743380680680274
v 0.04421442747116089 0.02409754320979118 0.03743380680680274
v 0.04467928409576416 0.024399509653449055 0.03829304873943328
v 0.04412590712308884 0.024399537593126294 0.03634912893176078
v 0.04421442747116089 0.02409754320979118 0.03743380680680274
v 0.04412590712308884 0.024399537593126294 0.03634912893176078
v 0.043653454631567 0.024099703878164288 0.03614037483930587
v 0.043653454631567 0.024099703878164288 0.03614037483930587
v 0.04412590712308884 0.024399537593126294 0.03634912893176078
v 0.042772866785526276 0.02409754134714603 0.03496691957116126
v 0.042772866785526276 0.02409754134714603 0.03496691957116126
v 0.04412590712308884 0.024399537593126294 0.03634912893176078
v 0.04255426675081253 0.024399237707257267 0.03432300686836242
v 0.042772866785526276 0.02409754134714603 0.03496691957116126
v 0.04255426675081253 0.024399237707257267 0.03432300686836242
v 0.04119686782360077 0.02409754134714603 0.03387565538287162
v 0.04119686782360077 0.02409754134714603 0.03387565538287162
v 0.04255426675081253 0.024399237707257267 0.03432300686836242
v 0.04030901566147804 0.024399537593126294 0.03324624523520469
v 0.04119686782360077 0.02409754134714603 0.03387565538287162
v 0.04030901566147804 0.024399537593126294 0.03324624523520469
v 0.039845433086156845 0.02409970201551914 0.033473972231149667
v 0.039845433086156845 0.02409970201551914 0.033473972231149667
v 0.04030901566147804 0.024399537593126294 0.03324624523520469
v 0.03838051110506058 0.02409753948450088 0.03339425474405288
v 0.03838051110506058 0.02409753948450088 0.03339425474405288
v 0.04030901566147804 0.024399537593126294 0.03324624523520469
v 0.03829308599233627 0.024399558082222935 0.033101394772529595
v 0.03838051110506058 0.02409753948450088 0.03339425474405288
v 0.03829308599233627 0.024399558082222935 0.033101394772529595
v 0.03653149679303169 0.02409753948450088 0.03390008956193923
v 0.03653149679303169 0.02409753948450088 0.03390008956193923
v 0.03829308599233627 0.024399558082222935 0.033101394772529595
v 0.03585159778594971 0.02439930662512779 0.03388521820306777
v 0.03653149679303169 0.02409753948450088 0.03390008956193923
v 0.03585159778594971 0.02439930662512779 0.03388521820306777
v 0.035355094820261 0.02409970015287399 0.0346771590411663
v 0.035355094820261 0.02409970015287399 0.0346771590411663
v 0.03585159778594971 0.02439930662512779 0.03388521820306777
v 0.03435239568352699 0.02409753948450088 0.03574810549616813
v 0.03435239568352699 0.02409753948450088 0.03574810549616813
v 0.03585159778594971 0.02439930662512779 0.03388521820306777
v 0.034071821719408035 0.024399574846029278 0.0356268361210823
v 0.03435239568352699 0.02409753948450088 0.03574810549616813
v 0.034071821719408035 0.024399574846029278 0.0356268361210823
v 0.03355136513710022 0.02409753948450088 0.03748969361186027
v 0.03355136513710022 0.02409753948450088 0.03748969361186027
v 0.034071821719408035 0.024399574846029278 0.0356268361210823
v 0.0332462303340435 0.024399586021900174 0.0374716930091381
v 0.03355136513710022 0.02409753948450088 0.03748969361186027
v 0.0332462303340435 0.024399586021900174 0.0374716930091381
v 0.03339429199695587 0.02409753948450088 0.03940021619200706
v 0.03339429199695587 0.02409753948450088 0.03940021619200706
v 0.0332462303340435 0.024399586021900174 0.0374716930091381
v 0.033101484179496765 0.024399505928158757 0.03948764503002166
v -0.0442143976688385 0.024097513407468792 0.040346920490264886
v -0.04448758438229561 0.024399481713771817 0.04048382863402366
v -0.04365342855453491 0.0240996740758419 0.04164035245776176
v -0.04365342855453491 0.0240996740758419 0.04164035245776176
v -0.04448758438229561 0.024399481713771817 0.04048382863402366
v -0.04360499605536461 0.024399429559707638 0.04230207577347755
v -0.04365342855453491 0.0240996740758419 0.04164035245776176
v -0.04360499605536461 0.024399429559707638 0.04230207577347755
v -0.042772870510816574 0.024097513407468792 0.04281377419829368
v -0.042772870510816574 0.024097513407468792 0.04281377419829368
v -0.04360499605536461 0.024399429559707638 0.04230207577347755
v -0.042153824120759964 0.024399481713771817 0.04370888695120811
v -0.042772870510816574 0.024097513407468792 0.04281377419829368
v -0.042153824120759964 0.024399481713771817 0.04370888695120811
v -0.04164031147956848 0.02409967593848705 0.04365346580743789
v -0.04164031147956848 0.02409967593848705 0.04365346580743789
v -0.042153824120759964 0.024399481713771817 0.04370888695120811
v -0.04029105231165886 0.02409751527011394 0.0442293956875801
v -0.04029105231165886 0.02409751527011394 0.0442293956875801
v -0.042153824120759964 0.024399481713771817 0.04370888695120811
v -0.040308985859155655 0.024399481713771817 0.044534463435411446
v -0.04029105231165886 0.02409751527011394 0.0442293956875801
v -0.040308985859155655 0.024399481713771817 0.044534463435411446
v -0.03889034688472748 0.02409967593848705 0.04439031332731246
v -0.03889034688472748 0.02409967593848705 0.04439031332731246
v -0.040308985859155655 0.024399481713771817 0.044534463435411446
v -0.038293056190013885 0.024399483576416966 0.04467929154634475
v -0.03889034688472748 0.02409967593848705 0.04439031332731246
v -0.038293056190013885 0.024399483576416966 0.04467929154634475
v -0.03743381425738335 0.02409751527011394 0.04421443492174148
v -0.03743381425738335 0.02409751527011394 0.04421443492174148
v -0.038293056190013885 0.024399483576416966 0.04467929154634475
v -0.03634914010763168 0.024399513378739354 0.04412591457366943
v -0.03743381425738335 0.02409751527011394 0.04421443492174148
v -0.03634914010763168 0.024399513378739354 0.04412591457366943
v -0.036140382289886475 0.0240996778011322 0.04365346208214759
v -0.036140382289886475 0.0240996778011322 0.04365346208214759
v -0.03634914010763168 0.024399513378739354 0.04412591457366943
v -0.034966930747032166 0.02409751713275909 0.042772874236106866
v -0.034966930747032166 0.02409751713275909 0.042772874236106866
v -0.03634914010763168 0.024399513378739354 0.04412591457366943
v -0.03432301804423332 0.024399213492870327 0.04255427420139312
v -0.034966930747032166 0.02409751713275909 0.042772874236106866
v -0.03432301804423332 0.024399213492870327 0.04255427420139312
v -0.03387566655874252 0.02409751713275909 0.04119687527418136
v -0.03387566655874252 0.02409751713275909 0.04119687527418136
v -0.03432301804423332 0.024399213492870327 0.04255427420139312
v -0.033246252685785294 0.024399513378739354 0.04030902311205863
v -0.03387566655874252 0.02409751713275909 0.04119687527418136
v -0.033246252685785294 0.024399513378739354 0.04030902311205863
v -0.03347397968173027 0.0240996778011322 0.039845440536737435
v -0.03347397968173027 0.0240996778011322 0.039845440536737435
v -0.033246252685785294 0.024399513378739354 0.04030902311205863
v -0.033394262194633484 0.02409751713275909 0.03838051855564117
v -0.033394262194633484 0.02409751713275909 0.03838051855564117
v -0.033246252685785294 0.024399513378739354 0.04030902311205863
v -0.0331014059484005 0.024399533867835995 0.03829309344291686
v -0.033394262194633484 0.02409751713275909 0.03838051855564117
v -0.0331014059484005 0.024399533867835995 0.03829309344291686
v -0.033900097012519836 0.02409751713275909 0.03653150424361228
v -0.033900097012519836 0.02409751713275909 0.03653150424361228
v -0.0331014059484005 0.024399533867835995 0.03829309344291686
v -0.033885229378938675 0.024399284273385998 0.03585160151124
v -0.033900097012519836 0.02409751713275909 0.03653150424361228
v -0.033885229378938675 0.024399284273385998 0.03585160151124
v -0.0346771702170372 0.0240996778011322 0.03535510227084159
v -0.0346771702170372 0.0240996778011322 0.03535510227084159
v -0.033885229378938675 0.024399284273385998 0.03585160151124
v -0.035748112946748734 0.02409751527011394 0.03435240313410758
v -0.035748112946748734 0.02409751527011394 0.03435240313410758
v -0.033885229378938675 0.024399284273385998 0.03585160151124
v -0.0356268435716629 0.024399552494287487 0.03407182544469833
v -0.035748112946748734 0.02409751527011394 0.03435240313410758
v -0.0356268435716629 0.024399552494287487 0.03407182544469833
v -0.03748970106244087 0.02409751527011394 0.03355137258768081
v -0.03748970106244087 0.02409751527011394 0.03355137258768081
v -0.0356268435716629 0.024399552494287487 0.03407182544469833
v -0.0374717116355896 0.024399511516094204 0.03324628993868827
v -0.03748970106244087 0.02409751527011394 0.03355137258768081
v -0.0374717116355896 0.024399511516094204 0.03324628993868827
v -0.03940022736787796 0.02409751527011394 0.03339429944753646
v -0.03940022736787796 0.02409751527011394 0.03339429944753646
v -0.0374717116355896 0.024399511516094204 0.03324628993868827
v -0.03948765620589256 0.024399550631642338 0.033101420849561684
v -0.03940022736787796 0.02409751527011394 0.03339429944753646
v -0.03948765620589256 0.024399550631642338 0.033101420849561684
v -0.041249241679906845 0.02409751527011394 0.03390014171600341
v -0.041249241679906845 0.02409751527011394 0.03390014171600341
v -0.03948765620589256 0.024399550631642338 0.033101420849561684
v -0.041929084807634354 0.02439916133880615 0.03388536348938941
v -0.041249241679906845 0.02409751527011394 0.03390014171600341
v -0.041929084807634354 0.02439916133880615 0.03388536348938941
v -0.04242563620209694 0.0240996740758419 0.03467720374464988
v -0.04242563620209694 0.0240996740758419 0.03467720374464988
v -0.041929084807634354 0.02439916133880615 0.03388536348938941
v -0.04342835023999214 0.024097513407468792 0.0357481762766838
v -0.04342835023999214 0.024097513407468792 0.0357481762766838
v -0.041929084807634354 0.02439916133880615 0.03388536348938941
v -0.044024523347616196 0.02439920976758003 0.03607526421546935
v -0.04342835023999214 0.024097513407468792 0.0357481762766838
v -0.044024523347616196 0.02439920976758003 0.03607526421546935
v -0.04422936215996742 0.024097513407468792 0.03748969361186027
v -0.04422936215996742 0.024097513407468792 0.03748969361186027
v -0.044024523347616196 0.02439920976758003 0.03607526421546935
v -0.04469502717256546 0.024399481713771817 0.038473386317491524
v -0.04422936215996742 0.024097513407468792 0.03748969361186027
v -0.04469502717256546 0.024399481713771817 0.038473386317491524
v -0.04439027979969978 0.0240996740758419 0.038890387862920754
v -0.04439027979969978 0.0240996740758419 0.038890387862920754
v -0.04469502717256546 0.024399481713771817 0.038473386317491524
v -0.0442143976688385 0.024097513407468792 0.040346920490264886
v -0.0442143976688385 0.024097513407468792 0.040346920490264886
v -0.04469502717256546 0.024399481713771817 0.038473386317491524
v -0.04448758438229561 0.024399481713771817 0.04048382863402366
v -0.04421444237232208 0.024097509682178494 -0.03743380680680274
v -0.044679298996925354 0.024399477988481518 -0.03829304873943328
v -0.04412592202425003 0.024399505928158757 -0.03634913265705108
v -0.04421444237232208 0.024097509682178494 -0.03743380680680274
v -0.04412592202425003 0.024399505928158757 -0.03634913265705108
v -0.043653473258018494 0.02409967221319675 -0.03614037483930587
v -0.043653473258018494 0.02409967221319675 -0.03614037483930587
v -0.04412592202425003 0.024399505928158757 -0.03634913265705108
v -0.04277288168668747 0.024097511544823643 -0.03496692329645156
v -0.04277288168668747 0.024097511544823643 -0.03496692329645156
v -0.04412592202425003 0.024399505928158757 -0.03634913265705108
v -0.04255428537726402 0.02439920790493488 -0.03432301059365272
v -0.04277288168668747 0.024097511544823643 -0.03496692329645156
v -0.04255428537726402 0.02439920790493488 -0.03432301059365272
v -0.04119688272476196 0.024097511544823643 -0.03387565910816192
v -0.04119688272476196 0.024097511544823643 -0.03387565910816192
v -0.04255428537726402 0.02439920790493488 -0.03432301059365272
v -0.040309030562639236 0.024399507790803906 -0.03324624523520469
v -0.04119688272476196 0.024097511544823643 -0.03387565910816192
v -0.040309030562639236 0.024399507790803906 -0.03324624523520469
v -0.03984544798731804 0.02409967221319675 -0.033473972231149667
v -0.03984544798731804 0.02409967221319675 -0.033473972231149667
v -0.040309030562639236 0.024399507790803906 -0.03324624523520469
v -0.03838052973151207 0.024097511544823643 -0.03339425474405288
v -0.03838052973151207 0.024097511544823643 -0.03339425474405288
v -0.040309030562639236 0.024399507790803906 -0.03324624523520469
v -0.03829310089349747 0.024399530142545697 -0.033101398497819894
v -0.03838052973151207 0.024097511544823643 -0.03339425474405288
v -0.03829310089349747 0.024399530142545697 -0.033101398497819894
v -0.036531511694192886 0.024097513407468792 -0.03390008956193923
v -0.036531511694192886 0.024097513407468792 -0.03390008956193923
v -0.03829310089349747 0.024399530142545697 -0.033101398497819894
v -0.0358516126871109 0.0243992805480957 -0.03388522192835807
v -0.036531511694192886 0.024097513407468792 -0.03390008956193923
v -0.0358516126871109 0.0243992805480957 -0.03388522192835807
v -0.035355109721422195 0.0240996740758419 -0.0346771627664566
v -0.035355109721422195 0.0240996740758419 -0.0346771627664566
v -0.0358516126871109 0.0243992805480957 -0.03388522192835807
v -0.03435241058468819 0.024097513407468792 -0.03574810549616813
v -0.03435241058468819 0.024097513407468792 -0.03574810549616813
v -0.0358516126871109 0.0243992805480957 -0.03388522192835807
v -0.03407183662056923 0.024399550631642338 -0.0356268398463726
v -0.03435241058468819 0.024097513407468792 -0.03574810549616813
v -0.03407183662056923 0.024399550631642338 -0.0356268398463726
v -0.033551380038261414 0.024097513407468792 -0.03748969361186027
v -0.033551380038261414 0.024097513407468792 -0.03748969361186027
v -0.03407183662056923 0.024399550631642338 -0.0356268398463726
v -0.033246248960494995 0.024399561807513234 -0.0374716930091381
v -0.033551380038261414 0.024097513407468792 -0.03748969361186027
v -0.033246248960494995 0.024399561807513234 -0.0374716930091381
v -0.033394306898117065 0.024097513407468792 -0.039400219917297356
v -0.033394306898117065 0.024097513407468792 -0.039400219917297356
v -0.033246248960494995 0.024399561807513234 -0.0374716930091381
v -0.03310149908065796 0.024399481713771817 -0.03948764875531196
v -0.033394306898117065 0.024097513407468792 -0.039400219917297356
v -0.03310149908065796 0.024399481713771817 -0.03948764875531196
v -0.033900149166584015 0.024097513407468792 -0.04124923795461654
v -0.033900149166584015 0.024097513407468792 -0.04124923795461654
v -0.03310149908065796 0.024399481713771817 -0.03948764875531196
v -0.033885370939970016 0.02439916133880615 -0.04192907735705375
v -0.033900149166584015 0.024097513407468792 -0.04124923795461654
v -0.033885370939970016 0.02439916133880615 -0.04192907735705375
v -0.034677211195230484 0.0240996740758419 -0.042425632476806634
v -0.034677211195230484 0.0240996740758419 -0.042425632476806634
v -0.033885370939970016 0.02439916133880615 -0.04192907735705375
v -0.0357481874525547 0.024097513407468792 -0.043428346514701836
v -0.0357481874525547 0.024097513407468792 -0.043428346514701836
v -0.033885370939970016 0.02439916133880615 -0.04192907735705375
v -0.036075275391340256 0.02439920976758003 -0.04402451589703559
v -0.0357481874525547 0.024097513407468792 -0.043428346514701836
v -0.036075275391340256 0.02439920976758003 -0.04402451589703559
v -0.03748970478773117 0.024097511544823643 -0.04422935470938682
v -0.03748970478773117 0.024097511544823643 -0.04422935470938682
v -0.036075275391340256 0.02439920976758003 -0.04402451589703559
v -0.03847339376807213 0.024399479851126667 -0.044695019721984856
v -0.03748970478773117 0.024097511544823643 -0.04422935470938682
v -0.03847339376807213 0.024399479851126667 -0.044695019721984856
v -0.03889039531350136 0.02409967221319675 -0.04439027234911918
v -0.03889039531350136 0.02409967221319675 -0.04439027234911918
v -0.03847339376807213 0.024399479851126667 -0.044695019721984856
v -0.04034692794084549 0.024097511544823643 -0.044214393943548196
v -0.04034692794084549 0.024097511544823643 -0.044214393943548196
v -0.03847339376807213 0.024399479851126667 -0.044695019721984856
v -0.04048383608460426 0.024399477988481518 -0.044487576931715005
v -0.04034692794084549 0.024097511544823643 -0.044214393943548196
v -0.04048383608460426 0.024399477988481518 -0.044487576931715005
v -0.04164035990834236 0.02409967221319675 -0.04365342110395431
v -0.04164035990834236 0.02409967221319675 -0.04365342110395431
v -0.04048383608460426 0.024399477988481518 -0.044487576931715005
v -0.04230208322405815 0.02439942583441734 -0.043604988604784005
v -0.04164035990834236 0.02409967221319675 -0.04365342110395431
v -0.04230208322405815 0.02439942583441734 -0.043604988604784005
v -0.04281378537416458 0.024097509682178494 -0.04277286306023597
v -0.04281378537416458 0.024097509682178494 -0.04277286306023597
v -0.04230208322405815 0.02439942583441734 -0.043604988604784005
v -0.04370889440178871 0.024399477988481518 -0.04215381667017936
v -0.04281378537416458 0.024097509682178494 -0.04277286306023597
v -0.04370889440178871 0.024399477988481518 -0.04215381667017936
v -0.043653473258018494 0.024099670350551602 -0.04164030402898788
v -0.043653473258018494 0.024099670350551602 -0.04164030402898788
v -0.04370889440178871 0.024399477988481518 -0.04215381667017936
v -0.044229406863451004 0.024097509682178494 -0.040291044861078255
v -0.044229406863451004 0.024097509682178494 -0.040291044861078255
v -0.04370889440178871 0.024399477988481518 -0.04215381667017936
v -0.04453447088599205 0.024399477988481518 -0.04030898213386535
v -0.044229406863451004 0.024097509682178494 -0.040291044861078255
v -0.04453447088599205 0.024399477988481518 -0.04030898213386535
v -0.044390320777893066 0.024099670350551602 -0.038890339434146874
v -0.044390320777893066 0.024099670350551602 -0.038890339434146874
v -0.04453447088599205 0.024399477988481518 -0.04030898213386535
v -0.044679298996925354 0.024399477988481518 -0.03829304873943328
v -0.044390320777893066 0.024099670350551602 -0.038890339434146874
v -0.044679298996925354 0.024399477988481518 -0.03829304873943328
v -0.04421444237232208 0.024097509682178494 -0.03743380680680274
v -0.03251836821436882 0.06124829500913619 0.03755074739456176
v -0.032064810395240784 0.05506817623972892 0.04073942825198173
v -0.03234577551484108 0.060710214078426354 0.03804274275898933
v -0.031157204881310463 0.048276964575052254 0.044393286108970635
v -0.032064810395240784 0.05506817623972892 0.04073942825198173
v -0.03170548006892204 0.051368564367294305 0.04253597185015678
v -0.031157204881310463 0.048276964575052254 0.044393286108970635
v -0.03170548006892204 0.051368564367294305 0.04253597185015678
v -0.030772969126701355 0.04512072354555129 0.04584719985723495
v -0.031157204881310463 0.048276964575052254 0.044393286108970635
v -0.030772969126701355 0.04512072354555129 0.04584719985723495
v -0.030096806585788727 0.041979588568210595 0.047669205814599984
v -0.030096806585788727 0.041979588568210595 0.047669205814599984
v -0.030772969126701355 0.04512072354555129 0.04584719985723495
v -0.02912231534719467 0.03796681016683578 0.04987712949514388
v -0.027661971747875214 0.03309554606676101 0.05257745087146758
v -0.026053620502352715 0.028906518593430516 0.05503534153103828
v -0.027646292001008987 0.03357762843370437 0.052475530654191964
v -0.027661971747875214 0.03309554606676101 0.05257745087146758
v -0.027646292001008987 0.03357762843370437 0.052475530654191964
v -0.02912231534719467 0.03796681016683578 0.04987712949514388
v -0.024531977251172066 0.02447072602808475 0.05736031755805015
v -0.02509400062263012 0.024221729487180706 0.0572761483490467
v -0.02425496093928814 0.02446927689015865 0.057552244514226907
v -0.025177069008350372 0.024391887709498402 0.05696877464652061
v -0.02509400062263012 0.024221729487180706 0.0572761483490467
v -0.024531977251172066 0.02447072602808475 0.05736031755805015
v -0.02425496093928814 0.02446927689015865 0.057552244514226907
v -0.02415197156369686 0.02476580254733562 0.057476244866847985
v -0.024531977251172066 0.02447072602808475 0.05736031755805015
v -0.02509400062263012 0.024221729487180706 0.0572761483490467
v -0.025177069008350372 0.024391887709498402 0.05696877464652061
v -0.027564838528633118 0.024232309311628338 0.05611419677734374
v -0.056988634169101715 0.024391354992985722 0.025155793875455853
v -0.05717955157160759 0.02414842881262302 0.02541021071374416
v -0.05598066374659538 0.024317966774106022 0.02761375159025192
v -0.029444674029946327 0.023958601057529446 0.05526832863688468
v -0.027564838528633118 0.024232309311628338 0.05611419677734374
v -0.031635258346796036 0.024274356663227078 0.053887836635112756
v -0.04258633777499199 0.02419236302375793 0.04580071568489074
v -0.04113471508026123 0.023948146030306813 0.04721895977854728
v -0.039173953235149384 0.024192694574594494 0.048752818256616585
v -0.05593918263912201 0.024026291444897648 0.028129635378718373
v -0.053761132061481476 0.024167329072952267 0.03198887407779693
v -0.05598066374659538 0.024317966774106022 0.02761375159025192
v -0.05593918263912201 0.024026291444897648 0.028129635378718373
v -0.05598066374659538 0.024317966774106022 0.02761375159025192
v -0.05717955157160759 0.02414842881262302 0.02541021071374416
v -0.036055102944374084 0.024083947762846943 0.051187343895435326
v -0.031635258346796036 0.024274356663227078 0.053887836635112756
v -0.03528670221567154 0.024392744526267048 0.05130958184599876
v -0.036055102944374084 0.024083947762846943 0.051187343895435326
v -0.03528670221567154 0.024392744526267048 0.05130958184599876
v -0.039173953235149384 0.024192694574594494 0.048752818256616585
v -0.039173953235149384 0.024192694574594494 0.048752818256616585
v -0.03528670221567154 0.024392744526267048 0.05130958184599876
v -0.04089473932981491 0.024392090737819668 0.04697751253843307
v -0.039173953235149384 0.024192694574594494 0.048752818256616585
v -0.04089473932981491 0.024392090737819668 0.04697751253843307
v -0.04258633777499199 0.02419236302375793 0.04580071568489074
v -0.04258633777499199 0.02419236302375793 0.04580071568489074
v -0.04089473932981491 0.024392090737819668 0.04697751253843307
v -0.045462243258953094 0.024154063314199444 0.04298967868089675
v -0.045462243258953094 0.024154063314199444 0.04298967868089675
v -0.04089473932981491 0.024392090737819668 0.04697751253843307
v -0.045652199536561966 0.024392290040850636 0.042308595031499856
v -0.045462243258953094 0.024154063314199444 0.04298967868089675
v -0.045652199536561966 0.024392290040850636 0.042308595031499856
v -0.048558514565229416 0.02414930239319801 0.039471335709094994
v -0.048558514565229416 0.02414930239319801 0.039471335709094994
v -0.045652199536561966 0.024392290040850636 0.042308595031499856
v -0.050082188099622726 0.024391727522015568 0.037029225379228585
v -0.048558514565229416 0.02414930239319801 0.039471335709094994
v -0.050082188099622726 0.024391727522015568 0.037029225379228585
v -0.05126718059182167 0.024146642535924908 0.035884503275156014
v -0.05126718059182167 0.024146642535924908 0.035884503275156014
v -0.050082188099622726 0.024391727522015568 0.037029225379228585
v -0.053761132061481476 0.024167329072952267 0.03198887407779693
v -0.053761132061481476 0.024167329072952267 0.03198887407779693
v -0.050082188099622726 0.024391727522015568 0.037029225379228585
v -0.05371726304292679 0.024393817409873005 0.031433731317520135
v -0.053761132061481476 0.024167329072952267 0.03198887407779693
v -0.05371726304292679 0.024393817409873005 0.031433731317520135
v -0.05598066374659538 0.024317966774106022 0.02761375159025192
v -0.027564838528633118 0.024232309311628338 0.05611419677734374
v -0.025177069008350372 0.024391887709498402 0.05696877464652061
v -0.031635258346796036 0.024274356663227078 0.053887836635112756
v -0.031635258346796036 0.024274356663227078 0.053887836635112756
v -0.025177069008350372 0.024391887709498402 0.05696877464652061
v -0.03528670221567154 0.024392744526267048 0.05130958184599876
v -0.05598066374659538 0.024317966774106022 0.02761375159025192
v -0.05371726304292679 0.024393817409873005 0.031433731317520135
v -0.056988634169101715 0.024391354992985722 0.025155793875455853
v -0.056988634169101715 0.024391354992985722 0.025155793875455853
v -0.05721845105290413 0.02443328499794006 0.02477965876460075
v -0.05717955157160759 0.02414842881262302 0.02541021071374416
v -0.05721845105290413 0.02443328499794006 0.02477965876460075
v -0.05747603997588158 0.024531515315175053 0.024330405518412587
v -0.05717955157160759 0.02414842881262302 0.02541021071374416
v -0.05020270496606827 0.037384148687124245 0.028958721086382862
v -0.0525236614048481 0.03346152231097221 0.02763314917683601
v -0.05208459869027138 0.03393001481890678 0.027943834662437435
v -0.0525236614048481 0.03346152231097221 0.02763314917683601
v -0.05505337938666344 0.02905967645347118 0.02597885206341743
v -0.05208459869027138 0.03393001481890678 0.027943834662437435
v -0.05208459869027138 0.03393001481890678 0.027943834662437435
v -0.05505337938666344 0.02905967645347118 0.02597885206341743
v -0.05452020466327667 0.02964253909885883 0.02641552686691284
v -0.037436675280332565 0.061353433877229684 0.032553195953369134
v -0.0370711125433445 0.06241264939308166 0.03256833553314208
v -0.04055672511458397 0.05570502579212188 0.03200756758451461
v -0.045020800083875656 0.04670391976833343 0.03103114105761051
v -0.04296574741601944 0.05063201859593391 0.03159653022885322
v -0.044320352375507355 0.048497974872589104 0.031153708696365353
v -0.04084321856498718 0.054584968835115426 0.03205521404743194
v -0.037436675280332565 0.061353433877229684 0.032553195953369134
v -0.04055672511458397 0.05570502579212188 0.03200756758451461
v -0.04084321856498718 0.054584968835115426 0.03205521404743194
v -0.04055672511458397 0.05570502579212188 0.03200756758451461
v -0.04296574741601944 0.05063201859593391 0.03159653022885322
v -0.04296574741601944 0.05063201859593391 0.03159653022885322
v -0.04055672511458397 0.05570502579212188 0.03200756758451461
v -0.044320352375507355 0.048497974872589104 0.031153708696365353
v -0.05505337938666344 0.02905967645347118 0.02597885206341743
v -0.057464998215436935 0.02479145117104053 0.024158086627721783
v -0.05452020466327667 0.02964253909885883 0.02641552686691284
v -0.04296574741601944 0.05063201859593391 0.03159653022885322
v -0.045020800083875656 0.04670391976833343 0.03103114105761051
v -0.04084321856498718 0.054584968835115426 0.03205521404743194
v -0.04784238338470459 0.04167088493704795 0.030022324994206425
v -0.045020800083875656 0.04670391976833343 0.03103114105761051
v -0.044320352375507355 0.048497974872589104 0.031153708696365353
v -0.03234577551484108 0.060710214078426354 0.03804274275898933
v -0.03281800448894501 0.06303510814905165 0.03652378171682357
v -0.03251836821436882 0.06124829500913619 0.03755074739456176
v -0.03281800448894501 0.06303510814905165 0.03652378171682357
v -0.03234577551484108 0.060710214078426354 0.03804274275898933
v -0.03320728987455368 0.06405367702245711 0.035719972103834145
v -0.03635144978761673 0.06316758692264555 0.03290127217769622
v -0.0370711125433445 0.06241264939308166 0.03256833553314208
v -0.037436675280332565 0.061353433877229684 0.032553195953369134
v -0.03635144978761673 0.06316758692264555 0.03290127217769622
v -0.035123176872730255 0.06460378319025038 0.033570490777492516
v -0.0370711125433445 0.06241264939308166 0.03256833553314208
v -0.044379204511642456 0.04829593747854232 -0.031163901090621945
v -0.040922924876213074 0.05472471565008163 -0.03203401342034339
v -0.042535994201898575 0.05136855691671371 -0.03170546516776084
v -0.044379204511642456 0.04829593747854232 -0.031163901090621945
v -0.042535994201898575 0.05136855691671371 -0.03170546516776084
v -0.04584721475839615 0.045120716094970696 -0.030772956088185307
v -0.044379204511642456 0.04829593747854232 -0.031163901090621945
v -0.04584721475839615 0.045120716094970696 -0.030772956088185307
v -0.04777451977133751 0.04178190976381301 -0.030053934082388874
v -0.04777451977133751 0.04178190976381301 -0.030053934082388874
v -0.04584721475839615 0.045120716094970696 -0.030772956088185307
v -0.04975825175642967 0.037998810410499566 -0.02917605452239513
v -0.0376296192407608 0.06134239956736564 -0.03247421979904174
v -0.037947554141283035 0.060336854308843606 -0.032460939139127724
v -0.040922924876213074 0.05472471565008163 -0.03203401342034339
v -0.05013201758265495 0.037734523415565484 -0.028923287987709042
v -0.04777451977133751 0.04178190976381301 -0.030053934082388874
v -0.04975825175642967 0.037998810410499566 -0.02917605452239513
v -0.05013201758265495 0.037734523415565484 -0.028923287987709042
v -0.04975825175642967 0.037998810410499566 -0.02917605452239513
v -0.05253295600414276 0.03330504894256591 -0.027685372158885
v -0.05736032500863075 0.024470712989568707 -0.024531969800591465
v -0.05749630182981491 0.02422203496098518 -0.024621738120913502
v -0.05747780576348305 0.024760060012340542 -0.024151304736733433
v -0.05736032500863075 0.024470712989568707 -0.024531969800591465
v -0.05689574405550957 0.024399632588028904 -0.025209201499819752
v -0.05709676072001457 0.024318424984812733 -0.025219220668077465
v -0.05749630182981491 0.02422203496098518 -0.024621738120913502
v -0.05736032500863075 0.024470712989568707 -0.024531969800591465
v -0.05709676072001457 0.024318424984812733 -0.025219220668077465
v -0.05709676072001457 0.024318424984812733 -0.025219220668077465
v -0.05689574405550957 0.024399632588028904 -0.025209201499819752
v -0.05435402691364288 0.02438942342996597 -0.030449355021119114
v -0.025199713185429573 0.024386433884501454 -0.05698639526963233
v -0.02529813162982464 0.02418214455246925 -0.05720572173595428
v -0.027606330811977386 0.024336922913789746 -0.05594097822904586
v -0.049067214131355286 0.024004459381103512 -0.03891200944781303
v -0.051652807742357254 0.02411747723817825 -0.035341143608093255
v -0.04855863004922867 0.0243662167340517 -0.03913564607501029
v -0.049067214131355286 0.024004459381103512 -0.03891200944781303
v -0.04855863004922867 0.0243662167340517 -0.03913564607501029
v -0.045923344790935516 0.02416494861245155 -0.04249309375882148
v -0.04271348565816879 0.024092011153697964 -0.04575131461024284
v -0.045923344790935516 0.02416494861245155 -0.04249309375882148
v -0.0431508831679821 0.024386357516050335 -0.04497206583619117
v -0.04271348565816879 0.024092011153697964 -0.04575131461024284
v -0.0431508831679821 0.024386357516050335 -0.04497206583619117
v -0.03925436735153198 0.024094931781291958 -0.04874864220619201
v -0.03925436735153198 0.024094931781291958 -0.04874864220619201
v -0.0431508831679821 0.024386357516050335 -0.04497206583619117
v -0.038928888738155365 0.024377088993787762 -0.048671826720237725
v -0.03925436735153198 0.024094931781291958 -0.04874864220619201
v -0.038928888738155365 0.024377088993787762 -0.048671826720237725
v -0.03551805391907692 0.024189101532101628 -0.05148788914084434
v -0.027506861835718155 0.024082444608211514 -0.05622960627079009
v -0.03168264776468277 0.02419805340468883 -0.053923223167657845
v -0.027606330811977386 0.024336922913789746 -0.05594097822904586
v -0.027506861835718155 0.024082444608211514 -0.05622960627079009
v -0.027606330811977386 0.024336922913789746 -0.05594097822904586
v -0.02529813162982464 0.02418214455246925 -0.05720572173595428
v -0.05749630182981491 0.02422203496098518 -0.024621738120913502
v -0.05709676072001457 0.024318424984812733 -0.025219220668077465
v -0.05644744634628296 0.0241610761731863 -0.02700535766780376
v -0.054175443947315216 0.0240997988730669 -0.03135669231414794
v -0.05644744634628296 0.0241610761731863 -0.02700535766780376
v -0.05435402691364288 0.02438942342996597 -0.030449355021119114
v -0.054175443947315216 0.0240997988730669 -0.03135669231414794
v -0.05435402691364288 0.02438942342996597 -0.030449355021119114
v -0.051652807742357254 0.02411747723817825 -0.035341143608093255
v -0.051652807742357254 0.02411747723817825 -0.035341143608093255
v -0.05435402691364288 0.02438942342996597 -0.030449355021119114
v -0.05120745301246643 0.024385444819927212 -0.035456258803606026
v -0.051652807742357254 0.02411747723817825 -0.035341143608093255
v -0.05120745301246643 0.024385444819927212 -0.035456258803606026
v -0.04855863004922867 0.0243662167340517 -0.03913564607501029
v -0.05644744634628296 0.0241610761731863 -0.02700535766780376
v -0.05709676072001457 0.024318424984812733 -0.025219220668077465
v -0.05435402691364288 0.02438942342996597 -0.030449355021119114
v -0.045923344790935516 0.02416494861245155 -0.04249309375882148
v -0.04855863004922867 0.0243662167340517 -0.03913564607501029
v -0.0431508831679821 0.024386357516050335 -0.04497206583619117
v -0.03551805391907692 0.024189101532101628 -0.05148788914084434
v -0.038928888738155365 0.024377088993787762 -0.048671826720237725
v -0.03329380601644516 0.02439300902187824 -0.05263536795973777
v -0.03551805391907692 0.024189101532101628 -0.05148788914084434
v -0.03329380601644516 0.02439300902187824 -0.05263536795973777
v -0.03168264776468277 0.02419805340468883 -0.053923223167657845
v -0.03168264776468277 0.02419805340468883 -0.053923223167657845
v -0.03329380601644516 0.02439300902187824 -0.05263536795973777
v -0.027606330811977386 0.024336922913789746 -0.05594097822904586
v -0.027606330811977386 0.024336922913789746 -0.05594097822904586
v -0.03329380601644516 0.02439300902187824 -0.05263536795973777
v -0.025199713185429573 0.024386433884501454 -0.05698639526963233
v -0.024754539132118225 0.02441265061497688 -0.05728179216384887
v -0.02429179474711418 0.024548290297389027 -0.05749817192554473
v -0.02529813162982464 0.02418214455246925 -0.05720572173595428
v -0.025199713185429573 0.024386433884501454 -0.05698639526963233
v -0.024754539132118225 0.02441265061497688 -0.05728179216384887
v -0.02529813162982464 0.02418214455246925 -0.05720572173595428
v -0.028976203873753548 0.03744157031178474 -0.05016841366887092
v -0.027631962671875954 0.03345788270235061 -0.05252565443515777
v -0.027943847700953484 0.03393000736832618 -0.052084591239690774
v -0.027631962671875954 0.03345788270235061 -0.05252565443515777
v -0.026030421257019043 0.029182290658354756 -0.05498268082737922
v -0.027943847700953484 0.03393000736832618 -0.052084591239690774
v -0.027943847700953484 0.03393000736832618 -0.052084591239690774
v -0.026030421257019043 0.029182290658354756 -0.05498268082737922
v -0.026415538042783737 0.029642544686794278 -0.05452019721269607
v -0.03255321830511093 0.061353430151939385 -0.037436656653881066
v -0.03241832181811333 0.06127512082457542 -0.03772193193435668
v -0.03199336677789688 0.0554048903286457 -0.040694046765565865
v -0.031031157821416855 0.04670391976833343 -0.045020788908004754
v -0.03159654885530472 0.050632022321224206 -0.04296573624014854
v -0.03117111511528492 0.048441439867019646 -0.04431807622313499
v -0.03205523639917374 0.054584968835115426 -0.04084320366382598
v -0.03255321830511093 0.061353430151939385 -0.037436656653881066
v -0.03199336677789688 0.0554048903286457 -0.040694046765565865
v -0.03205523639917374 0.054584968835115426 -0.04084320366382598
v -0.03199336677789688 0.0554048903286457 -0.040694046765565865
v -0.03159654885530472 0.050632022321224206 -0.04296573624014854
v -0.03159654885530472 0.050632022321224206 -0.04296573624014854
v -0.03199336677789688 0.0554048903286457 -0.040694046765565865
v -0.03117111511528492 0.048441439867019646 -0.04431807622313499
v -0.026030421257019043 0.029182290658354756 -0.05498268082737922
v -0.024167196825146675 0.024795437231659886 -0.057453941553831094
v -0.026415538042783737 0.029642544686794278 -0.05452019721269607
v -0.03159654885530472 0.050632022321224206 -0.04296573624014854
v -0.031031157821416855 0.04670391976833343 -0.045020788908004754
v -0.03205523639917374 0.054584968835115426 -0.04084320366382598
v -0.030036160722374916 0.041743464767932885 -0.04780737310647964
v -0.031031157821416855 0.04670391976833343 -0.045020788908004754
v -0.03117111511528492 0.048441439867019646 -0.04431807622313499
v -0.03303416073322296 0.06363850831985472 -0.03602271899580955
v -0.033119529485702515 0.06402567774057387 -0.035825159400701516
v -0.03241832181811333 0.06127512082457542 -0.03772193193435668
v -0.036507897078990936 0.06309860944747923 -0.03282127529382705
v -0.037947554141283035 0.060336854308843606 -0.032460939139127724
v -0.0376296192407608 0.06134239956736564 -0.03247421979904174
v -0.03303416073322296 0.06363850831985472 -0.03602271899580955
v -0.03397224098443985 0.06485474109649657 -0.03461788594722747
v -0.033119529485702515 0.06402567774057387 -0.035825159400701516
v -0.03255321830511093 0.061353430151939385 -0.037436656653881066
v -0.03303416073322296 0.06363850831985472 -0.03602271899580955
v -0.03241832181811333 0.06127512082457542 -0.03772193193435668
v 0.031151004135608673 0.04824081063270568 -0.04441311210393905
v 0.032064780592918396 0.05506815388798713 -0.04073943197727203
v 0.03170544654130936 0.0513685792684555 -0.042535979300737374
v 0.031151004135608673 0.04824081063270568 -0.04441311210393905
v 0.03170544654130936 0.0513685792684555 -0.042535979300737374
v 0.030772939324378967 0.045120742172002785 -0.045847203582525246
v 0.031151004135608673 0.04824081063270568 -0.04441311210393905
v 0.030772939324378967 0.045120742172002785 -0.045847203582525246
v 0.030066287145018578 0.04183411225676536 -0.047743707895278924
v 0.030066287145018578 0.04183411225676536 -0.047743707895278924
v 0.030772939324378967 0.045120742172002785 -0.045847203582525246
v 0.02917604148387909 0.037998836487531655 -0.04975824058055877
v 0.032461415976285934 0.061249885708093636 -0.0376833714544773
v 0.03246091678738594 0.060336876660585397 -0.037947539240121834
v 0.032064780592918396 0.05506815388798713 -0.04073943197727203
v 0.028904033824801445 0.03766323626041412 -0.05017097666859626
v 0.030066287145018578 0.04183411225676536 -0.047743707895278924
v 0.02917604148387909 0.037998836487531655 -0.04975824058055877
v 0.028904033824801445 0.03766323626041412 -0.05017097666859626
v 0.02917604148387909 0.037998836487531655 -0.04975824058055877
v 0.027716008946299553 0.03340483084321021 -0.052480906248092644
v 0.024531960487365723 0.024470737203955647 -0.05736031755805015
v 0.025201573967933655 0.02439908869564533 -0.05690681561827659
v 0.025219211354851723 0.024318449199199673 -0.05709675326943397
v 0.024401482194662094 0.02427324093878269 -0.057569008320569985
v 0.024152345955371857 0.02476619370281696 -0.057475127279758446
v 0.024531960487365723 0.024470737203955647 -0.05736031755805015
v 0.024401482194662094 0.02427324093878269 -0.057569008320569985
v 0.024531960487365723 0.024470737203955647 -0.05736031755805015
v 0.025219211354851723 0.024318449199199673 -0.05709675326943397
v 0.024401482194662094 0.02427324093878269 -0.057569008320569985
v 0.025219211354851723 0.024318449199199673 -0.05709675326943397
v 0.027568122372031212 0.02421184256672859 -0.056139647960662835
v 0.04905664175748825 0.024013852700591084 -0.03891962394118308
v 0.04586457088589668 0.024168418720364567 -0.042551767081022256
v 0.0487060472369194 0.024366248399019238 -0.03895201534032821
v 0.04905664175748825 0.024013852700591084 -0.03891962394118308
v 0.0487060472369194 0.024366248399019238 -0.03895201534032821
v 0.05177218094468117 0.02402660250663757 -0.035224545747041695
v 0.05177218094468117 0.02402660250663757 -0.035224545747041695
v 0.0487060472369194 0.024366248399019238 -0.03895201534032821
v 0.05140386521816254 0.024366248399019238 -0.03531543165445327
v 0.05177218094468117 0.02402660250663757 -0.035224545747041695
v 0.05140386521816254 0.024366248399019238 -0.03531543165445327
v 0.054211899638175964 0.024036282673478123 -0.03132681548595428
v 0.054211899638175964 0.024036282673478123 -0.03132681548595428
v 0.05140386521816254 0.024366248399019238 -0.03531543165445327
v 0.05382779613137245 0.0243730004876852 -0.03148130327463149
v 0.054211899638175964 0.024036282673478123 -0.03132681548595428
v 0.05382779613137245 0.0243730004876852 -0.03148130327463149
v 0.0565098337829113 0.02404244430363178 -0.026968201622366902
v 0.0565098337829113 0.02404244430363178 -0.026968201622366902
v 0.05382779613137245 0.0243730004876852 -0.03148130327463149
v 0.05598064884543419 0.024318002164363858 -0.02761375345289707
v 0.0565098337829113 0.02404244430363178 -0.026968201622366902
v 0.05598064884543419 0.024318002164363858 -0.02761375345289707
v 0.05737318471074104 0.02416371367871761 -0.024951560422778126
v 0.039219554513692856 0.024098057299852368 -0.0487743318080902
v 0.03551306948065758 0.024154104292392727 -0.05150805413722991
v 0.03910720720887184 0.02437711507081985 -0.048528663814067834
v 0.039219554513692856 0.024098057299852368 -0.0487743318080902
v 0.03910720720887184 0.02437711507081985 -0.048528663814067834
v 0.04268655180931091 0.024095259606838223 -0.04577478021383285
v 0.04268655180931091 0.024095259606838223 -0.04577478021383285
v 0.03910720720887184 0.02437711507081985 -0.048528663814067834
v 0.04343308508396149 0.024386255070567128 -0.04470406472682952
v 0.04268655180931091 0.024095259606838223 -0.04577478021383285
v 0.04343308508396149 0.024386255070567128 -0.04470406472682952
v 0.04586457088589668 0.024168418720364567 -0.042551767081022256
v 0.05737318471074104 0.02416371367871761 -0.024951560422778126
v 0.05598064884543419 0.024318002164363858 -0.02761375345289707
v 0.057160165160894394 0.024362621828913685 -0.024993849918246266
v 0.03551306948065758 0.024154104292392727 -0.05150805413722991
v 0.031655002385377884 0.02427292242646217 -0.05388886854052543
v 0.035286687314510345 0.02439276315271854 -0.051309585571289056
v 0.03551306948065758 0.024154104292392727 -0.05150805413722991
v 0.035286687314510345 0.02439276315271854 -0.051309585571289056
v 0.03910720720887184 0.02437711507081985 -0.048528663814067834
v 0.04586457088589668 0.024168418720364567 -0.042551767081022256
v 0.04343308508396149 0.024386255070567128 -0.04470406472682952
v 0.0487060472369194 0.024366248399019238 -0.03895201534032821
v 0.027568122372031212 0.02421184256672859 -0.056139647960662835
v 0.025219211354851723 0.024318449199199673 -0.05709675326943397
v 0.025201573967933655 0.02439908869564533 -0.05690681561827659
v 0.027568122372031212 0.02421184256672859 -0.056139647960662835
v 0.025201573967933655 0.02439908869564533 -0.05690681561827659
v 0.031655002385377884 0.02427292242646217 -0.05388886854052543
v 0.057160165160894394 0.024362621828913685 -0.024993849918246266
v 0.05598064884543419 0.024318002164363858 -0.02761375345289707
v 0.056905895471572876 0.024413939565420147 -0.02509631589055061
v 0.031655002385377884 0.02427292242646217 -0.05388886854052543
v 0.025201573967933655 0.02439908869564533 -0.05690681561827659
v 0.035286687314510345 0.02439276315271854 -0.051309585571289056
v 0.05598064884543419 0.024318002164363858 -0.02761375345289707
v 0.05382779613137245 0.0243730004876852 -0.03148130327463149
v 0.056905895471572876 0.024413939565420147 -0.02509631589055061
v 0.057160165160894394 0.024362621828913685 -0.024993849918246266
v 0.057490721344947815 0.024547548964619633 -0.024300238117575642
v 0.05737318471074104 0.02416371367871761 -0.024951560422778126
v 0.050203077495098114 0.037391249090433114 -0.028959073126316067
v 0.05257339030504227 0.03339308500289916 -0.027598211541771885
v 0.05208457633852959 0.033930044621229165 -0.027943838387727734
v 0.05257339030504227 0.03339308500289916 -0.027598211541771885
v 0.05496054142713547 0.029209977015852925 -0.02604715526103973
v 0.05208457633852959 0.033930044621229165 -0.027943838387727734
v 0.05208457633852959 0.033930044621229165 -0.027943838387727734
v 0.05496054142713547 0.029209977015852925 -0.02604715526103973
v 0.05452018603682518 0.029642572626471516 -0.026415528729557988
v 0.03743663430213928 0.061353452503681176 -0.03255319967865943
v 0.037071797996759415 0.06241024285554885 -0.032568451017141335
v 0.04062690958380699 0.05556917935609817 -0.03199490904808044
v 0.04502077028155327 0.04670394584536552 -0.031031144782900807
v 0.04296571761369705 0.050632044672965996 -0.031596537679433816
v 0.04442664980888367 0.04822945594787597 -0.031140133738517758
v 0.040843185037374496 0.05458499118685722 -0.032055221498012536
v 0.03743663430213928 0.061353452503681176 -0.03255319967865943
v 0.04062690958380699 0.05556917935609817 -0.03199490904808044
v 0.040843185037374496 0.05458499118685722 -0.032055221498012536
v 0.04062690958380699 0.05556917935609817 -0.03199490904808044
v 0.04296571761369705 0.050632044672965996 -0.031596537679433816
v 0.04296571761369705 0.050632044672965996 -0.031596537679433816
v 0.04062690958380699 0.05556917935609817 -0.03199490904808044
v 0.04442664980888367 0.04822945594787597 -0.031140133738517758
v 0.05496054142713547 0.029209977015852925 -0.02604715526103973
v 0.057465773075819016 0.024791873991489407 -0.024157280102372166
v 0.05452018603682518 0.029642572626471516 -0.026415528729557988
v 0.04296571761369705 0.050632044672965996 -0.031596537679433816
v 0.04502077028155327 0.04670394584536552 -0.031031144782900807
v 0.040843185037374496 0.05458499118685722 -0.032055221498012536
v 0.04780963808298111 0.04173378273844718 -0.030035039409995076
v 0.04502077028155327 0.04670394584536552 -0.031031144782900807
v 0.04442664980888367 0.04822945594787597 -0.031140133738517758
v 0.03281988203525543 0.06311480700969695 -0.036508224904537194
v 0.03246091678738594 0.060336876660585397 -0.037947539240121834
v 0.032461415976285934 0.061249885708093636 -0.0376833714544773
v 0.03635140880942345 0.06316760927438735 -0.03290127590298652
v 0.037071797996759415 0.06241024285554885 -0.032568451017141335
v 0.03743663430213928 0.061353452503681176 -0.03255319967865943
v 0.03635140880942345 0.06316760927438735 -0.03290127590298652
v 0.0350867435336113 0.06463415920734404 -0.03359481692314147
v 0.037071797996759415 0.06241024285554885 -0.032568451017141335
v 0.04438941553235054 0.04826978966593742 0.03116323798894882
v 0.04082857072353363 0.054907921701669686 0.03204993903636932
v 0.04253596067428589 0.051368586719036095 0.031705461442470544
v 0.04438941553235054 0.04826978966593742 0.03116323798894882
v 0.04253596067428589 0.051368586719036095 0.031705461442470544
v 0.04584718495607376 0.04512074962258338 0.03077295236289501
v 0.04438941553235054 0.04826978966593742 0.03116323798894882
v 0.04584718495607376 0.04512074962258338 0.03077295236289501
v 0.047678835690021515 0.041965492069721215 0.030092909932136532
v 0.057451389729976654 0.02474717795848846 0.024184633046388623
v 0.05757917836308479 0.02469035983085632 0.023993315175175663
v 0.05503717064857483 0.028907664120197293 0.026052979752421376
v 0.047678835690021515 0.041965492069721215 0.030092909932136532
v 0.04584718495607376 0.04512074962258338 0.03077295236289501
v 0.049988023936748505 0.03779634833335876 0.02906520292162895
v 0.03762983903288841 0.06134285777807235 0.03247400373220443
v 0.03794751688838005 0.060336880385875695 0.032460935413837426
v 0.04082857072353363 0.054907921701669686 0.03204993903636932
v 0.05257744342088699 0.0330955684185028 0.027661958709359166
v 0.05503717064857483 0.028907664120197293 0.026052979752421376
v 0.052455123513936996 0.03361574187874793 0.027658179402351376
v 0.05257744342088699 0.0330955684185028 0.027661958709359166
v 0.052455123513936996 0.03361574187874793 0.027658179402351376
v 0.049988023936748505 0.03779634833335876 0.02906520292162895
v 0.05739656835794449 0.024467712268233296 0.024498907849192616
v 0.05757917836308479 0.02469035983085632 0.023993315175175663
v 0.057451389729976654 0.02474717795848846 0.024184633046388623
v 0.05739656835794449 0.024467712268233296 0.024498907849192616
v 0.05689572915434837 0.024399671703577038 0.025209199637174603
v 0.05709674581885338 0.024318464100360867 0.025219218805432316
v 0.05727588012814522 0.024110777303576466 0.025227269157767292
v 0.05757917836308479 0.02469035983085632 0.023993315175175663
v 0.05739656835794449 0.024467712268233296 0.024498907849192616
v 0.05727588012814522 0.024110777303576466 0.025227269157767292
v 0.05739656835794449 0.024467712268233296 0.024498907849192616
v 0.05709674581885338 0.024318464100360867 0.025219218805432316
v 0.05709674581885338 0.024318464100360867 0.025219218805432316
v 0.05689572915434837 0.024399671703577038 0.025209199637174603
v 0.05435401201248169 0.024389460682868954 0.030449351295828816
v 0.041185375303030014 0.02394815534353256 0.047177050262689584
v 0.04262538254261017 0.02419234253466129 0.045764371752738946
v 0.03871772438287735 0.02413620054721832 0.04917990043759345
v 0.028750820085406303 0.023981049656867977 0.05563459172844886
v 0.032214004546403885 0.024145640432834622 0.053654246032238
v 0.027613746002316475 0.02431799657642841 0.05598065629601478
v 0.028750820085406303 0.023981049656867977 0.05563459172844886
v 0.027613746002316475 0.02431799657642841 0.05598065629601478
v 0.025026798248291016 0.02413728833198547 0.05735259130597114
v 0.025026798248291016 0.02413728833198547 0.05735259130597114
v 0.027613746002316475 0.02431799657642841 0.05598065629601478
v 0.025099769234657288 0.024329584091901776 0.057149052619934075
v 0.05727588012814522 0.024110777303576466 0.025227269157767292
v 0.05709674581885338 0.024318464100360867 0.025219218805432316
v 0.05603579059243202 0.024161925539374348 0.027833746746182438
v 0.05381385236978531 0.024123875424265858 0.03193188458681106
v 0.05603579059243202 0.024161925539374348 0.027833746746182438
v 0.05435401201248169 0.024389460682868954 0.030449351295828816
v 0.05381385236978531 0.024123875424265858 0.03193188458681106
v 0.05435401201248169 0.024389460682868954 0.030449351295828816
v 0.05128408595919609 0.024096535518765446 0.03589534386992454
v 0.05128408595919609 0.024096535518765446 0.03589534386992454
v 0.05435401201248169 0.024389460682868954 0.030449351295828816
v 0.05120743811130524 0.024385482072830197 0.035456258803606026
v 0.05128408595919609 0.024096535518765446 0.03589534386992454
v 0.05120743811130524 0.024385482072830197 0.035456258803606026
v 0.04860972240567207 0.024148473516106602 0.03941132128238677
v 0.05603579059243202 0.024161925539374348 0.027833746746182438
v 0.05709674581885338 0.024318464100360867 0.025219218805432316
v 0.05435401201248169 0.024389460682868954 0.030449351295828816
v 0.04860972240567207 0.024148473516106602 0.03941132128238677
v 0.05120743811130524 0.024385482072830197 0.035456258803606026
v 0.04697750508785248 0.024392120540142056 0.04089473187923431
v 0.04860972240567207 0.024148473516106602 0.03941132128238677
v 0.04697750508785248 0.024392120540142056 0.04089473187923431
v 0.04554905369877815 0.024157334119081494 0.04289338737726211
v 0.04554905369877815 0.024157334119081494 0.04289338737726211
v 0.04697750508785248 0.024392120540142056 0.04089473187923431
v 0.04262538254261017 0.02419234253466129 0.045764371752738946
v 0.04262538254261017 0.02419234253466129 0.045764371752738946
v 0.04697750508785248 0.024392120540142056 0.04089473187923431
v 0.042308587580919266 0.024392319843173024 0.04565219208598136
v 0.04262538254261017 0.02419234253466129 0.045764371752738946
v 0.042308587580919266 0.024392319843173024 0.04565219208598136
v 0.03871772438287735 0.02413620054721832 0.04917990043759345
v 0.03871772438287735 0.02413620054721832 0.04917990043759345
v 0.042308587580919266 0.024392319843173024 0.04565219208598136
v 0.037029217928647995 0.024391757324337956 0.05008218064904212
v 0.03871772438287735 0.02413620054721832 0.04917990043759345
v 0.037029217928647995 0.024391757324337956 0.05008218064904212
v 0.03548840805888176 0.024167189374566075 0.05152066051959991
v 0.03548840805888176 0.024167189374566075 0.05152066051959991
v 0.037029217928647995 0.024391757324337956 0.05008218064904212
v 0.032214004546403885 0.024145640432834622 0.053654246032238
v 0.032214004546403885 0.024145640432834622 0.053654246032238
v 0.037029217928647995 0.024391757324337956 0.05008218064904212
v 0.031433723866939545 0.024393845349550244 0.053717255592346184
v 0.032214004546403885 0.024145640432834622 0.053654246032238
v 0.031433723866939545 0.024393845349550244 0.053717255592346184
v 0.027613746002316475 0.02431799657642841 0.05598065629601478
v 0.025099769234657288 0.024329584091901776 0.057149052619934075
v 0.027613746002316475 0.02431799657642841 0.05598065629601478
v 0.025096306577324867 0.0244139339774847 0.056905902922153466
v 0.027613746002316475 0.02431799657642841 0.05598065629601478
v 0.031433723866939545 0.024393845349550244 0.053717255592346184
v 0.025096306577324867 0.0244139339774847 0.056905902922153466
v 0.02465597353875637 0.024434482678771016 0.05730891972780227
v 0.024256369099020958 0.02459142170846462 0.05749548971652984
v 0.025026798248291016 0.02413728833198547 0.05735259130597114
v 0.025096306577324867 0.0244139339774847 0.056905902922153466
v 0.02465597353875637 0.024434482678771016 0.05730891972780227
v 0.025099769234657288 0.024329584091901776 0.057149052619934075
v 0.025099769234657288 0.024329584091901776 0.057149052619934075
v 0.02465597353875637 0.024434482678771016 0.05730891972780227
v 0.025026798248291016 0.02413728833198547 0.05735259130597114
v 0.0289666298776865 0.03740894421935081 0.050188310444355004
v 0.02763178013265133 0.03345758840441703 0.05252590030431747
v 0.027943825349211693 0.03393002972006797 0.052084587514400475
v 0.02763178013265133 0.03345758840441703 0.05252590030431747
v 0.02603035420179367 0.02918223105370998 0.054982740432023995
v 0.027943825349211693 0.03393002972006797 0.052084587514400475
v 0.027943825349211693 0.03393002972006797 0.052084587514400475
v 0.02603035420179367 0.02918223105370998 0.054982740432023995
v 0.026415517553687096 0.02964256703853607 0.05452019348740577
v 0.03255317732691765 0.061353456228971474 0.03743665292859077
v 0.03236043080687523 0.06074384599924087 0.038012571632862084
v 0.03199329972267151 0.05540492013096809 0.04069406166672706
v 0.03108522668480873 0.04699906334280967 0.04486045986413955
v 0.03159651905298233 0.050632044672965996 0.04296572878956794
v 0.031169544905424118 0.048445172607898705 0.04431886598467826
v 0.03205519914627075 0.05458499118685722 0.04084319993853568
v 0.03255317732691765 0.061353456228971474 0.03743665292859077
v 0.03199329972267151 0.05540492013096809 0.04069406166672706
v 0.03205519914627075 0.05458499118685722 0.04084319993853568
v 0.03199329972267151 0.05540492013096809 0.04069406166672706
v 0.03159651905298233 0.050632044672965996 0.04296572878956794
v 0.03159651905298233 0.050632044672965996 0.04296572878956794
v 0.03199329972267151 0.05540492013096809 0.04069406166672706
v 0.031169544905424118 0.048445172607898705 0.04431886598467826
v 0.02603035420179367 0.02918223105370998 0.054982740432023995
v 0.02416205033659935 0.0247947983443737 0.05745952203869819
v 0.026415517553687096 0.02964256703853607 0.05452019348740577
v 0.03159651905298233 0.050632044672965996 0.04296572878956794
v 0.03108522668480873 0.04699906334280967 0.04486045986413955
v 0.03205519914627075 0.05458499118685722 0.04084319993853568
v 0.030039973556995392 0.041755378246307366 0.047798421233892434
v 0.03108522668480873 0.04699906334280967 0.04486045986413955
v 0.031169544905424118 0.048445172607898705 0.04431886598467826
v 0.03650761395692825 0.06309939175844191 0.03282131999731063
v 0.03794751688838005 0.060336880385875695 0.032460935413837426
v 0.03762983903288841 0.06134285777807235 0.03247400373220443
v 0.03255317732691765 0.061353456228971474 0.03743665292859077
v 0.032891713082790375 0.06322935968637465 0.03636770322918891
v 0.03236043080687523 0.06074384599924087 0.038012571632862084
v 0.04517252743244171 0.07671544700860976 -0.0009995847940444944
v 0.04572273790836334 0.0734368711709976 -0.0010117598576471207
v 0.04545440524816513 0.0734368711709976 -0.0050487834960222236
v 0.02783527411520481 0.07671543955802916 -0.03559151664376258
v 0.02817431092262268 0.07343686372041701 -0.036025021225214
v 0.02488016150891781 0.07343686372041701 -0.03837409988045692
v -0.030743693932890892 0.07758028060197829 -0.032969009131193154
v -0.031268976628780365 0.07234688848257063 -0.03369256854057311
v -0.03407711535692215 0.07343684881925581 -0.030501589179038998
v -0.04271835461258888 0.07671541720628737 0.014720869250595568
v -0.04323866218328476 0.07343684881925581 0.01490016747266054
v -0.04175258055329323 0.07343684881925581 0.018663298338651654
v 0.012252352200448513 0.0723186209797859 0.044324401766061776
v 0.01622360199689865 0.07007085531949996 0.04378115013241767
v 0.0158530343323946 0.07343686372041701 0.04289842769503593
v 0.033381421118974686 0.07004196196794508 0.032659832388162606
v 0.036424051970243454 0.06929427385330199 0.029570031911134716
v 0.03539290279150009 0.0734368711709976 0.028964381664991375
v 0.04504622519016266 0.07231989502906798 -0.009251017123460768
v 0.04474929720163345 0.070186048746109 -0.01321375649422407
v 0.04385538026690483 0.0734368711709976 -0.012973009608685969
v 0.037276145070791245 0.07029409706592558 -0.02800321020185947
v 0.03473827615380287 0.07018636912107466 -0.031148007139563557
v 0.034077033400535583 0.0734368711709976 -0.030501626431941983
v 0.001524436054751277 0.07002405822277068 -0.04670177772641181
v -0.0021266385447233915 0.07019075751304625 -0.04660708457231521
v -0.0020230154041200876 0.07343685626983641 -0.04568919911980628
v -0.021841982379555702 0.07022737711668013 -0.041216693818569176
v -0.025548432022333145 0.07030768692493437 -0.03899317234754562
v -0.02488025091588497 0.07343684881925581 -0.03837407007813453
v -0.025548432022333145 0.07030768692493437 -0.03899317234754562
v -0.02911052666604519 0.07039614766836165 -0.036369536072015755
v -0.028174398466944695 0.07343684881925581 -0.03602499142289161
v -0.03969147428870201 0.07019807398319243 -0.024522501975297924
v -0.04171375185251236 0.07007396221160887 -0.020980017259716984
v -0.04088619351387024 0.07343684136867522 -0.02049184404313564
v -0.04636235535144806 0.07022461295127867 -0.005154422018676995
v -0.04666226729750633 0.07013305276632308 -0.0009906693594530223
v -0.04572279006242752 0.07343684136867522 -0.0010117082856595514
v -0.030352627858519554 0.07013238221406935 0.0354570522904396
v -0.026965832337737083 0.06968649476766585 0.03824817761778831
v -0.026553267613053322 0.07343684881925581 0.037235997617244714
v -0.004041970707476139 0.07343685626983641 0.04555499926209449
v -0.007867185398936272 0.07231274247169493 0.04531015455722808
v -0.004162134137004614 0.06998897343873976 0.04653013497591018
v -0.0158530343323946 0.07343685626983641 0.04289844632148742
v -0.016488034278154373 0.07024873793125151 0.04362022876739501
v -0.011897293850779533 0.07236225903034209 0.044413387775421136
v -0.03338652849197388 0.07006878405809401 0.032642833888530724
v -0.030352627858519554 0.07013238221406935 0.0354570522904396
v -0.029740286991000175 0.07343684881925581 0.0347435139119625
v -0.04258095845580101 0.07018908858299254 0.019071983173489567
v -0.04070640355348587 0.07022120803594588 0.022780332714319226
v -0.03993973135948181 0.07343684881925581 0.022280359640717503
v -0.04323866218328476 0.07343684881925581 0.01490016747266054
v -0.04412440210580826 0.07018236070871352 0.015170364640653132
v -0.04175258055329323 0.07343684881925581 0.018663298338651654
v -0.04175258055329323 0.07343684881925581 0.018663298338651654
v -0.04412440210580826 0.07018236070871352 0.015170364640653132
v -0.04258095845580101 0.07018908858299254 0.019071983173489567
v -0.045087285339832306 0.07243539392948149 -0.008927567861974238
v -0.04636235535144806 0.07022461295127867 -0.005154422018676995
v -0.04545445740222931 0.07343684136867522 -0.005048731807619332
v -0.03731300309300423 0.07026017457246779 -0.027975257486104962
v -0.03969147428870201 0.07019807398319243 -0.024522501975297924
v -0.038915131241083145 0.07343684136867522 -0.024025188758969303
v -0.031268976628780365 0.07234688848257063 -0.03369256854057311
v -0.03472882881760597 0.07016649842262267 -0.03116633743047714
v -0.03407711535692215 0.07343684881925581 -0.030501589179038998
v -0.03407711535692215 0.07343684881925581 -0.030501589179038998
v -0.03472882881760597 0.07016649842262267 -0.03116633743047714
v -0.03731300309300423 0.07026017457246779 -0.027975257486104962
v -0.01801544427871704 0.06996258348226546 -0.04310793429613113
v -0.021841982379555702 0.07022737711668013 -0.041216693818569176
v -0.02139138989150524 0.07343684881925581 -0.04042282328009605
v 0.021820681169629097 0.07023587077856062 -0.04122591018676757
v 0.018153198063373566 0.07005918025970458 -0.04302307590842246
v 0.017735011875629425 0.07343686372041701 -0.042155236005783074
v 0.02817431092262268 0.07343686372041701 -0.036025021225214
v 0.02914738841354847 0.07051997631788252 -0.03628991916775703
v 0.02561035193502903 0.07032229006290434 -0.038944981992244714
v 0.02817431092262268 0.07343686372041701 -0.036025021225214
v 0.02561035193502903 0.07032229006290434 -0.038944981992244714
v 0.02488016150891781 0.07343686372041701 -0.03837409988045692
v 0.02488016150891781 0.07343686372041701 -0.03837409988045692
v 0.02561035193502903 0.07032229006290434 -0.038944981992244714
v 0.021820681169629097 0.07023587077856062 -0.04122591018676757
v 0.039689287543296814 0.07021263986825942 -0.02451764792203903
v 0.037276145070791245 0.07029409706592558 -0.02800321020185947
v 0.03663942217826843 0.0734368711709976 -0.027370538562536236
v 0.04636095091700554 0.07023113220930098 -0.005148766562342643
v 0.04545440524816513 0.0734368711709976 -0.0050487834960222236
v 0.04572273790836334 0.0734368711709976 -0.0010117598576471207
v 0.04636095091700554 0.07023113220930098 -0.005148766562342643
v 0.04572273790836334 0.0734368711709976 -0.0010117598576471207
v 0.04666223004460335 0.07013307511806487 -0.0009907315252348778
v 0.04527539759874344 0.07020523399114607 0.011256675235927103
v 0.045411888509988785 0.0725765749812126 0.006819791626185178
v 0.04438630864024162 0.0734368711709976 0.011020378209650515
v 0.04323863238096237 0.0734368711709976 0.01490011904388666
v 0.044125013053417206 0.07019343227148055 0.015156474895775316
v 0.04438630864024162 0.0734368711709976 0.011020378209650515
v 0.04438630864024162 0.0734368711709976 0.011020378209650515
v 0.044125013053417206 0.07019343227148055 0.015156474895775316
v 0.04527539759874344 0.07020523399114607 0.011256675235927103
v 0.03993970900774002 0.0734368711709976 0.02228031493723392
v 0.040641941130161285 0.07031396031379698 0.022836787626147267
v 0.042565636336803436 0.07020018249750136 0.01909820549190044
v 0.03993970900774002 0.0734368711709976 0.02228031493723392
v 0.042565636336803436 0.07020018249750136 0.01909820549190044
v 0.04175255447626114 0.0734368711709976 0.018663251772522923
v 0.04175255447626114 0.0734368711709976 0.018663251772522923
v 0.042565636336803436 0.07020018249750136 0.01909820549190044
v 0.04323863238096237 0.0734368711709976 0.01490011904388666
v 0.04323863238096237 0.0734368711709976 0.01490011904388666
v 0.042565636336803436 0.07020018249750136 0.01909820549190044
v 0.044125013053417206 0.07019343227148055 0.015156474895775316
v 0.030347183346748352 0.07014079391956328 0.03545827791094779
v 0.033381421118974686 0.07004196196794508 0.032659832388162606
v 0.03269452974200249 0.0734368711709976 0.031979072839021676
v 0.023005710914731026 0.07065279036760329 0.04042451828718185
v 0.02315843664109707 0.0734368711709976 0.039437040686607354
v 0.01990664191544056 0.07258060574531554 0.04138104617595672
v 0.004100444260984659 0.07010697573423384 0.04650016874074935
v 0.008215967565774918 0.07020545750856398 0.045924179255962365
v 0.0040419744327664375 0.07343686372041701 0.04555499553680419
v 0.0040419744327664375 0.07343686372041701 0.04555499553680419
v 0.008215967565774918 0.07020545750856398 0.045924179255962365
v 0.008052311837673187 0.07343686372041701 0.04501948878169059
v 0.004100444260984659 0.07010697573423384 0.04650016874074935
v 0.0040419744327664375 0.07343686372041701 0.04555499553680419
v 8.819172944640741e-05 0.07256371527910231 0.04592169076204299
v -0.004041970707476139 0.07343685626983641 0.04555499926209449
v -0.00795541238039732 0.07671543210744856 0.044477764517068856
v -0.007867185398936272 0.07231274247169493 0.04531015455722808
v -0.007867185398936272 0.07231274247169493 0.04531015455722808
v -0.00795541238039732 0.07671543210744856 0.044477764517068856
v -0.011813446879386902 0.07748882472515105 0.04351264983415603
v -0.007867185398936272 0.07231274247169493 0.04531015455722808
v -0.011813446879386902 0.07748882472515105 0.04351264983415603
v -0.011897293850779533 0.07236225903034209 0.044413387775421136
v -0.011897293850779533 0.07236225903034209 0.044413387775421136
v -0.011813446879386902 0.07748882472515105 0.04351264983415603
v -0.01558292843401432 0.07770738005638121 0.04229571670293807
v -0.011897293850779533 0.07236225903034209 0.044413387775421136
v -0.01558292843401432 0.07770738005638121 0.04229571670293807
v -0.0158530343323946 0.07343685626983641 0.04289844632148742
v -0.02294578216969967 0.0723518133163452 0.039835412055253976
v -0.020183047279715538 0.07039053738117217 0.041995961219072335
v -0.019582366570830345 0.07343685626983641 0.041329491883516305
v -0.02294578216969967 0.0723518133163452 0.039835412055253976
v -0.019582366570830345 0.07343685626983641 0.041329491883516305
v -0.02287251688539982 0.07775301486253737 0.038834434002637856
v -0.02287251688539982 0.07775301486253737 0.038834434002637856
v -0.019582366570830345 0.07343685626983641 0.041329491883516305
v -0.01937871053814888 0.07759244740009306 0.040699936449527734
v -0.026553267613053322 0.07343684881925581 0.037235997617244714
v -0.026965832337737083 0.06968649476766585 0.03824817761778831
v -0.02294578216969967 0.0723518133163452 0.039835412055253976
v -0.026553267613053322 0.07343684881925581 0.037235997617244714
v -0.02294578216969967 0.0723518133163452 0.039835412055253976
v -0.026166735216975212 0.077712744474411 0.03670104593038558
v -0.026166735216975212 0.077712744474411 0.03670104593038558
v -0.02294578216969967 0.0723518133163452 0.039835412055253976
v -0.02287251688539982 0.07775301486253737 0.038834434002637856
v -0.03269454091787338 0.07343684881925581 0.03197911009192466
v -0.03338652849197388 0.07006878405809401 0.032642833888530724
v -0.029740286991000175 0.07343684881925581 0.0347435139119625
v -0.03269454091787338 0.07343684881925581 0.03197911009192466
v -0.029740286991000175 0.07343684881925581 0.0347435139119625
v -0.032272808253765106 0.07778210192918776 0.03145668655633926
v -0.032272808253765106 0.07778210192918776 0.03145668655633926
v -0.029740286991000175 0.07343684881925581 0.0347435139119625
v -0.029376424849033356 0.07759282737970351 0.034191306680440896
v -0.036486733704805374 0.06925629079341887 0.02951075322926044
v -0.03338652849197388 0.07006878405809401 0.032642833888530724
v -0.035392917692661285 0.07343684881925581 0.02896442078053951
v -0.035392917692661285 0.07343684881925581 0.02896442078053951
v -0.03338652849197388 0.07006878405809401 0.032642833888530724
v -0.03269454091787338 0.07343684881925581 0.03197911009192466
v -0.035392917692661285 0.07343684881925581 0.02896442078053951
v -0.03269454091787338 0.07343684881925581 0.03197911009192466
v -0.034903887659311295 0.0777069106698036 0.028520185500383374
v -0.034903887659311295 0.0777069106698036 0.028520185500383374
v -0.03269454091787338 0.07343684881925581 0.03197911009192466
v -0.032272808253765106 0.07778210192918776 0.03145668655633926
v -0.03803645819425583 0.07234325259923934 0.025812182575464245
v -0.037359267473220825 0.07671542465686797 0.0254135075956583
v -0.03940441086888313 0.07756463438272475 0.02189829386770725
v -0.04070640355348587 0.07022120803594588 0.022780332714319226
v -0.03803645819425583 0.07234325259923934 0.025812182575464245
v -0.03993973135948181 0.07343684881925581 0.022280359640717503
v -0.03993973135948181 0.07343684881925581 0.022280359640717503
v -0.03803645819425583 0.07234325259923934 0.025812182575464245
v -0.03940441086888313 0.07756463438272475 0.02189829386770725
v -0.03993973135948181 0.07343684881925581 0.022280359640717503
v -0.03940441086888313 0.07756463438272475 0.02189829386770725
v -0.04118034988641739 0.07768980413675307 0.018329901620745655
v -0.045346759259700775 0.0725656896829605 0.00724714808166027
v -0.04527432844042778 0.07021109759807585 0.011253856122493742
v -0.04438634216785431 0.07343684136867522 0.011020428501069544
v -0.045346759259700775 0.0725656896829605 0.00724714808166027
v -0.04438634216785431 0.07343684136867522 0.011020428501069544
v -0.04453626275062561 0.07770150899887084 0.00694073038175702
v -0.04453626275062561 0.07770150899887084 0.00694073038175702
v -0.04438634216785431 0.07343684136867522 0.011020428501069544
v -0.043770529329776764 0.07758066803216933 0.01078212074935436
v -0.04586903750896454 0.07235193997621535 0.0031804605387151237
v -0.045346759259700775 0.0725656896829605 0.00724714808166027
v -0.04497240111231804 0.07770202308893202 0.003050693310797214
v -0.04497240111231804 0.07770202308893202 0.003050693310797214
v -0.045346759259700775 0.0725656896829605 0.00724714808166027
v -0.04453626275062561 0.07770150899887084 0.00694073038175702
v -0.04545445740222931 0.07343684136867522 -0.005048731807619332
v -0.04636235535144806 0.07022461295127867 -0.005154422018676995
v -0.04572279006242752 0.07343684136867522 -0.0010117082856595514
v -0.04545445740222931 0.07343684136867522 -0.005048731807619332
v -0.04572279006242752 0.07343684136867522 -0.0010117082856595514
v -0.044809453189373016 0.07750603556632994 -0.004985984414815902
v -0.044809453189373016 0.07750603556632994 -0.004985984414815902
v -0.04572279006242752 0.07343684136867522 -0.0010117082856595514
v -0.045048460364341736 0.07781727612018584 -0.001133601297624409
v -0.045087285339832306 0.07243539392948149 -0.008927567861974238
v -0.04545445740222931 0.07343684136867522 -0.005048731807619332
v -0.04421887546777725 0.07739686220884322 -0.008869932964444159
v -0.04421887546777725 0.07739686220884322 -0.008869932964444159
v -0.04545445740222931 0.07343684136867522 -0.005048731807619332
v -0.044809453189373016 0.07750603556632994 -0.004985984414815902
v -0.04284503310918808 0.07247457653284071 -0.016586963087320324
v -0.044129569083452225 0.07240274548530577 -0.012877320870757101
v -0.04190582036972046 0.0777035281062126 -0.01660671457648277
v -0.04190582036972046 0.0777035281062126 -0.01660671457648277
v -0.044129569083452225 0.07240274548530577 -0.012877320870757101
v -0.04312841221690178 0.07761785387992857 -0.013164048083126543
v -0.04088619351387024 0.07343684136867522 -0.02049184404313564
v -0.04171375185251236 0.07007396221160887 -0.020980017259716984
v -0.04284503310918808 0.07247457653284071 -0.016586963087320324
v -0.04088619351387024 0.07343684136867522 -0.02049184404313564
v -0.04284503310918808 0.07247457653284071 -0.016586963087320324
v -0.040287621319293976 0.07771061360836028 -0.020213127136230465
v -0.040287621319293976 0.07771061360836028 -0.020213127136230465
v -0.04284503310918808 0.07247457653284071 -0.016586963087320324
v -0.04190582036972046 0.0777035281062126 -0.01660671457648277
v -0.038915131241083145 0.07343684136867522 -0.024025188758969303
v -0.03831484168767929 0.07758995890617369 -0.023749072104692456
v -0.03619860112667084 0.07671542465686797 -0.02704113163053989
v -0.03731300309300423 0.07026017457246779 -0.027975257486104962
v -0.038915131241083145 0.07343684136867522 -0.024025188758969303
v -0.0366395004093647 0.07343684881925581 -0.027370497584342953
v -0.0366395004093647 0.07343684881925581 -0.027370497584342953
v -0.038915131241083145 0.07343684136867522 -0.024025188758969303
v -0.03619860112667084 0.07671542465686797 -0.02704113163053989
v -0.0366395004093647 0.07343684881925581 -0.027370497584342953
v -0.03619860112667084 0.07671542465686797 -0.02704113163053989
v -0.033548444509506226 0.07769803702831267 -0.03010391443967819
v -0.02488025091588497 0.07343684881925581 -0.03837407007813453
v -0.025548432022333145 0.07030768692493437 -0.03899317234754562
v -0.028174398466944695 0.07343684881925581 -0.03602499142289161
v -0.02488025091588497 0.07343684881925581 -0.03837407007813453
v -0.028174398466944695 0.07343684881925581 -0.03602499142289161
v -0.02452663891017437 0.07768510282039641 -0.03781830891966819
v -0.02452663891017437 0.07768510282039641 -0.03781830891966819
v -0.028174398466944695 0.07343684881925581 -0.03602499142289161
v -0.027835363522171974 0.07671542465686797 -0.035591486841440194
v -0.02139138989150524 0.07343684881925581 -0.04042282328009605
v -0.021841982379555702 0.07022737711668013 -0.041216693818569176
v -0.02488025091588497 0.07343684881925581 -0.03837407007813453
v -0.02139138989150524 0.07343684881925581 -0.04042282328009605
v -0.02488025091588497 0.07343684881925581 -0.03837407007813453
v -0.021153293550014496 0.07769497483968733 -0.0398050844669342
v -0.021153293550014496 0.07769497483968733 -0.0398050844669342
v -0.02488025091588497 0.07343684881925581 -0.03837407007813453
v -0.02452663891017437 0.07768510282039641 -0.03781830891966819
v -0.014215784147381783 0.07024168223142623 -0.044423855841159814
v -0.01801544427871704 0.06996258348226546 -0.04310793429613113
v -0.013940026983618736 0.07343684881925581 -0.04355768114328384
v -0.013940026983618736 0.07343684881925581 -0.04355768114328384
v -0.01801544427871704 0.06996258348226546 -0.04310793429613113
v -0.017735108733177185 0.07343684881925581 -0.04215521365404128
v -0.013940026983618736 0.07343684881925581 -0.04355768114328384
v -0.017735108733177185 0.07343684881925581 -0.04215521365404128
v -0.013705060817301273 0.0777248442173004 -0.04293768852949142
v -0.013705060817301273 0.0777248442173004 -0.04293768852949142
v -0.017735108733177185 0.07343684881925581 -0.04215521365404128
v -0.017402172088623047 0.07758725434541701 -0.041583951562643044
v -0.010270895436406136 0.07256734371185301 -0.044758938252925866
v -0.014215784147381783 0.07024168223142623 -0.044423855841159814
v -0.013940026983618736 0.07343684881925581 -0.04355768114328384
v -0.010270895436406136 0.07256734371185301 -0.044758938252925866
v -0.013940026983618736 0.07343684881925581 -0.04355768114328384
v -0.009926467202603817 0.07770937681198119 -0.04396808519959449
v -0.009926467202603817 0.07770937681198119 -0.04396808519959449
v -0.013940026983618736 0.07343684881925581 -0.04355768114328384
v -0.013705060817301273 0.0777248442173004 -0.04293768852949142
v -0.0020230154041200876 0.07343685626983641 -0.04568919911980628
v -0.0021266385447233915 0.07019075751304625 -0.04660708457231521
v -0.00621939217671752 0.07233179360628127 -0.045561138540506356
v -0.0020230154041200876 0.07343685626983641 -0.04568919911980628
v -0.00621939217671752 0.07233179360628127 -0.045561138540506356
v -0.001930218655616045 0.07775943726301192 -0.0450276955962181
v -0.001930218655616045 0.07775943726301192 -0.0450276955962181
v -0.00621939217671752 0.07233179360628127 -0.045561138540506356
v -0.005881891120225191 0.07759305834770201 -0.0446924902498722
v 0.0020229159854352474 0.07343685626983641 -0.04568919911980628
v 0.001524436054751277 0.07002405822277068 -0.04670177772641181
v -0.0020230154041200876 0.07343685626983641 -0.04568919911980628
v 0.0020229159854352474 0.07343685626983641 -0.04568919911980628
v -0.0020230154041200876 0.07343685626983641 -0.04568919911980628
v 0.0019973712041974068 0.07771255075931548 -0.0450296401977539
v 0.0019973712041974068 0.07771255075931548 -0.0450296401977539
v -0.0020230154041200876 0.07343685626983641 -0.04568919911980628
v -0.001930218655616045 0.07775943726301192 -0.0450276955962181
v 0.009846130385994911 0.07257212698459624 -0.044853717088699334
v 0.006203222554177046 0.0702795311808586 -0.046216953545808785
v 0.006053016055375338 0.07343685626983641 -0.045331627130508416
v 0.009846130385994911 0.07257212698459624 -0.044853717088699334
v 0.006053016055375338 0.07343685626983641 -0.045331627130508416
v 0.009949593804776669 0.0775478109717369 -0.043970279395580285
v 0.009949593804776669 0.0775478109717369 -0.043970279395580285
v 0.006053016055375338 0.07343685626983641 -0.045331627130508416
v 0.0059801749885082245 0.07671543210744856 -0.04478612542152404
v 0.013859101571142673 0.07231916487216948 -0.04384844005107879
v 0.009846130385994911 0.07257212698459624 -0.044853717088699334
v 0.013778410851955414 0.07770440727472304 -0.04291680455207824
v 0.013778410851955414 0.07770440727472304 -0.04291680455207824
v 0.009846130385994911 0.07257212698459624 -0.044853717088699334
v 0.009949593804776669 0.0775478109717369 -0.043970279395580285
v 0.017735011875629425 0.07343686372041701 -0.042155236005783074
v 0.017553314566612244 0.07758482545614241 -0.04152070358395576
v 0.021133877336978912 0.07671543955802916 -0.039936415851116173
v 0.021820681169629097 0.07023587077856062 -0.04122591018676757
v 0.017735011875629425 0.07343686372041701 -0.042155236005783074
v 0.02139129675924778 0.07343686372041701 -0.040422849357128136
v 0.02139129675924778 0.07343686372041701 -0.040422849357128136
v 0.017735011875629425 0.07343686372041701 -0.042155236005783074
v 0.021133877336978912 0.07671543955802916 -0.039936415851116173
v 0.02139129675924778 0.07343686372041701 -0.040422849357128136
v 0.021133877336978912 0.07671543955802916 -0.039936415851116173
v 0.024587662890553474 0.07768505811691283 -0.03777946904301643
v 0.034077033400535583 0.0734368711709976 -0.030501626431941983
v 0.03473827615380287 0.07018636912107466 -0.031148007139563557
v 0.03111974336206913 0.07245399802923201 -0.03380718454718589
v 0.034077033400535583 0.0734368711709976 -0.030501626431941983
v 0.03111974336206913 0.07245399802923201 -0.03380718454718589
v 0.03359803184866905 0.07770951837301253 -0.030045961961150166
v 0.03359803184866905 0.07770951837301253 -0.030045961961150166
v 0.03111974336206913 0.07245399802923201 -0.03380718454718589
v 0.030861536040902138 0.0775831639766693 -0.03285812214016914
v 0.03663942217826843 0.0734368711709976 -0.027370538562536236
v 0.037276145070791245 0.07029409706592558 -0.02800321020185947
v 0.034077033400535583 0.0734368711709976 -0.030501626431941983
v 0.03663942217826843 0.0734368711709976 -0.027370538562536236
v 0.034077033400535583 0.0734368711709976 -0.030501626431941983
v 0.03608015179634094 0.07770495116710661 -0.02701863087713718
v 0.03608015179634094 0.07770495116710661 -0.02701863087713718
v 0.034077033400535583 0.0734368711709976 -0.030501626431941983
v 0.03359803184866905 0.07770951837301253 -0.030045961961150166
v 0.04170425236225128 0.0701201632618904 -0.02096917293965816
v 0.039689287543296814 0.07021263986825942 -0.02451764792203903
v 0.04088612273335457 0.0734368711709976 -0.02049189060926437
v 0.04088612273335457 0.0734368711709976 -0.02049189060926437
v 0.039689287543296814 0.07021263986825942 -0.02451764792203903
v 0.038915056735277176 0.0734368711709976 -0.024025233462452885
v 0.04088612273335457 0.0734368711709976 -0.02049189060926437
v 0.038915056735277176 0.0734368711709976 -0.024025233462452885
v 0.04031649976968765 0.07774636149406432 -0.02014675363898277
v 0.04031649976968765 0.07774636149406432 -0.02014675363898277
v 0.038915056735277176 0.0734368711709976 -0.024025233462452885
v 0.03840189427137375 0.07759156823158263 -0.023607607930898663
v 0.04271330311894417 0.07246860116720198 -0.01691767759621143
v 0.04170425236225128 0.0701201632618904 -0.02096917293965816
v 0.04088612273335457 0.0734368711709976 -0.02049189060926437
v 0.04271330311894417 0.07246860116720198 -0.01691767759621143
v 0.04088612273335457 0.0734368711709976 -0.02049189060926437
v 0.0419190414249897 0.07771261036396025 -0.01656699180603027
v 0.0419190414249897 0.07771261036396025 -0.01656699180603027
v 0.04088612273335457 0.0734368711709976 -0.02049189060926437
v 0.04031649976968765 0.07774636149406432 -0.02014675363898277
v 0.04385538026690483 0.0734368711709976 -0.012973009608685969
v 0.043327637016773224 0.07671544700860976 -0.012816891074180601
v 0.04420163482427597 0.07753823697566985 -0.008869821205735205
v 0.04504622519016266 0.07231989502906798 -0.009251017123460768
v 0.04385538026690483 0.0734368711709976 -0.012973009608685969
v 0.04420163482427597 0.07753823697566985 -0.008869821205735205
v 0.04504622519016266 0.07231989502906798 -0.009251017123460768
v 0.04420163482427597 0.07753823697566985 -0.008869821205735205
v 0.04482130706310272 0.07742366194725035 -0.004977688193321227
v 0.045411888509988785 0.0725765749812126 0.006819791626185178
v 0.04452585056424141 0.07769415527582167 0.007015542592853307
v 0.04373219981789589 0.07757767289876936 0.010938159190118311
v 0.045411888509988785 0.0725765749812126 0.006819791626185178
v 0.04373219981789589 0.07757767289876936 0.010938159190118311
v 0.04438630864024162 0.0734368711709976 0.011020378209650515
v 0.04438630864024162 0.0734368711709976 0.011020378209650515
v 0.04373219981789589 0.07757767289876936 0.010938159190118311
v 0.042718321084976196 0.07671544700860976 0.014720820821821688
v 0.04438630864024162 0.0734368711709976 0.011020378209650515
v 0.042718321084976196 0.07671544700860976 0.014720820821821688
v 0.04323863238096237 0.0734368711709976 0.01490011904388666
v 0.04323863238096237 0.0734368711709976 0.01490011904388666
v 0.042718321084976196 0.07671544700860976 0.014720820821821688
v 0.041149139404296875 0.07769339531660079 0.01839727349579334
v 0.04323863238096237 0.0734368711709976 0.01490011904388666
v 0.041149139404296875 0.07769339531660079 0.01839727349579334
v 0.04175255447626114 0.0734368711709976 0.018663251772522923
v 0.04175255447626114 0.0734368711709976 0.018663251772522923
v 0.041149139404296875 0.07769339531660079 0.01839727349579334
v 0.03939920663833618 0.07769874483346938 0.021898880600929257
v 0.04175255447626114 0.0734368711709976 0.018663251772522923
v 0.03939920663833618 0.07769874483346938 0.021898880600929257
v 0.03993970900774002 0.0734368711709976 0.02228031493723392
v 0.03539290279150009 0.0734368711709976 0.028964381664991375
v 0.036424051970243454 0.06929427385330199 0.029570031911134716
v 0.03817450627684593 0.07238973677158354 0.025597123429179188
v 0.03539290279150009 0.0734368711709976 0.028964381664991375
v 0.03817450627684593 0.07238973677158354 0.025597123429179188
v 0.03485378995537758 0.07773226499557494 0.02857672609388828
v 0.03485378995537758 0.07773226499557494 0.02857672609388828
v 0.03817450627684593 0.07238973677158354 0.025597123429179188
v 0.03722383454442024 0.07758899033069609 0.02542498521506786
v 0.03269452974200249 0.0734368711709976 0.031979072839021676
v 0.033381421118974686 0.07004196196794508 0.032659832388162606
v 0.03539290279150009 0.0734368711709976 0.028964381664991375
v 0.03269452974200249 0.0734368711709976 0.031979072839021676
v 0.03539290279150009 0.0734368711709976 0.028964381664991375
v 0.032242633402347565 0.07771089673042296 0.03149786964058875
v 0.032242633402347565 0.07771089673042296 0.03149786964058875
v 0.03539290279150009 0.0734368711709976 0.028964381664991375
v 0.03485378995537758 0.07773226499557494 0.02857672609388828
v 0.026880988851189613 0.06967132538557051 0.038310263305902474
v 0.030347183346748352 0.07014079391956328 0.03545827791094779
v 0.026553262025117874 0.0734368711709976 0.037235967814922326
v 0.026553262025117874 0.0734368711709976 0.037235967814922326
v 0.030347183346748352 0.07014079391956328 0.03545827791094779
v 0.02974027767777443 0.0734368711709976 0.034743480384349816
v 0.026553262025117874 0.0734368711709976 0.037235967814922326
v 0.02974027767777443 0.0734368711709976 0.034743480384349816
v 0.02611168660223484 0.0777655318379402 0.03673353791236877
v 0.02611168660223484 0.0777655318379402 0.03673353791236877
v 0.02974027767777443 0.0734368711709976 0.034743480384349816
v 0.029249275103211403 0.07759338617324828 0.03430001437664031
v 0.023005710914731026 0.07065279036760329 0.04042451828718185
v 0.026880988851189613 0.06967132538557051 0.038310263305902474
v 0.02315843664109707 0.0734368711709976 0.039437040686607354
v 0.02315843664109707 0.0734368711709976 0.039437040686607354
v 0.026880988851189613 0.06967132538557051 0.038310263305902474
v 0.026553262025117874 0.0734368711709976 0.037235967814922326
v 0.02315843664109707 0.0734368711709976 0.039437040686607354
v 0.026553262025117874 0.0734368711709976 0.037235967814922326
v 0.022814389318227768 0.07771182060241698 0.03887363895773887
v 0.022814389318227768 0.07771182060241698 0.03887363895773887
v 0.026553262025117874 0.0734368711709976 0.037235967814922326
v 0.02611168660223484 0.0777655318379402 0.03673353791236877
v 0.0158530343323946 0.07343686372041701 0.04289842769503593
v 0.01622360199689865 0.07007085531949996 0.04378115013241767
v 0.01990664191544056 0.07258060574531554 0.04138104617595672
v 0.0158530343323946 0.07343686372041701 0.04289842769503593
v 0.01990664191544056 0.07258060574531554 0.04138104617595672
v 0.015543096698820591 0.07779160887002944 0.04230130091309547
v 0.015543096698820591 0.07779160887002944 0.04230130091309547
v 0.01990664191544056 0.07258060574531554 0.04138104617595672
v 0.019228147342801094 0.07759121805429457 0.04077143594622611
v 0.012252352200448513 0.0723186209797859 0.044324401766061776
v 0.0158530343323946 0.07343686372041701 0.04289842769503593
v 0.011779406107962132 0.07770143449306487 0.043508183211088174
v 0.011779406107962132 0.07770143449306487 0.043508183211088174
v 0.0158530343323946 0.07343686372041701 0.04289842769503593
v 0.015543096698820591 0.07779160887002944 0.04230130091309547
v -0.004062586463987827 0.07756857573986052 0.04489685595035552
v 8.819172944640741e-05 0.07256371527910231 0.04592169076204299
v -6.748984014848247e-05 0.07744032144546507 0.04509542882442474
v -6.748984014848247e-05 0.07744032144546507 0.04509542882442474
v 8.819172944640741e-05 0.07256371527910231 0.04592169076204299
v 0.0040419744327664375 0.07343686372041701 0.04555499553680419
v -6.748984014848247e-05 0.07744032144546507 0.04509542882442474
v 0.0040419744327664375 0.07343686372041701 0.04555499553680419
v 0.0039065382443368435 0.0775717869400978 0.04491014033555984
v 0.0039065382443368435 0.0775717869400978 0.04491014033555984
v 0.0040419744327664375 0.07343686372041701 0.04555499553680419
v 0.008052311837673187 0.07343686372041701 0.04501948878169059
v 0.0039065382443368435 0.0775717869400978 0.04491014033555984
v 0.008052311837673187 0.07343686372041701 0.04501948878169059
v 0.00795541238039732 0.07671543955802916 0.04447775334119796
v -0.00792298000305891 0.08003483712673186 0.04429642483592033
v -0.00795541238039732 0.07671543210744856 0.044477764517068856
v -0.004062586463987827 0.07756857573986052 0.04489685595035552
v -0.004062586463987827 0.07756857573986052 0.04489685595035552
v -0.00795541238039732 0.07671543210744856 0.044477764517068856
v -0.004041970707476139 0.07343685626983641 0.04555499926209449
v -0.004062586463987827 0.07756857573986052 0.04489685595035552
v -0.004041970707476139 0.07343685626983641 0.04555499926209449
v 8.819172944640741e-05 0.07256371527910231 0.04592169076204299
v 8.819172944640741e-05 0.07256371527910231 0.04592169076204299
v -0.004041970707476139 0.07343685626983641 0.04555499926209449
v -0.004162134137004614 0.06998897343873976 0.04653013497591018
v -0.00792298000305891 0.08003483712673186 0.04429642483592033
v -0.011813446879386902 0.07748882472515105 0.04351264983415603
v -0.00795541238039732 0.07671543210744856 0.044477764517068856
v -0.01558292843401432 0.07770738005638121 0.04229571670293807
v -0.01937871053814888 0.07759244740009306 0.040699936449527734
v -0.0158530343323946 0.07343685626983641 0.04289844632148742
v -0.0158530343323946 0.07343685626983641 0.04289844632148742
v -0.01937871053814888 0.07759244740009306 0.040699936449527734
v -0.019582366570830345 0.07343685626983641 0.041329491883516305
v -0.0158530343323946 0.07343685626983641 0.04289844632148742
v -0.019582366570830345 0.07343685626983641 0.041329491883516305
v -0.016488034278154373 0.07024873793125151 0.04362022876739501
v -0.016488034278154373 0.07024873793125151 0.04362022876739501
v -0.019582366570830345 0.07343685626983641 0.041329491883516305
v -0.020183047279715538 0.07039053738117217 0.041995961219072335
v -0.026166735216975212 0.077712744474411 0.03670104593038558
v -0.029376424849033356 0.07759282737970351 0.034191306680440896
v -0.026553267613053322 0.07343684881925581 0.037235997617244714
v -0.026553267613053322 0.07343684881925581 0.037235997617244714
v -0.029376424849033356 0.07759282737970351 0.034191306680440896
v -0.029740286991000175 0.07343684881925581 0.0347435139119625
v -0.026553267613053322 0.07343684881925581 0.037235997617244714
v -0.029740286991000175 0.07343684881925581 0.0347435139119625
v -0.030352627858519554 0.07013238221406935 0.0354570522904396
v -0.034903887659311295 0.0777069106698036 0.028520185500383374
v -0.037359267473220825 0.07671542465686797 0.0254135075956583
v -0.035392917692661285 0.07343684881925581 0.02896442078053951
v -0.035392917692661285 0.07343684881925581 0.02896442078053951
v -0.037359267473220825 0.07671542465686797 0.0254135075956583
v -0.03803645819425583 0.07234325259923934 0.025812182575464245
v -0.035392917692661285 0.07343684881925581 0.02896442078053951
v -0.03803645819425583 0.07234325259923934 0.025812182575464245
v -0.036486733704805374 0.06925629079341887 0.02951075322926044
v -0.034903887659311295 0.0777069106698036 0.028520185500383374
v -0.03720695897936821 0.08003479242324828 0.02530991844832897
v -0.037359267473220825 0.07671542465686797 0.0254135075956583
v -0.037359267473220825 0.07671542465686797 0.0254135075956583
v -0.03720695897936821 0.08003479242324828 0.02530991844832897
v -0.03940441086888313 0.07756463438272475 0.02189829386770725
v -0.04258095845580101 0.07018908858299254 0.019071983173489567
v -0.03993973135948181 0.07343684881925581 0.022280359640717503
v -0.04175258055329323 0.07343684881925581 0.018663298338651654
v -0.04175258055329323 0.07343684881925581 0.018663298338651654
v -0.03993973135948181 0.07343684881925581 0.022280359640717503
v -0.04118034988641739 0.07768980413675307 0.018329901620745655
v -0.04175258055329323 0.07343684881925581 0.018663298338651654
v -0.04118034988641739 0.07768980413675307 0.018329901620745655
v -0.04271835461258888 0.07671541720628737 0.014720869250595568
v -0.04271835461258888 0.07671541720628737 0.014720869250595568
v -0.04118034988641739 0.07768980413675307 0.018329901620745655
v -0.04254419729113579 0.0800347328186035 0.014660870656371115
v -0.04271835461258888 0.07671541720628737 0.014720869250595568
v -0.04254419729113579 0.0800347328186035 0.014660870656371115
v -0.043770529329776764 0.07758066803216933 0.01078212074935436
v -0.04271835461258888 0.07671541720628737 0.014720869250595568
v -0.043770529329776764 0.07758066803216933 0.01078212074935436
v -0.04323866218328476 0.07343684881925581 0.01490016747266054
v -0.04323866218328476 0.07343684881925581 0.01490016747266054
v -0.043770529329776764 0.07758066803216933 0.01078212074935436
v -0.04438634216785431 0.07343684136867522 0.011020428501069544
v -0.04323866218328476 0.07343684881925581 0.01490016747266054
v -0.04438634216785431 0.07343684136867522 0.011020428501069544
v -0.04412440210580826 0.07018236070871352 0.015170364640653132
v -0.04412440210580826 0.07018236070871352 0.015170364640653132
v -0.04438634216785431 0.07343684136867522 0.011020428501069544
v -0.04527432844042778 0.07021109759807585 0.011253856122493742
v -0.04497240111231804 0.07770202308893202 0.003050693310797214
v -0.045048460364341736 0.07781727612018584 -0.001133601297624409
v -0.04586903750896454 0.07235193997621535 0.0031804605387151237
v -0.04586903750896454 0.07235193997621535 0.0031804605387151237
v -0.045048460364341736 0.07781727612018584 -0.001133601297624409
v -0.04572279006242752 0.07343684136867522 -0.0010117082856595514
v -0.04586903750896454 0.07235193997621535 0.0031804605387151237
v -0.04572279006242752 0.07343684136867522 -0.0010117082856595514
v -0.04666226729750633 0.07013305276632308 -0.0009906693594530223
v -0.04421887546777725 0.07739686220884322 -0.008869932964444159
v -0.04312841221690178 0.07761785387992857 -0.013164048083126543
v -0.045087285339832306 0.07243539392948149 -0.008927567861974238
v -0.045087285339832306 0.07243539392948149 -0.008927567861974238
v -0.04312841221690178 0.07761785387992857 -0.013164048083126543
v -0.044129569083452225 0.07240274548530577 -0.012877320870757101
v -0.040287621319293976 0.07771061360836028 -0.020213127136230465
v -0.03831484168767929 0.07758995890617369 -0.023749072104692456
v -0.04088619351387024 0.07343684136867522 -0.02049184404313564
v -0.04088619351387024 0.07343684136867522 -0.02049184404313564
v -0.03831484168767929 0.07758995890617369 -0.023749072104692456
v -0.038915131241083145 0.07343684136867522 -0.024025188758969303
v -0.04088619351387024 0.07343684136867522 -0.02049184404313564
v -0.038915131241083145 0.07343684136867522 -0.024025188758969303
v -0.03969147428870201 0.07019807398319243 -0.024522501975297924
v -0.03831484168767929 0.07758995890617369 -0.023749072104692456
v -0.03605102002620697 0.0800347477197647 -0.026930892840027806
v -0.03619860112667084 0.07671542465686797 -0.02704113163053989
v -0.03619860112667084 0.07671542465686797 -0.02704113163053989
v -0.03605102002620697 0.0800347477197647 -0.026930892840027806
v -0.033548444509506226 0.07769803702831267 -0.03010391443967819
v -0.03731300309300423 0.07026017457246779 -0.027975257486104962
v -0.0366395004093647 0.07343684881925581 -0.027370497584342953
v -0.03407711535692215 0.07343684881925581 -0.030501589179038998
v -0.03407711535692215 0.07343684881925581 -0.030501589179038998
v -0.0366395004093647 0.07343684881925581 -0.027370497584342953
v -0.033548444509506226 0.07769803702831267 -0.03010391443967819
v -0.03407711535692215 0.07343684881925581 -0.030501589179038998
v -0.033548444509506226 0.07769803702831267 -0.03010391443967819
v -0.030743693932890892 0.07758028060197829 -0.032969009131193154
v -0.030743693932890892 0.07758028060197829 -0.032969009131193154
v -0.02772187627851963 0.08003477007150649 -0.035446397960186
v -0.027835363522171974 0.07671542465686797 -0.035591486841440194
v -0.030743693932890892 0.07758028060197829 -0.032969009131193154
v -0.027835363522171974 0.07671542465686797 -0.035591486841440194
v -0.031268976628780365 0.07234688848257063 -0.03369256854057311
v -0.031268976628780365 0.07234688848257063 -0.03369256854057311
v -0.027835363522171974 0.07671542465686797 -0.035591486841440194
v -0.028174398466944695 0.07343684881925581 -0.03602499142289161
v -0.031268976628780365 0.07234688848257063 -0.03369256854057311
v -0.028174398466944695 0.07343684881925581 -0.03602499142289161
v -0.02911052666604519 0.07039614766836165 -0.036369536072015755
v -0.02452663891017437 0.07768510282039641 -0.03781830891966819
v -0.027835363522171974 0.07671542465686797 -0.035591486841440194
v -0.02772187627851963 0.08003477007150649 -0.035446397960186
v -0.021153293550014496 0.07769497483968733 -0.0398050844669342
v -0.017402172088623047 0.07758725434541701 -0.041583951562643044
v -0.02139138989150524 0.07343684881925581 -0.04042282328009605
v -0.02139138989150524 0.07343684881925581 -0.04042282328009605
v -0.017402172088623047 0.07758725434541701 -0.041583951562643044
v -0.017735108733177185 0.07343684881925581 -0.04215521365404128
v -0.02139138989150524 0.07343684881925581 -0.04042282328009605
v -0.017735108733177185 0.07343684881925581 -0.04215521365404128
v -0.01801544427871704 0.06996258348226546 -0.04310793429613113
v -0.009926467202603817 0.07770937681198119 -0.04396808519959449
v -0.005881891120225191 0.07759305834770201 -0.0446924902498722
v -0.010270895436406136 0.07256734371185301 -0.044758938252925866
v -0.010270895436406136 0.07256734371185301 -0.044758938252925866
v -0.005881891120225191 0.07759305834770201 -0.0446924902498722
v -0.00621939217671752 0.07233179360628127 -0.045561138540506356
v 0.0019973712041974068 0.07771255075931548 -0.0450296401977539
v 0.0059801749885082245 0.07671543210744856 -0.04478612542152404
v 0.0020229159854352474 0.07343685626983641 -0.04568919911980628
v 0.0020229159854352474 0.07343685626983641 -0.04568919911980628
v 0.0059801749885082245 0.07671543210744856 -0.04478612542152404
v 0.006053016055375338 0.07343685626983641 -0.045331627130508416
v 0.0020229159854352474 0.07343685626983641 -0.04568919911980628
v 0.006053016055375338 0.07343685626983641 -0.045331627130508416
v 0.001524436054751277 0.07002405822277068 -0.04670177772641181
v 0.001524436054751277 0.07002405822277068 -0.04670177772641181
v 0.006053016055375338 0.07343685626983641 -0.045331627130508416
v 0.006203222554177046 0.0702795311808586 -0.046216953545808785
v 0.005955809261649847 0.0800347402691841 -0.04460353776812553
v 0.009949593804776669 0.0775478109717369 -0.043970279395580285
v 0.0059801749885082245 0.07671543210744856 -0.04478612542152404
v 0.005955809261649847 0.0800347402691841 -0.04460353776812553
v 0.0059801749885082245 0.07671543210744856 -0.04478612542152404
v 0.0019973712041974068 0.07771255075931548 -0.0450296401977539
v 0.013778410851955414 0.07770440727472304 -0.04291680455207824
v 0.017553314566612244 0.07758482545614241 -0.04152070358395576
v 0.013859101571142673 0.07231916487216948 -0.04384844005107879
v 0.013859101571142673 0.07231916487216948 -0.04384844005107879
v 0.017553314566612244 0.07758482545614241 -0.04152070358395576
v 0.017735011875629425 0.07343686372041701 -0.042155236005783074
v 0.013859101571142673 0.07231916487216948 -0.04384844005107879
v 0.017735011875629425 0.07343686372041701 -0.042155236005783074
v 0.018153198063373566 0.07005918025970458 -0.04302307590842246
v 0.017553314566612244 0.07758482545614241 -0.04152070358395576
v 0.021047748625278473 0.08003477752208708 -0.0397735983133316
v 0.021133877336978912 0.07671543955802916 -0.039936415851116173
v 0.021133877336978912 0.07671543955802916 -0.039936415851116173
v 0.021047748625278473 0.08003477752208708 -0.0397735983133316
v 0.024587662890553474 0.07768505811691283 -0.03777946904301643
v 0.021820681169629097 0.07023587077856062 -0.04122591018676757
v 0.02139129675924778 0.07343686372041701 -0.040422849357128136
v 0.02488016150891781 0.07343686372041701 -0.03837409988045692
v 0.02488016150891781 0.07343686372041701 -0.03837409988045692
v 0.02139129675924778 0.07343686372041701 -0.040422849357128136
v 0.024587662890553474 0.07768505811691283 -0.03777946904301643
v 0.02488016150891781 0.07343686372041701 -0.03837409988045692
v 0.024587662890553474 0.07768505811691283 -0.03777946904301643
v 0.02783527411520481 0.07671543955802916 -0.03559151664376258
v 0.02783527411520481 0.07671543955802916 -0.03559151664376258
v 0.024587662890553474 0.07768505811691283 -0.03777946904301643
v 0.027721785008907318 0.08003478497266768 -0.03544642031192779
v 0.02783527411520481 0.07671543955802916 -0.03559151664376258
v 0.027721785008907318 0.08003478497266768 -0.03544642031192779
v 0.030861536040902138 0.0775831639766693 -0.03285812214016914
v 0.02783527411520481 0.07671543955802916 -0.03559151664376258
v 0.030861536040902138 0.0775831639766693 -0.03285812214016914
v 0.02817431092262268 0.07343686372041701 -0.036025021225214
v 0.02817431092262268 0.07343686372041701 -0.036025021225214
v 0.030861536040902138 0.0775831639766693 -0.03285812214016914
v 0.03111974336206913 0.07245399802923201 -0.03380718454718589
v 0.02817431092262268 0.07343686372041701 -0.036025021225214
v 0.03111974336206913 0.07245399802923201 -0.03380718454718589
v 0.02914738841354847 0.07051997631788252 -0.03628991916775703
v 0.03608015179634094 0.07770495116710661 -0.02701863087713718
v 0.03840189427137375 0.07759156823158263 -0.023607607930898663
v 0.03663942217826843 0.0734368711709976 -0.027370538562536236
v 0.03663942217826843 0.0734368711709976 -0.027370538562536236
v 0.03840189427137375 0.07759156823158263 -0.023607607930898663
v 0.038915056735277176 0.0734368711709976 -0.024025233462452885
v 0.03663942217826843 0.0734368711709976 -0.027370538562536236
v 0.038915056735277176 0.0734368711709976 -0.024025233462452885
v 0.039689287543296814 0.07021263986825942 -0.02451764792203903
v 0.0419190414249897 0.07771261036396025 -0.01656699180603027
v 0.043327637016773224 0.07671544700860976 -0.012816891074180601
v 0.04271330311894417 0.07246860116720198 -0.01691767759621143
v 0.04271330311894417 0.07246860116720198 -0.01691767759621143
v 0.043327637016773224 0.07671544700860976 -0.012816891074180601
v 0.04385538026690483 0.0734368711709976 -0.012973009608685969
v 0.04271330311894417 0.07246860116720198 -0.01691767759621143
v 0.04385538026690483 0.0734368711709976 -0.012973009608685969
v 0.04474929720163345 0.070186048746109 -0.01321375649422407
v 0.0419190414249897 0.07771261036396025 -0.01656699180603027
v 0.04315100610256195 0.08003479987382887 -0.01276465132832527
v 0.043327637016773224 0.07671544700860976 -0.012816891074180601
v 0.043327637016773224 0.07671544700860976 -0.012816891074180601
v 0.04315100610256195 0.08003479987382887 -0.01276465132832527
v 0.04420163482427597 0.07753823697566985 -0.008869821205735205
v 0.04636095091700554 0.07023113220930098 -0.005148766562342643
v 0.04504622519016266 0.07231989502906798 -0.009251017123460768
v 0.04545440524816513 0.0734368711709976 -0.0050487834960222236
v 0.04545440524816513 0.0734368711709976 -0.0050487834960222236
v 0.04504622519016266 0.07231989502906798 -0.009251017123460768
v 0.04482130706310272 0.07742366194725035 -0.004977688193321227
v 0.04545440524816513 0.0734368711709976 -0.0050487834960222236
v 0.04482130706310272 0.07742366194725035 -0.004977688193321227
v 0.04517252743244171 0.07671544700860976 -0.0009995847940444944
v 0.04517252743244171 0.07671544700860976 -0.0009995847940444944
v 0.04482130706310272 0.07742366194725035 -0.004977688193321227
v 0.04498837888240814 0.08003481477499007 -0.000995481852442026
v 0.04517252743244171 0.07671544700860976 -0.0009995847940444944
v 0.04498837888240814 0.08003481477499007 -0.000995481852442026
v 0.04497676342725754 0.07756073772907256 0.00305956439115107
v 0.04517252743244171 0.07671544700860976 -0.0009995847940444944
v 0.04497676342725754 0.07756073772907256 0.00305956439115107
v 0.04572273790836334 0.0734368711709976 -0.0010117598576471207
v 0.04572273790836334 0.0734368711709976 -0.0010117598576471207
v 0.04497676342725754 0.07756073772907256 0.00305956439115107
v 0.04563324525952339 0.0734368711709976 0.003033182583749294
v 0.04572273790836334 0.0734368711709976 -0.0010117598576471207
v 0.04563324525952339 0.0734368711709976 0.003033182583749294
v 0.04666223004460335 0.07013307511806487 -0.0009907315252348778
v 0.04666223004460335 0.07013307511806487 -0.0009907315252348778
v 0.04563324525952339 0.0734368711709976 0.003033182583749294
v 0.04650534316897392 0.07033476978540419 0.003182632382959127
v 0.04497676342725754 0.07756073772907256 0.00305956439115107
v 0.04452585056424141 0.07769415527582167 0.007015542592853307
v 0.04563324525952339 0.0734368711709976 0.003033182583749294
v 0.04563324525952339 0.0734368711709976 0.003033182583749294
v 0.04452585056424141 0.07769415527582167 0.007015542592853307
v 0.045411888509988785 0.0725765749812126 0.006819791626185178
v 0.04563324525952339 0.0734368711709976 0.003033182583749294
v 0.045411888509988785 0.0725765749812126 0.006819791626185178
v 0.04650534316897392 0.07033476978540419 0.003182632382959127
v 0.042718321084976196 0.07671544700860976 0.014720820821821688
v 0.04373219981789589 0.07757767289876936 0.010938159190118311
v 0.0425441600382328 0.08003479242324828 0.014660822227597235
v 0.041149139404296875 0.07769339531660079 0.01839727349579334
v 0.042718321084976196 0.07671544700860976 0.014720820821821688
v 0.0425441600382328 0.08003479242324828 0.014660822227597235
v 0.03939920663833618 0.07769874483346938 0.021898880600929257
v 0.03722383454442024 0.07758899033069609 0.02542498521506786
v 0.03993970900774002 0.0734368711709976 0.02228031493723392
v 0.03993970900774002 0.0734368711709976 0.02228031493723392
v 0.03722383454442024 0.07758899033069609 0.02542498521506786
v 0.03817450627684593 0.07238973677158354 0.025597123429179188
v 0.03993970900774002 0.0734368711709976 0.02228031493723392
v 0.03817450627684593 0.07238973677158354 0.025597123429179188
v 0.040641941130161285 0.07031396031379698 0.022836787626147267
v 0.032242633402347565 0.07771089673042296 0.03149786964058875
v 0.029249275103211403 0.07759338617324828 0.03430001437664031
v 0.03269452974200249 0.0734368711709976 0.031979072839021676
v 0.03269452974200249 0.0734368711709976 0.031979072839021676
v 0.029249275103211403 0.07759338617324828 0.03430001437664031
v 0.02974027767777443 0.0734368711709976 0.034743480384349816
v 0.03269452974200249 0.0734368711709976 0.031979072839021676
v 0.02974027767777443 0.0734368711709976 0.034743480384349816
v 0.030347183346748352 0.07014079391956328 0.03545827791094779
v 0.022814389318227768 0.07771182060241698 0.03887363895773887
v 0.019228147342801094 0.07759121805429457 0.04077143594622611
v 0.02315843664109707 0.0734368711709976 0.039437040686607354
v 0.02315843664109707 0.0734368711709976 0.039437040686607354
v 0.019228147342801094 0.07759121805429457 0.04077143594622611
v 0.01990664191544056 0.07258060574531554 0.04138104617595672
v -0.0569685623049736 -1.728796128475096e-08 0.029162922874093052
v -0.058892425149679184 0.01763656362891197 0.024918068200349804
v -0.05901096761226654 -1.814544248190941e-08 0.024770911782979962
v 0.011779406107962132 0.07770143449306487 0.043508183211088174
v 0.00795541238039732 0.07671543955802916 0.04447775334119796
v 0.012252352200448513 0.0723186209797859 0.044324401766061776
v 0.012252352200448513 0.0723186209797859 0.044324401766061776
v 0.00795541238039732 0.07671543955802916 0.04447775334119796
v 0.008052311837673187 0.07343686372041701 0.04501948878169059
v 0.012252352200448513 0.0723186209797859 0.044324401766061776
v 0.008052311837673187 0.07343686372041701 0.04501948878169059
v 0.008215967565774918 0.07020545750856398 0.045924179255962365
v 0.011779406107962132 0.07770143449306487 0.043508183211088174
v 0.00792295765131712 0.08003482222557066 0.04429642483592033
v 0.00795541238039732 0.07671543955802916 0.04447775334119796
v 0.00795541238039732 0.07671543955802916 0.04447775334119796
v 0.00792295765131712 0.08003482222557066 0.04429642483592033
v 0.0039065382443368435 0.0775717869400978 0.04491014033555984
v 0.038323916494846344 0.017999777570366856 -0.033400736749172204
v 0.039400212466716766 0.024097537621855732 -0.03339429944753646
v 0.04067402705550194 0.017999777570366856 -0.03363177925348281
v 0.04067402705550194 0.017999777570366856 -0.03363177925348281
v 0.039400212466716766 0.024097537621855732 -0.03339429944753646
v 0.04124922677874565 0.024097537621855732 -0.03390014171600341
v 0.04067402705550194 0.017999777570366856 -0.03363177925348281
v 0.04124922677874565 0.024097537621855732 -0.03390014171600341
v 0.042731545865535736 0.017999779433012005 -0.03492778912186622
v 0.042731545865535736 0.017999779433012005 -0.03492778912186622
v 0.04124922677874565 0.024097537621855732 -0.03390014171600341
v 0.042425621300935745 0.02409970015287399 -0.03467720746994018
v 0.042731545865535736 0.017999779433012005 -0.03492778912186622
v 0.042425621300935745 0.02409970015287399 -0.03467720746994018
v 0.04342833533883095 0.02409753948450088 -0.0357481800019741
v 0.042731545865535736 0.017999779433012005 -0.03492778912186622
v 0.04342833533883095 0.02409753948450088 -0.0357481800019741
v 0.044065210968256 0.017999779433012005 -0.036876589059829705
v 0.044065210968256 0.017999779433012005 -0.036876589059829705
v 0.04342833533883095 0.02409753948450088 -0.0357481800019741
v 0.04422934725880623 0.02409753948450088 -0.03748969733715057
v 0.044065210968256 0.017999779433012005 -0.036876589059829705
v 0.04422934725880623 0.02409753948450088 -0.03748969733715057
v 0.04439026489853859 0.017999779433012005 -0.03889039158821105
v 0.04439026489853859 0.017999779433012005 -0.03889039158821105
v 0.04422934725880623 0.02409753948450088 -0.03748969733715057
v 0.04439026117324829 0.02409970015287399 -0.03889039158821105
v 0.04439026489853859 0.017999779433012005 -0.03889039158821105
v 0.04439026117324829 0.02409970015287399 -0.03889039158821105
v 0.044148948043584824 0.017999779433012005 -0.04067412018775939
v 0.044148948043584824 0.017999779433012005 -0.04067412018775939
v 0.04439026117324829 0.02409970015287399 -0.03889039158821105
v 0.04421438276767731 0.02409753948450088 -0.040346920490264886
v 0.044148948043584824 0.017999779433012005 -0.04067412018775939
v 0.04421438276767731 0.02409753948450088 -0.040346920490264886
v 0.04365341365337372 0.02409970015287399 -0.04164035245776176
v 0.044148948043584824 0.017999779433012005 -0.04067412018775939
v 0.04365341365337372 0.02409970015287399 -0.04164035245776176
v 0.04285291209816933 0.017999777570366856 -0.0427316203713417
v 0.04285291209816933 0.017999777570366856 -0.0427316203713417
v 0.04365341365337372 0.02409970015287399 -0.04164035245776176
v 0.04277285188436508 0.024097537621855732 -0.04281377792358398
v 0.04285291209816933 0.017999777570366856 -0.0427316203713417
v 0.04277285188436508 0.024097537621855732 -0.04281377792358398
v 0.04090413823723793 0.017999777570366856 -0.04406526312232017
v 0.04090413823723793 0.017999777570366856 -0.04406526312232017
v 0.04277285188436508 0.024097537621855732 -0.04281377792358398
v 0.04164029657840729 0.02409969829022884 -0.04365346953272819
v 0.04090413823723793 0.017999777570366856 -0.04406526312232017
v 0.04164029657840729 0.02409969829022884 -0.04365346953272819
v 0.04029103368520737 0.024097537621855732 -0.0442293994128704
v 0.04090413823723793 0.017999777570366856 -0.04406526312232017
v 0.04029103368520737 0.024097537621855732 -0.0442293994128704
v 0.03804689645767212 0.017999775707721707 -0.0443788431584835
v 0.03804689645767212 0.017999775707721707 -0.0443788431584835
v 0.04029103368520737 0.024097537621855732 -0.0442293994128704
v 0.038890331983566284 0.02409969829022884 -0.04439031705260276
v 0.03804689645767212 0.017999775707721707 -0.0443788431584835
v 0.038890331983566284 0.02409969829022884 -0.04439031705260276
v 0.03743379935622215 0.024097535759210583 -0.04421443492174148
v 0.03804689645767212 0.017999775707721707 -0.0443788431584835
v 0.03743379935622215 0.024097535759210583 -0.04421443492174148
v 0.035795584321022034 0.017999775707721707 -0.04345980659127235
v 0.035795584321022034 0.017999775707721707 -0.04345980659127235
v 0.03743379935622215 0.024097535759210583 -0.04421443492174148
v 0.03614036738872528 0.02409969642758369 -0.04365346580743789
v 0.035795584321022034 0.017999775707721707 -0.04345980659127235
v 0.03614036738872528 0.02409969642758369 -0.04365346580743789
v 0.03496691212058067 0.024097535759210583 -0.042772874236106866
v 0.035795584321022034 0.017999775707721707 -0.04345980659127235
v 0.03496691212058067 0.024097535759210583 -0.042772874236106866
v 0.03441937267780304 0.017999775707721707 -0.04212576150894164
v 0.03441937267780304 0.017999775707721707 -0.04212576150894164
v 0.03496691212058067 0.024097535759210583 -0.042772874236106866
v 0.03387565165758133 0.024097535759210583 -0.04119687527418136
v 0.03441937267780304 0.017999775707721707 -0.04212576150894164
v 0.03387565165758133 0.024097535759210583 -0.04119687527418136
v 0.03358244523406029 0.017999775707721707 -0.040401466190814965
v 0.03358244523406029 0.017999775707721707 -0.040401466190814965
v 0.03387565165758133 0.024097535759210583 -0.04119687527418136
v 0.03347396478056908 0.02409969642758369 -0.039845440536737435
v 0.03358244523406029 0.017999775707721707 -0.040401466190814965
v 0.03347396478056908 0.02409969642758369 -0.039845440536737435
v 0.03338572755455971 0.017999775707721707 -0.03849492967128753
v 0.03338572755455971 0.017999775707721707 -0.03849492967128753
v 0.03347396478056908 0.02409969642758369 -0.039845440536737435
v 0.03339424729347229 0.024097535759210583 -0.038380522280931466
v 0.03338572755455971 0.017999775707721707 -0.03849492967128753
v 0.03339424729347229 0.024097535759210583 -0.038380522280931466
v 0.03402135148644447 0.017999775707721707 -0.03622063621878623
v 0.03402135148644447 0.017999775707721707 -0.03622063621878623
v 0.03339424729347229 0.024097535759210583 -0.038380522280931466
v 0.03390008211135864 0.024097535759210583 -0.03653150424361228
v 0.03402135148644447 0.017999775707721707 -0.03622063621878623
v 0.03390008211135864 0.024097535759210583 -0.03653150424361228
v 0.03467715159058571 0.02409969642758369 -0.03535510227084159
v 0.03402135148644447 0.017999775707721707 -0.03622063621878623
v 0.03467715159058571 0.02409969642758369 -0.03535510227084159
v 0.036008547991514206 0.017999775707721707 -0.034143827855587
v 0.036008547991514206 0.017999775707721707 -0.034143827855587
v 0.03467715159058571 0.02409969642758369 -0.03535510227084159
v 0.03574809804558754 0.024097535759210583 -0.03435240313410758
v 0.036008547991514206 0.017999775707721707 -0.034143827855587
v 0.03574809804558754 0.024097535759210583 -0.03435240313410758
v 0.03748968616127968 0.024097537621855732 -0.03355137631297111
v 0.036008547991514206 0.017999775707721707 -0.034143827855587
v 0.03748968616127968 0.024097537621855732 -0.03355137631297111
v 0.038323916494846344 0.017999777570366856 -0.033400736749172204
v 0.038323916494846344 0.017999777570366856 -0.033400736749172204
v 0.03748968616127968 0.024097537621855732 -0.03355137631297111
v 0.039400212466716766 0.024097537621855732 -0.03339429944753646
v 0.03889038413763046 0.017999781295657154 0.04439026862382888
v 0.038890380412340164 0.02409970201551914 0.04439026862382888
v 0.0406741127371788 0.017999781295657154 0.044148955494165414
v 0.0406741127371788 0.017999781295657154 0.044148955494165414
v 0.038890380412340164 0.02409970201551914 0.04439026862382888
v 0.040346913039684296 0.02409754134714603 0.0442143902182579
v 0.0406741127371788 0.017999781295657154 0.044148955494165414
v 0.040346913039684296 0.02409754134714603 0.0442143902182579
v 0.04164034500718117 0.02409970201551914 0.04365341737866401
v 0.0406741127371788 0.017999781295657154 0.044148955494165414
v 0.04164034500718117 0.02409970201551914 0.04365341737866401
v 0.04273161292076111 0.017999781295657154 0.04285291954874992
v 0.04273161292076111 0.017999781295657154 0.04285291954874992
v 0.04164034500718117 0.02409970201551914 0.04365341737866401
v 0.04281376674771309 0.02409754134714603 0.04277285933494567
v 0.04273161292076111 0.017999781295657154 0.04285291954874992
v 0.04281376674771309 0.02409754134714603 0.04277285933494567
v 0.04406525567173958 0.017999783158302304 0.04090414568781852
v 0.04406525567173958 0.017999783158302304 0.04090414568781852
v 0.04281376674771309 0.02409754134714603 0.04277285933494567
v 0.0436534583568573 0.024099703878164288 0.04164030402898788
v 0.04406525567173958 0.017999783158302304 0.04090414568781852
v 0.0436534583568573 0.024099703878164288 0.04164030402898788
v 0.04422939196228981 0.02409754320979118 0.04029104113578796
v 0.04406525567173958 0.017999783158302304 0.04090414568781852
v 0.04422939196228981 0.02409754320979118 0.04029104113578796
v 0.04437883570790291 0.017999783158302304 0.03804690018296241
v 0.04437883570790291 0.017999783158302304 0.03804690018296241
v 0.04422939196228981 0.02409754320979118 0.04029104113578796
v 0.04439030587673187 0.024099703878164288 0.038890339434146874
v 0.04437883570790291 0.017999783158302304 0.03804690018296241
v 0.04439030587673187 0.024099703878164288 0.038890339434146874
v 0.04421442747116089 0.02409754320979118 0.03743380680680274
v 0.04437883570790291 0.017999783158302304 0.03804690018296241
v 0.04421442747116089 0.02409754320979118 0.03743380680680274
v 0.04345979914069176 0.017999781295657154 0.035795591771602624
v 0.04345979914069176 0.017999781295657154 0.035795591771602624
v 0.04421442747116089 0.02409754320979118 0.03743380680680274
v 0.043653454631567 0.024099703878164288 0.03614037483930587
v 0.04345979914069176 0.017999781295657154 0.035795591771602624
v 0.043653454631567 0.024099703878164288 0.03614037483930587
v 0.042772866785526276 0.02409754134714603 0.03496691957116126
v 0.04345979914069176 0.017999781295657154 0.035795591771602624
v 0.042772866785526276 0.02409754134714603 0.03496691957116126
v 0.04212575405836105 0.017999781295657154 0.03441937640309333
v 0.04212575405836105 0.017999781295657154 0.03441937640309333
v 0.042772866785526276 0.02409754134714603 0.03496691957116126
v 0.04119686782360077 0.02409754134714603 0.03387565538287162
v 0.04212575405836105 0.017999781295657154 0.03441937640309333
v 0.04119686782360077 0.02409754134714603 0.03387565538287162
v 0.040401458740234375 0.017999781295657154 0.03358244895935058
v 0.040401458740234375 0.017999781295657154 0.03358244895935058
v 0.04119686782360077 0.02409754134714603 0.03387565538287162
v 0.039845433086156845 0.02409970201551914 0.033473972231149667
v 0.040401458740234375 0.017999781295657154 0.03358244895935058
v 0.039845433086156845 0.02409970201551914 0.033473972231149667
v 0.03849492222070694 0.017999779433012005 0.03338573127985
v 0.03849492222070694 0.017999779433012005 0.03338573127985
v 0.039845433086156845 0.02409970201551914 0.033473972231149667
v 0.03838051110506058 0.02409753948450088 0.03339425474405288
v 0.03849492222070694 0.017999779433012005 0.03338573127985
v 0.03838051110506058 0.02409753948450088 0.03339425474405288
v 0.03622063249349594 0.017999779433012005 0.034021355211734765
v 0.03622063249349594 0.017999779433012005 0.034021355211734765
v 0.03838051110506058 0.02409753948450088 0.03339425474405288
v 0.03653149679303169 0.02409753948450088 0.03390008956193923
v 0.03622063249349594 0.017999779433012005 0.034021355211734765
v 0.03653149679303169 0.02409753948450088 0.03390008956193923
v 0.035355094820261 0.02409970015287399 0.0346771590411663
v 0.03622063249349594 0.017999779433012005 0.034021355211734765
v 0.035355094820261 0.02409970015287399 0.0346771590411663
v 0.03414382040500641 0.017999779433012005 0.0360085517168045
v 0.03414382040500641 0.017999779433012005 0.0360085517168045
v 0.035355094820261 0.02409970015287399 0.0346771590411663
v 0.03435239568352699 0.02409753948450088 0.03574810549616813
v 0.03414382040500641 0.017999779433012005 0.0360085517168045
v 0.03435239568352699 0.02409753948450088 0.03574810549616813
v 0.03355136513710022 0.02409753948450088 0.03748969361186027
v 0.03414382040500641 0.017999779433012005 0.0360085517168045
v 0.03355136513710022 0.02409753948450088 0.03748969361186027
v 0.03340073302388191 0.017999779433012005 0.038323923945426934
v 0.03340073302388191 0.017999779433012005 0.038323923945426934
v 0.03355136513710022 0.02409753948450088 0.03748969361186027
v 0.03339429199695587 0.02409753948450088 0.03940021619200706
v 0.03340073302388191 0.017999779433012005 0.038323923945426934
v 0.03339429199695587 0.02409753948450088 0.03940021619200706
v 0.03363177180290222 0.017999779433012005 0.04067403078079223
v 0.03363177180290222 0.017999779433012005 0.04067403078079223
v 0.03339429199695587 0.02409753948450088 0.03940021619200706
v 0.03390013426542282 0.02409753948450088 0.04124923422932624
v 0.03363177180290222 0.017999779433012005 0.04067403078079223
v 0.03390013426542282 0.02409753948450088 0.04124923422932624
v 0.03492778167128563 0.017999779433012005 0.042731553316116326
v 0.03492778167128563 0.017999779433012005 0.042731553316116326
v 0.03390013426542282 0.02409753948450088 0.04124923422932624
v 0.03467719629406929 0.02409970015287399 0.042425628751516335
v 0.03492778167128563 0.017999779433012005 0.042731553316116326
v 0.03467719629406929 0.02409970015287399 0.042425628751516335
v 0.03574817255139351 0.02409753948450088 0.04342834278941154
v 0.03492778167128563 0.017999779433012005 0.042731553316116326
v 0.03574817255139351 0.02409753948450088 0.04342834278941154
v 0.036876581609249115 0.017999779433012005 0.04406521841883659
v 0.036876581609249115 0.017999779433012005 0.04406521841883659
v 0.03574817255139351 0.02409753948450088 0.04342834278941154
v 0.03748968988656998 0.02409754134714603 0.04422935470938682
v 0.036876581609249115 0.017999779433012005 0.04406521841883659
v 0.03748968988656998 0.02409754134714603 0.04422935470938682
v 0.03889038413763046 0.017999781295657154 0.04439026862382888
v 0.03889038413763046 0.017999781295657154 0.04439026862382888
v 0.03748968988656998 0.02409754134714603 0.04422935470938682
v 0.038890380412340164 0.02409970201551914 0.04439026862382888
v -0.038046907633543015 0.017999755218625065 0.0443788431584835
v -0.03889034688472748 0.02409967593848705 0.04439031332731246
v -0.03743381425738335 0.02409751527011394 0.04421443492174148
v -0.038046907633543015 0.017999755218625065 0.0443788431584835
v -0.03743381425738335 0.02409751527011394 0.04421443492174148
v -0.03579559922218323 0.017999757081270214 0.04345980659127235
v -0.03579559922218323 0.017999757081270214 0.04345980659127235
v -0.03743381425738335 0.02409751527011394 0.04421443492174148
v -0.036140382289886475 0.0240996778011322 0.04365346208214759
v -0.03579559922218323 0.017999757081270214 0.04345980659127235
v -0.036140382289886475 0.0240996778011322 0.04365346208214759
v -0.034966930747032166 0.02409751713275909 0.042772874236106866
v -0.03579559922218323 0.017999757081270214 0.04345980659127235
v -0.034966930747032166 0.02409751713275909 0.042772874236106866
v -0.034419383853673935 0.017999757081270214 0.04212576150894164
v -0.034419383853673935 0.017999757081270214 0.04212576150894164
v -0.034966930747032166 0.02409751713275909 0.042772874236106866
v -0.03387566655874252 0.02409751713275909 0.04119687527418136
v -0.034419383853673935 0.017999757081270214 0.04212576150894164
v -0.03387566655874252 0.02409751713275909 0.04119687527418136
v -0.03358245640993118 0.017999757081270214 0.040401462465524667
v -0.03358245640993118 0.017999757081270214 0.040401462465524667
v -0.03387566655874252 0.02409751713275909 0.04119687527418136
v -0.03347397968173027 0.0240996778011322 0.039845440536737435
v -0.03358245640993118 0.017999757081270214 0.040401462465524667
v -0.03347397968173027 0.0240996778011322 0.039845440536737435
v -0.0333857387304306 0.017999757081270214 0.03849492967128753
v -0.0333857387304306 0.017999757081270214 0.03849492967128753
v -0.03347397968173027 0.0240996778011322 0.039845440536737435
v -0.033394262194633484 0.02409751713275909 0.03838051855564117
v -0.0333857387304306 0.017999757081270214 0.03849492967128753
v -0.033394262194633484 0.02409751713275909 0.03838051855564117
v -0.03402136266231537 0.017999757081270214 0.03622063621878623
v -0.03402136266231537 0.017999757081270214 0.03622063621878623
v -0.033394262194633484 0.02409751713275909 0.03838051855564117
v -0.033900097012519836 0.02409751713275909 0.03653150424361228
v -0.03402136266231537 0.017999757081270214 0.03622063621878623
v -0.033900097012519836 0.02409751713275909 0.03653150424361228
v -0.0346771702170372 0.0240996778011322 0.03535510227084159
v -0.03402136266231537 0.017999757081270214 0.03622063621878623
v -0.0346771702170372 0.0240996778011322 0.03535510227084159
v -0.0360085591673851 0.017999755218625065 0.0341438241302967
v -0.0360085591673851 0.017999755218625065 0.0341438241302967
v -0.0346771702170372 0.0240996778011322 0.03535510227084159
v -0.035748112946748734 0.02409751527011394 0.03435240313410758
v -0.0360085591673851 0.017999755218625065 0.0341438241302967
v -0.035748112946748734 0.02409751527011394 0.03435240313410758
v -0.03748970106244087 0.02409751527011394 0.03355137258768081
v -0.0360085591673851 0.017999755218625065 0.0341438241302967
v -0.03748970106244087 0.02409751527011394 0.03355137258768081
v -0.03832392767071724 0.017999755218625065 0.033400736749172204
v -0.03832392767071724 0.017999755218625065 0.033400736749172204
v -0.03748970106244087 0.02409751527011394 0.03355137258768081
v -0.03940022736787796 0.02409751527011394 0.03339429944753646
v -0.03832392767071724 0.017999755218625065 0.033400736749172204
v -0.03940022736787796 0.02409751527011394 0.03339429944753646
v -0.04067403823137283 0.017999755218625065 0.03363177552819251
v -0.04067403823137283 0.017999755218625065 0.03363177552819251
v -0.03940022736787796 0.02409751527011394 0.03339429944753646
v -0.041249241679906845 0.02409751527011394 0.03390014171600341
v -0.04067403823137283 0.017999755218625065 0.03363177552819251
v -0.041249241679906845 0.02409751527011394 0.03390014171600341
v -0.04273156076669693 0.017999753355979916 0.03492778912186622
v -0.04273156076669693 0.017999753355979916 0.03492778912186622
v -0.041249241679906845 0.02409751527011394 0.03390014171600341
v -0.04242563620209694 0.0240996740758419 0.03467720374464988
v -0.04273156076669693 0.017999753355979916 0.03492778912186622
v -0.04242563620209694 0.0240996740758419 0.03467720374464988
v -0.04342835023999214 0.024097513407468792 0.0357481762766838
v -0.04273156076669693 0.017999753355979916 0.03492778912186622
v -0.04342835023999214 0.024097513407468792 0.0357481762766838
v -0.04406522214412689 0.017999753355979916 0.036876585334539407
v -0.04406522214412689 0.017999753355979916 0.036876585334539407
v -0.04342835023999214 0.024097513407468792 0.0357481762766838
v -0.04422936215996742 0.024097513407468792 0.03748969361186027
v -0.04406522214412689 0.017999753355979916 0.036876585334539407
v -0.04422936215996742 0.024097513407468792 0.03748969361186027
v -0.044390276074409485 0.017999753355979916 0.038890387862920754
v -0.044390276074409485 0.017999753355979916 0.038890387862920754
v -0.04422936215996742 0.024097513407468792 0.03748969361186027
v -0.04439027979969978 0.0240996740758419 0.038890387862920754
v -0.044390276074409485 0.017999753355979916 0.038890387862920754
v -0.04439027979969978 0.0240996740758419 0.038890387862920754
v -0.04414895921945572 0.017999753355979916 0.040674116462469094
v -0.04414895921945572 0.017999753355979916 0.040674116462469094
v -0.04439027979969978 0.0240996740758419 0.038890387862920754
v -0.0442143976688385 0.024097513407468792 0.040346920490264886
v -0.04414895921945572 0.017999753355979916 0.040674116462469094
v -0.0442143976688385 0.024097513407468792 0.040346920490264886
v -0.04365342855453491 0.0240996740758419 0.04164035245776176
v -0.04414895921945572 0.017999753355979916 0.040674116462469094
v -0.04365342855453491 0.0240996740758419 0.04164035245776176
v -0.04285292699933052 0.017999753355979916 0.0427316203713417
v -0.04285292699933052 0.017999753355979916 0.0427316203713417
v -0.04365342855453491 0.0240996740758419 0.04164035245776176
v -0.042772870510816574 0.024097513407468792 0.04281377419829368
v -0.04285292699933052 0.017999753355979916 0.0427316203713417
v -0.042772870510816574 0.024097513407468792 0.04281377419829368
v -0.040904149413108826 0.017999755218625065 0.04406525939702987
v -0.040904149413108826 0.017999755218625065 0.04406525939702987
v -0.042772870510816574 0.024097513407468792 0.04281377419829368
v -0.04164031147956848 0.02409967593848705 0.04365346580743789
v -0.040904149413108826 0.017999755218625065 0.04406525939702987
v -0.04164031147956848 0.02409967593848705 0.04365346580743789
v -0.04029105231165886 0.02409751527011394 0.0442293956875801
v -0.040904149413108826 0.017999755218625065 0.04406525939702987
v -0.04029105231165886 0.02409751527011394 0.0442293956875801
v -0.038046907633543015 0.017999755218625065 0.0443788431584835
v -0.038046907633543015 0.017999755218625065 0.0443788431584835
v -0.04029105231165886 0.02409751527011394 0.0442293956875801
v -0.03889034688472748 0.02409967593848705 0.04439031332731246
v -0.038494937121868134 0.017999751493334767 -0.0333857350051403
v -0.03838052973151207 0.024097511544823643 -0.03339425474405288
v -0.03622064366936684 0.017999753355979916 -0.03402135893702506
v -0.03622064366936684 0.017999753355979916 -0.03402135893702506
v -0.03838052973151207 0.024097511544823643 -0.03339425474405288
v -0.036531511694192886 0.024097513407468792 -0.03390008956193923
v -0.03622064366936684 0.017999753355979916 -0.03402135893702506
v -0.036531511694192886 0.024097513407468792 -0.03390008956193923
v -0.035355109721422195 0.0240996740758419 -0.0346771627664566
v -0.03622064366936684 0.017999753355979916 -0.03402135893702506
v -0.035355109721422195 0.0240996740758419 -0.0346771627664566
v -0.034143831580877304 0.017999753355979916 -0.036008555442094796
v -0.034143831580877304 0.017999753355979916 -0.036008555442094796
v -0.035355109721422195 0.0240996740758419 -0.0346771627664566
v -0.03435241058468819 0.024097513407468792 -0.03574810549616813
v -0.034143831580877304 0.017999753355979916 -0.036008555442094796
v -0.03435241058468819 0.024097513407468792 -0.03574810549616813
v -0.033551380038261414 0.024097513407468792 -0.03748969361186027
v -0.034143831580877304 0.017999753355979916 -0.036008555442094796
v -0.033551380038261414 0.024097513407468792 -0.03748969361186027
v -0.03340074419975281 0.017999753355979916 -0.038323923945426934
v -0.03340074419975281 0.017999753355979916 -0.038323923945426934
v -0.033551380038261414 0.024097513407468792 -0.03748969361186027
v -0.033394306898117065 0.024097513407468792 -0.039400219917297356
v -0.03340074419975281 0.017999753355979916 -0.038323923945426934
v -0.033394306898117065 0.024097513407468792 -0.039400219917297356
v -0.03363178297877312 0.017999753355979916 -0.04067403450608253
v -0.03363178297877312 0.017999753355979916 -0.04067403450608253
v -0.033394306898117065 0.024097513407468792 -0.039400219917297356
v -0.033900149166584015 0.024097513407468792 -0.04124923795461654
v -0.03363178297877312 0.017999753355979916 -0.04067403450608253
v -0.033900149166584015 0.024097513407468792 -0.04124923795461654
v -0.03492779657244682 0.017999753355979916 -0.042731553316116326
v -0.03492779657244682 0.017999753355979916 -0.042731553316116326
v -0.033900149166584015 0.024097513407468792 -0.04124923795461654
v -0.034677211195230484 0.0240996740758419 -0.042425632476806634
v -0.03492779657244682 0.017999753355979916 -0.042731553316116326
v -0.034677211195230484 0.0240996740758419 -0.042425632476806634
v -0.0357481874525547 0.024097513407468792 -0.043428346514701836
v -0.03492779657244682 0.017999753355979916 -0.042731553316116326
v -0.0357481874525547 0.024097513407468792 -0.043428346514701836
v -0.03687659278512001 0.017999751493334767 -0.04406521841883659
v -0.03687659278512001 0.017999751493334767 -0.04406521841883659
v -0.0357481874525547 0.024097513407468792 -0.043428346514701836
v -0.03748970478773117 0.024097511544823643 -0.04422935470938682
v -0.03687659278512001 0.017999751493334767 -0.04406521841883659
v -0.03748970478773117 0.024097511544823643 -0.04422935470938682
v -0.03889039531350136 0.017999751493334767 -0.04439027234911918
v -0.03889039531350136 0.017999751493334767 -0.04439027234911918
v -0.03748970478773117 0.024097511544823643 -0.04422935470938682
v -0.03889039531350136 0.02409967221319675 -0.04439027234911918
v -0.03889039531350136 0.017999751493334767 -0.04439027234911918
v -0.03889039531350136 0.02409967221319675 -0.04439027234911918
v -0.0406741239130497 0.017999751493334767 -0.044148955494165414
v -0.0406741239130497 0.017999751493334767 -0.044148955494165414
v -0.03889039531350136 0.02409967221319675 -0.04439027234911918
v -0.04034692794084549 0.024097511544823643 -0.044214393943548196
v -0.0406741239130497 0.017999751493334767 -0.044148955494165414
v -0.04034692794084549 0.024097511544823643 -0.044214393943548196
v -0.04164035990834236 0.02409967221319675 -0.04365342110395431
v -0.0406741239130497 0.017999751493334767 -0.044148955494165414
v -0.04164035990834236 0.02409967221319675 -0.04365342110395431
v -0.042731624096632004 0.017999749630689618 -0.04285291954874992
v -0.042731624096632004 0.017999749630689618 -0.04285291954874992
v -0.04164035990834236 0.02409967221319675 -0.04365342110395431
v -0.04281378537416458 0.024097509682178494 -0.04277286306023597
v -0.042731624096632004 0.017999749630689618 -0.04285291954874992
v -0.04281378537416458 0.024097509682178494 -0.04277286306023597
v -0.044065266847610474 0.017999749630689618 -0.04090414568781852
v -0.044065266847610474 0.017999749630689618 -0.04090414568781852
v -0.04281378537416458 0.024097509682178494 -0.04277286306023597
v -0.043653473258018494 0.024099670350551602 -0.04164030402898788
v -0.044065266847610474 0.017999749630689618 -0.04090414568781852
v -0.043653473258018494 0.024099670350551602 -0.04164030402898788
v -0.044229406863451004 0.024097509682178494 -0.040291044861078255
v -0.044065266847610474 0.017999749630689618 -0.04090414568781852
v -0.044229406863451004 0.024097509682178494 -0.040291044861078255
v -0.0443788506090641 0.017999749630689618 -0.03804690018296241
v -0.0443788506090641 0.017999749630689618 -0.03804690018296241
v -0.044229406863451004 0.024097509682178494 -0.040291044861078255
v -0.044390320777893066 0.024099670350551602 -0.038890339434146874
v -0.0443788506090641 0.017999749630689618 -0.03804690018296241
v -0.044390320777893066 0.024099670350551602 -0.038890339434146874
v -0.04421444237232208 0.024097509682178494 -0.03743380680680274
v -0.0443788506090641 0.017999749630689618 -0.03804690018296241
v -0.04421444237232208 0.024097509682178494 -0.03743380680680274
v -0.04345981031656265 0.017999749630689618 -0.035795591771602624
v -0.04345981031656265 0.017999749630689618 -0.035795591771602624
v -0.04421444237232208 0.024097509682178494 -0.03743380680680274
v -0.043653473258018494 0.02409967221319675 -0.03614037483930587
v -0.04345981031656265 0.017999749630689618 -0.035795591771602624
v -0.043653473258018494 0.02409967221319675 -0.03614037483930587
v -0.04277288168668747 0.024097511544823643 -0.03496692329645156
v -0.04345981031656265 0.017999749630689618 -0.035795591771602624
v -0.04277288168668747 0.024097511544823643 -0.03496692329645156
v -0.04212576895952225 0.017999751493334767 -0.03441938012838363
v -0.04212576895952225 0.017999751493334767 -0.03441938012838363
v -0.04277288168668747 0.024097511544823643 -0.03496692329645156
v -0.04119688272476196 0.024097511544823643 -0.03387565910816192
v -0.04212576895952225 0.017999751493334767 -0.03441938012838363
v -0.04119688272476196 0.024097511544823643 -0.03387565910816192
v -0.04040146991610527 0.017999751493334767 -0.03358244895935058
v -0.04040146991610527 0.017999751493334767 -0.03358244895935058
v -0.04119688272476196 0.024097511544823643 -0.03387565910816192
v -0.03984544798731804 0.02409967221319675 -0.033473972231149667
v -0.04040146991610527 0.017999751493334767 -0.03358244895935058
v -0.03984544798731804 0.02409967221319675 -0.033473972231149667
v -0.038494937121868134 0.017999751493334767 -0.0333857350051403
v -0.038494937121868134 0.017999751493334767 -0.0333857350051403
v -0.03984544798731804 0.02409967221319675 -0.033473972231149667
v -0.03838052973151207 0.024097511544823643 -0.03339425474405288
v -0.05717955157160759 0.02414842881262302 0.02541021071374416
v -0.05747603997588158 0.024531515315175053 0.024330405518412587
v -0.059876248240470886 0.022558528929948803 0.01989992521703243
v -0.059876248240470886 0.022558528929948803 0.01989992521703243
v -0.05747603997588158 0.024531515315175053 0.024330405518412587
v -0.057464998215436935 0.02479145117104053 0.024158086627721783
v -0.059876248240470886 0.022558528929948803 0.01989992521703243
v -0.057464998215436935 0.02479145117104053 0.024158086627721783
v -0.05505337938666344 0.02905967645347118 0.02597885206341743
v -0.020183047279715538 0.07039053738117217 0.041995961219072335
v -0.027646292001008987 0.03357762843370437 0.052475530654191964
v -0.026053620502352715 0.028906518593430516 0.05503534153103828
v -0.020183047279715538 0.07039053738117217 0.041995961219072335
v -0.026053620502352715 0.028906518593430516 0.05503534153103828
v -0.016488034278154373 0.07024873793125151 0.04362022876739501
v -0.016488034278154373 0.07024873793125151 0.04362022876739501
v -0.026053620502352715 0.028906518593430516 0.05503534153103828
v -0.02415197156369686 0.02476580254733562 0.057476244866847985
v -0.021306227892637253 0.0234520211815834 0.05903231352567672
v -0.02415197156369686 0.02476580254733562 0.057476244866847985
v -0.02425496093928814 0.02446927689015865 0.057552244514226907
v -0.021306227892637253 0.0234520211815834 0.05903231352567672
v -0.02425496093928814 0.02446927689015865 0.057552244514226907
v -0.02509400062263012 0.024221729487180706 0.0572761483490467
v -0.02509400062263012 0.024221729487180706 0.0572761483490467
v -0.027564838528633118 0.024232309311628338 0.05611419677734374
v -0.029444674029946327 0.023958601057529446 0.05526832863688468
v -0.029444674029946327 0.023958601057529446 0.05526832863688468
v -0.031635258346796036 0.024274356663227078 0.053887836635112756
v -0.03373745083808899 0.023980939760804173 0.052753724157810204
v -0.03373745083808899 0.023980939760804173 0.052753724157810204
v -0.031635258346796036 0.024274356663227078 0.053887836635112756
v -0.036055102944374084 0.024083947762846943 0.051187343895435326
v -0.036055102944374084 0.024083947762846943 0.051187343895435326
v -0.039173953235149384 0.024192694574594494 0.048752818256616585
v -0.04113471508026123 0.023948146030306813 0.04721895977854728
v -0.04113471508026123 0.023948146030306813 0.04721895977854728
v -0.04258633777499199 0.02419236302375793 0.04580071568489074
v -0.045462243258953094 0.024154063314199444 0.04298967868089675
v -0.02294578216969967 0.0723518133163452 0.039835412055253976
v -0.030096806585788727 0.041979588568210595 0.047669205814599984
v -0.02912231534719467 0.03796681016683578 0.04987712949514388
v -0.02294578216969967 0.0723518133163452 0.039835412055253976
v -0.02912231534719467 0.03796681016683578 0.04987712949514388
v -0.020183047279715538 0.07039053738117217 0.041995961219072335
v -0.020183047279715538 0.07039053738117217 0.041995961219072335
v -0.02912231534719467 0.03796681016683578 0.04987712949514388
v -0.027646292001008987 0.03357762843370437 0.052475530654191964
v -0.026965832337737083 0.06968649476766585 0.03824817761778831
v -0.032064810395240784 0.05506817623972892 0.04073942825198173
v -0.031157204881310463 0.048276964575052254 0.044393286108970635
v -0.026965832337737083 0.06968649476766585 0.03824817761778831
v -0.031157204881310463 0.048276964575052254 0.044393286108970635
v -0.02294578216969967 0.0723518133163452 0.039835412055253976
v -0.02294578216969967 0.0723518133163452 0.039835412055253976
v -0.031157204881310463 0.048276964575052254 0.044393286108970635
v -0.030096806585788727 0.041979588568210595 0.047669205814599984
v -0.035123176872730255 0.06460378319025038 0.033570490777492516
v -0.03392361104488373 0.06483282148838042 0.03467528522014617
v -0.03338652849197388 0.07006878405809401 0.032642833888530724
v -0.03338652849197388 0.07006878405809401 0.032642833888530724
v -0.03392361104488373 0.06483282148838042 0.03467528522014617
v -0.030352627858519554 0.07013238221406935 0.0354570522904396
v -0.03320728987455368 0.06405367702245711 0.035719972103834145
v -0.030352627858519554 0.07013238221406935 0.0354570522904396
v -0.03392361104488373 0.06483282148838042 0.03467528522014617
v -0.03320728987455368 0.06405367702245711 0.035719972103834145
v -0.03234577551484108 0.060710214078426354 0.03804274275898933
v -0.030352627858519554 0.07013238221406935 0.0354570522904396
v -0.030352627858519554 0.07013238221406935 0.0354570522904396
v -0.03234577551484108 0.060710214078426354 0.03804274275898933
v -0.026965832337737083 0.06968649476766585 0.03824817761778831
v -0.026965832337737083 0.06968649476766585 0.03824817761778831
v -0.03234577551484108 0.060710214078426354 0.03804274275898933
v -0.032064810395240784 0.05506817623972892 0.04073942825198173
v -0.04055672511458397 0.05570502579212188 0.03200756758451461
v -0.0370711125433445 0.06241264939308166 0.03256833553314208
v -0.036486733704805374 0.06925629079341887 0.02951075322926044
v -0.0370711125433445 0.06241264939308166 0.03256833553314208
v -0.035123176872730255 0.06460378319025038 0.033570490777492516
v -0.036486733704805374 0.06925629079341887 0.02951075322926044
v -0.036486733704805374 0.06925629079341887 0.02951075322926044
v -0.035123176872730255 0.06460378319025038 0.033570490777492516
v -0.03338652849197388 0.07006878405809401 0.032642833888530724
v -0.03803645819425583 0.07234325259923934 0.025812182575464245
v -0.044320352375507355 0.048497974872589104 0.031153708696365353
v -0.036486733704805374 0.06925629079341887 0.02951075322926044
v -0.036486733704805374 0.06925629079341887 0.02951075322926044
v -0.044320352375507355 0.048497974872589104 0.031153708696365353
v -0.04055672511458397 0.05570502579212188 0.03200756758451461
v -0.04784238338470459 0.04167088493704795 0.030022324994206425
v -0.044320352375507355 0.048497974872589104 0.031153708696365353
v -0.04070640355348587 0.07022120803594588 0.022780332714319226
v -0.04070640355348587 0.07022120803594588 0.022780332714319226
v -0.044320352375507355 0.048497974872589104 0.031153708696365353
v -0.03803645819425583 0.07234325259923934 0.025812182575464245
v -0.04070640355348587 0.07022120803594588 0.022780332714319226
v -0.05020270496606827 0.037384148687124245 0.028958721086382862
v -0.04784238338470459 0.04167088493704795 0.030022324994206425
v -0.05505337938666344 0.02905967645347118 0.02597885206341743
v -0.0525236614048481 0.03346152231097221 0.02763314917683601
v -0.04258095845580101 0.07018908858299254 0.019071983173489567
v -0.04258095845580101 0.07018908858299254 0.019071983173489567
v -0.0525236614048481 0.03346152231097221 0.02763314917683601
v -0.04070640355348587 0.07022120803594588 0.022780332714319226
v -0.04070640355348587 0.07022120803594588 0.022780332714319226
v -0.0525236614048481 0.03346152231097221 0.02763314917683601
v -0.05020270496606827 0.037384148687124245 0.028958721086382862
v -0.027506861835718155 0.024082444608211514 -0.05622960627079009
v -0.02529813162982464 0.02418214455246925 -0.05720572173595428
v -0.023144200444221497 0.023964058607816693 -0.05819562077522277
v -0.023144200444221497 0.023964058607816693 -0.05819562077522277
v -0.02529813162982464 0.02418214455246925 -0.05720572173595428
v -0.02429179474711418 0.024548290297389027 -0.05749817192554473
v -0.021841982379555702 0.07022737711668013 -0.041216693818569176
v -0.01801544427871704 0.06996258348226546 -0.04310793429613113
v -0.024167196825146675 0.024795437231659886 -0.057453941553831094
v -0.021841982379555702 0.07022737711668013 -0.041216693818569176
v -0.026030421257019043 0.029182290658354756 -0.05498268082737922
v -0.027631962671875954 0.03345788270235061 -0.05252565443515777
v -0.021841982379555702 0.07022737711668013 -0.041216693818569176
v -0.024167196825146675 0.024795437231659886 -0.057453941553831094
v -0.026030421257019043 0.029182290658354756 -0.05498268082737922
v -0.05994618684053421 0.024017127230763432 -0.018103932961821553
v -0.05747780576348305 0.024760060012340542 -0.024151304736733433
v -0.05749630182981491 0.02422203496098518 -0.024621738120913502
v -0.04171375185251236 0.07007396221160887 -0.020980017259716984
v -0.05253295600414276 0.03330504894256591 -0.027685372158885
v -0.055045709013938904 0.028894295915961262 -0.026047121733427044
v -0.04171375185251236 0.07007396221160887 -0.020980017259716984
v -0.055045709013938904 0.028894295915961262 -0.026047121733427044
v -0.04284503310918808 0.07247457653284071 -0.016586963087320324
v -0.04171375185251236 0.07007396221160887 -0.020980017259716984
v -0.05013201758265495 0.037734523415565484 -0.028923287987709042
v -0.05253295600414276 0.03330504894256591 -0.027685372158885
v -0.040922924876213074 0.05472471565008163 -0.03203401342034339
v -0.044379204511642456 0.04829593747854232 -0.031163901090621945
v -0.03969147428870201 0.07019807398319243 -0.024522501975297924
v -0.044379204511642456 0.04829593747854232 -0.031163901090621945
v -0.04777451977133751 0.04178190976381301 -0.030053934082388874
v -0.03969147428870201 0.07019807398319243 -0.024522501975297924
v -0.03969147428870201 0.07019807398319243 -0.024522501975297924
v -0.04777451977133751 0.04178190976381301 -0.030053934082388874
v -0.05013201758265495 0.037734523415565484 -0.028923287987709042
v -0.03969147428870201 0.07019807398319243 -0.024522501975297924
v -0.05013201758265495 0.037734523415565484 -0.028923287987709042
v -0.04171375185251236 0.07007396221160887 -0.020980017259716984
v -0.036507897078990936 0.06309860944747923 -0.03282127529382705
v -0.0376296192407608 0.06134239956736564 -0.03247421979904174
v -0.03731300309300423 0.07026017457246779 -0.027975257486104962
v -0.03472882881760597 0.07016649842262267 -0.03116633743047714
v -0.0351032130420208 0.0646112412214279 -0.03358489647507667
v -0.03731300309300423 0.07026017457246779 -0.027975257486104962
v -0.03731300309300423 0.07026017457246779 -0.027975257486104962
v -0.0351032130420208 0.0646112412214279 -0.03358489647507667
v -0.036507897078990936 0.06309860944747923 -0.03282127529382705
v -0.03731300309300423 0.07026017457246779 -0.027975257486104962
v -0.0376296192407608 0.06134239956736564 -0.03247421979904174
v -0.040922924876213074 0.05472471565008163 -0.03203401342034339
v -0.03969147428870201 0.07019807398319243 -0.024522501975297924
v -0.03731300309300423 0.07026017457246779 -0.027975257486104962
v -0.040922924876213074 0.05472471565008163 -0.03203401342034339
v -0.02911052666604519 0.07039614766836165 -0.036369536072015755
v -0.03241832181811333 0.06127512082457542 -0.03772193193435668
v -0.033119529485702515 0.06402567774057387 -0.035825159400701516
v -0.02911052666604519 0.07039614766836165 -0.036369536072015755
v -0.033119529485702515 0.06402567774057387 -0.035825159400701516
v -0.03397224098443985 0.06485474109649657 -0.03461788594722747
v -0.02911052666604519 0.07039614766836165 -0.036369536072015755
v -0.03397224098443985 0.06485474109649657 -0.03461788594722747
v -0.031268976628780365 0.07234688848257063 -0.03369256854057311
v -0.031268976628780365 0.07234688848257063 -0.03369256854057311
v -0.03397224098443985 0.06485474109649657 -0.03461788594722747
v -0.03472882881760597 0.07016649842262267 -0.03116633743047714
v -0.03472882881760597 0.07016649842262267 -0.03116633743047714
v -0.03397224098443985 0.06485474109649657 -0.03461788594722747
v -0.0351032130420208 0.0646112412214279 -0.03358489647507667
v -0.03117111511528492 0.048441439867019646 -0.04431807622313499
v -0.03199336677789688 0.0554048903286457 -0.040694046765565865
v -0.025548432022333145 0.07030768692493437 -0.03899317234754562
v -0.025548432022333145 0.07030768692493437 -0.03899317234754562
v -0.03199336677789688 0.0554048903286457 -0.040694046765565865
v -0.03241832181811333 0.06127512082457542 -0.03772193193435668
v -0.03241832181811333 0.06127512082457542 -0.03772193193435668
v -0.02911052666604519 0.07039614766836165 -0.036369536072015755
v -0.025548432022333145 0.07030768692493437 -0.03899317234754562
v -0.021841982379555702 0.07022737711668013 -0.041216693818569176
v -0.027631962671875954 0.03345788270235061 -0.05252565443515777
v -0.028976203873753548 0.03744157031178474 -0.05016841366887092
v -0.028976203873753548 0.03744157031178474 -0.05016841366887092
v -0.030036160722374916 0.041743464767932885 -0.04780737310647964
v -0.021841982379555702 0.07022737711668013 -0.041216693818569176
v -0.021841982379555702 0.07022737711668013 -0.041216693818569176
v -0.030036160722374916 0.041743464767932885 -0.04780737310647964
v -0.025548432022333145 0.07030768692493437 -0.03899317234754562
v -0.025548432022333145 0.07030768692493437 -0.03899317234754562
v -0.030036160722374916 0.041743464767932885 -0.04780737310647964
v -0.03117111511528492 0.048441439867019646 -0.04431807622313499
v 0.05862346664071083 0.023966206237673756 -0.02203796803951263
v 0.05737318471074104 0.02416371367871761 -0.024951560422778126
v 0.057490721344947815 0.024547548964619633 -0.024300238117575642
v 0.05862346664071083 0.023966206237673756 -0.02203796803951263
v 0.057490721344947815 0.024547548964619633 -0.024300238117575642
v 0.057465773075819016 0.024791873991489407 -0.024157280102372166
v 0.05862346664071083 0.023966206237673756 -0.02203796803951263
v 0.057465773075819016 0.024791873991489407 -0.024157280102372166
v 0.0599127858877182 0.024000367149710652 -0.018216617405414578
v 0.04170425236225128 0.0701201632618904 -0.02096917293965816
v 0.04271330311894417 0.07246860116720198 -0.01691767759621143
v 0.05496054142713547 0.029209977015852925 -0.02604715526103973
v 0.05737318471074104 0.02416371367871761 -0.024951560422778126
v 0.05862346664071083 0.023966206237673756 -0.02203796803951263
v 0.0565098337829113 0.02404244430363178 -0.026968201622366902
v 0.018153198063373566 0.07005918025970458 -0.04302307590842246
v 0.027716008946299553 0.03340483084321021 -0.052480906248092644
v 0.02606346271932125 0.02892913110554218 -0.05502097308635711
v 0.018153198063373566 0.07005918025970458 -0.04302307590842246
v 0.02606346271932125 0.02892913110554218 -0.05502097308635711
v 0.024152345955371857 0.02476619370281696 -0.057475127279758446
v 0.02314193919301033 0.023963883519172665 -0.05819663777947425
v 0.024152345955371857 0.02476619370281696 -0.057475127279758446
v 0.024401482194662094 0.02427324093878269 -0.057569008320569985
v 0.02314193919301033 0.023963883519172665 -0.05819663777947425
v 0.024401482194662094 0.02427324093878269 -0.057569008320569985
v 0.027568122372031212 0.02421184256672859 -0.056139647960662835
v 0.021820681169629097 0.07023587077856062 -0.04122591018676757
v 0.02561035193502903 0.07032229006290434 -0.038944981992244714
v 0.030066287145018578 0.04183411225676536 -0.047743707895278924
v 0.021820681169629097 0.07023587077856062 -0.04122591018676757
v 0.030066287145018578 0.04183411225676536 -0.047743707895278924
v 0.028904033824801445 0.03766323626041412 -0.05017097666859626
v 0.018153198063373566 0.07005918025970458 -0.04302307590842246
v 0.021820681169629097 0.07023587077856062 -0.04122591018676757
v 0.027716008946299553 0.03340483084321021 -0.052480906248092644
v 0.027716008946299553 0.03340483084321021 -0.052480906248092644
v 0.021820681169629097 0.07023587077856062 -0.04122591018676757
v 0.028904033824801445 0.03766323626041412 -0.05017097666859626
v 0.02561035193502903 0.07032229006290434 -0.038944981992244714
v 0.032064780592918396 0.05506815388798713 -0.04073943197727203
v 0.031151004135608673 0.04824081063270568 -0.04441311210393905
v 0.02561035193502903 0.07032229006290434 -0.038944981992244714
v 0.031151004135608673 0.04824081063270568 -0.04441311210393905
v 0.030066287145018578 0.04183411225676536 -0.047743707895278924
v 0.03473827615380287 0.07018636912107466 -0.031148007139563557
v 0.0350867435336113 0.06463415920734404 -0.03359481692314147
v 0.03111974336206913 0.07245399802923201 -0.03380718454718589
v 0.03111974336206913 0.07245399802923201 -0.03380718454718589
v 0.0350867435336113 0.06463415920734404 -0.03359481692314147
v 0.03393013775348663 0.06482814997434615 -0.03467003256082534
v 0.03111974336206913 0.07245399802923201 -0.03380718454718589
v 0.03393013775348663 0.06482814997434615 -0.03467003256082534
v 0.02914738841354847 0.07051997631788252 -0.03628991916775703
v 0.03393013775348663 0.06482814997434615 -0.03467003256082534
v 0.03331463411450386 0.06419967114925383 -0.03554632887244224
v 0.02914738841354847 0.07051997631788252 -0.03628991916775703
v 0.02914738841354847 0.07051997631788252 -0.03628991916775703
v 0.03331463411450386 0.06419967114925383 -0.03554632887244224
v 0.03281988203525543 0.06311480700969695 -0.036508224904537194
v 0.02914738841354847 0.07051997631788252 -0.03628991916775703
v 0.03281988203525543 0.06311480700969695 -0.036508224904537194
v 0.032461415976285934 0.061249885708093636 -0.0376833714544773
v 0.02914738841354847 0.07051997631788252 -0.03628991916775703
v 0.032461415976285934 0.061249885708093636 -0.0376833714544773
v 0.02561035193502903 0.07032229006290434 -0.038944981992244714
v 0.02561035193502903 0.07032229006290434 -0.038944981992244714
v 0.032461415976285934 0.061249885708093636 -0.0376833714544773
v 0.032064780592918396 0.05506815388798713 -0.04073943197727203
v 0.04062690958380699 0.05556917935609817 -0.03199490904808044
v 0.037071797996759415 0.06241024285554885 -0.032568451017141335
v 0.037276145070791245 0.07029409706592558 -0.02800321020185947
v 0.037071797996759415 0.06241024285554885 -0.032568451017141335
v 0.0350867435336113 0.06463415920734404 -0.03359481692314147
v 0.037276145070791245 0.07029409706592558 -0.02800321020185947
v 0.0350867435336113 0.06463415920734404 -0.03359481692314147
v 0.03473827615380287 0.07018636912107466 -0.031148007139563557
v 0.037276145070791245 0.07029409706592558 -0.02800321020185947
v 0.04442664980888367 0.04822945594787597 -0.031140133738517758
v 0.039689287543296814 0.07021263986825942 -0.02451764792203903
v 0.04780963808298111 0.04173378273844718 -0.030035039409995076
v 0.039689287543296814 0.07021263986825942 -0.02451764792203903
v 0.04442664980888367 0.04822945594787597 -0.031140133738517758
v 0.037276145070791245 0.07029409706592558 -0.02800321020185947
v 0.037276145070791245 0.07029409706592558 -0.02800321020185947
v 0.04442664980888367 0.04822945594787597 -0.031140133738517758
v 0.04062690958380699 0.05556917935609817 -0.03199490904808044
v 0.05257339030504227 0.03339308500289916 -0.027598211541771885
v 0.050203077495098114 0.037391249090433114 -0.028959073126316067
v 0.04170425236225128 0.0701201632618904 -0.02096917293965816
v 0.04170425236225128 0.0701201632618904 -0.02096917293965816
v 0.050203077495098114 0.037391249090433114 -0.028959073126316067
v 0.039689287543296814 0.07021263986825942 -0.02451764792203903
v 0.039689287543296814 0.07021263986825942 -0.02451764792203903
v 0.050203077495098114 0.037391249090433114 -0.028959073126316067
v 0.04780963808298111 0.04173378273844718 -0.030035039409995076
v 0.04170425236225128 0.0701201632618904 -0.02096917293965816
v 0.05496054142713547 0.029209977015852925 -0.02604715526103973
v 0.05257339030504227 0.03339308500289916 -0.027598211541771885
v 0.02066805772483349 0.022297449409961697 0.059658251702785485
v 0.025026798248291016 0.02413728833198547 0.05735259130597114
v 0.024256369099020958 0.02459142170846462 0.05749548971652984
v 0.024256369099020958 0.02459142170846462 0.05749548971652984
v 0.02416205033659935 0.0247947983443737 0.05745952203869819
v 0.02066805772483349 0.022297449409961697 0.059658251702785485
v 0.023005710914731026 0.07065279036760329 0.04042451828718185
v 0.02603035420179367 0.02918223105370998 0.054982740432023995
v 0.02763178013265133 0.03345758840441703 0.05252590030431747
v 0.02603035420179367 0.02918223105370998 0.054982740432023995
v 0.023005710914731026 0.07065279036760329 0.04042451828718185
v 0.02416205033659935 0.0247947983443737 0.05745952203869819
v 0.02416205033659935 0.0247947983443737 0.05745952203869819
v 0.023005710914731026 0.07065279036760329 0.04042451828718185
v 0.01990664191544056 0.07258060574531554 0.04138104617595672
v 0.02416205033659935 0.0247947983443737 0.05745952203869819
v 0.01990664191544056 0.07258060574531554 0.04138104617595672
v 0.01622360199689865 0.07007085531949996 0.04378115013241767
v 0.04554905369877815 0.024157334119081494 0.04289338737726211
v 0.04262538254261017 0.02419234253466129 0.045764371752738946
v 0.041185375303030014 0.02394815534353256 0.047177050262689584
v 0.059823259711265564 0.022507436573505398 0.02009586431086063
v 0.05757917836308479 0.02469035983085632 0.023993315175175663
v 0.05727588012814522 0.024110777303576466 0.025227269157767292
v 0.052455123513936996 0.03361574187874793 0.027658179402351376
v 0.05503717064857483 0.028907664120197293 0.026052979752421376
v 0.042565636336803436 0.07020018249750136 0.01909820549190044
v 0.040641941130161285 0.07031396031379698 0.022836787626147267
v 0.052455123513936996 0.03361574187874793 0.027658179402351376
v 0.042565636336803436 0.07020018249750136 0.01909820549190044
v 0.040641941130161285 0.07031396031379698 0.022836787626147267
v 0.047678835690021515 0.041965492069721215 0.030092909932136532
v 0.049988023936748505 0.03779634833335876 0.02906520292162895
v 0.040641941130161285 0.07031396031379698 0.022836787626147267
v 0.049988023936748505 0.03779634833335876 0.02906520292162895
v 0.052455123513936996 0.03361574187874793 0.027658179402351376
v 0.03817450627684593 0.07238973677158354 0.025597123429179188
v 0.04438941553235054 0.04826978966593742 0.03116323798894882
v 0.040641941130161285 0.07031396031379698 0.022836787626147267
v 0.040641941130161285 0.07031396031379698 0.022836787626147267
v 0.04438941553235054 0.04826978966593742 0.03116323798894882
v 0.047678835690021515 0.041965492069721215 0.030092909932136532
v 0.03650761395692825 0.06309939175844191 0.03282131999731063
v 0.03762983903288841 0.06134285777807235 0.03247400373220443
v 0.036424051970243454 0.06929427385330199 0.029570031911134716
v 0.033381421118974686 0.07004196196794508 0.032659832388162606
v 0.03466571494936943 0.06483758985996245 0.03393152728676795
v 0.036424051970243454 0.06929427385330199 0.029570031911134716
v 0.036424051970243454 0.06929427385330199 0.029570031911134716
v 0.03466571494936943 0.06483758985996245 0.03393152728676795
v 0.03557668253779411 0.0641757622361183 0.03329630568623542
v 0.036424051970243454 0.06929427385330199 0.029570031911134716
v 0.03557668253779411 0.0641757622361183 0.03329630568623542
v 0.03650761395692825 0.06309939175844191 0.03282131999731063
v 0.036424051970243454 0.06929427385330199 0.029570031911134716
v 0.03762983903288841 0.06134285777807235 0.03247400373220443
v 0.04082857072353363 0.054907921701669686 0.03204993903636932
v 0.036424051970243454 0.06929427385330199 0.029570031911134716
v 0.04082857072353363 0.054907921701669686 0.03204993903636932
v 0.03817450627684593 0.07238973677158354 0.025597123429179188
v 0.03817450627684593 0.07238973677158354 0.025597123429179188
v 0.04082857072353363 0.054907921701669686 0.03204993903636932
v 0.04438941553235054 0.04826978966593742 0.03116323798894882
v 0.03236043080687523 0.06074384599924087 0.038012571632862084
v 0.032891713082790375 0.06322935968637465 0.03636770322918891
v 0.030347183346748352 0.07014079391956328 0.03545827791094779
v 0.030347183346748352 0.07014079391956328 0.03545827791094779
v 0.032891713082790375 0.06322935968637465 0.03636770322918891
v 0.03357820212841034 0.06460862606763838 0.03511229157447814
v 0.03357820212841034 0.06460862606763838 0.03511229157447814
v 0.033381421118974686 0.07004196196794508 0.032659832388162606
v 0.030347183346748352 0.07014079391956328 0.03545827791094779
v 0.03357820212841034 0.06460862606763838 0.03511229157447814
v 0.03466571494936943 0.06483758985996245 0.03393152728676795
v 0.033381421118974686 0.07004196196794508 0.032659832388162606
v 0.031169544905424118 0.048445172607898705 0.04431886598467826
v 0.03199329972267151 0.05540492013096809 0.04069406166672706
v 0.026880988851189613 0.06967132538557051 0.038310263305902474
v 0.026880988851189613 0.06967132538557051 0.038310263305902474
v 0.03199329972267151 0.05540492013096809 0.04069406166672706
v 0.03236043080687523 0.06074384599924087 0.038012571632862084
v 0.03236043080687523 0.06074384599924087 0.038012571632862084
v 0.030347183346748352 0.07014079391956328 0.03545827791094779
v 0.026880988851189613 0.06967132538557051 0.038310263305902474
v 0.030039973556995392 0.041755378246307366 0.047798421233892434
v 0.031169544905424118 0.048445172607898705 0.04431886598467826
v 0.023005710914731026 0.07065279036760329 0.04042451828718185
v 0.023005710914731026 0.07065279036760329 0.04042451828718185
v 0.031169544905424118 0.048445172607898705 0.04431886598467826
v 0.026880988851189613 0.06967132538557051 0.038310263305902474
v 0.023005710914731026 0.07065279036760329 0.04042451828718185
v 0.02763178013265133 0.03345758840441703 0.05252590030431747
v 0.0289666298776865 0.03740894421935081 0.050188310444355004
v 0.023005710914731026 0.07065279036760329 0.04042451828718185
v 0.0289666298776865 0.03740894421935081 0.050188310444355004
v 0.030039973556995392 0.041755378246307366 0.047798421233892434
v 0.006203222554177046 0.0702795311808586 -0.046216953545808785
v 0.004795541055500507 0.022233918309211727 -0.06299417465925215
v 0.001524436054751277 0.07002405822277068 -0.04670177772641181
v 0.024152345955371857 0.02476619370281696 -0.057475127279758446
v 0.02314193919301033 0.023963883519172665 -0.05819663777947425
v 0.018153198063373566 0.07005918025970458 -0.04302307590842246
v 0.018153198063373566 0.07005918025970458 -0.04302307590842246
v 0.02314193919301033 0.023963883519172665 -0.05819663777947425
v 0.013859101571142673 0.07231916487216948 -0.04384844005107879
v 0.013859101571142673 0.07231916487216948 -0.04384844005107879
v 0.02314193919301033 0.023963883519172665 -0.05819663777947425
v 0.018834814429283142 0.022230755537748333 -0.0603041686117649
v 0.013859101571142673 0.07231916487216948 -0.04384844005107879
v 0.018834814429283142 0.022230755537748333 -0.0603041686117649
v 0.009846130385994911 0.07257212698459624 -0.044853717088699334
v 0.009846130385994911 0.07257212698459624 -0.044853717088699334
v 0.018834814429283142 0.022230755537748333 -0.0603041686117649
v 0.014124995097517967 0.0220459159463644 -0.061629019677639
v 0.009846130385994911 0.07257212698459624 -0.044853717088699334
v 0.014124995097517967 0.0220459159463644 -0.061629019677639
v 0.006203222554177046 0.0702795311808586 -0.046216953545808785
v 0.006203222554177046 0.0702795311808586 -0.046216953545808785
v 0.014124995097517967 0.0220459159463644 -0.061629019677639
v 0.009639959782361984 0.022171201184391972 -0.062449492514133446
v 0.006203222554177046 0.0702795311808586 -0.046216953545808785
v 0.009639959782361984 0.022171201184391972 -0.062449492514133446
v 0.004795541055500507 0.022233918309211727 -0.06299417465925215
v -0.02429179474711418 0.024548290297389027 -0.05749817192554473
v -0.024167196825146675 0.024795437231659886 -0.057453941553831094
v -0.023144200444221497 0.023964058607816693 -0.05819562077522277
v -0.023144200444221497 0.023964058607816693 -0.05819562077522277
v -0.024167196825146675 0.024795437231659886 -0.057453941553831094
v -0.01801544427871704 0.06996258348226546 -0.04310793429613113
v -0.023144200444221497 0.023964058607816693 -0.05819562077522277
v -0.01801544427871704 0.06996258348226546 -0.04310793429613113
v -0.014215784147381783 0.07024168223142623 -0.044423855841159814
v 0.001524436054751277 0.07002405822277068 -0.04670177772641181
v 0.004795541055500507 0.022233918309211727 -0.06299417465925215
v -1.2903165043098852e-05 0.02205713093280792 -0.06322378665208815
v 0.001524436054751277 0.07002405822277068 -0.04670177772641181
v -1.2903165043098852e-05 0.02205713093280792 -0.06322378665208815
v -0.0021266385447233915 0.07019075751304625 -0.04660708457231521
v -0.0021266385447233915 0.07019075751304625 -0.04660708457231521
v -1.2903165043098852e-05 0.02205713093280792 -0.06322378665208815
v -0.004769643768668175 0.022166226059198376 -0.06301132589578627
v -0.0021266385447233915 0.07019075751304625 -0.04660708457231521
v -0.004769643768668175 0.022166226059198376 -0.06301132589578627
v -0.00621939217671752 0.07233179360628127 -0.045561138540506356
v -0.00621939217671752 0.07233179360628127 -0.045561138540506356
v -0.004769643768668175 0.022166226059198376 -0.06301132589578627
v -0.009475300088524818 0.022236146032810208 -0.0624612346291542
v -0.00621939217671752 0.07233179360628127 -0.045561138540506356
v -0.009475300088524818 0.022236146032810208 -0.0624612346291542
v -0.010270895436406136 0.07256734371185301 -0.044758938252925866
v -0.010270895436406136 0.07256734371185301 -0.044758938252925866
v -0.009475300088524818 0.022236146032810208 -0.0624612346291542
v -0.014312095940113068 0.022051835432648655 -0.061584223061799996
v -0.010270895436406136 0.07256734371185301 -0.044758938252925866
v -0.014312095940113068 0.022051835432648655 -0.061584223061799996
v -0.014215784147381783 0.07024168223142623 -0.044423855841159814
v -0.014215784147381783 0.07024168223142623 -0.044423855841159814
v -0.014312095940113068 0.022051835432648655 -0.061584223061799996
v -0.01870874874293804 0.022172262892127034 -0.0603555254638195
v -0.014215784147381783 0.07024168223142623 -0.044423855841159814
v -0.01870874874293804 0.022172262892127034 -0.0603555254638195
v -0.023144200444221497 0.023964058607816693 -0.05819562077522277
v -0.04636235535144806 0.07022461295127867 -0.005154422018676995
v -0.061785660684108734 0.022231061011552807 -0.013174325227737425
v -0.06268192082643509 0.022031633183360096 -0.008283358998596667
v -0.055045709013938904 0.028894295915961262 -0.026047121733427044
v -0.05747780576348305 0.024760060012340542 -0.024151304736733433
v -0.04284503310918808 0.07247457653284071 -0.016586963087320324
v -0.04284503310918808 0.07247457653284071 -0.016586963087320324
v -0.05747780576348305 0.024760060012340542 -0.024151304736733433
v -0.044129569083452225 0.07240274548530577 -0.012877320870757101
v -0.044129569083452225 0.07240274548530577 -0.012877320870757101
v -0.05747780576348305 0.024760060012340542 -0.024151304736733433
v -0.05994618684053421 0.024017127230763432 -0.018103932961821553
v -0.044129569083452225 0.07240274548530577 -0.012877320870757101
v -0.05994618684053421 0.024017127230763432 -0.018103932961821553
v -0.045087285339832306 0.07243539392948149 -0.008927567861974238
v -0.045087285339832306 0.07243539392948149 -0.008927567861974238
v -0.05994618684053421 0.024017127230763432 -0.018103932961821553
v -0.061785660684108734 0.022231061011552807 -0.013174325227737425
v -0.045087285339832306 0.07243539392948149 -0.008927567861974238
v -0.061785660684108734 0.022231061011552807 -0.013174325227737425
v -0.04636235535144806 0.07022461295127867 -0.005154422018676995
v -0.05505337938666344 0.02905967645347118 0.02597885206341743
v -0.04258095845580101 0.07018908858299254 0.019071983173489567
v -0.04412440210580826 0.07018236070871352 0.015170364640653132
v -0.05505337938666344 0.02905967645347118 0.02597885206341743
v -0.04412440210580826 0.07018236070871352 0.015170364640653132
v -0.059876248240470886 0.022558528929948803 0.01989992521703243
v -0.059876248240470886 0.022558528929948803 0.01989992521703243
v -0.04412440210580826 0.07018236070871352 0.015170364640653132
v -0.04527432844042778 0.07021109759807585 0.011253856122493742
v -0.06268192082643509 0.022031633183360096 -0.008283358998596667
v -0.06308163702487946 0.02217680215835571 -0.003710613120347261
v -0.04636235535144806 0.07022461295127867 -0.005154422018676995
v -0.04636235535144806 0.07022461295127867 -0.005154422018676995
v -0.06308163702487946 0.02217680215835571 -0.003710613120347261
v -0.04666226729750633 0.07013305276632308 -0.0009906693594530223
v -0.04666226729750633 0.07013305276632308 -0.0009906693594530223
v -0.06308163702487946 0.02217680215835571 -0.003710613120347261
v -0.06317594647407532 0.022186361253261563 0.0011755153536796568
v -0.04666226729750633 0.07013305276632308 -0.0009906693594530223
v -0.06317594647407532 0.022186361253261563 0.0011755153536796568
v -0.04586903750896454 0.07235193997621535 0.0031804605387151237
v -0.04586903750896454 0.07235193997621535 0.0031804605387151237
v -0.06317594647407532 0.022186361253261563 0.0011755153536796568
v -0.0629030093550682 0.022233121097087857 0.005872786976397037
v -0.04586903750896454 0.07235193997621535 0.0031804605387151237
v -0.0629030093550682 0.022233121097087857 0.005872786976397037
v -0.045346759259700775 0.0725656896829605 0.00724714808166027
v -0.045346759259700775 0.0725656896829605 0.00724714808166027
v -0.0629030093550682 0.022233121097087857 0.005872786976397037
v -0.06230153143405914 0.022056784480810162 0.010761114768683909
v -0.045346759259700775 0.0725656896829605 0.00724714808166027
v -0.06230153143405914 0.022056784480810162 0.010761114768683909
v -0.04527432844042778 0.07021109759807585 0.011253856122493742
v -0.04527432844042778 0.07021109759807585 0.011253856122493742
v -0.06230153143405914 0.022056784480810162 0.010761114768683909
v -0.0613270103931427 0.02218482084572315 0.015211686491966246
v -0.04527432844042778 0.07021109759807585 0.011253856122493742
v -0.0613270103931427 0.02218482084572315 0.015211686491966246
v -0.059876248240470886 0.022558528929948803 0.01989992521703243
v -0.016488034278154373 0.07024873793125151 0.04362022876739501
v -0.02415197156369686 0.02476580254733562 0.057476244866847985
v -0.021306227892637253 0.0234520211815834 0.05903231352567672
v -0.016488034278154373 0.07024873793125151 0.04362022876739501
v -0.021306227892637253 0.0234520211815834 0.05903231352567672
v -0.011897293850779533 0.07236225903034209 0.044413387775421136
v -0.011897293850779533 0.07236225903034209 0.044413387775421136
v -0.021306227892637253 0.0234520211815834 0.05903231352567672
v -0.01654711738228798 0.02223378792405128 0.06097086519002914
v -0.011897293850779533 0.07236225903034209 0.044413387775421136
v -0.01654711738228798 0.02223378792405128 0.06097086519002914
v -0.007867185398936272 0.07231274247169493 0.04531015455722808
v -0.007867185398936272 0.07231274247169493 0.04531015455722808
v -0.01654711738228798 0.02223378792405128 0.06097086519002914
v -0.011761498637497425 0.022229589521884915 0.06207307055592536
v -0.007867185398936272 0.07231274247169493 0.04531015455722808
v -0.011761498637497425 0.022229589521884915 0.06207307055592536
v -0.004162134137004614 0.06998897343873976 0.04653013497591018
v -0.004162134137004614 0.06998897343873976 0.04653013497591018
v -0.011761498637497425 0.022229589521884915 0.06207307055592536
v -0.007011201698333025 0.022035144269466397 0.06283975392580031
v -0.007011201698333025 0.022035144269466397 0.06283975392580031
v -0.00244961678981781 0.02218138240277767 0.06313996016979216
v -0.004162134137004614 0.06998897343873976 0.04653013497591018
v -0.004162134137004614 0.06998897343873976 0.04653013497591018
v -0.00244961678981781 0.02218138240277767 0.06313996016979216
v 8.819172944640741e-05 0.07256371527910231 0.04592169076204299
v 8.819172944640741e-05 0.07256371527910231 0.04592169076204299
v -0.00244961678981781 0.02218138240277767 0.06313996016979216
v 0.002261432120576501 0.022223334759473797 0.06313835084438323
v 8.819172944640741e-05 0.07256371527910231 0.04592169076204299
v 0.002261432120576501 0.022223334759473797 0.06313835084438323
v 0.004100444260984659 0.07010697573423384 0.04650016874074935
v 0.004100444260984659 0.07010697573423384 0.04650016874074935
v 0.002261432120576501 0.022223334759473797 0.06313835084438323
v 0.007171057164669037 0.022060679271817204 0.06281492859125136
v 0.004100444260984659 0.07010697573423384 0.04650016874074935
v 0.007171057164669037 0.022060679271817204 0.06281492859125136
v 0.008215967565774918 0.07020545750856398 0.045924179255962365
v 0.008215967565774918 0.07020545750856398 0.045924179255962365
v 0.007171057164669037 0.022060679271817204 0.06281492859125136
v 0.011783875524997711 0.022255375981330868 0.06206155568361282
v 0.008215967565774918 0.07020545750856398 0.045924179255962365
v 0.011783875524997711 0.022255375981330868 0.06206155568361282
v 0.012252352200448513 0.0723186209797859 0.044324401766061776
v 0.012252352200448513 0.0723186209797859 0.044324401766061776
v 0.011783875524997711 0.022255375981330868 0.06206155568361282
v 0.016584401950240135 0.02222459018230438 0.0609629712998867
v 0.012252352200448513 0.0723186209797859 0.044324401766061776
v 0.016584401950240135 0.02222459018230438 0.0609629712998867
v 0.01622360199689865 0.07007085531949996 0.04378115013241767
v 0.01622360199689865 0.07007085531949996 0.04378115013241767
v 0.016584401950240135 0.02222459018230438 0.0609629712998867
v 0.02066805772483349 0.022297449409961697 0.059658251702785485
v 0.01622360199689865 0.07007085531949996 0.04378115013241767
v 0.02066805772483349 0.022297449409961697 0.059658251702785485
v 0.02416205033659935 0.0247947983443737 0.05745952203869819
v 0.042565636336803436 0.07020018249750136 0.01909820549190044
v 0.05503717064857483 0.028907664120197293 0.026052979752421376
v 0.05757917836308479 0.02469035983085632 0.023993315175175663
v 0.042565636336803436 0.07020018249750136 0.01909820549190044
v 0.05757917836308479 0.02469035983085632 0.023993315175175663
v 0.044125013053417206 0.07019343227148055 0.015156474895775316
v 0.044125013053417206 0.07019343227148055 0.015156474895775316
v 0.05757917836308479 0.02469035983085632 0.023993315175175663
v 0.059823259711265564 0.022507436573505398 0.02009586431086063
v 0.044125013053417206 0.07019343227148055 0.015156474895775316
v 0.059823259711265564 0.022507436573505398 0.02009586431086063
v 0.04527539759874344 0.07020523399114607 0.011256675235927103
v 0.04527539759874344 0.07020523399114607 0.011256675235927103
v 0.059823259711265564 0.022507436573505398 0.02009586431086063
v 0.061289865523576736 0.022233203053474423 0.015324245207011698
v 0.04527539759874344 0.07020523399114607 0.011256675235927103
v 0.061289865523576736 0.022233203053474423 0.015324245207011698
v 0.045411888509988785 0.0725765749812126 0.006819791626185178
v 0.045411888509988785 0.0725765749812126 0.006819791626185178
v 0.061289865523576736 0.022233203053474423 0.015324245207011698
v 0.06233641877770424 0.0220405850559473 0.010582726448774336
v 0.045411888509988785 0.0725765749812126 0.006819791626185178
v 0.06233641877770424 0.0220405850559473 0.010582726448774336
v 0.04650534316897392 0.07033476978540419 0.003182632382959127
v 0.04650534316897392 0.07033476978540419 0.003182632382959127
v 0.06233641877770424 0.0220405850559473 0.010582726448774336
v 0.06289928406476974 0.022165482863783833 0.006060604006052016
v 0.04650534316897392 0.07033476978540419 0.003182632382959127
v 0.06289928406476974 0.022165482863783833 0.006060604006052016
v 0.06316837668418884 0.022206742316484448 0.001342547941021621
v 0.04650534316897392 0.07033476978540419 0.003182632382959127
v 0.06316837668418884 0.022206742316484448 0.001342547941021621
v 0.04666223004460335 0.07013307511806487 -0.0009907315252348778
v 0.04666223004460335 0.07013307511806487 -0.0009907315252348778
v 0.06316837668418884 0.022206742316484448 0.001342547941021621
v 0.06312207132577896 0.022063313052058216 -0.0035546603612601753
v 0.04666223004460335 0.07013307511806487 -0.0009907315252348778
v 0.06312207132577896 0.022063313052058216 -0.0035546603612601753
v 0.04636095091700554 0.07023113220930098 -0.005148766562342643
v 0.04636095091700554 0.07023113220930098 -0.005148766562342643
v 0.06312207132577896 0.022063313052058216 -0.0035546603612601753
v 0.06263818591833115 0.02225828170776367 -0.008172174915671347
v 0.04636095091700554 0.07023113220930098 -0.005148766562342643
v 0.06263818591833115 0.02225828170776367 -0.008172174915671347
v 0.04504622519016266 0.07231989502906798 -0.009251017123460768
v 0.04504622519016266 0.07231989502906798 -0.009251017123460768
v 0.06263818591833115 0.02225828170776367 -0.008172174915671347
v 0.06181369349360466 0.02223294042050838 -0.013051696121692656
v 0.04504622519016266 0.07231989502906798 -0.009251017123460768
v 0.06181369349360466 0.02223294042050838 -0.013051696121692656
v 0.04474929720163345 0.070186048746109 -0.01321375649422407
v 0.04474929720163345 0.070186048746109 -0.01321375649422407
v 0.06181369349360466 0.02223294042050838 -0.013051696121692656
v 0.0599127858877182 0.024000367149710652 -0.018216617405414578
v 0.04474929720163345 0.070186048746109 -0.01321375649422407
v 0.0599127858877182 0.024000367149710652 -0.018216617405414578
v 0.04271330311894417 0.07246860116720198 -0.01691767759621143
v 0.04271330311894417 0.07246860116720198 -0.01691767759621143
v 0.0599127858877182 0.024000367149710652 -0.018216617405414578
v 0.057465773075819016 0.024791873991489407 -0.024157280102372166
v 0.04271330311894417 0.07246860116720198 -0.01691767759621143
v 0.057465773075819016 0.024791873991489407 -0.024157280102372166
v 0.05496054142713547 0.029209977015852925 -0.02604715526103973
v 0.04194420576095581 0.01799886859953403 -0.036863777786493294
v 0.044065210968256 0.017999779433012005 -0.036876589059829705
v 0.04252373054623604 0.0179994273930788 -0.038970507681369775
v 0.04252373054623604 0.0179994273930788 -0.038970507681369775
v 0.044065210968256 0.017999779433012005 -0.036876589059829705
v 0.04439026489853859 0.017999779433012005 -0.03889039158821105
v 0.04252373054623604 0.0179994273930788 -0.038970507681369775
v 0.04439026489853859 0.017999779433012005 -0.03889039158821105
v 0.044148948043584824 0.017999779433012005 -0.04067412018775939
v 0.04252373054623604 0.0179994273930788 -0.038970507681369775
v 0.044148948043584824 0.017999779433012005 -0.04067412018775939
v 0.04199686646461487 0.0179994273930788 -0.04077648371458053
v 0.04199686646461487 0.0179994273930788 -0.04077648371458053
v 0.044148948043584824 0.017999779433012005 -0.04067412018775939
v 0.04285291209816933 0.017999777570366856 -0.0427316203713417
v 0.04199686646461487 0.0179994273930788 -0.04077648371458053
v 0.04285291209816933 0.017999777570366856 -0.0427316203713417
v 0.04063764214515686 0.0179994273930788 -0.04207705706357955
v 0.04063764214515686 0.0179994273930788 -0.04207705706357955
v 0.04285291209816933 0.017999777570366856 -0.0427316203713417
v 0.04090413823723793 0.017999777570366856 -0.04406526312232017
v 0.04063764214515686 0.0179994273930788 -0.04207705706357955
v 0.04090413823723793 0.017999777570366856 -0.04406526312232017
v 0.03881022706627846 0.01799942553043365 -0.04252378270030021
v 0.03881022706627846 0.01799942553043365 -0.04252378270030021
v 0.04090413823723793 0.017999777570366856 -0.04406526312232017
v 0.03804689645767212 0.017999775707721707 -0.0443788431584835
v 0.03881022706627846 0.01799942553043365 -0.04252378270030021
v 0.03804689645767212 0.017999775707721707 -0.0443788431584835
v 0.03700423985719681 0.01799942553043365 -0.04199691489338874
v 0.03700423985719681 0.01799942553043365 -0.04199691489338874
v 0.03804689645767212 0.017999775707721707 -0.0443788431584835
v 0.035795584321022034 0.017999775707721707 -0.04345980659127235
v 0.03700423985719681 0.01799942553043365 -0.04199691489338874
v 0.035795584321022034 0.017999775707721707 -0.04345980659127235
v 0.03570367768406868 0.01799942553043365 -0.040637683123350136
v 0.03570367768406868 0.01799942553043365 -0.040637683123350136
v 0.035795584321022034 0.017999775707721707 -0.04345980659127235
v 0.03441937267780304 0.017999775707721707 -0.04212576150894164
v 0.03570367768406868 0.01799942553043365 -0.040637683123350136
v 0.03441937267780304 0.017999775707721707 -0.04212576150894164
v 0.03358244523406029 0.017999775707721707 -0.040401466190814965
v 0.03570367768406868 0.01799942553043365 -0.040637683123350136
v 0.03358244523406029 0.017999775707721707 -0.040401466190814965
v 0.03528742492198944 0.017999676987528797 -0.03914924338459968
v 0.03528742492198944 0.017999676987528797 -0.03914924338459968
v 0.03358244523406029 0.017999775707721707 -0.040401466190814965
v 0.03338572755455971 0.017999775707721707 -0.03849492967128753
v 0.03528742492198944 0.017999676987528797 -0.03914924338459968
v 0.03338572755455971 0.017999775707721707 -0.03849492967128753
v 0.03560830280184746 0.017998866736888882 -0.03725896775722503
v 0.03560830280184746 0.017998866736888882 -0.03725896775722503
v 0.03338572755455971 0.017999775707721707 -0.03849492967128753
v 0.03402135148644447 0.017999775707721707 -0.03622063621878623
v 0.03560830280184746 0.017998866736888882 -0.03725896775722503
v 0.03402135148644447 0.017999775707721707 -0.03622063621878623
v 0.0371430441737175 0.01799942553043365 -0.03570372983813285
v 0.0371430441737175 0.01799942553043365 -0.03570372983813285
v 0.03402135148644447 0.017999775707721707 -0.03622063621878623
v 0.036008547991514206 0.017999775707721707 -0.034143827855587
v 0.0371430441737175 0.01799942553043365 -0.03570372983813285
v 0.036008547991514206 0.017999775707721707 -0.034143827855587
v 0.0389704704284668 0.01799942553043365 -0.03525701537728309
v 0.0389704704284668 0.01799942553043365 -0.03525701537728309
v 0.036008547991514206 0.017999775707721707 -0.034143827855587
v 0.038323916494846344 0.017999777570366856 -0.033400736749172204
v 0.0389704704284668 0.01799942553043365 -0.03525701537728309
v 0.038323916494846344 0.017999777570366856 -0.033400736749172204
v 0.04067402705550194 0.017999777570366856 -0.03363177925348281
v 0.0389704704284668 0.01799942553043365 -0.03525701537728309
v 0.04067402705550194 0.017999777570366856 -0.03363177925348281
v 0.040467649698257446 0.017999678850173947 -0.03564076125621795
v 0.040467649698257446 0.017999678850173947 -0.03564076125621795
v 0.04067402705550194 0.017999777570366856 -0.03363177925348281
v 0.04194420576095581 0.01799886859953403 -0.036863777786493294
v 0.04194420576095581 0.01799886859953403 -0.036863777786493294
v 0.04067402705550194 0.017999777570366856 -0.03363177925348281
v 0.042731545865535736 0.017999779433012005 -0.03492778912186622
v 0.04194420576095581 0.01799886859953403 -0.036863777786493294
v 0.042731545865535736 0.017999779433012005 -0.03492778912186622
v 0.044065210968256 0.017999779433012005 -0.036876589059829705
v 0.04077647626399994 0.0179994311183691 0.04199687018990516
v 0.0406741127371788 0.017999781295657154 0.044148955494165414
v 0.04273161292076111 0.017999781295657154 0.04285291954874992
v 0.04077647626399994 0.0179994311183691 0.04199687018990516
v 0.04273161292076111 0.017999781295657154 0.04285291954874992
v 0.04207704961299896 0.0179994311183691 0.04063764587044715
v 0.04207704961299896 0.0179994311183691 0.04063764587044715
v 0.04273161292076111 0.017999781295657154 0.04285291954874992
v 0.04406525567173958 0.017999783158302304 0.04090414568781852
v 0.04207704961299896 0.0179994311183691 0.04063764587044715
v 0.04406525567173958 0.017999783158302304 0.04090414568781852
v 0.04252377524971962 0.0179994311183691 0.03881023079156875
v 0.04252377524971962 0.0179994311183691 0.03881023079156875
v 0.04406525567173958 0.017999783158302304 0.04090414568781852
v 0.04437883570790291 0.017999783158302304 0.03804690018296241
v 0.04252377524971962 0.0179994311183691 0.03881023079156875
v 0.04437883570790291 0.017999783158302304 0.03804690018296241
v 0.04199691116809845 0.0179994311183691 0.0370042435824871
v 0.04199691116809845 0.0179994311183691 0.0370042435824871
v 0.04437883570790291 0.017999783158302304 0.03804690018296241
v 0.04345979914069176 0.017999781295657154 0.035795591771602624
v 0.04199691116809845 0.0179994311183691 0.0370042435824871
v 0.04345979914069176 0.017999781295657154 0.035795591771602624
v 0.040637679398059845 0.01799942925572395 0.03570368140935897
v 0.040637679398059845 0.01799942925572395 0.03570368140935897
v 0.04345979914069176 0.017999781295657154 0.035795591771602624
v 0.04212575405836105 0.017999781295657154 0.03441937640309333
v 0.040637679398059845 0.01799942925572395 0.03570368140935897
v 0.04212575405836105 0.017999781295657154 0.03441937640309333
v 0.040401458740234375 0.017999781295657154 0.03358244895935058
v 0.040637679398059845 0.01799942925572395 0.03570368140935897
v 0.040401458740234375 0.017999781295657154 0.03358244895935058
v 0.03914923593401909 0.017999680712819096 0.03528742864727973
v 0.03914923593401909 0.017999680712819096 0.03528742864727973
v 0.040401458740234375 0.017999781295657154 0.03358244895935058
v 0.03849492222070694 0.017999779433012005 0.03338573127985
v 0.03914923593401909 0.017999680712819096 0.03528742864727973
v 0.03849492222070694 0.017999779433012005 0.03338573127985
v 0.03725896030664444 0.01799887046217918 0.03560830652713775
v 0.03725896030664444 0.01799887046217918 0.03560830652713775
v 0.03849492222070694 0.017999779433012005 0.03338573127985
v 0.03622063249349594 0.017999779433012005 0.034021355211734765
v 0.03725896030664444 0.01799887046217918 0.03560830652713775
v 0.03622063249349594 0.017999779433012005 0.034021355211734765
v 0.03570372238755226 0.01799942925572395 0.03714304789900779
v 0.03570372238755226 0.01799942925572395 0.03714304789900779
v 0.03622063249349594 0.017999779433012005 0.034021355211734765
v 0.03414382040500641 0.017999779433012005 0.0360085517168045
v 0.03570372238755226 0.01799942925572395 0.03714304789900779
v 0.03414382040500641 0.017999779433012005 0.0360085517168045
v 0.0352570079267025 0.01799942925572395 0.03897047415375709
v 0.0352570079267025 0.01799942925572395 0.03897047415375709
v 0.03414382040500641 0.017999779433012005 0.0360085517168045
v 0.03340073302388191 0.017999779433012005 0.038323923945426934
v 0.0352570079267025 0.01799942925572395 0.03897047415375709
v 0.03340073302388191 0.017999779433012005 0.038323923945426934
v 0.03363177180290222 0.017999779433012005 0.04067403078079223
v 0.0352570079267025 0.01799942925572395 0.03897047415375709
v 0.03363177180290222 0.017999779433012005 0.04067403078079223
v 0.03564075380563736 0.017999680712819096 0.04046765342354774
v 0.03564075380563736 0.017999680712819096 0.04046765342354774
v 0.03363177180290222 0.017999779433012005 0.04067403078079223
v 0.036863770335912704 0.01799887046217918 0.0419442132115364
v 0.036863770335912704 0.01799887046217918 0.0419442132115364
v 0.03363177180290222 0.017999779433012005 0.04067403078079223
v 0.03492778167128563 0.017999779433012005 0.042731553316116326
v 0.036863770335912704 0.01799887046217918 0.0419442132115364
v 0.03492778167128563 0.017999779433012005 0.042731553316116326
v 0.036876581609249115 0.017999779433012005 0.04406521841883659
v 0.036863770335912704 0.01799887046217918 0.0419442132115364
v 0.036876581609249115 0.017999779433012005 0.04406521841883659
v 0.038970500230789185 0.01799942925572395 0.04252373427152633
v 0.038970500230789185 0.01799942925572395 0.04252373427152633
v 0.036876581609249115 0.017999779433012005 0.04406521841883659
v 0.03889038413763046 0.017999781295657154 0.04439026862382888
v 0.038970500230789185 0.01799942925572395 0.04252373427152633
v 0.03889038413763046 0.017999781295657154 0.04439026862382888
v 0.0406741127371788 0.017999781295657154 0.044148955494165414
v 0.038970500230789185 0.01799942925572395 0.04252373427152633
v 0.0406741127371788 0.017999781295657154 0.044148955494165414
v 0.04077647626399994 0.0179994311183691 0.04199687018990516
v -0.0370042510330677 0.01799940504133701 0.04199691489338874
v -0.038046907633543015 0.017999755218625065 0.0443788431584835
v -0.03579559922218323 0.017999757081270214 0.04345980659127235
v -0.0370042510330677 0.01799940504133701 0.04199691489338874
v -0.03579559922218323 0.017999757081270214 0.04345980659127235
v -0.035703688859939575 0.01799940504133701 0.040637683123350136
v -0.035703688859939575 0.01799940504133701 0.040637683123350136
v -0.03579559922218323 0.017999757081270214 0.04345980659127235
v -0.034419383853673935 0.017999757081270214 0.04212576150894164
v -0.035703688859939575 0.01799940504133701 0.040637683123350136
v -0.034419383853673935 0.017999757081270214 0.04212576150894164
v -0.03358245640993118 0.017999757081270214 0.040401462465524667
v -0.035703688859939575 0.01799940504133701 0.040637683123350136
v -0.03358245640993118 0.017999757081270214 0.040401462465524667
v -0.035287436097860336 0.017999656498432156 0.03914923965930938
v -0.035287436097860336 0.017999656498432156 0.03914923965930938
v -0.03358245640993118 0.017999757081270214 0.040401462465524667
v -0.0333857387304306 0.017999757081270214 0.03849492967128753
v -0.035287436097860336 0.017999656498432156 0.03914923965930938
v -0.0333857387304306 0.017999757081270214 0.03849492967128753
v -0.03560831397771835 0.01799884624779224 0.03725896403193473
v -0.03560831397771835 0.01799884624779224 0.03725896403193473
v -0.0333857387304306 0.017999757081270214 0.03849492967128753
v -0.03402136266231537 0.017999757081270214 0.03622063621878623
v -0.03560831397771835 0.01799884624779224 0.03725896403193473
v -0.03402136266231537 0.017999757081270214 0.03622063621878623
v -0.037143055349588394 0.01799940504133701 0.03570372611284255
v -0.037143055349588394 0.01799940504133701 0.03570372611284255
v -0.03402136266231537 0.017999757081270214 0.03622063621878623
v -0.0360085591673851 0.017999755218625065 0.0341438241302967
v -0.037143055349588394 0.01799940504133701 0.03570372611284255
v -0.0360085591673851 0.017999755218625065 0.0341438241302967
v -0.03897048160433769 0.01799940317869186 0.03525701165199279
v -0.03897048160433769 0.01799940317869186 0.03525701165199279
v -0.0360085591673851 0.017999755218625065 0.0341438241302967
v -0.03832392767071724 0.017999755218625065 0.033400736749172204
v -0.03897048160433769 0.01799940317869186 0.03525701165199279
v -0.03832392767071724 0.017999755218625065 0.033400736749172204
v -0.04067403823137283 0.017999755218625065 0.03363177552819251
v -0.03897048160433769 0.01799940317869186 0.03525701165199279
v -0.04067403823137283 0.017999755218625065 0.03363177552819251
v -0.04046766087412834 0.017999654635787007 0.03564076125621795
v -0.04046766087412834 0.017999654635787007 0.03564076125621795
v -0.04067403823137283 0.017999755218625065 0.03363177552819251
v -0.041944216936826706 0.01799884438514709 0.036863774061202996
v -0.041944216936826706 0.01799884438514709 0.036863774061202996
v -0.04067403823137283 0.017999755218625065 0.03363177552819251
v -0.04273156076669693 0.017999753355979916 0.03492778912186622
v -0.041944216936826706 0.01799884438514709 0.036863774061202996
v -0.04273156076669693 0.017999753355979916 0.03492778912186622
v -0.04406522214412689 0.017999753355979916 0.036876585334539407
v -0.041944216936826706 0.01799884438514709 0.036863774061202996
v -0.04406522214412689 0.017999753355979916 0.036876585334539407
v -0.042523741722106934 0.01799940317869186 0.038970507681369775
v -0.042523741722106934 0.01799940317869186 0.038970507681369775
v -0.04406522214412689 0.017999753355979916 0.036876585334539407
v -0.044390276074409485 0.017999753355979916 0.038890387862920754
v -0.042523741722106934 0.01799940317869186 0.038970507681369775
v -0.044390276074409485 0.017999753355979916 0.038890387862920754
v -0.04414895921945572 0.017999753355979916 0.040674116462469094
v -0.042523741722106934 0.01799940317869186 0.038970507681369775
v -0.04414895921945572 0.017999753355979916 0.040674116462469094
v -0.041996877640485764 0.01799940317869186 0.04077648371458053
v -0.041996877640485764 0.01799940317869186 0.04077648371458053
v -0.04414895921945572 0.017999753355979916 0.040674116462469094
v -0.04285292699933052 0.017999753355979916 0.0427316203713417
v -0.041996877640485764 0.01799940317869186 0.04077648371458053
v -0.04285292699933052 0.017999753355979916 0.0427316203713417
v -0.040637653321027756 0.01799940317869186 0.042077053338289254
v -0.040637653321027756 0.01799940317869186 0.042077053338289254
v -0.04285292699933052 0.017999753355979916 0.0427316203713417
v -0.040904149413108826 0.017999755218625065 0.04406525939702987
v -0.040637653321027756 0.01799940317869186 0.042077053338289254
v -0.040904149413108826 0.017999755218625065 0.04406525939702987
v -0.03881023824214935 0.01799940504133701 0.04252377897500991
v -0.03881023824214935 0.01799940504133701 0.04252377897500991
v -0.040904149413108826 0.017999755218625065 0.04406525939702987
v -0.038046907633543015 0.017999755218625065 0.0443788431584835
v -0.03881023824214935 0.01799940504133701 0.04252377897500991
v -0.038046907633543015 0.017999755218625065 0.0443788431584835
v -0.0370042510330677 0.01799940504133701 0.04199691489338874
v -0.0368637815117836 0.017998842522501942 -0.0419442132115364
v -0.03492779657244682 0.017999753355979916 -0.042731553316116326
v -0.03687659278512001 0.017999751493334767 -0.04406521841883659
v -0.0368637815117836 0.017998842522501942 -0.0419442132115364
v -0.03687659278512001 0.017999751493334767 -0.04406521841883659
v -0.03897051140666008 0.01799940131604671 -0.04252373799681663
v -0.03897051140666008 0.01799940131604671 -0.04252373799681663
v -0.03687659278512001 0.017999751493334767 -0.04406521841883659
v -0.03889039531350136 0.017999751493334767 -0.04439027234911918
v -0.03897051140666008 0.01799940131604671 -0.04252373799681663
v -0.03889039531350136 0.017999751493334767 -0.04439027234911918
v -0.0406741239130497 0.017999751493334767 -0.044148955494165414
v -0.03897051140666008 0.01799940131604671 -0.04252373799681663
v -0.0406741239130497 0.017999751493334767 -0.044148955494165414
v -0.040776487439870834 0.017999399453401562 -0.04199687391519546
v -0.040776487439870834 0.017999399453401562 -0.04199687391519546
v -0.0406741239130497 0.017999751493334767 -0.044148955494165414
v -0.042731624096632004 0.017999749630689618 -0.04285291954874992
v -0.040776487439870834 0.017999399453401562 -0.04199687391519546
v -0.042731624096632004 0.017999749630689618 -0.04285291954874992
v -0.04207706078886986 0.017999399453401562 -0.04063764959573745
v -0.04207706078886986 0.017999399453401562 -0.04063764959573745
v -0.042731624096632004 0.017999749630689618 -0.04285291954874992
v -0.044065266847610474 0.017999749630689618 -0.04090414568781852
v -0.04207706078886986 0.017999399453401562 -0.04063764959573745
v -0.044065266847610474 0.017999749630689618 -0.04090414568781852
v -0.042523786425590515 0.017999399453401562 -0.03881023451685905
v -0.042523786425590515 0.017999399453401562 -0.03881023451685905
v -0.044065266847610474 0.017999749630689618 -0.04090414568781852
v -0.0443788506090641 0.017999749630689618 -0.03804690018296241
v -0.042523786425590515 0.017999399453401562 -0.03881023451685905
v -0.0443788506090641 0.017999749630689618 -0.03804690018296241
v -0.041996922343969345 0.017999399453401562 -0.0370042473077774
v -0.041996922343969345 0.017999399453401562 -0.0370042473077774
v -0.0443788506090641 0.017999749630689618 -0.03804690018296241
v -0.04345981031656265 0.017999749630689618 -0.035795591771602624
v -0.041996922343969345 0.017999399453401562 -0.0370042473077774
v -0.04345981031656265 0.017999749630689618 -0.035795591771602624
v -0.04063769057393074 0.01799940131604671 -0.03570368513464927
v -0.04063769057393074 0.01799940131604671 -0.03570368513464927
v -0.04345981031656265 0.017999749630689618 -0.035795591771602624
v -0.04212576895952225 0.017999751493334767 -0.03441938012838363
v -0.04063769057393074 0.01799940131604671 -0.03570368513464927
v -0.04212576895952225 0.017999751493334767 -0.03441938012838363
v -0.04040146991610527 0.017999751493334767 -0.03358244895935058
v -0.04063769057393074 0.01799940131604671 -0.03570368513464927
v -0.04040146991610527 0.017999751493334767 -0.03358244895935058
v -0.039149247109889984 0.017999652773141857 -0.03528743237257003
v -0.039149247109889984 0.017999652773141857 -0.03528743237257003
v -0.04040146991610527 0.017999751493334767 -0.03358244895935058
v -0.038494937121868134 0.017999751493334767 -0.0333857350051403
v -0.039149247109889984 0.017999652773141857 -0.03528743237257003
v -0.038494937121868134 0.017999751493334767 -0.0333857350051403
v -0.037258971482515335 0.017998842522501942 -0.03560831025242805
v -0.037258971482515335 0.017998842522501942 -0.03560831025242805
v -0.038494937121868134 0.017999751493334767 -0.0333857350051403
v -0.03622064366936684 0.017999753355979916 -0.03402135893702506
v -0.037258971482515335 0.017998842522501942 -0.03560831025242805
v -0.03622064366936684 0.017999753355979916 -0.03402135893702506
v -0.03570373356342316 0.01799940131604671 -0.03714304789900779
v -0.03570373356342316 0.01799940131604671 -0.03714304789900779
v -0.03622064366936684 0.017999753355979916 -0.03402135893702506
v -0.034143831580877304 0.017999753355979916 -0.036008555442094796
v -0.03570373356342316 0.01799940131604671 -0.03714304789900779
v -0.034143831580877304 0.017999753355979916 -0.036008555442094796
v -0.035257019102573395 0.01799940131604671 -0.03897047415375709
v -0.035257019102573395 0.01799940131604671 -0.03897047415375709
v -0.034143831580877304 0.017999753355979916 -0.036008555442094796
v -0.03340074419975281 0.017999753355979916 -0.038323923945426934
v -0.035257019102573395 0.01799940131604671 -0.03897047415375709
v -0.03340074419975281 0.017999753355979916 -0.038323923945426934
v -0.03363178297877312 0.017999753355979916 -0.04067403450608253
v -0.035257019102573395 0.01799940131604671 -0.03897047415375709
v -0.03363178297877312 0.017999753355979916 -0.04067403450608253
v -0.035640764981508255 0.017999652773141857 -0.040467657148838036
v -0.035640764981508255 0.017999652773141857 -0.040467657148838036
v -0.03363178297877312 0.017999753355979916 -0.04067403450608253
v -0.0368637815117836 0.017998842522501942 -0.0419442132115364
v -0.0368637815117836 0.017998842522501942 -0.0419442132115364
v -0.03363178297877312 0.017999753355979916 -0.04067403450608253
v -0.03492779657244682 0.017999753355979916 -0.042731553316116326
v -0.01870874874293804 0.022172262892127034 -0.0603555254638195
v -0.02341216616332531 0.021436661481857296 -0.05887170135974883
v -0.023144200444221497 0.023964058607816693 -0.05819562077522277
v -0.023144200444221497 0.023964058607816693 -0.05819562077522277
v -0.02341216616332531 0.021436661481857296 -0.05887170135974883
v -0.027797508984804153 0.021436661481857296 -0.0569324642419815
v -0.023144200444221497 0.023964058607816693 -0.05819562077522277
v -0.027797508984804153 0.021436661481857296 -0.0569324642419815
v -0.027506861835718155 0.024082444608211514 -0.05622960627079009
v -0.039902426302433014 0.021436657756566998 -0.04921182990074157
v -0.03551805391907692 0.024189101532101628 -0.05148788914084434
v -0.03606632724404335 0.021436657756566998 -0.052088655531406396
v -0.03606632724404335 0.021436657756566998 -0.052088655531406396
v -0.03551805391907692 0.024189101532101628 -0.05148788914084434
v -0.032023631036281586 0.021436659619212147 -0.054667122662067406
v -0.032023631036281586 0.021436659619212147 -0.054667122662067406
v -0.03551805391907692 0.024189101532101628 -0.05148788914084434
v -0.03168264776468277 0.02419805340468883 -0.053923223167657845
v -0.032023631036281586 0.021436659619212147 -0.054667122662067406
v -0.03168264776468277 0.02419805340468883 -0.053923223167657845
v -0.027797508984804153 0.021436661481857296 -0.0569324642419815
v -0.027797508984804153 0.021436661481857296 -0.0569324642419815
v -0.03168264776468277 0.02419805340468883 -0.053923223167657845
v -0.027506861835718155 0.024082444608211514 -0.05622960627079009
v -0.04350997880101204 0.02143665589392185 -0.04605311900377273
v -0.03925436735153198 0.024094931781291958 -0.04874864220619201
v -0.039902426302433014 0.021436657756566998 -0.04921182990074157
v -0.039902426302433014 0.021436657756566998 -0.04921182990074157
v -0.03925436735153198 0.024094931781291958 -0.04874864220619201
v -0.03551805391907692 0.024189101532101628 -0.05148788914084434
v -0.049958180636167526 0.0214366540312767 -0.03896392509341239
v -0.045923344790935516 0.02416494861245155 -0.04249309375882148
v -0.046868301928043365 0.02143665589392185 -0.0426306128501892
v -0.046868301928043365 0.02143665589392185 -0.0426306128501892
v -0.045923344790935516 0.02416494861245155 -0.04249309375882148
v -0.04350997880101204 0.02143665589392185 -0.04605311900377273
v -0.04350997880101204 0.02143665589392185 -0.04605311900377273
v -0.045923344790935516 0.02416494861245155 -0.04249309375882148
v -0.04271348565816879 0.024092011153697964 -0.04575131461024284
v -0.04350997880101204 0.02143665589392185 -0.04605311900377273
v -0.04271348565816879 0.024092011153697964 -0.04575131461024284
v -0.03925436735153198 0.024094931781291958 -0.04874864220619201
v -0.05276188999414444 0.0214366540312767 -0.035074066370725625
v -0.049067214131355286 0.024004459381103512 -0.03891200944781303
v -0.049958180636167526 0.0214366540312767 -0.03896392509341239
v -0.049958180636167526 0.0214366540312767 -0.03896392509341239
v -0.049067214131355286 0.024004459381103512 -0.03891200944781303
v -0.045923344790935516 0.02416494861245155 -0.04249309375882148
v -0.057448357343673706 0.02143665216863155 -0.026715071871876713
v -0.054175443947315216 0.0240997988730669 -0.03135669231414794
v -0.055263396352529526 0.02143665216863155 -0.030983297154307362
v -0.055263396352529526 0.02143665216863155 -0.030983297154307362
v -0.054175443947315216 0.0240997988730669 -0.03135669231414794
v -0.05276188999414444 0.0214366540312767 -0.035074066370725625
v -0.05276188999414444 0.0214366540312767 -0.035074066370725625
v -0.054175443947315216 0.0240997988730669 -0.03135669231414794
v -0.051652807742357254 0.02411747723817825 -0.035341143608093255
v -0.05276188999414444 0.0214366540312767 -0.035074066370725625
v -0.051652807742357254 0.02411747723817825 -0.035341143608093255
v -0.049067214131355286 0.024004459381103512 -0.03891200944781303
v -0.05994618684053421 0.024017127230763432 -0.018103932961821553
v -0.05749630182981491 0.02422203496098518 -0.024621738120913502
v -0.05930424854159355 0.02143665216863155 -0.02229380793869495
v -0.05930424854159355 0.02143665216863155 -0.02229380793869495
v -0.05749630182981491 0.02422203496098518 -0.024621738120913502
v -0.05644744634628296 0.0241610761731863 -0.02700535766780376
v -0.05930424854159355 0.02143665216863155 -0.02229380793869495
v -0.05644744634628296 0.0241610761731863 -0.02700535766780376
v -0.057448357343673706 0.02143665216863155 -0.026715071871876713
v -0.057448357343673706 0.02143665216863155 -0.026715071871876713
v -0.05644744634628296 0.0241610761731863 -0.02700535766780376
v -0.054175443947315216 0.0240997988730669 -0.03135669231414794
v -0.05994618684053421 0.024017127230763432 -0.018103932961821553
v -0.05930424854159355 0.02143665216863155 -0.02229380793869495
v -0.06082046031951904 0.02143665216863155 -0.017744855955243107
v -0.05994618684053421 0.024017127230763432 -0.018103932961821553
v -0.06082046031951904 0.02143665216863155 -0.017744855955243107
v -0.061785660684108734 0.022231061011552807 -0.013174325227737425
v -0.058418113738298416 0.0214366540312767 0.024522064253687855
v -0.05717955157160759 0.02414842881262302 0.02541021071374416
v -0.059876248240470886 0.022558528929948803 0.01989992521703243
v -0.05717955157160759 0.02414842881262302 0.02541021071374416
v -0.058418113738298416 0.0214366540312767 0.024522064253687855
v -0.05593918263912201 0.024026291444897648 0.028129635378718373
v -0.05593918263912201 0.024026291444897648 0.028129635378718373
v -0.058418113738298416 0.0214366540312767 0.024522064253687855
v -0.0563962385058403 0.02143665589392185 0.028869925066828724
v -0.05593918263912201 0.024026291444897648 0.028129635378718373
v -0.0563962385058403 0.02143665589392185 0.028869925066828724
v -0.053761132061481476 0.024167329072952267 0.03198887407779693
v -0.053761132061481476 0.024167329072952267 0.03198887407779693
v -0.0563962385058403 0.02143665589392185 0.028869925066828724
v -0.05405132472515106 0.02143665589392185 0.033052418380975716
v -0.053761132061481476 0.024167329072952267 0.03198887407779693
v -0.05405132472515106 0.02143665589392185 0.033052418380975716
v -0.05139680951833725 0.021436657756566998 0.03704558685421943
v -0.053761132061481476 0.024167329072952267 0.03198887407779693
v -0.05139680951833725 0.021436657756566998 0.03704558685421943
v -0.05126718059182167 0.024146642535924908 0.035884503275156014
v -0.041736047714948654 0.021436661481857296 0.04766665399074554
v -0.045462243258953094 0.024154063314199444 0.04298967868089675
v -0.0452214851975441 0.021436659619212147 0.044373694807291024
v -0.0452214851975441 0.021436659619212147 0.044373694807291024
v -0.045462243258953094 0.024154063314199444 0.04298967868089675
v -0.04844789579510689 0.021436657756566998 0.04082656279206275
v -0.04844789579510689 0.021436657756566998 0.04082656279206275
v -0.045462243258953094 0.024154063314199444 0.04298967868089675
v -0.048558514565229416 0.02414930239319801 0.039471335709094994
v -0.04844789579510689 0.021436657756566998 0.04082656279206275
v -0.048558514565229416 0.02414930239319801 0.039471335709094994
v -0.05139680951833725 0.021436657756566998 0.03704558685421943
v -0.05139680951833725 0.021436657756566998 0.03704558685421943
v -0.048558514565229416 0.02414930239319801 0.039471335709094994
v -0.05126718059182167 0.024146642535924908 0.035884503275156014
v -0.038011543452739716 0.021436661481857296 0.05068658292293548
v -0.04113471508026123 0.023948146030306813 0.04721895977854728
v -0.041736047714948654 0.021436661481857296 0.04766665399074554
v -0.041736047714948654 0.021436661481857296 0.04766665399074554
v -0.04113471508026123 0.023948146030306813 0.04721895977854728
v -0.045462243258953094 0.024154063314199444 0.04298967868089675
v -0.029931945726275444 0.021436665207147595 0.055839821696281426
v -0.03373745083808899 0.023980939760804173 0.052753724157810204
v -0.03406931087374687 0.021436663344502446 0.05341618135571479
v -0.03406931087374687 0.021436663344502446 0.05341618135571479
v -0.03373745083808899 0.023980939760804173 0.052753724157810204
v -0.038011543452739716 0.021436661481857296 0.05068658292293548
v -0.038011543452739716 0.021436661481857296 0.05068658292293548
v -0.03373745083808899 0.023980939760804173 0.052753724157810204
v -0.036055102944374084 0.024083947762846943 0.051187343895435326
v -0.038011543452739716 0.021436661481857296 0.05068658292293548
v -0.036055102944374084 0.024083947762846943 0.051187343895435326
v -0.04113471508026123 0.023948146030306813 0.04721895977854728
v -0.021306227892637253 0.0234520211815834 0.05903231352567672
v -0.02509400062263012 0.024221729487180706 0.0572761483490467
v -0.025623131543397903 0.021436667069792744 0.05794361233711242
v -0.025623131543397903 0.021436667069792744 0.05794361233711242
v -0.02509400062263012 0.024221729487180706 0.0572761483490467
v -0.029444674029946327 0.023958601057529446 0.05526832863688468
v -0.025623131543397903 0.021436667069792744 0.05794361233711242
v -0.029444674029946327 0.023958601057529446 0.05526832863688468
v -0.029931945726275444 0.021436665207147595 0.055839821696281426
v -0.029931945726275444 0.021436665207147595 0.055839821696281426
v -0.029444674029946327 0.023958601057529446 0.05526832863688468
v -0.03373745083808899 0.023980939760804173 0.052753724157810204
v -0.021306227892637253 0.0234520211815834 0.05903231352567672
v -0.025623131543397903 0.021436667069792744 0.05794361233711242
v -0.021167537197470665 0.021436667069792744 0.05971551313996314
v -0.021306227892637253 0.0234520211815834 0.05903231352567672
v -0.021167537197470665 0.021436667069792744 0.05971551313996314
v -0.01654711738228798 0.02223378792405128 0.06097086519002914
v 0.03548840805888176 0.024167189374566075 0.05152066051959991
v 0.032214004546403885 0.024145640432834622 0.053654246032238
v 0.03406935930252075 0.021436685696244236 0.053416144102811806
v 0.03406935930252075 0.021436685696244236 0.053416144102811806
v 0.032214004546403885 0.024145640432834622 0.053654246032238
v 0.028750820085406303 0.023981049656867977 0.05563459172844886
v 0.03406935930252075 0.021436685696244236 0.053416144102811806
v 0.028750820085406303 0.023981049656867977 0.05563459172844886
v 0.029931996017694473 0.021436683833599087 0.05583978816866874
v 0.029931996017694473 0.021436683833599087 0.05583978816866874
v 0.028750820085406303 0.023981049656867977 0.05563459172844886
v 0.025623181834816933 0.021436683833599087 0.05794358253479003
v 0.025623181834816933 0.021436683833599087 0.05794358253479003
v 0.028750820085406303 0.023981049656867977 0.05563459172844886
v 0.025026798248291016 0.02413728833198547 0.05735259130597114
v 0.025623181834816933 0.021436683833599087 0.05794358253479003
v 0.025026798248291016 0.02413728833198547 0.05735259130597114
v 0.02066805772483349 0.022297449409961697 0.059658251702785485
v 0.03548840805888176 0.024167189374566075 0.05152066051959991
v 0.03406935930252075 0.021436685696244236 0.053416144102811806
v 0.03871772438287735 0.02413620054721832 0.04917990043759345
v 0.03871772438287735 0.02413620054721832 0.04917990043759345
v 0.03406935930252075 0.021436685696244236 0.053416144102811806
v 0.038011584430933 0.021436687558889386 0.050686541944742196
v 0.03871772438287735 0.02413620054721832 0.04917990043759345
v 0.038011584430933 0.021436687558889386 0.050686541944742196
v 0.041185375303030014 0.02394815534353256 0.047177050262689584
v 0.041185375303030014 0.02394815534353256 0.047177050262689584
v 0.038011584430933 0.021436687558889386 0.050686541944742196
v 0.04173608869314194 0.021436687558889386 0.047666609287261956
v 0.041185375303030014 0.02394815534353256 0.047177050262689584
v 0.04173608869314194 0.021436687558889386 0.047666609287261956
v 0.04522152245044708 0.021436689421534535 0.044373646378517144
v 0.041185375303030014 0.02394815534353256 0.047177050262689584
v 0.04522152245044708 0.021436689421534535 0.044373646378517144
v 0.04554905369877815 0.024157334119081494 0.04289338737726211
v 0.04554905369877815 0.024157334119081494 0.04289338737726211
v 0.04522152245044708 0.021436689421534535 0.044373646378517144
v 0.048447925597429276 0.021436689421534535 0.040826510637998574
v 0.04554905369877815 0.024157334119081494 0.04289338737726211
v 0.048447925597429276 0.021436689421534535 0.040826510637998574
v 0.04860972240567207 0.024148473516106602 0.03941132128238677
v 0.04860972240567207 0.024148473516106602 0.03941132128238677
v 0.048447925597429276 0.021436689421534535 0.040826510637998574
v 0.05128408595919609 0.024096535518765446 0.03589534386992454
v 0.05128408595919609 0.024096535518765446 0.03589534386992454
v 0.048447925597429276 0.021436689421534535 0.040826510637998574
v 0.05139683932065964 0.021436691284179684 0.037045527249574654
v 0.05128408595919609 0.024096535518765446 0.03589534386992454
v 0.05139683932065964 0.021436691284179684 0.037045527249574654
v 0.05405135080218315 0.021436691284179684 0.03305235877633094
v 0.05128408595919609 0.024096535518765446 0.03589534386992454
v 0.05405135080218315 0.021436691284179684 0.03305235877633094
v 0.05381385236978531 0.024123875424265858 0.03193188458681106
v 0.05381385236978531 0.024123875424265858 0.03193188458681106
v 0.05405135080218315 0.021436691284179684 0.03305235877633094
v 0.056396257132291794 0.021436691284179684 0.02886986173689365
v 0.05381385236978531 0.024123875424265858 0.03193188458681106
v 0.056396257132291794 0.021436691284179684 0.02886986173689365
v 0.05603579059243202 0.024161925539374348 0.027833746746182438
v 0.05603579059243202 0.024161925539374348 0.027833746746182438
v 0.056396257132291794 0.021436691284179684 0.02886986173689365
v 0.05727588012814522 0.024110777303576466 0.025227269157767292
v 0.05727588012814522 0.024110777303576466 0.025227269157767292
v 0.056396257132291794 0.021436691284179684 0.02886986173689365
v 0.05841812863945961 0.021436693146824833 0.024521997198462483
v 0.05727588012814522 0.024110777303576466 0.025227269157767292
v 0.05841812863945961 0.021436693146824833 0.024521997198462483
v 0.059823259711265564 0.022507436573505398 0.02009586431086063
v 0.05930421128869057 0.021436691284179684 -0.022293874993920323
v 0.0599127858877182 0.024000367149710652 -0.018216617405414578
v 0.06082042306661606 0.021436691284179684 -0.01774492301046848
v 0.06082042306661606 0.021436691284179684 -0.01774492301046848
v 0.0599127858877182 0.024000367149710652 -0.018216617405414578
v 0.06181369349360466 0.02223294042050838 -0.013051696121692656
v 0.055263347923755646 0.021436689421534535 -0.030983360484242436
v 0.054211899638175964 0.024036282673478123 -0.03132681548595428
v 0.0565098337829113 0.02404244430363178 -0.026968201622366902
v 0.055263347923755646 0.021436689421534535 -0.030983360484242436
v 0.0565098337829113 0.02404244430363178 -0.026968201622366902
v 0.057448312640190125 0.021436689421534535 -0.026715137064456936
v 0.057448312640190125 0.021436689421534535 -0.026715137064456936
v 0.0565098337829113 0.02404244430363178 -0.026968201622366902
v 0.05930421128869057 0.021436691284179684 -0.022293874993920323
v 0.05930421128869057 0.021436691284179684 -0.022293874993920323
v 0.0565098337829113 0.02404244430363178 -0.026968201622366902
v 0.05862346664071083 0.023966206237673756 -0.02203796803951263
v 0.05930421128869057 0.021436691284179684 -0.022293874993920323
v 0.05862346664071083 0.023966206237673756 -0.02203796803951263
v 0.0599127858877182 0.024000367149710652 -0.018216617405414578
v 0.054211899638175964 0.024036282673478123 -0.03132681548595428
v 0.055263347923755646 0.021436689421534535 -0.030983360484242436
v 0.05177218094468117 0.02402660250663757 -0.035224545747041695
v 0.05177218094468117 0.02402660250663757 -0.035224545747041695
v 0.055263347923755646 0.021436689421534535 -0.030983360484242436
v 0.05276183784008026 0.021436687558889386 -0.0350741259753704
v 0.05177218094468117 0.02402660250663757 -0.035224545747041695
v 0.05276183784008026 0.021436687558889386 -0.0350741259753704
v 0.04905664175748825 0.024013852700591084 -0.03891962394118308
v 0.04905664175748825 0.024013852700591084 -0.03891962394118308
v 0.05276183784008026 0.021436687558889386 -0.0350741259753704
v 0.04995812475681305 0.021436687558889386 -0.03896398097276687
v 0.04905664175748825 0.024013852700591084 -0.03891962394118308
v 0.04995812475681305 0.021436687558889386 -0.03896398097276687
v 0.04686824232339859 0.021436685696244236 -0.04263066500425338
v 0.04905664175748825 0.024013852700591084 -0.03891962394118308
v 0.04686824232339859 0.021436685696244236 -0.04263066500425338
v 0.04586457088589668 0.024168418720364567 -0.042551767081022256
v 0.04586457088589668 0.024168418720364567 -0.042551767081022256
v 0.04686824232339859 0.021436685696244236 -0.04263066500425338
v 0.04350991174578667 0.021436683833599087 -0.04605316743254661
v 0.04586457088589668 0.024168418720364567 -0.042551767081022256
v 0.04350991174578667 0.021436683833599087 -0.04605316743254661
v 0.04268655180931091 0.024095259606838223 -0.04577478021383285
v 0.04268655180931091 0.024095259606838223 -0.04577478021383285
v 0.04350991174578667 0.021436683833599087 -0.04605316743254661
v 0.039219554513692856 0.024098057299852368 -0.0487743318080902
v 0.039219554513692856 0.024098057299852368 -0.0487743318080902
v 0.04350991174578667 0.021436683833599087 -0.04605316743254661
v 0.03990235552191734 0.021436683833599087 -0.04921187460422515
v 0.039219554513692856 0.024098057299852368 -0.0487743318080902
v 0.03990235552191734 0.021436683833599087 -0.04921187460422515
v 0.03606625646352768 0.021436681970953938 -0.05208869650959968
v 0.039219554513692856 0.024098057299852368 -0.0487743318080902
v 0.03606625646352768 0.021436681970953938 -0.05208869650959968
v 0.03551306948065758 0.024154104292392727 -0.05150805413722991
v 0.03551306948065758 0.024154104292392727 -0.05150805413722991
v 0.03606625646352768 0.021436681970953938 -0.05208869650959968
v 0.032023556530475616 0.02143668010830879 -0.05466715991497039
v 0.03551306948065758 0.024154104292392727 -0.05150805413722991
v 0.032023556530475616 0.02143668010830879 -0.05466715991497039
v 0.031655002385377884 0.02427292242646217 -0.05388886854052543
v 0.031655002385377884 0.02427292242646217 -0.05388886854052543
v 0.032023556530475616 0.02143668010830879 -0.05466715991497039
v 0.027568122372031212 0.02421184256672859 -0.056139647960662835
v 0.027568122372031212 0.02421184256672859 -0.056139647960662835
v 0.032023556530475616 0.02143668010830879 -0.05466715991497039
v 0.027797430753707886 0.02143667824566364 -0.056932497769594186
v 0.027568122372031212 0.02421184256672859 -0.056139647960662835
v 0.027797430753707886 0.02143667824566364 -0.056932497769594186
v 0.02314193919301033 0.023963883519172665 -0.05819663777947425
v 0.02314193919301033 0.023963883519172665 -0.05819663777947425
v 0.027797430753707886 0.02143667824566364 -0.056932497769594186
v 0.023412086069583893 0.02143667638301849 -0.05887172743678092
v 0.02314193919301033 0.023963883519172665 -0.05819663777947425
v 0.023412086069583893 0.02143667638301849 -0.05887172743678092
v 0.018834814429283142 0.022230755537748333 -0.0603041686117649
v -0.00718323141336441 0.01757574267685413 0.06355047971010207
v -0.0017754699802026153 0.015844436362385746 0.06399297714233397
v -0.002416550414636731 0.018431622534990307 0.0638148710131645
v -0.002416550414636731 0.018431622534990307 0.0638148710131645
v -0.0017754699802026153 0.015844436362385746 0.06399297714233397
v 0.0028599111828953028 0.017742002382874485 0.06387832015752791
v -1.2903165043098852e-05 0.02205713093280792 -0.06322378665208815
v -0.00014596582332160324 0.017601067200303074 -0.06395301967859267
v -0.004769643768668175 0.022166226059198376 -0.06301132589578627
v -0.004769643768668175 0.022166226059198376 -0.06301132589578627
v -0.00014596582332160324 0.017601067200303074 -0.06395301967859267
v -0.0049822391010820866 0.017601117491722103 -0.06375882029533385
v -0.004769643768668175 0.022166226059198376 -0.06301132589578627
v -0.0049822391010820866 0.017601117491722103 -0.06375882029533385
v -0.009475300088524818 0.022236146032810208 -0.0624612346291542
v -0.009475300088524818 0.022236146032810208 -0.0624612346291542
v -0.0049822391010820866 0.017601117491722103 -0.06375882029533385
v -0.009824149310588837 0.017636645585298535 -0.06318791210651396
v -0.009475300088524818 0.022236146032810208 -0.0624612346291542
v -0.009824149310588837 0.017636645585298535 -0.06318791210651396
v -0.014312095940113068 0.022051835432648655 -0.061584223061799996
v -0.014312095940113068 0.022051835432648655 -0.061584223061799996
v -0.009824149310588837 0.017636645585298535 -0.06318791210651396
v -0.014587181620299816 0.017682692036032673 -0.062258563935756676
v -0.014312095940113068 0.022051835432648655 -0.061584223061799996
v -0.014587181620299816 0.017682692036032673 -0.062258563935756676
v -0.01870874874293804 0.022172262892127034 -0.0603555254638195
v -0.01870874874293804 0.022172262892127034 -0.0603555254638195
v -0.014587181620299816 0.017682692036032673 -0.062258563935756676
v -0.01921573095023632 0.017715452238917347 -0.06098938733339309
v -0.01870874874293804 0.022172262892127034 -0.0603555254638195
v -0.01921573095023632 0.017715452238917347 -0.06098938733339309
v -0.02341216616332531 0.021436661481857296 -0.05887170135974883
v -0.02341216616332531 0.021436661481857296 -0.05887170135974883
v -0.01921573095023632 0.017715452238917347 -0.06098938733339309
v -0.02376830019056797 0.017601020634174343 -0.05937236547470092
v -0.02341216616332531 0.021436661481857296 -0.05887170135974883
v -0.02376830019056797 0.017601020634174343 -0.05937236547470092
v -0.027797508984804153 0.021436661481857296 -0.0569324642419815
v -0.027797508984804153 0.021436661481857296 -0.0569324642419815
v -0.02376830019056797 0.017601020634174343 -0.05937236547470092
v -0.028178522363305092 0.017683736979961392 -0.057398449629545205
v -0.027797508984804153 0.021436661481857296 -0.0569324642419815
v -0.028178522363305092 0.017683736979961392 -0.057398449629545205
v -0.032023631036281586 0.021436659619212147 -0.054667122662067406
v -0.032023631036281586 0.021436659619212147 -0.054667122662067406
v -0.028178522363305092 0.017683736979961392 -0.057398449629545205
v -0.03225105628371239 0.017808586359024044 -0.05520782619714736
v -0.032023631036281586 0.021436659619212147 -0.054667122662067406
v -0.03225105628371239 0.017808586359024044 -0.05520782619714736
v -0.03606632724404335 0.021436657756566998 -0.052088655531406396
v -0.03606632724404335 0.021436657756566998 -0.052088655531406396
v -0.03225105628371239 0.017808586359024044 -0.05520782619714736
v -0.03649389371275902 0.017562868073582646 -0.05252370983362197
v -0.03606632724404335 0.021436657756566998 -0.052088655531406396
v -0.03649389371275902 0.017562868073582646 -0.05252370983362197
v -0.039902426302433014 0.021436657756566998 -0.04921182990074157
v -0.039902426302433014 0.021436657756566998 -0.04921182990074157
v -0.03649389371275902 0.017562868073582646 -0.05252370983362197
v -0.04041538015007973 0.017636545002460476 -0.04955627396702766
v -0.039902426302433014 0.021436657756566998 -0.04921182990074157
v -0.04041538015007973 0.017636545002460476 -0.04955627396702766
v -0.04350997880101204 0.02143665589392185 -0.04605311900377273
v -0.04350997880101204 0.02143665589392185 -0.04605311900377273
v -0.04041538015007973 0.017636545002460476 -0.04955627396702766
v -0.044090330600738525 0.01763968542218208 -0.04632002115249633
v -0.04350997880101204 0.02143665589392185 -0.04605311900377273
v -0.044090330600738525 0.01763968542218208 -0.04632002115249633
v -0.046868301928043365 0.02143665589392185 -0.0426306128501892
v -0.046868301928043365 0.02143665589392185 -0.0426306128501892
v -0.044090330600738525 0.01763968542218208 -0.04632002115249633
v -0.047484222799539566 0.017800550907850262 -0.042812209576368325
v -0.046868301928043365 0.02143665589392185 -0.0426306128501892
v -0.047484222799539566 0.017800550907850262 -0.042812209576368325
v -0.049958180636167526 0.0214366540312767 -0.03896392509341239
v -0.049958180636167526 0.0214366540312767 -0.03896392509341239
v -0.047484222799539566 0.017800550907850262 -0.042812209576368325
v -0.05043497309088707 0.017671952024102208 -0.03931028395891189
v -0.049958180636167526 0.0214366540312767 -0.03896392509341239
v -0.05043497309088707 0.017671952024102208 -0.03931028395891189
v -0.05276188999414444 0.0214366540312767 -0.035074066370725625
v -0.05276188999414444 0.0214366540312767 -0.035074066370725625
v -0.05043497309088707 0.017671952024102208 -0.03931028395891189
v -0.05328645557165146 0.017581621184945103 -0.03536593168973922
v -0.05276188999414444 0.0214366540312767 -0.035074066370725625
v -0.05328645557165146 0.017581621184945103 -0.03536593168973922
v -0.055263396352529526 0.02143665216863155 -0.030983297154307362
v -0.055263396352529526 0.02143665216863155 -0.030983297154307362
v -0.05328645557165146 0.017581621184945103 -0.03536593168973922
v -0.05586942657828331 0.017792599275708195 -0.03109105490148067
v -0.055263396352529526 0.02143665216863155 -0.030983297154307362
v -0.05586942657828331 0.017792599275708195 -0.03109105490148067
v -0.057448357343673706 0.02143665216863155 -0.026715071871876713
v -0.057448357343673706 0.02143665216863155 -0.026715071871876713
v -0.05586942657828331 0.017792599275708195 -0.03109105490148067
v -0.05805105343461037 0.017601011320948597 -0.026834407821297642
v -0.057448357343673706 0.02143665216863155 -0.026715071871876713
v -0.05805105343461037 0.017601011320948597 -0.026834407821297642
v -0.05930424854159355 0.02143665216863155 -0.02229380793869495
v -0.05930424854159355 0.02143665216863155 -0.02229380793869495
v -0.05805105343461037 0.017601011320948597 -0.026834407821297642
v -0.059920940548181534 0.017636571079492566 -0.02233178541064262
v -0.05930424854159355 0.02143665216863155 -0.02229380793869495
v -0.059920940548181534 0.017636571079492566 -0.02233178541064262
v -0.06082046031951904 0.02143665216863155 -0.017744855955243107
v -0.06082046031951904 0.02143665216863155 -0.017744855955243107
v -0.059920940548181534 0.017636571079492566 -0.02233178541064262
v -0.061435189098119736 0.017792599275708195 -0.01771338656544685
v -0.06082046031951904 0.02143665216863155 -0.017744855955243107
v -0.061435189098119736 0.017792599275708195 -0.01771338656544685
v -0.061785660684108734 0.022231061011552807 -0.013174325227737425
v -0.061785660684108734 0.022231061011552807 -0.013174325227737425
v -0.061435189098119736 0.017792599275708195 -0.01771338656544685
v -0.06260239332914352 0.017601020634174343 -0.01307481527328491
v -0.061785660684108734 0.022231061011552807 -0.013174325227737425
v -0.06260239332914352 0.017601020634174343 -0.01307481527328491
v -0.06268192082643509 0.022031633183360096 -0.008283358998596667
v -0.06268192082643509 0.022031633183360096 -0.008283358998596667
v -0.06260239332914352 0.017601020634174343 -0.01307481527328491
v -0.06341192126274109 0.01760105043649673 -0.008303035981953142
v -0.06268192082643509 0.022031633183360096 -0.008283358998596667
v -0.06341192126274109 0.01760105043649673 -0.008303035981953142
v -0.06308163702487946 0.02217680215835571 -0.003710613120347261
v -0.06308163702487946 0.02217680215835571 -0.003710613120347261
v -0.06341192126274109 0.01760105043649673 -0.008303035981953142
v -0.06384597718715668 0.017792617902159687 -0.0034260442480444904
v -0.06308163702487946 0.02217680215835571 -0.003710613120347261
v -0.06384597718715668 0.017792617902159687 -0.0034260442480444904
v -0.06317594647407532 0.022186361253261563 0.0011755153536796568
v -0.06317594647407532 0.022186361253261563 0.0011755153536796568
v -0.06384597718715668 0.017792617902159687 -0.0034260442480444904
v -0.06393880397081375 0.017601061612367627 0.0013561496743932364
v -0.06317594647407532 0.022186361253261563 0.0011755153536796568
v -0.06393880397081375 0.017601061612367627 0.0013561496743932364
v -0.0629030093550682 0.022233121097087857 0.005872786976397037
v -0.0629030093550682 0.022233121097087857 0.005872786976397037
v -0.06393880397081375 0.017601061612367627 0.0013561496743932364
v -0.06365718692541122 0.01767192035913467 0.006061946041882037
v -0.0629030093550682 0.022233121097087857 0.005872786976397037
v -0.06365718692541122 0.01767192035913467 0.006061946041882037
v -0.06230153143405914 0.022056784480810162 0.010761114768683909
v -0.06230153143405914 0.022056784480810162 0.010761114768683909
v -0.06365718692541122 0.01767192035913467 0.006061946041882037
v -0.06302111595869064 0.017581621184945103 0.0108873238787055
v -0.06230153143405914 0.022056784480810162 0.010761114768683909
v -0.06302111595869064 0.017581621184945103 0.0108873238787055
v -0.0613270103931427 0.02218482084572315 0.015211686491966246
v -0.0613270103931427 0.02218482084572315 0.015211686491966246
v -0.06302111595869064 0.017581621184945103 0.0108873238787055
v -0.06196289137005806 0.017792578786611554 0.015768539160490033
v -0.0613270103931427 0.02218482084572315 0.015211686491966246
v -0.06196289137005806 0.017792578786611554 0.015768539160490033
v -0.059876248240470886 0.022558528929948803 0.01989992521703243
v -0.059876248240470886 0.022558528929948803 0.01989992521703243
v -0.06196289137005806 0.017792578786611554 0.015768539160490033
v -0.060625433921813965 0.01760103181004524 0.0203609075397253
v -0.059876248240470886 0.022558528929948803 0.01989992521703243
v -0.060625433921813965 0.01760103181004524 0.0203609075397253
v -0.058418113738298416 0.0214366540312767 0.024522064253687855
v -0.058418113738298416 0.0214366540312767 0.024522064253687855
v -0.060625433921813965 0.01760103181004524 0.0203609075397253
v -0.058892425149679184 0.01763656362891197 0.024918068200349804
v -0.058418113738298416 0.0214366540312767 0.024522064253687855
v -0.058892425149679184 0.01763656362891197 0.024918068200349804
v -0.0563962385058403 0.02143665589392185 0.028869925066828724
v -0.0563962385058403 0.02143665589392185 0.028869925066828724
v -0.058892425149679184 0.01763656362891197 0.024918068200349804
v -0.056839268654584885 0.01763656362891197 0.02930060029029846
v -0.0563962385058403 0.02143665589392185 0.028869925066828724
v -0.056839268654584885 0.01763656362891197 0.02930060029029846
v -0.05405132472515106 0.02143665589392185 0.033052418380975716
v -0.05405132472515106 0.02143665589392185 0.033052418380975716
v -0.056839268654584885 0.01763656362891197 0.02930060029029846
v -0.0544416718184948 0.017792591825127598 0.033528354018926614
v -0.05405132472515106 0.02143665589392185 0.033052418380975716
v -0.0544416718184948 0.017792591825127598 0.033528354018926614
v -0.05139680951833725 0.021436657756566998 0.03704558685421943
v -0.05139680951833725 0.021436657756566998 0.03704558685421943
v -0.0544416718184948 0.017792591825127598 0.033528354018926614
v -0.051795653998851776 0.01760105602443218 0.03751294314861297
v -0.05139680951833725 0.021436657756566998 0.03704558685421943
v -0.051795653998851776 0.01760105602443218 0.03751294314861297
v -0.04844789579510689 0.021436657756566998 0.04082656279206275
v -0.04844789579510689 0.021436657756566998 0.04082656279206275
v -0.051795653998851776 0.01760105602443218 0.03751294314861297
v -0.0487825907766819 0.017636567354202267 0.041345939040184014
v -0.04844789579510689 0.021436657756566998 0.04082656279206275
v -0.0487825907766819 0.017636567354202267 0.041345939040184014
v -0.0452214851975441 0.021436659619212147 0.044373694807291024
v -0.0452214851975441 0.021436659619212147 0.044373694807291024
v -0.0487825907766819 0.017636567354202267 0.041345939040184014
v -0.0454946793615818 0.017792616039514538 0.04492527991533279
v -0.0452214851975441 0.021436659619212147 0.044373694807291024
v -0.0454946793615818 0.017792616039514538 0.04492527991533279
v -0.041736047714948654 0.021436661481857296 0.04766665399074554
v -0.041736047714948654 0.021436661481857296 0.04766665399074554
v -0.0454946793615818 0.017792616039514538 0.04492527991533279
v -0.04201943427324295 0.017601059749722477 0.04821179434657096
v -0.041736047714948654 0.021436661481857296 0.04766665399074554
v -0.04201943427324295 0.017601059749722477 0.04821179434657096
v -0.038011543452739716 0.021436661481857296 0.05068658292293548
v -0.038011543452739716 0.021436661481857296 0.05068658292293548
v -0.04201943427324295 0.017601059749722477 0.04821179434657096
v -0.03822069242596626 0.017636600881814953 0.05126798525452613
v -0.038011543452739716 0.021436661481857296 0.05068658292293548
v -0.03822069242596626 0.017636600881814953 0.05126798525452613
v -0.03406931087374687 0.021436663344502446 0.05341618135571479
v -0.03406931087374687 0.021436663344502446 0.05341618135571479
v -0.03822069242596626 0.017636600881814953 0.05126798525452613
v -0.034233879297971725 0.017636541277170178 0.0540117435157299
v -0.03406931087374687 0.021436663344502446 0.05341618135571479
v -0.034233879297971725 0.017636541277170178 0.0540117435157299
v -0.029931945726275444 0.021436665207147595 0.055839821696281426
v -0.029931945726275444 0.021436665207147595 0.055839821696281426
v -0.034233879297971725 0.017636541277170178 0.0540117435157299
v -0.030028223991394043 0.017792621627449986 0.05644778534770011
v -0.029931945726275444 0.021436665207147595 0.055839821696281426
v -0.030028223991394043 0.017792621627449986 0.05644778534770011
v -0.025623131543397903 0.021436667069792744 0.05794361233711242
v -0.025623131543397903 0.021436667069792744 0.05794361233711242
v -0.030028223991394043 0.017792621627449986 0.05644778534770011
v -0.025731049478054047 0.017601015046238896 0.05854847282171249
v -0.025623131543397903 0.021436667069792744 0.05794361233711242
v -0.025731049478054047 0.017601015046238896 0.05854847282171249
v -0.021167537197470665 0.021436667069792744 0.05971551313996314
v -0.021167537197470665 0.021436667069792744 0.05971551313996314
v -0.025731049478054047 0.017601015046238896 0.05854847282171249
v -0.021193794906139374 0.017636546865105625 0.06033282727003097
v -0.021167537197470665 0.021436667069792744 0.05971551313996314
v -0.021193794906139374 0.017636546865105625 0.06033282727003097
v -0.01654711738228798 0.02223378792405128 0.06097086519002914
v -0.01654711738228798 0.02223378792405128 0.06097086519002914
v -0.021193794906139374 0.017636546865105625 0.06033282727003097
v -0.016547637060284615 0.017792595550417897 0.061759386211633675
v -0.01654711738228798 0.02223378792405128 0.06097086519002914
v -0.016547637060284615 0.017792595550417897 0.061759386211633675
v -0.011761498637497425 0.022229589521884915 0.06207307055592536
v -0.011761498637497425 0.022229589521884915 0.06207307055592536
v -0.016547637060284615 0.017792595550417897 0.061759386211633675
v -0.012009894475340843 0.017671938985586163 0.06280720978975295
v -0.011761498637497425 0.022229589521884915 0.06207307055592536
v -0.012009894475340843 0.017671938985586163 0.06280720978975295
v -0.007011201698333025 0.022035144269466397 0.06283975392580031
v -0.007011201698333025 0.022035144269466397 0.06283975392580031
v -0.012009894475340843 0.017671938985586163 0.06280720978975295
v -0.00718323141336441 0.01757574267685413 0.06355047971010207
v -0.007011201698333025 0.022035144269466397 0.06283975392580031
v -0.00718323141336441 0.01757574267685413 0.06355047971010207
v -0.00244961678981781 0.02218138240277767 0.06313996016979216
v -0.00244961678981781 0.02218138240277767 0.06313996016979216
v -0.00718323141336441 0.01757574267685413 0.06355047971010207
v -0.002416550414636731 0.018431622534990307 0.0638148710131645
v -0.00244961678981781 0.02218138240277767 0.06313996016979216
v -0.002416550414636731 0.018431622534990307 0.0638148710131645
v 0.002261432120576501 0.022223334759473797 0.06313835084438323
v 0.002261432120576501 0.022223334759473797 0.06313835084438323
v -0.002416550414636731 0.018431622534990307 0.0638148710131645
v 0.0028599111828953028 0.017742002382874485 0.06387832015752791
v 0.002261432120576501 0.022223334759473797 0.06313835084438323
v 0.0028599111828953028 0.017742002382874485 0.06387832015752791
v 0.007171057164669037 0.022060679271817204 0.06281492859125136
v 0.007171057164669037 0.022060679271817204 0.06281492859125136
v 0.0028599111828953028 0.017742002382874485 0.06387832015752791
v 0.007389280013740063 0.017599036917090412 0.0635249689221382
v 0.007171057164669037 0.022060679271817204 0.06281492859125136
v 0.007389280013740063 0.017599036917090412 0.0635249689221382
v 0.011783875524997711 0.022255375981330868 0.06206155568361282
v 0.011783875524997711 0.022255375981330868 0.06206155568361282
v 0.007389280013740063 0.017599036917090412 0.0635249689221382
v 0.012208251282572746 0.017636578530073162 0.06277088820934294
v 0.011783875524997711 0.022255375981330868 0.06206155568361282
v 0.012208251282572746 0.017636578530073162 0.06277088820934294
v 0.016584401950240135 0.02222459018230438 0.0609629712998867
v 0.016584401950240135 0.02222459018230438 0.0609629712998867
v 0.012208251282572746 0.017636578530073162 0.06277088820934294
v 0.016938338056206703 0.017792627215385434 0.06165337935090064
v 0.016584401950240135 0.02222459018230438 0.0609629712998867
v 0.016938338056206703 0.017792627215385434 0.06165337935090064
v 0.02066805772483349 0.022297449409961697 0.059658251702785485
v 0.02066805772483349 0.022297449409961697 0.059658251702785485
v 0.016938338056206703 0.017792627215385434 0.06165337935090064
v 0.021504510194063187 0.01760105229914188 0.060229271650314324
v 0.02066805772483349 0.022297449409961697 0.059658251702785485
v 0.021504510194063187 0.01760105229914188 0.060229271650314324
v 0.025623181834816933 0.021436683833599087 0.05794358253479003
v 0.025623181834816933 0.021436683833599087 0.05794358253479003
v 0.021504510194063187 0.01760105229914188 0.060229271650314324
v 0.026028050109744072 0.01763658225536346 0.058410324156284325
v 0.025623181834816933 0.021436683833599087 0.05794358253479003
v 0.026028050109744072 0.01763658225536346 0.058410324156284325
v 0.029931996017694473 0.021436683833599087 0.05583978816866874
v 0.029931996017694473 0.021436683833599087 0.05583978816866874
v 0.026028050109744072 0.01763658225536346 0.058410324156284325
v 0.0303849708288908 0.017792671918869015 0.05625654011964797
v 0.029931996017694473 0.021436683833599087 0.05583978816866874
v 0.0303849708288908 0.017792671918869015 0.05625654011964797
v 0.03406935930252075 0.021436685696244236 0.053416144102811806
v 0.03406935930252075 0.021436685696244236 0.053416144102811806
v 0.0303849708288908 0.017792671918869015 0.05625654011964797
v 0.03451332449913025 0.01760105602443218 0.053840871900320046
v 0.03406935930252075 0.021436685696244236 0.053416144102811806
v 0.03451332449913025 0.01760105602443218 0.053840871900320046
v 0.038011584430933 0.021436687558889386 0.050686541944742196
v 0.038011584430933 0.021436687558889386 0.050686541944742196
v 0.03451332449913025 0.01760105602443218 0.053840871900320046
v 0.03848639130592346 0.017601106315851208 0.0510764867067337
v 0.038011584430933 0.021436687558889386 0.050686541944742196
v 0.03848639130592346 0.017601106315851208 0.0510764867067337
v 0.04173608869314194 0.021436687558889386 0.047666609287261956
v 0.04173608869314194 0.021436687558889386 0.047666609287261956
v 0.03848639130592346 0.017601106315851208 0.0510764867067337
v 0.042261719703674316 0.017636597156524655 0.04799139127135276
v 0.04173608869314194 0.021436687558889386 0.047666609287261956
v 0.042261719703674316 0.017636597156524655 0.04799139127135276
v 0.04522152245044708 0.021436689421534535 0.044373646378517144
v 0.04522152245044708 0.021436689421534535 0.044373646378517144
v 0.042261719703674316 0.017636597156524655 0.04799139127135276
v 0.04577817767858505 0.017792655155062672 0.04463635385036468
v 0.04522152245044708 0.021436689421534535 0.044373646378517144
v 0.04577817767858505 0.017792655155062672 0.04463635385036468
v 0.048447925597429276 0.021436689421534535 0.040826510637998574
v 0.048447925597429276 0.021436689421534535 0.040826510637998574
v 0.04577817767858505 0.017792655155062672 0.04463635385036468
v 0.04899836331605911 0.017601069062948223 0.04109950736165046
v 0.048447925597429276 0.021436689421534535 0.040826510637998574
v 0.04899836331605911 0.017601069062948223 0.04109950736165046
v 0.05139683932065964 0.021436691284179684 0.037045527249574654
v 0.05139683932065964 0.021436691284179684 0.037045527249574654
v 0.04899836331605911 0.017601069062948223 0.04109950736165046
v 0.051982101052999496 0.017636599019169804 0.03724361583590507
v 0.05139683932065964 0.021436691284179684 0.037045527249574654
v 0.051982101052999496 0.017636599019169804 0.03724361583590507
v 0.05405135080218315 0.021436691284179684 0.03305235877633094
v 0.05405135080218315 0.021436691284179684 0.03305235877633094
v 0.051982101052999496 0.017636599019169804 0.03724361583590507
v 0.05465284362435341 0.01779263839125633 0.0331829972565174
v 0.05405135080218315 0.021436691284179684 0.03305235877633094
v 0.05465284362435341 0.01779263839125633 0.0331829972565174
v 0.056396257132291794 0.021436691284179684 0.02886986173689365
v 0.056396257132291794 0.021436691284179684 0.02886986173689365
v 0.05465284362435341 0.01779263839125633 0.0331829972565174
v 0.056994009763002396 0.017601089552044865 0.029011920094490048
v 0.056396257132291794 0.021436691284179684 0.02886986173689365
v 0.056994009763002396 0.017601089552044865 0.029011920094490048
v 0.05841812863945961 0.021436693146824833 0.024521997198462483
v 0.05841812863945961 0.021436693146824833 0.024521997198462483
v 0.056994009763002396 0.017601089552044865 0.029011920094490048
v 0.05902494117617607 0.017601111903786656 0.024618385359644886
v 0.05841812863945961 0.021436693146824833 0.024521997198462483
v 0.05902494117617607 0.017601111903786656 0.024618385359644886
v 0.059823259711265564 0.022507436573505398 0.02009586431086063
v 0.059823259711265564 0.022507436573505398 0.02009586431086063
v 0.05902494117617607 0.017601111903786656 0.024618385359644886
v 0.06072308495640755 0.01763661205768585 0.02004827558994293
v 0.059823259711265564 0.022507436573505398 0.02009586431086063
v 0.06072308495640755 0.01763661205768585 0.02004827558994293
v 0.061289865523576736 0.022233203053474423 0.015324245207011698
v 0.061289865523576736 0.022233203053474423 0.015324245207011698
v 0.06072308495640755 0.01763661205768585 0.02004827558994293
v 0.06206146627664566 0.017792649567127224 0.015375914983451365
v 0.061289865523576736 0.022233203053474423 0.015324245207011698
v 0.06206146627664566 0.017792649567127224 0.015375914983451365
v 0.06233641877770424 0.0220405850559473 0.010582726448774336
v 0.06233641877770424 0.0220405850559473 0.010582726448774336
v 0.06206146627664566 0.017792649567127224 0.015375914983451365
v 0.06305231153964996 0.017601111903786656 0.010696494020521639
v 0.06233641877770424 0.0220405850559473 0.010582726448774336
v 0.06305231153964996 0.017601111903786656 0.010696494020521639
v 0.06289928406476974 0.022165482863783833 0.006060604006052016
v 0.06289928406476974 0.022165482863783833 0.006060604006052016
v 0.06305231153964996 0.017601111903786656 0.010696494020521639
v 0.06367786228656769 0.017636602744460102 0.005861391313374042
v 0.06289928406476974 0.022165482863783833 0.006060604006052016
v 0.06367786228656769 0.017636602744460102 0.005861391313374042
v 0.06316837668418884 0.022206742316484448 0.001342547941021621
v 0.06316837668418884 0.022206742316484448 0.001342547941021621
v 0.06367786228656769 0.017636602744460102 0.005861391313374042
v 0.06392988562583923 0.017792668193578717 0.001007585087791085
v 0.06316837668418884 0.022206742316484448 0.001342547941021621
v 0.06392988562583923 0.017792668193578717 0.001007585087791085
v 0.06312207132577896 0.022063313052058216 -0.0035546603612601753
v 0.06312207132577896 0.022063313052058216 -0.0035546603612601753
v 0.06392988562583923 0.017792668193578717 0.001007585087791085
v 0.06384168565273285 0.017601082101464268 -0.003774743760004639
v 0.06312207132577896 0.022063313052058216 -0.0035546603612601753
v 0.06384168565273285 0.017601082101464268 -0.003774743760004639
v 0.06263818591833115 0.02225828170776367 -0.008172174915671347
v 0.06263818591833115 0.02225828170776367 -0.008172174915671347
v 0.06384168565273285 0.017601082101464268 -0.003774743760004639
v 0.06336252391338348 0.017636641860008236 -0.008626470342278479
v 0.06263818591833115 0.02225828170776367 -0.008172174915671347
v 0.06336252391338348 0.017636641860008236 -0.008626470342278479
v 0.06181369349360466 0.02223294042050838 -0.013051696121692656
v 0.06181369349360466 0.02223294042050838 -0.013051696121692656
v 0.06336252391338348 0.017636641860008236 -0.008626470342278479
v 0.06251520663499832 0.01779260858893394 -0.0134124718606472
v 0.06181369349360466 0.02223294042050838 -0.013051696121692656
v 0.06251520663499832 0.01779260858893394 -0.0134124718606472
v 0.06082042306661606 0.021436691284179684 -0.01774492301046848
v 0.06082042306661606 0.021436691284179684 -0.01774492301046848
v 0.06251520663499832 0.01779260858893394 -0.0134124718606472
v 0.06136484816670418 0.017496630549430844 -0.018021691590547558
v 0.06082042306661606 0.021436691284179684 -0.01774492301046848
v 0.06136484816670418 0.017496630549430844 -0.018021691590547558
v 0.05930421128869057 0.021436691284179684 -0.022293874993920323
v 0.05930421128869057 0.021436691284179684 -0.022293874993920323
v 0.06136484816670418 0.017496630549430844 -0.018021691590547558
v 0.05977713689208031 0.017792647704482075 -0.02268786914646625
v 0.05930421128869057 0.021436691284179684 -0.022293874993920323
v 0.05977713689208031 0.017792647704482075 -0.02268786914646625
v 0.057448312640190125 0.021436689421534535 -0.026715137064456936
v 0.057448312640190125 0.021436689421534535 -0.026715137064456936
v 0.05977713689208031 0.017792647704482075 -0.02268786914646625
v 0.057890087366104126 0.017792616039514538 -0.027143750339746472
v 0.057448312640190125 0.021436689421534535 -0.026715137064456936
v 0.057890087366104126 0.017792616039514538 -0.027143750339746472
v 0.055263347923755646 0.021436689421534535 -0.030983360484242436
v 0.055263347923755646 0.021436689421534535 -0.030983360484242436
v 0.057890087366104126 0.017792616039514538 -0.027143750339746472
v 0.0557672418653965 0.0176719669252634 -0.03128893673419952
v 0.055263347923755646 0.021436689421534535 -0.030983360484242436
v 0.0557672418653965 0.0176719669252634 -0.03128893673419952
v 0.05276183784008026 0.021436687558889386 -0.0350741259753704
v 0.05276183784008026 0.021436687558889386 -0.0350741259753704
v 0.0557672418653965 0.0176719669252634 -0.03128893673419952
v 0.05320493504405022 0.017562897875905033 -0.03549335896968841
v 0.05276183784008026 0.021436687558889386 -0.0350741259753704
v 0.05320493504405022 0.017562897875905033 -0.03549335896968841
v 0.04995812475681305 0.021436687558889386 -0.03896398097276687
v 0.04995812475681305 0.021436687558889386 -0.03896398097276687
v 0.05320493504405022 0.017562897875905033 -0.03549335896968841
v 0.05031222477555275 0.01763660460710525 -0.039470314979553216
v 0.04995812475681305 0.021436687558889386 -0.03896398097276687
v 0.05031222477555275 0.01763660460710525 -0.039470314979553216
v 0.04686824232339859 0.021436685696244236 -0.04263066500425338
v 0.04686824232339859 0.021436685696244236 -0.04263066500425338
v 0.05031222477555275 0.01763660460710525 -0.039470314979553216
v 0.04716210812330246 0.017792651429772374 -0.04317152500152587
v 0.04686824232339859 0.021436685696244236 -0.04263066500425338
v 0.04716210812330246 0.017792651429772374 -0.04317152500152587
v 0.04350991174578667 0.021436683833599087 -0.04605316743254661
v 0.04350991174578667 0.021436683833599087 -0.04605316743254661
v 0.04716210812330246 0.017792651429772374 -0.04317152500152587
v 0.04381371662020683 0.017601082101464268 -0.04658719897270202
v 0.04350991174578667 0.021436683833599087 -0.04605316743254661
v 0.04381371662020683 0.017601082101464268 -0.04658719897270202
v 0.03990235552191734 0.021436683833599087 -0.04921187460422515
v 0.03990235552191734 0.021436683833599087 -0.04921187460422515
v 0.04381371662020683 0.017601082101464268 -0.04658719897270202
v 0.04016491398215294 0.01760105229914188 -0.04976734891533851
v 0.03990235552191734 0.021436683833599087 -0.04921187460422515
v 0.04016491398215294 0.01760105229914188 -0.04976734891533851
v 0.03606625646352768 0.021436681970953938 -0.05208869650959968
v 0.03606625646352768 0.021436681970953938 -0.05208869650959968
v 0.04016491398215294 0.01760105229914188 -0.04976734891533851
v 0.03625328466296196 0.017636591568589207 -0.05267756804823875
v 0.03606625646352768 0.021436681970953938 -0.05208869650959968
v 0.03625328466296196 0.017636591568589207 -0.05267756804823875
v 0.032023556530475616 0.02143668010830879 -0.05466715991497039
v 0.032023556530475616 0.02143668010830879 -0.05466715991497039
v 0.03625328466296196 0.017636591568589207 -0.05267756804823875
v 0.03226183354854584 0.017906706780195233 -0.05518635362386703
v 0.032023556530475616 0.02143668010830879 -0.05466715991497039
v 0.03226183354854584 0.017906706780195233 -0.05518635362386703
v 0.027797430753707886 0.02143667824566364 -0.056932497769594186
v 0.027797430753707886 0.02143667824566364 -0.056932497769594186
v 0.03226183354854584 0.017906706780195233 -0.05518635362386703
v 0.02796783857047558 0.017562849447131153 -0.05751819908618926
v 0.027797430753707886 0.02143667824566364 -0.056932497769594186
v 0.02796783857047558 0.017562849447131153 -0.05751819908618926
v 0.023412086069583893 0.02143667638301849 -0.05887172743678092
v 0.023412086069583893 0.02143667638301849 -0.05887172743678092
v 0.02796783857047558 0.017562849447131153 -0.05751819908618926
v 0.02346169576048851 0.017636546865105625 -0.05948760360479354
v 0.023412086069583893 0.02143667638301849 -0.05887172743678092
v 0.02346169576048851 0.017636546865105625 -0.05948760360479354
v 0.018834814429283142 0.022230755537748333 -0.0603041686117649
v 0.018834814429283142 0.022230755537748333 -0.0603041686117649
v 0.02346169576048851 0.017636546865105625 -0.05948760360479354
v 0.018872814252972603 0.01779261045157909 -0.06108896434307098
v 0.018834814429283142 0.022230755537748333 -0.0603041686117649
v 0.018872814252972603 0.01779261045157909 -0.06108896434307098
v 0.014124995097517967 0.0220459159463644 -0.061629019677639
v 0.014124995097517967 0.0220459159463644 -0.061629019677639
v 0.018872814252972603 0.01779261045157909 -0.06108896434307098
v 0.014377972111105919 0.01767194271087646 -0.062307760119438164
v 0.014124995097517967 0.0220459159463644 -0.061629019677639
v 0.014377972111105919 0.01767194271087646 -0.062307760119438164
v 0.009639959782361984 0.022171201184391972 -0.062449492514133446
v 0.009639959782361984 0.022171201184391972 -0.062449492514133446
v 0.014377972111105919 0.01767194271087646 -0.062307760119438164
v 0.009543630294501781 0.017562942579388615 -0.06324130296707152
v 0.009639959782361984 0.022171201184391972 -0.062449492514133446
v 0.009543630294501781 0.017562942579388615 -0.06324130296707152
v 0.004795541055500507 0.022233918309211727 -0.06299417465925215
v 0.004795541055500507 0.022233918309211727 -0.06299417465925215
v 0.009543630294501781 0.017562942579388615 -0.06324130296707152
v 0.0046336534433066845 0.01779265888035297 -0.06376970559358595
v 0.004795541055500507 0.022233918309211727 -0.06299417465925215
v 0.0046336534433066845 0.01779265888035297 -0.06376970559358595
v -1.2903165043098852e-05 0.02205713093280792 -0.06322378665208815
v -1.2903165043098852e-05 0.02205713093280792 -0.06322378665208815
v 0.0046336534433066845 0.01779265888035297 -0.06376970559358595
v -0.00014596582332160324 0.017601067200303074 -0.06395301967859267
v 0.039127618074417114 0.017699640244245526 -0.03558776155114173
v 0.0389704704284668 0.01799942553043365 -0.03525701537728309
v 0.040747836232185364 0.017698531970381733 -0.036091364920139306
v 0.040747836232185364 0.017698531970381733 -0.036091364920139306
v 0.0389704704284668 0.01799942553043365 -0.03525701537728309
v 0.040467649698257446 0.017999678850173947 -0.03564076125621795
v 0.040747836232185364 0.017698531970381733 -0.036091364920139306
v 0.040467649698257446 0.017999678850173947 -0.03564076125621795
v 0.04194420576095581 0.01799886859953403 -0.036863777786493294
v 0.040747836232185364 0.017698531970381733 -0.036091364920139306
v 0.04194420576095581 0.01799886859953403 -0.036863777786493294
v 0.041869137436151505 0.017699642106890675 -0.03744455054402351
v 0.041869137436151505 0.017699642106890675 -0.03744455054402351
v 0.04194420576095581 0.01799886859953403 -0.036863777786493294
v 0.0422431156039238 0.017698531970381733 -0.03909951448440551
v 0.0422431156039238 0.017698531970381733 -0.03909951448440551
v 0.04194420576095581 0.01799886859953403 -0.036863777786493294
v 0.04252373054623604 0.0179994273930788 -0.038970507681369775
v 0.0422431156039238 0.017698531970381733 -0.03909951448440551
v 0.04252373054623604 0.0179994273930788 -0.038970507681369775
v 0.04199686646461487 0.0179994273930788 -0.04077648371458053
v 0.0422431156039238 0.017698531970381733 -0.03909951448440551
v 0.04199686646461487 0.0179994273930788 -0.04077648371458053
v 0.041488830000162125 0.017699301242828366 -0.04097487032413482
v 0.041488830000162125 0.017699301242828366 -0.04097487032413482
v 0.04199686646461487 0.0179994273930788 -0.04077648371458053
v 0.04063764214515686 0.0179994273930788 -0.04207705706357955
v 0.041488830000162125 0.017699301242828366 -0.04097487032413482
v 0.04063764214515686 0.0179994273930788 -0.04207705706357955
v 0.04033619537949562 0.017699640244245526 -0.04186918213963508
v 0.04033619537949562 0.017699640244245526 -0.04186918213963508
v 0.04063764214515686 0.0179994273930788 -0.04207705706357955
v 0.03896379470825195 0.017699301242828366 -0.04222082719206809
v 0.03896379470825195 0.017699301242828366 -0.04222082719206809
v 0.04063764214515686 0.0179994273930788 -0.04207705706357955
v 0.03881022706627846 0.01799942553043365 -0.04252378270030021
v 0.03896379470825195 0.017699301242828366 -0.04222082719206809
v 0.03881022706627846 0.01799942553043365 -0.04252378270030021
v 0.03728871792554855 0.017699301242828366 -0.04181135818362235
v 0.03728871792554855 0.017699301242828366 -0.04181135818362235
v 0.03881022706627846 0.01799942553043365 -0.04252378270030021
v 0.03700423985719681 0.01799942553043365 -0.04199691489338874
v 0.03728871792554855 0.017699301242828366 -0.04181135818362235
v 0.03700423985719681 0.01799942553043365 -0.04199691489338874
v 0.03604280948638916 0.017699299380183216 -0.04061920195817947
v 0.03604280948638916 0.017699299380183216 -0.04061920195817947
v 0.03700423985719681 0.01799942553043365 -0.04199691489338874
v 0.03570367768406868 0.01799942553043365 -0.040637683123350136
v 0.03604280948638916 0.017699299380183216 -0.04061920195817947
v 0.03570367768406868 0.01799942553043365 -0.040637683123350136
v 0.03555990010499954 0.017699299380183216 -0.03896383568644523
v 0.03555990010499954 0.017699299380183216 -0.03896383568644523
v 0.03570367768406868 0.01799942553043365 -0.040637683123350136
v 0.03528742492198944 0.017999676987528797 -0.03914924338459968
v 0.03555990010499954 0.017699299380183216 -0.03896383568644523
v 0.03528742492198944 0.017999676987528797 -0.03914924338459968
v 0.03560830280184746 0.017998866736888882 -0.03725896775722503
v 0.03555990010499954 0.017699299380183216 -0.03896383568644523
v 0.03560830280184746 0.017998866736888882 -0.03725896775722503
v 0.03609044477343559 0.01769956015050411 -0.03703230991959571
v 0.03609044477343559 0.01769956015050411 -0.03703230991959571
v 0.03560830280184746 0.017998866736888882 -0.03725896775722503
v 0.0371430441737175 0.01799942553043365 -0.03570372983813285
v 0.03609044477343559 0.01769956015050411 -0.03703230991959571
v 0.0371430441737175 0.01799942553043365 -0.03570372983813285
v 0.03768225386738777 0.017699301242828366 -0.03578591719269752
v 0.03768225386738777 0.017699301242828366 -0.03578591719269752
v 0.0371430441737175 0.01799942553043365 -0.03570372983813285
v 0.0389704704284668 0.01799942553043365 -0.03525701537728309
v 0.03768225386738777 0.017699301242828366 -0.03578591719269752
v 0.0389704704284668 0.01799942553043365 -0.03525701537728309
v 0.039127618074417114 0.017699640244245526 -0.03558776155114173
v 0.03909950703382492 0.017698533833026883 0.04224311932921409
v 0.038970500230789185 0.01799942925572395 0.04252373427152633
v 0.04077647626399994 0.0179994311183691 0.04199687018990516
v 0.03909950703382492 0.017698533833026883 0.04224311932921409
v 0.04077647626399994 0.0179994311183691 0.04199687018990516
v 0.04097486659884453 0.017699304968118664 0.041488837450742715
v 0.04097486659884453 0.017699304968118664 0.041488837450742715
v 0.04077647626399994 0.0179994311183691 0.04199687018990516
v 0.04207704961299896 0.0179994311183691 0.04063764587044715
v 0.04097486659884453 0.017699304968118664 0.041488837450742715
v 0.04207704961299896 0.0179994311183691 0.04063764587044715
v 0.04186917468905449 0.017699645832180973 0.04033620283007621
v 0.04186917468905449 0.017699645832180973 0.04033620283007621
v 0.04207704961299896 0.0179994311183691 0.04063764587044715
v 0.0422208197414875 0.017699304968118664 0.038963798433542245
v 0.0422208197414875 0.017699304968118664 0.038963798433542245
v 0.04207704961299896 0.0179994311183691 0.04063764587044715
v 0.04252377524971962 0.0179994311183691 0.03881023079156875
v 0.0422208197414875 0.017699304968118664 0.038963798433542245
v 0.04252377524971962 0.0179994311183691 0.03881023079156875
v 0.04181135073304176 0.017699304968118664 0.037288721650838845
v 0.04181135073304176 0.017699304968118664 0.037288721650838845
v 0.04252377524971962 0.0179994311183691 0.03881023079156875
v 0.04199691116809845 0.0179994311183691 0.0370042435824871
v 0.04181135073304176 0.017699304968118664 0.037288721650838845
v 0.04199691116809845 0.0179994311183691 0.0370042435824871
v 0.040619418025016785 0.01769972406327724 0.0360424481332302
v 0.040619418025016785 0.01769972406327724 0.0360424481332302
v 0.04199691116809845 0.0179994311183691 0.0370042435824871
v 0.040637679398059845 0.01799942925572395 0.03570368140935897
v 0.040619418025016785 0.01769972406327724 0.0360424481332302
v 0.040637679398059845 0.01799942925572395 0.03570368140935897
v 0.03868125006556511 0.017698533833026883 0.035537566989660256
v 0.03868125006556511 0.017698533833026883 0.035537566989660256
v 0.040637679398059845 0.01799942925572395 0.03570368140935897
v 0.03914923593401909 0.017999680712819096 0.03528742864727973
v 0.03868125006556511 0.017698533833026883 0.035537566989660256
v 0.03914923593401909 0.017999680712819096 0.03528742864727973
v 0.03725896030664444 0.01799887046217918 0.03560830652713775
v 0.03868125006556511 0.017698533833026883 0.035537566989660256
v 0.03725896030664444 0.01799887046217918 0.03560830652713775
v 0.03680587559938431 0.017699303105473515 0.03629187867045402
v 0.03680587559938431 0.017699303105473515 0.03629187867045402
v 0.03725896030664444 0.01799887046217918 0.03560830652713775
v 0.03570372238755226 0.01799942925572395 0.03714304789900779
v 0.03680587559938431 0.017699303105473515 0.03629187867045402
v 0.03570372238755226 0.01799942925572395 0.03714304789900779
v 0.03578591346740723 0.017699303105473515 0.03768225759267806
v 0.03578591346740723 0.017699303105473515 0.03768225759267806
v 0.03570372238755226 0.01799942925572395 0.03714304789900779
v 0.0352570079267025 0.01799942925572395 0.03897047415375709
v 0.03578591346740723 0.017699303105473515 0.03768225759267806
v 0.0352570079267025 0.01799942925572395 0.03897047415375709
v 0.03558775410056114 0.017699642106890675 0.039127621799707406
v 0.03558775410056114 0.017699642106890675 0.039127621799707406
v 0.0352570079267025 0.01799942925572395 0.03897047415375709
v 0.036091357469558716 0.017698533833026883 0.040747839957475655
v 0.036091357469558716 0.017698533833026883 0.040747839957475655
v 0.0352570079267025 0.01799942925572395 0.03897047415375709
v 0.03564075380563736 0.017999680712819096 0.04046765342354774
v 0.036091357469558716 0.017698533833026883 0.040747839957475655
v 0.03564075380563736 0.017999680712819096 0.04046765342354774
v 0.036863770335912704 0.01799887046217918 0.0419442132115364
v 0.036091357469558716 0.017698533833026883 0.040747839957475655
v 0.036863770335912704 0.01799887046217918 0.0419442132115364
v 0.03744454309344292 0.017699643969535824 0.041869144886732095
v 0.03744454309344292 0.017699643969535824 0.041869144886732095
v 0.036863770335912704 0.01799887046217918 0.0419442132115364
v 0.03909950703382492 0.017698533833026883 0.04224311932921409
v 0.03909950703382492 0.017698533833026883 0.04224311932921409
v 0.036863770335912704 0.01799887046217918 0.0419442132115364
v 0.038970500230789185 0.01799942925572395 0.04252373427152633
v -0.03754710406064987 0.017698509618639943 0.04196943342685699
v -0.03881023824214935 0.01799940504133701 0.04252377897500991
v -0.0370042510330677 0.01799940504133701 0.04199691489338874
v -0.03754710406064987 0.017698509618639943 0.04196943342685699
v -0.0370042510330677 0.01799940504133701 0.04199691489338874
v -0.035882189869880676 0.017698509618639943 0.04038565605878829
v -0.035882189869880676 0.017698509618639943 0.04038565605878829
v -0.0370042510330677 0.01799940504133701 0.04199691489338874
v -0.035703688859939575 0.01799940504133701 0.040637683123350136
v -0.035882189869880676 0.017698509618639943 0.04038565605878829
v -0.035703688859939575 0.01799940504133701 0.040637683123350136
v -0.035287436097860336 0.017999656498432156 0.03914923965930938
v -0.035882189869880676 0.017698509618639943 0.04038565605878829
v -0.035287436097860336 0.017999656498432156 0.03914923965930938
v -0.035597749054431915 0.017699280753731724 0.03838438913226127
v -0.035597749054431915 0.017699280753731724 0.03838438913226127
v -0.035287436097860336 0.017999656498432156 0.03914923965930938
v -0.03560831397771835 0.01799884624779224 0.03725896403193473
v -0.035597749054431915 0.017699280753731724 0.03838438913226127
v -0.03560831397771835 0.01799884624779224 0.03725896403193473
v -0.036291882395744324 0.017699280753731724 0.0368058793246746
v -0.036291882395744324 0.017699280753731724 0.0368058793246746
v -0.03560831397771835 0.01799884624779224 0.03725896403193473
v -0.037143055349588394 0.01799940504133701 0.03570372611284255
v -0.036291882395744324 0.017699280753731724 0.0368058793246746
v -0.037143055349588394 0.01799940504133701 0.03570372611284255
v -0.03768226504325867 0.017699278891086575 0.03578591719269752
v -0.03768226504325867 0.017699278891086575 0.03578591719269752
v -0.037143055349588394 0.01799940504133701 0.03570372611284255
v -0.03897048160433769 0.01799940317869186 0.03525701165199279
v -0.03768226504325867 0.017699278891086575 0.03578591719269752
v -0.03897048160433769 0.01799940317869186 0.03525701165199279
v -0.03912762925028801 0.017699617892503735 0.035587757825851433
v -0.03912762925028801 0.017699617892503735 0.035587757825851433
v -0.03897048160433769 0.01799940317869186 0.03525701165199279
v -0.04074784740805626 0.017698507755994793 0.03609136119484901
v -0.04074784740805626 0.017698507755994793 0.03609136119484901
v -0.03897048160433769 0.01799940317869186 0.03525701165199279
v -0.04046766087412834 0.017999654635787007 0.03564076125621795
v -0.04074784740805626 0.017698507755994793 0.03609136119484901
v -0.04046766087412834 0.017999654635787007 0.03564076125621795
v -0.041944216936826706 0.01799884438514709 0.036863774061202996
v -0.04074784740805626 0.017698507755994793 0.03609136119484901
v -0.041944216936826706 0.01799884438514709 0.036863774061202996
v -0.0418691486120224 0.017699617892503735 0.03744454681873321
v -0.0418691486120224 0.017699617892503735 0.03744454681873321
v -0.041944216936826706 0.01799884438514709 0.036863774061202996
v -0.04224312677979469 0.017698507755994793 0.03909951448440551
v -0.04224312677979469 0.017698507755994793 0.03909951448440551
v -0.041944216936826706 0.01799884438514709 0.036863774061202996
v -0.042523741722106934 0.01799940317869186 0.038970507681369775
v -0.04224312677979469 0.017698507755994793 0.03909951448440551
v -0.042523741722106934 0.01799940317869186 0.038970507681369775
v -0.041996877640485764 0.01799940317869186 0.04077648371458053
v -0.04224312677979469 0.017698507755994793 0.03909951448440551
v -0.041996877640485764 0.01799940317869186 0.04077648371458053
v -0.04148884117603302 0.017699278891086575 0.04097487032413482
v -0.04148884117603302 0.017699278891086575 0.04097487032413482
v -0.041996877640485764 0.01799940317869186 0.04077648371458053
v -0.040637653321027756 0.01799940317869186 0.042077053338289254
v -0.04148884117603302 0.017699278891086575 0.04097487032413482
v -0.040637653321027756 0.01799940317869186 0.042077053338289254
v -0.03984086588025093 0.017699537798762318 0.04211349412798881
v -0.03984086588025093 0.017699537798762318 0.04211349412798881
v -0.040637653321027756 0.01799940317869186 0.042077053338289254
v -0.03881023824214935 0.01799940504133701 0.04252377897500991
v -0.03984086588025093 0.017699537798762318 0.04211349412798881
v -0.03881023824214935 0.01799940504133701 0.04252377897500991
v -0.03754710406064987 0.017698509618639943 0.04196943342685699
v -0.03838439658284187 0.017699277028441426 -0.03559774532914161
v -0.037258971482515335 0.017998842522501942 -0.03560831025242805
v -0.0368058867752552 0.017699277028441426 -0.03629187867045402
v -0.0368058867752552 0.017699277028441426 -0.03629187867045402
v -0.037258971482515335 0.017998842522501942 -0.03560831025242805
v -0.03570373356342316 0.01799940131604671 -0.03714304789900779
v -0.0368058867752552 0.017699277028441426 -0.03629187867045402
v -0.03570373356342316 0.01799940131604671 -0.03714304789900779
v -0.03578592464327812 0.017699277028441426 -0.03768226131796836
v -0.03578592464327812 0.017699277028441426 -0.03768226131796836
v -0.03570373356342316 0.01799940131604671 -0.03714304789900779
v -0.035257019102573395 0.01799940131604671 -0.03897047415375709
v -0.03578592464327812 0.017699277028441426 -0.03768226131796836
v -0.035257019102573395 0.01799940131604671 -0.03897047415375709
v -0.03558776527643204 0.017699616029858586 -0.039127621799707406
v -0.03558776527643204 0.017699616029858586 -0.039127621799707406
v -0.035257019102573395 0.01799940131604671 -0.03897047415375709
v -0.03609136864542961 0.017698505893349644 -0.040747839957475655
v -0.03609136864542961 0.017698505893349644 -0.040747839957475655
v -0.035257019102573395 0.01799940131604671 -0.03897047415375709
v -0.035640764981508255 0.017999652773141857 -0.040467657148838036
v -0.03609136864542961 0.017698505893349644 -0.040747839957475655
v -0.035640764981508255 0.017999652773141857 -0.040467657148838036
v -0.0368637815117836 0.017998842522501942 -0.0419442132115364
v -0.03609136864542961 0.017698505893349644 -0.040747839957475655
v -0.0368637815117836 0.017998842522501942 -0.0419442132115364
v -0.03744455426931381 0.017699616029858586 -0.041869144886732095
v -0.03744455426931381 0.017699616029858586 -0.041869144886732095
v -0.0368637815117836 0.017998842522501942 -0.0419442132115364
v -0.039099521934986115 0.017698505893349644 -0.04224311932921409
v -0.039099521934986115 0.017698505893349644 -0.04224311932921409
v -0.0368637815117836 0.017998842522501942 -0.0419442132115364
v -0.03897051140666008 0.01799940131604671 -0.04252373799681663
v -0.039099521934986115 0.017698505893349644 -0.04224311932921409
v -0.03897051140666008 0.01799940131604671 -0.04252373799681663
v -0.040776487439870834 0.017999399453401562 -0.04199687391519546
v -0.039099521934986115 0.017698505893349644 -0.04224311932921409
v -0.040776487439870834 0.017999399453401562 -0.04199687391519546
v -0.040974877774715424 0.017699275165796276 -0.041488837450742715
v -0.040974877774715424 0.017699275165796276 -0.041488837450742715
v -0.040776487439870834 0.017999399453401562 -0.04199687391519546
v -0.04207706078886986 0.017999399453401562 -0.04063764959573745
v -0.040974877774715424 0.017699275165796276 -0.041488837450742715
v -0.04207706078886986 0.017999399453401562 -0.04063764959573745
v -0.04211350157856941 0.01769953407347202 -0.03984085842967033
v -0.04211350157856941 0.01769953407347202 -0.03984085842967033
v -0.04207706078886986 0.017999399453401562 -0.04063764959573745
v -0.042523786425590515 0.017999399453401562 -0.03881023451685905
v -0.04211350157856941 0.01769953407347202 -0.03984085842967033
v -0.042523786425590515 0.017999399453401562 -0.03881023451685905
v -0.04196944087743759 0.017698504030704495 -0.037547100335359566
v -0.04196944087743759 0.017698504030704495 -0.037547100335359566
v -0.042523786425590515 0.017999399453401562 -0.03881023451685905
v -0.041996922343969345 0.017999399453401562 -0.0370042473077774
v -0.04196944087743759 0.017698504030704495 -0.037547100335359566
v -0.041996922343969345 0.017999399453401562 -0.0370042473077774
v -0.040385663509368896 0.017698504030704495 -0.03588218241930007
v -0.040385663509368896 0.017698504030704495 -0.03588218241930007
v -0.041996922343969345 0.017999399453401562 -0.0370042473077774
v -0.04063769057393074 0.01799940131604671 -0.03570368513464927
v -0.040385663509368896 0.017698504030704495 -0.03588218241930007
v -0.04063769057393074 0.01799940131604671 -0.03570368513464927
v -0.039149247109889984 0.017999652773141857 -0.03528743237257003
v -0.040385663509368896 0.017698504030704495 -0.03588218241930007
v -0.039149247109889984 0.017999652773141857 -0.03528743237257003
v -0.03838439658284187 0.017699277028441426 -0.03559774532914161
v -0.03838439658284187 0.017699277028441426 -0.03559774532914161
v -0.039149247109889984 0.017999652773141857 -0.03528743237257003
v -0.037258971482515335 0.017998842522501942 -0.03560831025242805
v 0.039127618074417114 0.017699640244245526 -0.03558776155114173
v 0.040747836232185364 0.017698531970381733 -0.036091364920139306
v 0.03609044477343559 0.01769956015050411 -0.03703230991959571
v 0.04033619537949562 0.017699640244245526 -0.04186918213963508
v 0.03896379470825195 0.017699301242828366 -0.04222082719206809
v 0.03609044477343559 0.01769956015050411 -0.03703230991959571
v 0.03728871792554855 0.017699301242828366 -0.04181135818362235
v 0.03604280948638916 0.017699299380183216 -0.04061920195817947
v 0.03609044477343559 0.01769956015050411 -0.03703230991959571
v 0.041488830000162125 0.017699301242828366 -0.04097487032413482
v 0.04033619537949562 0.017699640244245526 -0.04186918213963508
v 0.03609044477343559 0.01769956015050411 -0.03703230991959571
v 0.0422431156039238 0.017698531970381733 -0.03909951448440551
v 0.041488830000162125 0.017699301242828366 -0.04097487032413482
v 0.03609044477343559 0.01769956015050411 -0.03703230991959571
v 0.03896379470825195 0.017699301242828366 -0.04222082719206809
v 0.03728871792554855 0.017699301242828366 -0.04181135818362235
v 0.03609044477343559 0.01769956015050411 -0.03703230991959571
v 0.03604280948638916 0.017699299380183216 -0.04061920195817947
v 0.03555990010499954 0.017699299380183216 -0.03896383568644523
v 0.03609044477343559 0.01769956015050411 -0.03703230991959571
v 0.03768225386738777 0.017699301242828366 -0.03578591719269752
v 0.039127618074417114 0.017699640244245526 -0.03558776155114173
v 0.03609044477343559 0.01769956015050411 -0.03703230991959571
v 0.040747836232185364 0.017698531970381733 -0.036091364920139306
v 0.041869137436151505 0.017699642106890675 -0.03744455054402351
v 0.03609044477343559 0.01769956015050411 -0.03703230991959571
v -0.0368058867752552 0.017699277028441426 -0.03629187867045402
v -0.03578592464327812 0.017699277028441426 -0.03768226131796836
v -0.04211350157856941 0.01769953407347202 -0.03984085842967033
v -0.03609136864542961 0.017698505893349644 -0.040747839957475655
v -0.03744455426931381 0.017699616029858586 -0.041869144886732095
v -0.04211350157856941 0.01769953407347202 -0.03984085842967033
v -0.03744455426931381 0.017699616029858586 -0.041869144886732095
v -0.039099521934986115 0.017698505893349644 -0.04224311932921409
v -0.04211350157856941 0.01769953407347202 -0.03984085842967033
v 0.03680587559938431 0.017699303105473515 0.03629187867045402
v 0.03578591346740723 0.017699303105473515 0.03768225759267806
v 0.040619418025016785 0.01769972406327724 0.0360424481332302
v -0.039099521934986115 0.017698505893349644 -0.04224311932921409
v -0.040974877774715424 0.017699275165796276 -0.041488837450742715
v -0.04211350157856941 0.01769953407347202 -0.03984085842967033
v -0.03558776527643204 0.017699616029858586 -0.039127621799707406
v -0.03609136864542961 0.017698505893349644 -0.040747839957475655
v -0.04211350157856941 0.01769953407347202 -0.03984085842967033
v -0.03578592464327812 0.017699277028441426 -0.03768226131796836
v -0.03558776527643204 0.017699616029858586 -0.039127621799707406
v -0.04211350157856941 0.01769953407347202 -0.03984085842967033
v -0.040385663509368896 0.017698504030704495 -0.03588218241930007
v -0.03838439658284187 0.017699277028441426 -0.03559774532914161
v -0.04211350157856941 0.01769953407347202 -0.03984085842967033
v -0.04196944087743759 0.017698504030704495 -0.037547100335359566
v -0.040385663509368896 0.017698504030704495 -0.03588218241930007
v -0.04211350157856941 0.01769953407347202 -0.03984085842967033
v -0.03838439658284187 0.017699277028441426 -0.03559774532914161
v -0.0368058867752552 0.017699277028441426 -0.03629187867045402
v -0.04211350157856941 0.01769953407347202 -0.03984085842967033
v -0.0487825907766819 0.017636567354202267 0.041345939040184014
v -0.04893957078456879 -1.4143843429792467e-08 0.041240893304347985
v -0.045680370181798935 -1.2925235992611304e-08 0.04482406377792358
v 0.04697498679161072 1.7207144153985606e-08 0.04348443821072578
v 0.04215966910123825 1.5842067213611696e-08 0.04815032705664634
v 0.004959891550242901 4.405560805054164e-09 0.0638148710131645
v -0.04893957078456879 -1.4143843429792467e-08 0.041240893304347985
v -0.05361595377326012 -1.5941726161372568e-08 0.034969627857208245
v 0.004959891550242901 4.405560805054164e-09 0.0638148710131645
v -0.05328645557165146 0.017581621184945103 -0.03536593168973922
v -0.055824242532253265 -1.9557901964617482e-08 -0.03129772096872329
v -0.05586942657828331 0.017792599275708195 -0.03109105490148067
v -0.021193794906139374 0.017636546865105625 0.06033282727003097
v -0.019621821120381355 -3.7302534394711975e-09 0.06093052774667739
v -0.016547637060284615 0.017792595550417897 0.061759386211633675
v 0.051982101052999496 0.017636599019169804 0.03724361583590507
v 0.052996132522821426 1.883764610965954e-08 0.03590202331542968
v 0.05465284362435341 0.01779263839125633 0.0331829972565174
v -0.0454946793615818 0.017792616039514538 0.04492527991533279
v -0.045680370181798935 -1.2925235992611304e-08 0.04482406377792358
v -0.04201943427324295 0.017601059749722477 0.04821179434657096
v 0.018872814252972603 0.01779261045157909 -0.06108896434307098
v 0.01908433623611927 3.548258131758075e-09 -0.06108748540282249
v 0.014377972111105919 0.01767194271087646 -0.062307760119438164
v 0.0028599111828953028 0.017742002382874485 0.06387832015752791
v 0.004959891550242901 4.405560805054164e-09 0.0638148710131645
v 0.007389280013740063 0.017599036917090412 0.0635249689221382
v 0.06206146627664566 0.017792649567127224 0.015375914983451365
v 0.06251189112663269 2.0971166136973803e-08 0.013777076266705988
v 0.06305231153964996 0.017601111903786656 0.010696494020521639
v 0.04381371662020683 0.017601082101464268 -0.04658719897270202
v 0.042587701231241226 1.1787895104475863e-08 -0.04778946191072463
v 0.04016491398215294 0.01760105229914188 -0.04976734891533851
v -0.06341192126274109 0.01760105043649673 -0.008303035981953142
v -0.06369064748287201 -2.1050992060622772e-08 -0.006816355511546134
v -0.06384597718715668 0.017792617902159687 -0.0034260442480444904
v -0.0018626799574121833 -3.4037961338384544e-09 -0.06398496031761168
v 0.004840085282921791 -1.2123678727604668e-09 -0.06381587684154509
v 0.004959891550242901 4.405560805054164e-09 0.0638148710131645
v -0.06194579601287842 -2.0889673990609478e-08 -0.016132686287164685
v -0.05918978527188301 -2.0358692509603312e-08 -0.02452960796654224
v 0.004959891550242901 4.405560805054164e-09 0.0638148710131645
v 0.06251189112663269 2.0971166136973803e-08 0.013777076266705988
v 0.06071536988019943 2.0668156963665748e-08 0.02023702301084995
v 0.004959891550242901 4.405560805054164e-09 0.0638148710131645
v -0.06071536988019943 -1.889898726403771e-08 0.02023704163730144
v -0.06261724978685379 -1.9825105113113747e-08 0.013227202929556368
v 0.004959891550242901 4.405560805054164e-09 0.0638148710131645
v 0.056968607008457184 1.9837463227645454e-08 0.02916282974183559
v 0.052996132522821426 1.883764610965954e-08 0.03590202331542968
v 0.004959891550242901 4.405560805054164e-09 0.0638148710131645
v -0.06398770958185196 -2.079689842560128e-08 0.0012110524112358687
v -0.06369064748287201 -2.1050992060622772e-08 -0.006816355511546134
v 0.004959891550242901 4.405560805054164e-09 0.0638148710131645
v -0.045295827090740204 -1.673634564269832e-08 -0.04523088410496711
v -0.04030739516019821 -1.5306749645560555e-08 -0.04971123114228248
v 0.004959891550242901 4.405560805054164e-09 0.0638148710131645
v -0.05361595377326012 -1.5941726161372568e-08 0.034969627857208245
v -0.0569685623049736 -1.728796128475096e-08 0.029162922874093052
v 0.004959891550242901 4.405560805054164e-09 0.0638148710131645
v 0.004840085282921791 -1.2123678727604668e-09 -0.06381587684154509
v 0.012591551057994366 1.3594708692110655e-09 -0.06276141852140425
v 0.004959891550242901 4.405560805054164e-09 0.0638148710131645
v -0.02588316984474659 -5.875316677617092e-09 0.05853165313601493
v -0.030235694721341133 -7.386440792345183e-09 0.056406527757644646
v 0.004959891550242901 4.405560805054164e-09 0.0638148710131645
v 0.04734388738870621 1.3544243948615529e-08 -0.04306330531835555
v 0.05046512931585312 1.4723174679431848e-08 -0.0393594168126583
v 0.004959891550242901 4.405560805054164e-09 0.0638148710131645
v 0.03023577854037285 1.23176580046902e-08 0.056406479328870766
v 0.02588326670229435 1.0992321719527352e-08 0.05853161588311195
v 0.004959891550242901 4.405560805054164e-09 0.0638148710131645
v 0.02588326670229435 1.0992321719527352e-08 0.05853161588311195
v 0.021382424980401993 9.60400114990989e-09 0.06032151728868484
v 0.004959891550242901 4.405560805054164e-09 0.0638148710131645
v 0.052996132522821426 1.883764610965954e-08 0.03590202331542968
v 0.04697498679161072 1.7207144153985606e-08 0.04348443821072578
v 0.004959891550242901 4.405560805054164e-09 0.0638148710131645
v 0.01908433623611927 3.548258131758075e-09 -0.06108748540282249
v 0.023649729788303375 5.106589373582437e-09 -0.05946918204426765
v 0.004959891550242901 4.405560805054164e-09 0.0638148710131645
v -0.028079617768526077 -1.1663338739253957e-08 -0.05751024559140205
v -0.02364981546998024 -1.0305551967348945e-08 -0.059469141066074364
v 0.004959891550242901 4.405560805054164e-09 0.0638148710131645
v 0.059214018285274506 1.822819051255919e-08 -0.024391446262598034
v 0.061437658965587616 1.9235400827710688e-08 -0.01792502216994762
v 0.004959891550242901 4.405560805054164e-09 0.0638148710131645
v -0.009652625769376755 -5.910701261768735e-09 -0.06326705217361449
v -0.0018626799574121833 -3.4037961338384544e-09 -0.06398496031761168
v 0.004959891550242901 4.405560805054164e-09 0.0638148710131645
v 0.042587701231241226 1.1787895104475863e-08 -0.04778946191072463
v 0.04734388738870621 1.3544243948615529e-08 -0.04306330531835555
v 0.004959891550242901 4.405560805054164e-09 0.0638148710131645
v 0.05046512931585312 1.4723174679431848e-08 -0.0393594168126583
v 0.05329730734229088 1.581777020476238e-08 -0.03543007001280784
v 0.004959891550242901 4.405560805054164e-09 0.0638148710131645
v 0.04215966910123825 1.5842067213611696e-08 0.04815032705664634
v 0.03597792237997055 1.4037364159946718e-08 0.05294464156031608
v 0.004959891550242901 4.405560805054164e-09 0.0638148710131645
v -0.04215959832072258 -1.1632624641322307e-08 0.04815039783716201
v -0.045680370181798935 -1.2925235992611304e-08 0.04482406377792358
v 0.004959891550242901 4.405560805054164e-09 0.0638148710131645
v 0.061437658965587616 1.9235400827710688e-08 -0.01792502216994762
v 0.06317836791276932 2.0136015521643454e-08 -0.010297202505171297
v 0.004959891550242901 4.405560805054164e-09 0.0638148710131645
v 0.030734138563275337 7.560014836371918e-09 -0.05615120753645896
v 0.03643229603767395 9.57118029276671e-09 -0.05261730775237083
v 0.004959891550242901 4.405560805054164e-09 0.0638148710131645
v -0.06261724978685379 -1.9825105113113747e-08 0.013227202929556368
v -0.06371283531188965 -2.049594627351325e-08 0.006047090515494346
v 0.004959891550242901 4.405560805054164e-09 0.0638148710131645
v -0.019621821120381355 -3.7302534394711975e-09 0.06093052774667739
v -0.02588316984474659 -5.875316677617092e-09 0.05853165313601493
v 0.004959891550242901 4.405560805054164e-09 0.0638148710131645
v 0.05329730734229088 1.581777020476238e-08 -0.03543007001280784
v 0.05582418665289879 1.6821758208607204e-08 -0.031297802925109856
v 0.004959891550242901 4.405560805054164e-09 0.0638148710131645
v -0.02364981546998024 -1.0305551967348945e-08 -0.059469141066074364
v -0.016221513971686363 -7.99234811665883e-09 -0.06192258745431899
v 0.004959891550242901 4.405560805054164e-09 0.0638148710131645
v -0.01203982811421156 -1.1755424411674651e-09 0.06285645812749861
v -0.019621821120381355 -3.7302534394711975e-09 0.06093052774667739
v 0.004959891550242901 4.405560805054164e-09 0.0638148710131645
v -0.007251508068293333 4.166234024438608e-10 0.06358701735734938
v -0.01203982811421156 -1.1755424411674651e-09 0.06285645812749861
v 0.004959891550242901 4.405560805054164e-09 0.0638148710131645
v 0.05582418665289879 1.6821758208607204e-08 -0.031297802925109856
v 0.059214018285274506 1.822819051255919e-08 -0.024391446262598034
v 0.004959891550242901 4.405560805054164e-09 0.0638148710131645
v -0.03441503271460533 -1.3572413415374738e-08 -0.05395816266536712
v -0.028079617768526077 -1.1663338739253957e-08 -0.05751024559140205
v 0.004959891550242901 4.405560805054164e-09 0.0638148710131645
v 0.03643229603767395 9.57118029276671e-09 -0.05261730775237083
v 0.042587701231241226 1.1787895104475863e-08 -0.04778946191072463
v 0.004959891550242901 4.405560805054164e-09 0.0638148710131645
v 0.06371285766363144 2.1024597174346124e-08 0.006046986673027276
v 0.06251189112663269 2.0971166136973803e-08 0.013777076266705988
v 0.004959891550242901 4.405560805054164e-09 0.0638148710131645
v 0.023649729788303375 5.106589373582437e-09 -0.05946918204426765
v 0.030734138563275337 7.560014836371918e-09 -0.05615120753645896
v 0.004959891550242901 4.405560805054164e-09 0.0638148710131645
v 0.05901099741458893 2.031098134125386e-08 0.024770854040980336
v 0.056968607008457184 1.9837463227645454e-08 0.02916282974183559
v 0.004959891550242901 4.405560805054164e-09 0.0638148710131645
v -0.045680370181798935 -1.2925235992611304e-08 0.04482406377792358
v -0.04893957078456879 -1.4143843429792467e-08 0.041240893304347985
v 0.004959891550242901 4.405560805054164e-09 0.0638148710131645
v -0.06371283531188965 -2.049594627351325e-08 0.006047090515494346
v -0.06398770958185196 -2.079689842560128e-08 0.0012110524112358687
v 0.004959891550242901 4.405560805054164e-09 0.0638148710131645
v -0.001983317080885172 2.1506869618548304e-09 0.06398668140172957
v -0.007251508068293333 4.166234024438608e-10 0.06358701735734938
v 0.004959891550242901 4.405560805054164e-09 0.0638148710131645
v 0.012591551057994366 1.3594708692110655e-09 -0.06276141852140425
v 0.01908433623611927 3.548258131758075e-09 -0.06108748540282249
v 0.004959891550242901 4.405560805054164e-09 0.0638148710131645
v 0.03597792237997055 1.4037364159946718e-08 0.05294464156031608
v 0.03023577854037285 1.23176580046902e-08 0.056406479328870766
v 0.004959891550242901 4.405560805054164e-09 0.0638148710131645
v -0.030235694721341133 -7.386440792345183e-09 0.056406527757644646
v -0.036898430436849594 -9.736618622468994e-09 0.052307270467281335
v 0.004959891550242901 4.405560805054164e-09 0.0638148710131645
v -0.016221513971686363 -7.99234811665883e-09 -0.06192258745431899
v -0.009652625769376755 -5.910701261768735e-09 -0.06326705217361449
v 0.004959891550242901 4.405560805054164e-09 0.0638148710131645
v -0.0569685623049736 -1.728796128475096e-08 0.029162922874093052
v -0.05901096761226654 -1.814544248190941e-08 0.024770911782979962
v 0.004959891550242901 4.405560805054164e-09 0.0638148710131645
v 0.021382424980401993 9.60400114990989e-09 0.06032151728868484
v 0.013866744935512543 7.249959743660383e-09 0.06249206140637397
v 0.004959891550242901 4.405560805054164e-09 0.0638148710131645
v -0.04030739516019821 -1.5306749645560555e-08 -0.04971123114228248
v -0.03441503271460533 -1.3572413415374738e-08 -0.05395816266536712
v 0.004959891550242901 4.405560805054164e-09 0.0638148710131645
v -0.035597749054431915 0.017699280753731724 0.03838438913226127
v -0.036291882395744324 0.017699280753731724 0.0368058793246746
v -0.03984086588025093 0.017699537798762318 0.04211349412798881
v 0.06071536988019943 2.0668156963665748e-08 0.02023702301084995
v 0.05901099741458893 2.031098134125386e-08 0.024770854040980336
v 0.004959891550242901 4.405560805054164e-09 0.0638148710131645
v 0.06400875747203827 2.082821026760939e-08 -0.0006516546709462999
v 0.06371285766363144 2.1024597174346124e-08 0.006046986673027276
v 0.004959891550242901 4.405560805054164e-09 0.0638148710131645
v -0.06369064748287201 -2.1050992060622772e-08 -0.006816355511546134
v -0.06194579601287842 -2.0889673990609478e-08 -0.016132686287164685
v 0.004959891550242901 4.405560805054164e-09 0.0638148710131645
v -0.03912762925028801 0.017699617892503735 0.035587757825851433
v -0.04074784740805626 0.017698507755994793 0.03609136119484901
v -0.03984086588025093 0.017699537798762318 0.04211349412798881
v -0.035882189869880676 0.017698509618639943 0.04038565605878829
v -0.035597749054431915 0.017699280753731724 0.03838438913226127
v -0.03984086588025093 0.017699537798762318 0.04211349412798881
v -0.03754710406064987 0.017698509618639943 0.04196943342685699
v -0.035882189869880676 0.017698509618639943 0.04038565605878829
v -0.03984086588025093 0.017699537798762318 0.04211349412798881
v -0.04074784740805626 0.017698507755994793 0.03609136119484901
v -0.0418691486120224 0.017699617892503735 0.03744454681873321
v -0.03984086588025093 0.017699537798762318 0.04211349412798881
v -0.04224312677979469 0.017698507755994793 0.03909951448440551
v -0.04148884117603302 0.017699278891086575 0.04097487032413482
v -0.03984086588025093 0.017699537798762318 0.04211349412798881
v 0.06317836791276932 2.0136015521643454e-08 -0.010297202505171297
v 0.06400875747203827 2.082821026760939e-08 -0.0006516546709462999
v 0.004959891550242901 4.405560805054164e-09 0.0638148710131645
v -0.036291882395744324 0.017699280753731724 0.0368058793246746
v -0.03768226504325867 0.017699278891086575 0.03578591719269752
v -0.03984086588025093 0.017699537798762318 0.04211349412798881
v -0.036898430436849594 -9.736618622468994e-09 0.052307270467281335
v -0.04215959832072258 -1.1632624641322307e-08 0.04815039783716201
v 0.004959891550242901 4.405560805054164e-09 0.0638148710131645
v -0.044090330600738525 0.01763968542218208 -0.04632002115249633
v -0.045295827090740204 -1.673634564269832e-08 -0.04523088410496711
v -0.047484222799539566 0.017800550907850262 -0.042812209576368325
v -0.06302111595869064 0.017581621184945103 0.0108873238787055
v -0.06261724978685379 -1.9825105113113747e-08 0.013227202929556368
v -0.06196289137005806 0.017792578786611554 0.015768539160490033
v -0.061435189098119736 0.017792599275708195 -0.01771338656544685
v -0.06194579601287842 -2.0889673990609478e-08 -0.016132686287164685
v -0.06260239332914352 0.017601020634174343 -0.01307481527328491
v -0.03822069242596626 0.017636600881814953 0.05126798525452613
v -0.036898430436849594 -9.736618622468994e-09 0.052307270467281335
v -0.034233879297971725 0.017636541277170178 0.0540117435157299
v -0.034233879297971725 0.017636541277170178 0.0540117435157299
v -0.030235694721341133 -7.386440792345183e-09 0.056406527757644646
v -0.030028223991394043 0.017792621627449986 0.05644778534770011
v -0.00014596582332160324 0.017601067200303074 -0.06395301967859267
v -0.0018626799574121833 -3.4037961338384544e-09 -0.06398496031761168
v -0.0049822391010820866 0.017601117491722103 -0.06375882029533385
v 0.0046336534433066845 0.01779265888035297 -0.06376970559358595
v 0.004840085282921791 -1.2123678727604668e-09 -0.06381587684154509
v -0.00014596582332160324 0.017601067200303074 -0.06395301967859267
v -0.05328645557165146 0.017581621184945103 -0.03536593168973922
v -0.051769010722637177 -1.85188397949787e-08 -0.03775601834058761
v -0.055824242532253265 -1.9557901964617482e-08 -0.03129772096872329
v -0.05805105343461037 0.017601011320948597 -0.026834407821297642
v -0.05918978527188301 -2.0358692509603312e-08 -0.02452960796654224
v -0.059920940548181534 0.017636571079492566 -0.02233178541064262
v 0.0303849708288908 0.017792671918869015 0.05625654011964797
v 0.03023577854037285 1.23176580046902e-08 0.056406479328870766
v 0.03451332449913025 0.01760105602443218 0.053840871900320046
v -0.055824242532253265 -1.9557901964617482e-08 -0.03129772096872329
v -0.051769010722637177 -1.85188397949787e-08 -0.03775601834058761
v 0.004959891550242901 4.405560805054164e-09 0.0638148710131645
v -0.05918978527188301 -2.0358692509603312e-08 -0.02452960796654224
v -0.055824242532253265 -1.9557901964617482e-08 -0.03129772096872329
v 0.004959891550242901 4.405560805054164e-09 0.0638148710131645
v -0.051769010722637177 -1.85188397949787e-08 -0.03775601834058761
v -0.045295827090740204 -1.673634564269832e-08 -0.04523088410496711
v 0.004959891550242901 4.405560805054164e-09 0.0638148710131645
v 0.06392988562583923 0.017792668193578717 0.001007585087791085
v 0.06400875747203827 2.082821026760939e-08 -0.0006516546709462999
v 0.06384168565273285 0.017601082101464268 -0.003774743760004639
v -0.05901096761226654 -1.814544248190941e-08 0.024770911782979962
v -0.06071536988019943 -1.889898726403771e-08 0.02023704163730144
v 0.004959891550242901 4.405560805054164e-09 0.0638148710131645
v -0.0544416718184948 0.017792591825127598 0.033528354018926614
v -0.05361595377326012 -1.5941726161372568e-08 0.034969627857208245
v -0.051795653998851776 0.01760105602443218 0.03751294314861297
v 0.03451332449913025 0.01760105602443218 0.053840871900320046
v 0.03597792237997055 1.4037364159946718e-08 0.05294464156031608
v 0.03848639130592346 0.017601106315851208 0.0510764867067337
v 0.041869137436151505 0.017699642106890675 -0.03744455054402351
v 0.0422431156039238 0.017698531970381733 -0.03909951448440551
v 0.03609044477343559 0.01769956015050411 -0.03703230991959571
v 0.05977713689208031 0.017792647704482075 -0.02268786914646625
v 0.059214018285274506 1.822819051255919e-08 -0.024391446262598034
v 0.057890087366104126 0.017792616039514538 -0.027143750339746472
v -0.0487825907766819 0.017636567354202267 0.041345939040184014
v -0.045680370181798935 -1.2925235992611304e-08 0.04482406377792358
v -0.0454946793615818 0.017792616039514538 0.04492527991533279
v 0.0422208197414875 0.017699304968118664 0.038963798433542245
v 0.04181135073304176 0.017699304968118664 0.037288721650838845
v 0.040619418025016785 0.01769972406327724 0.0360424481332302
v 0.03868125006556511 0.017698533833026883 0.035537566989660256
v 0.03680587559938431 0.017699303105473515 0.03629187867045402
v 0.040619418025016785 0.01769972406327724 0.0360424481332302
v 0.036091357469558716 0.017698533833026883 0.040747839957475655
v 0.03744454309344292 0.017699643969535824 0.041869144886732095
v 0.040619418025016785 0.01769972406327724 0.0360424481332302
v 0.03744454309344292 0.017699643969535824 0.041869144886732095
v 0.03909950703382492 0.017698533833026883 0.04224311932921409
v 0.040619418025016785 0.01769972406327724 0.0360424481332302
v -0.0418691486120224 0.017699617892503735 0.03744454681873321
v -0.04224312677979469 0.017698507755994793 0.03909951448440551
v -0.03984086588025093 0.017699537798762318 0.04211349412798881
v 0.03558775410056114 0.017699642106890675 0.039127621799707406
v 0.036091357469558716 0.017698533833026883 0.040747839957475655
v 0.040619418025016785 0.01769972406327724 0.0360424481332302
v 0.03578591346740723 0.017699303105473515 0.03768225759267806
v 0.03558775410056114 0.017699642106890675 0.039127621799707406
v 0.040619418025016785 0.01769972406327724 0.0360424481332302
v -0.05586942657828331 0.017792599275708195 -0.03109105490148067
v -0.055824242532253265 -1.9557901964617482e-08 -0.03129772096872329
v -0.05805105343461037 0.017601011320948597 -0.026834407821297642
v 0.04577817767858505 0.017792655155062672 0.04463635385036468
v 0.04697498679161072 1.7207144153985606e-08 0.04348443821072578
v 0.04899836331605911 0.017601069062948223 0.04109950736165046
v 0.04716210812330246 0.017792651429772374 -0.04317152500152587
v 0.04734388738870621 1.3544243948615529e-08 -0.04306330531835555
v 0.04381371662020683 0.017601082101464268 -0.04658719897270202
v -0.03768226504325867 0.017699278891086575 0.03578591719269752
v -0.03912762925028801 0.017699617892503735 0.035587757825851433
v -0.03984086588025093 0.017699537798762318 0.04211349412798881
v 0.03909950703382492 0.017698533833026883 0.04224311932921409
v 0.04097486659884453 0.017699304968118664 0.041488837450742715
v 0.040619418025016785 0.01769972406327724 0.0360424481332302
v 0.04186917468905449 0.017699645832180973 0.04033620283007621
v 0.0422208197414875 0.017699304968118664 0.038963798433542245
v 0.040619418025016785 0.01769972406327724 0.0360424481332302
v 0.04097486659884453 0.017699304968118664 0.041488837450742715
v 0.04186917468905449 0.017699645832180973 0.04033620283007621
v 0.040619418025016785 0.01769972406327724 0.0360424481332302
v 0.06336252391338348 0.017636641860008236 -0.008626470342278479
v 0.06317836791276932 2.0136015521643454e-08 -0.010297202505171297
v 0.06251520663499832 0.01779260858893394 -0.0134124718606472
v 0.012208251282572746 0.017636578530073162 0.06277088820934294
v 0.013866744935512543 7.249959743660383e-09 0.06249206140637397
v 0.016938338056206703 0.017792627215385434 0.06165337935090064
v -0.01203982811421156 -1.1755424411674651e-09 0.06285645812749861
v -0.00718323141336441 0.01757574267685413 0.06355047971010207
v -0.012009894475340843 0.017671938985586163 0.06280720978975295
v -0.0017754699802026153 0.015844436362385746 0.06399297714233397
v -0.007251508068293333 4.166234024438608e-10 0.06358701735734938
v -0.001983317080885172 2.1506869618548304e-09 0.06398668140172957
v 0.05582418665289879 1.6821758208607204e-08 -0.031297802925109856
v 0.05320493504405022 0.017562897875905033 -0.03549335896968841
v 0.0557672418653965 0.0176719669252634 -0.03128893673419952
v 0.05582418665289879 1.6821758208607204e-08 -0.031297802925109856
v 0.057890087366104126 0.017792616039514538 -0.027143750339746472
v 0.059214018285274506 1.822819051255919e-08 -0.024391446262598034
v 0.02588326670229435 1.0992321719527352e-08 0.05853161588311195
v 0.021504510194063187 0.01760105229914188 0.060229271650314324
v 0.021382424980401993 9.60400114990989e-09 0.06032151728868484
v 0.03226183354854584 0.017906706780195233 -0.05518635362386703
v 0.03643229603767395 9.57118029276671e-09 -0.05261730775237083
v 0.030734138563275337 7.560014836371918e-09 -0.05615120753645896
v -0.021193794906139374 0.017636546865105625 0.06033282727003097
v -0.02588316984474659 -5.875316677617092e-09 0.05853165313601493
v -0.019621821120381355 -3.7302534394711975e-09 0.06093052774667739
v 0.02796783857047558 0.017562849447131153 -0.05751819908618926
v 0.03226183354854584 0.017906706780195233 -0.05518635362386703
v 0.030734138563275337 7.560014836371918e-09 -0.05615120753645896
v 0.009543630294501781 0.017562942579388615 -0.06324130296707152
v 0.014377972111105919 0.01767194271087646 -0.062307760119438164
v 0.012591551057994366 1.3594708692110655e-09 -0.06276141852140425
v 0.06071536988019943 2.0668156963665748e-08 0.02023702301084995
v 0.05902494117617607 0.017601111903786656 0.024618385359644886
v 0.05901099741458893 2.031098134125386e-08 0.024770854040980336
v -0.044090330600738525 0.01763968542218208 -0.04632002115249633
v -0.04030739516019821 -1.5306749645560555e-08 -0.04971123114228248
v -0.045295827090740204 -1.673634564269832e-08 -0.04523088410496711
v -0.028079617768526077 -1.1663338739253957e-08 -0.05751024559140205
v -0.03225105628371239 0.017808586359024044 -0.05520782619714736
v -0.028178522363305092 0.017683736979961392 -0.057398449629545205
v -0.06398770958185196 -2.079689842560128e-08 0.0012110524112358687
v -0.06384597718715668 0.017792617902159687 -0.0034260442480444904
v -0.06369064748287201 -2.1050992060622772e-08 -0.006816355511546134
v -0.05805105343461037 0.017601011320948597 -0.026834407821297642
v -0.055824242532253265 -1.9557901964617482e-08 -0.03129772096872329
v -0.05918978527188301 -2.0358692509603312e-08 -0.02452960796654224
v 0.014377972111105919 0.01767194271087646 -0.062307760119438164
v 0.01908433623611927 3.548258131758075e-09 -0.06108748540282249
v 0.012591551057994366 1.3594708692110655e-09 -0.06276141852140425
v 0.06392988562583923 0.017792668193578717 0.001007585087791085
v 0.06371285766363144 2.1024597174346124e-08 0.006046986673027276
v 0.06400875747203827 2.082821026760939e-08 -0.0006516546709462999
v -0.06371283531188965 -2.049594627351325e-08 0.006047090515494346
v -0.06393880397081375 0.017601061612367627 0.0013561496743932364
v -0.06398770958185196 -2.079689842560128e-08 0.0012110524112358687
v -0.05901096761226654 -1.814544248190941e-08 0.024770911782979962
v -0.060625433921813965 0.01760103181004524 0.0203609075397253
v -0.06071536988019943 -1.889898726403771e-08 0.02023704163730144
v -0.06369064748287201 -2.1050992060622772e-08 -0.006816355511546134
v -0.06260239332914352 0.017601020634174343 -0.01307481527328491
v -0.06194579601287842 -2.0889673990609478e-08 -0.016132686287164685
v -0.028079617768526077 -1.1663338739253957e-08 -0.05751024559140205
v -0.02376830019056797 0.017601020634174343 -0.05937236547470092
v -0.02364981546998024 -1.0305551967348945e-08 -0.059469141066074364
v 0.052996132522821426 1.883764610965954e-08 0.03590202331542968
v 0.04899836331605911 0.017601069062948223 0.04109950736165046
v 0.04697498679161072 1.7207144153985606e-08 0.04348443821072578
v 0.03023577854037285 1.23176580046902e-08 0.056406479328870766
v 0.026028050109744072 0.01763658225536346 0.058410324156284325
v 0.02588326670229435 1.0992321719527352e-08 0.05853161588311195
v -0.06071536988019943 -1.889898726403771e-08 0.02023704163730144
v -0.06196289137005806 0.017792578786611554 0.015768539160490033
v -0.06261724978685379 -1.9825105113113747e-08 0.013227202929556368
v 0.021382424980401993 9.60400114990989e-09 0.06032151728868484
v 0.016938338056206703 0.017792627215385434 0.06165337935090064
v 0.013866744935512543 7.249959743660383e-09 0.06249206140637397
v -0.05328645557165146 0.017581621184945103 -0.03536593168973922
v -0.05043497309088707 0.017671952024102208 -0.03931028395891189
v -0.051769010722637177 -1.85188397949787e-08 -0.03775601834058761
v 0.05901099741458893 2.031098134125386e-08 0.024770854040980336
v 0.056994009763002396 0.017601089552044865 0.029011920094490048
v 0.056968607008457184 1.9837463227645454e-08 0.02916282974183559
v -0.01921573095023632 0.017715452238917347 -0.06098938733339309
v -0.014587181620299816 0.017682692036032673 -0.062258563935756676
v -0.016221513971686363 -7.99234811665883e-09 -0.06192258745431899
v -0.00014596582332160324 0.017601067200303074 -0.06395301967859267
v 0.004840085282921791 -1.2123678727604668e-09 -0.06381587684154509
v -0.0018626799574121833 -3.4037961338384544e-09 -0.06398496031761168
v -0.06371283531188965 -2.049594627351325e-08 0.006047090515494346
v -0.06302111595869064 0.017581621184945103 0.0108873238787055
v -0.06365718692541122 0.01767192035913467 0.006061946041882037
v -0.04030739516019821 -1.5306749645560555e-08 -0.04971123114228248
v -0.03649389371275902 0.017562868073582646 -0.05252370983362197
v -0.03441503271460533 -1.3572413415374738e-08 -0.05395816266536712
v 0.05977713689208031 0.017792647704482075 -0.02268786914646625
v 0.061437658965587616 1.9235400827710688e-08 -0.01792502216994762
v 0.059214018285274506 1.822819051255919e-08 -0.024391446262598034
v 0.01908433623611927 3.548258131758075e-09 -0.06108748540282249
v 0.02346169576048851 0.017636546865105625 -0.05948760360479354
v 0.023649729788303375 5.106589373582437e-09 -0.05946918204426765
v 0.05046512931585312 1.4723174679431848e-08 -0.0393594168126583
v 0.05320493504405022 0.017562897875905033 -0.03549335896968841
v 0.05329730734229088 1.581777020476238e-08 -0.03543007001280784
v -0.04201943427324295 0.017601059749722477 0.04821179434657096
v -0.045680370181798935 -1.2925235992611304e-08 0.04482406377792358
v -0.04215959832072258 -1.1632624641322307e-08 0.04815039783716201
v -0.051769010722637177 -1.85188397949787e-08 -0.03775601834058761
v -0.047484222799539566 0.017800550907850262 -0.042812209576368325
v -0.045295827090740204 -1.673634564269832e-08 -0.04523088410496711
v 0.056968607008457184 1.9837463227645454e-08 0.02916282974183559
v 0.05465284362435341 0.01779263839125633 0.0331829972565174
v 0.052996132522821426 1.883764610965954e-08 0.03590202331542968
v -0.03649389371275902 0.017562868073582646 -0.05252370983362197
v -0.03225105628371239 0.017808586359024044 -0.05520782619714736
v -0.03441503271460533 -1.3572413415374738e-08 -0.05395816266536712
v 0.004840085282921791 -1.2123678727604668e-09 -0.06381587684154509
v 0.009543630294501781 0.017562942579388615 -0.06324130296707152
v 0.012591551057994366 1.3594708692110655e-09 -0.06276141852140425
v 0.06206146627664566 0.017792649567127224 0.015375914983451365
v 0.06071536988019943 2.0668156963665748e-08 0.02023702301084995
v 0.06251189112663269 2.0971166136973803e-08 0.013777076266705988
v 0.013866744935512543 7.249959743660383e-09 0.06249206140637397
v 0.007389280013740063 0.017599036917090412 0.0635249689221382
v 0.004959891550242901 4.405560805054164e-09 0.0638148710131645
v -0.014587181620299816 0.017682692036032673 -0.062258563935756676
v -0.009652625769376755 -5.910701261768735e-09 -0.06326705217361449
v -0.016221513971686363 -7.99234811665883e-09 -0.06192258745431899
v 0.04381371662020683 0.017601082101464268 -0.04658719897270202
v 0.04734388738870621 1.3544243948615529e-08 -0.04306330531835555
v 0.042587701231241226 1.1787895104475863e-08 -0.04778946191072463
v 0.04215966910123825 1.5842067213611696e-08 0.04815032705664634
v 0.03848639130592346 0.017601106315851208 0.0510764867067337
v 0.03597792237997055 1.4037364159946718e-08 0.05294464156031608
v -0.04893957078456879 -1.4143843429792467e-08 0.041240893304347985
v -0.051795653998851776 0.01760105602443218 0.03751294314861297
v -0.05361595377326012 -1.5941726161372568e-08 0.034969627857208245
v -0.0544416718184948 0.017792591825127598 0.033528354018926614
v -0.0569685623049736 -1.728796128475096e-08 0.029162922874093052
v -0.05361595377326012 -1.5941726161372568e-08 0.034969627857208245
v 0.04577817767858505 0.017792655155062672 0.04463635385036468
v 0.04215966910123825 1.5842067213611696e-08 0.04815032705664634
v 0.04697498679161072 1.7207144153985606e-08 0.04348443821072578
v 0.06317836791276932 2.0136015521643454e-08 -0.010297202505171297
v 0.06384168565273285 0.017601082101464268 -0.003774743760004639
v 0.06400875747203827 2.082821026760939e-08 -0.0006516546709462999
v -0.02364981546998024 -1.0305551967348945e-08 -0.059469141066074364
v -0.01921573095023632 0.017715452238917347 -0.06098938733339309
v -0.016221513971686363 -7.99234811665883e-09 -0.06192258745431899
v 0.061437658965587616 1.9235400827710688e-08 -0.01792502216994762
v 0.06251520663499832 0.01779260858893394 -0.0134124718606472
v 0.06317836791276932 2.0136015521643454e-08 -0.010297202505171297
v -0.01203982811421156 -1.1755424411674651e-09 0.06285645812749861
v -0.016547637060284615 0.017792595550417897 0.061759386211633675
v -0.019621821120381355 -3.7302534394711975e-09 0.06093052774667739
v 0.004959891550242901 4.405560805054164e-09 0.0638148710131645
v -0.0017754699802026153 0.015844436362385746 0.06399297714233397
v -0.001983317080885172 2.1506869618548304e-09 0.06398668140172957
v 0.03643229603767395 9.57118029276671e-09 -0.05261730775237083
v 0.04016491398215294 0.01760105229914188 -0.04976734891533851
v 0.042587701231241226 1.1787895104475863e-08 -0.04778946191072463
v -0.034233879297971725 0.017636541277170178 0.0540117435157299
v -0.036898430436849594 -9.736618622468994e-09 0.052307270467281335
v -0.030235694721341133 -7.386440792345183e-09 0.056406527757644646
v 0.06371285766363144 2.1024597174346124e-08 0.006046986673027276
v 0.06305231153964996 0.017601111903786656 0.010696494020521639
v 0.06251189112663269 2.0971166136973803e-08 0.013777076266705988
v 0.03451332449913025 0.01760105602443218 0.053840871900320046
v 0.03023577854037285 1.23176580046902e-08 0.056406479328870766
v 0.03597792237997055 1.4037364159946718e-08 0.05294464156031608
v 0.023649729788303375 5.106589373582437e-09 -0.05946918204426765
v 0.02796783857047558 0.017562849447131153 -0.05751819908618926
v 0.030734138563275337 7.560014836371918e-09 -0.05615120753645896
v -0.009652625769376755 -5.910701261768735e-09 -0.06326705217361449
v -0.0049822391010820866 0.017601117491722103 -0.06375882029533385
v -0.0018626799574121833 -3.4037961338384544e-09 -0.06398496031761168
v 0.04734388738870621 1.3544243948615529e-08 -0.04306330531835555
v 0.05031222477555275 0.01763660460710525 -0.039470314979553216
v 0.05046512931585312 1.4723174679431848e-08 -0.0393594168126583
v -0.03822069242596626 0.017636600881814953 0.05126798525452613
v -0.04215959832072258 -1.1632624641322307e-08 0.04815039783716201
v -0.036898430436849594 -9.736618622468994e-09 0.052307270467281335
v -0.06194579601287842 -2.0889673990609478e-08 -0.016132686287164685
v -0.059920940548181534 0.017636571079492566 -0.02233178541064262
v -0.05918978527188301 -2.0358692509603312e-08 -0.02452960796654224
v -0.025731049478054047 0.017601015046238896 0.05854847282171249
v -0.030235694721341133 -7.386440792345183e-09 0.056406527757644646
v -0.02588316984474659 -5.875316677617092e-09 0.05853165313601493
v -0.0569685623049736 -1.728796128475096e-08 0.029162922874093052
v -0.056839268654584885 0.01763656362891197 0.02930060029029846
v -0.058892425149679184 0.01763656362891197 0.024918068200349804
v -0.01203982811421156 -1.1755424411674651e-09 0.06285645812749861
v -0.007251508068293333 4.166234024438608e-10 0.06358701735734938
v -0.00718323141336441 0.01757574267685413 0.06355047971010207
v -0.0017754699802026153 0.015844436362385746 0.06399297714233397
v -0.00718323141336441 0.01757574267685413 0.06355047971010207
v -0.007251508068293333 4.166234024438608e-10 0.06358701735734938
v 0.05582418665289879 1.6821758208607204e-08 -0.031297802925109856
v 0.05329730734229088 1.581777020476238e-08 -0.03543007001280784
v 0.05320493504405022 0.017562897875905033 -0.03549335896968841
v 0.05582418665289879 1.6821758208607204e-08 -0.031297802925109856
v 0.0557672418653965 0.0176719669252634 -0.03128893673419952
v 0.057890087366104126 0.017792616039514538 -0.027143750339746472
v 0.02588326670229435 1.0992321719527352e-08 0.05853161588311195
v 0.026028050109744072 0.01763658225536346 0.058410324156284325
v 0.021504510194063187 0.01760105229914188 0.060229271650314324
v 0.03226183354854584 0.017906706780195233 -0.05518635362386703
v 0.03625328466296196 0.017636591568589207 -0.05267756804823875
v 0.03643229603767395 9.57118029276671e-09 -0.05261730775237083
v -0.021193794906139374 0.017636546865105625 0.06033282727003097
v -0.025731049478054047 0.017601015046238896 0.05854847282171249
v -0.02588316984474659 -5.875316677617092e-09 0.05853165313601493
v 0.06071536988019943 2.0668156963665748e-08 0.02023702301084995
v 0.06072308495640755 0.01763661205768585 0.02004827558994293
v 0.05902494117617607 0.017601111903786656 0.024618385359644886
v -0.044090330600738525 0.01763968542218208 -0.04632002115249633
v -0.04041538015007973 0.017636545002460476 -0.04955627396702766
v -0.04030739516019821 -1.5306749645560555e-08 -0.04971123114228248
v -0.028079617768526077 -1.1663338739253957e-08 -0.05751024559140205
v -0.03441503271460533 -1.3572413415374738e-08 -0.05395816266536712
v -0.03225105628371239 0.017808586359024044 -0.05520782619714736
v -0.06398770958185196 -2.079689842560128e-08 0.0012110524112358687
v -0.06393880397081375 0.017601061612367627 0.0013561496743932364
v -0.06384597718715668 0.017792617902159687 -0.0034260442480444904
v 0.06392988562583923 0.017792668193578717 0.001007585087791085
v 0.06367786228656769 0.017636602744460102 0.005861391313374042
v 0.06371285766363144 2.1024597174346124e-08 0.006046986673027276
v -0.06371283531188965 -2.049594627351325e-08 0.006047090515494346
v -0.06365718692541122 0.01767192035913467 0.006061946041882037
v -0.06393880397081375 0.017601061612367627 0.0013561496743932364
v -0.05901096761226654 -1.814544248190941e-08 0.024770911782979962
v -0.058892425149679184 0.01763656362891197 0.024918068200349804
v -0.060625433921813965 0.01760103181004524 0.0203609075397253
v -0.06369064748287201 -2.1050992060622772e-08 -0.006816355511546134
v -0.06341192126274109 0.01760105043649673 -0.008303035981953142
v -0.06260239332914352 0.017601020634174343 -0.01307481527328491
v -0.028079617768526077 -1.1663338739253957e-08 -0.05751024559140205
v -0.028178522363305092 0.017683736979961392 -0.057398449629545205
v -0.02376830019056797 0.017601020634174343 -0.05937236547470092
v 0.052996132522821426 1.883764610965954e-08 0.03590202331542968
v 0.051982101052999496 0.017636599019169804 0.03724361583590507
v 0.04899836331605911 0.017601069062948223 0.04109950736165046
v 0.03023577854037285 1.23176580046902e-08 0.056406479328870766
v 0.0303849708288908 0.017792671918869015 0.05625654011964797
v 0.026028050109744072 0.01763658225536346 0.058410324156284325
v -0.06071536988019943 -1.889898726403771e-08 0.02023704163730144
v -0.060625433921813965 0.01760103181004524 0.0203609075397253
v -0.06196289137005806 0.017792578786611554 0.015768539160490033
v 0.021382424980401993 9.60400114990989e-09 0.06032151728868484
v 0.021504510194063187 0.01760105229914188 0.060229271650314324
v 0.016938338056206703 0.017792627215385434 0.06165337935090064
v 0.05901099741458893 2.031098134125386e-08 0.024770854040980336
v 0.05902494117617607 0.017601111903786656 0.024618385359644886
v 0.056994009763002396 0.017601089552044865 0.029011920094490048
v -0.06371283531188965 -2.049594627351325e-08 0.006047090515494346
v -0.06261724978685379 -1.9825105113113747e-08 0.013227202929556368
v -0.06302111595869064 0.017581621184945103 0.0108873238787055
v -0.04030739516019821 -1.5306749645560555e-08 -0.04971123114228248
v -0.04041538015007973 0.017636545002460476 -0.04955627396702766
v -0.03649389371275902 0.017562868073582646 -0.05252370983362197
v 0.05977713689208031 0.017792647704482075 -0.02268786914646625
v 0.06136484816670418 0.017496630549430844 -0.018021691590547558
v 0.061437658965587616 1.9235400827710688e-08 -0.01792502216994762
v 0.01908433623611927 3.548258131758075e-09 -0.06108748540282249
v 0.018872814252972603 0.01779261045157909 -0.06108896434307098
v 0.02346169576048851 0.017636546865105625 -0.05948760360479354
v 0.05046512931585312 1.4723174679431848e-08 -0.0393594168126583
v 0.05031222477555275 0.01763660460710525 -0.039470314979553216
v 0.05320493504405022 0.017562897875905033 -0.03549335896968841
v -0.051769010722637177 -1.85188397949787e-08 -0.03775601834058761
v -0.05043497309088707 0.017671952024102208 -0.03931028395891189
v -0.047484222799539566 0.017800550907850262 -0.042812209576368325
v 0.056968607008457184 1.9837463227645454e-08 0.02916282974183559
v 0.056994009763002396 0.017601089552044865 0.029011920094490048
v 0.05465284362435341 0.01779263839125633 0.0331829972565174
v 0.004840085282921791 -1.2123678727604668e-09 -0.06381587684154509
v 0.0046336534433066845 0.01779265888035297 -0.06376970559358595
v 0.009543630294501781 0.017562942579388615 -0.06324130296707152
v 0.06206146627664566 0.017792649567127224 0.015375914983451365
v 0.06072308495640755 0.01763661205768585 0.02004827558994293
v 0.06071536988019943 2.0668156963665748e-08 0.02023702301084995
v 0.013866744935512543 7.249959743660383e-09 0.06249206140637397
v 0.012208251282572746 0.017636578530073162 0.06277088820934294
v 0.007389280013740063 0.017599036917090412 0.0635249689221382
v -0.014587181620299816 0.017682692036032673 -0.062258563935756676
v -0.009824149310588837 0.017636645585298535 -0.06318791210651396
v -0.009652625769376755 -5.910701261768735e-09 -0.06326705217361449
v 0.04215966910123825 1.5842067213611696e-08 0.04815032705664634
v 0.042261719703674316 0.017636597156524655 0.04799139127135276
v 0.03848639130592346 0.017601106315851208 0.0510764867067337
v -0.04893957078456879 -1.4143843429792467e-08 0.041240893304347985
v -0.0487825907766819 0.017636567354202267 0.041345939040184014
v -0.051795653998851776 0.01760105602443218 0.03751294314861297
v -0.0544416718184948 0.017792591825127598 0.033528354018926614
v -0.056839268654584885 0.01763656362891197 0.02930060029029846
v -0.0569685623049736 -1.728796128475096e-08 0.029162922874093052
v 0.04577817767858505 0.017792655155062672 0.04463635385036468
v 0.042261719703674316 0.017636597156524655 0.04799139127135276
v 0.04215966910123825 1.5842067213611696e-08 0.04815032705664634
v 0.06317836791276932 2.0136015521643454e-08 -0.010297202505171297
v 0.06336252391338348 0.017636641860008236 -0.008626470342278479
v 0.06384168565273285 0.017601082101464268 -0.003774743760004639
v -0.02364981546998024 -1.0305551967348945e-08 -0.059469141066074364
v -0.02376830019056797 0.017601020634174343 -0.05937236547470092
v -0.01921573095023632 0.017715452238917347 -0.06098938733339309
v 0.061437658965587616 1.9235400827710688e-08 -0.01792502216994762
v 0.06136484816670418 0.017496630549430844 -0.018021691590547558
v 0.06251520663499832 0.01779260858893394 -0.0134124718606472
v -0.01203982811421156 -1.1755424411674651e-09 0.06285645812749861
v -0.012009894475340843 0.017671938985586163 0.06280720978975295
v -0.016547637060284615 0.017792595550417897 0.061759386211633675
v 0.004959891550242901 4.405560805054164e-09 0.0638148710131645
v 0.0028599111828953028 0.017742002382874485 0.06387832015752791
v -0.0017754699802026153 0.015844436362385746 0.06399297714233397
v 0.03643229603767395 9.57118029276671e-09 -0.05261730775237083
v 0.03625328466296196 0.017636591568589207 -0.05267756804823875
v 0.04016491398215294 0.01760105229914188 -0.04976734891533851
v 0.06371285766363144 2.1024597174346124e-08 0.006046986673027276
v 0.06367786228656769 0.017636602744460102 0.005861391313374042
v 0.06305231153964996 0.017601111903786656 0.010696494020521639
v 0.023649729788303375 5.106589373582437e-09 -0.05946918204426765
v 0.02346169576048851 0.017636546865105625 -0.05948760360479354
v 0.02796783857047558 0.017562849447131153 -0.05751819908618926
v -0.009652625769376755 -5.910701261768735e-09 -0.06326705217361449
v -0.009824149310588837 0.017636645585298535 -0.06318791210651396
v -0.0049822391010820866 0.017601117491722103 -0.06375882029533385
v 0.04734388738870621 1.3544243948615529e-08 -0.04306330531835555
v 0.04716210812330246 0.017792651429772374 -0.04317152500152587
v 0.05031222477555275 0.01763660460710525 -0.039470314979553216
v -0.03822069242596626 0.017636600881814953 0.05126798525452613
v -0.04201943427324295 0.017601059749722477 0.04821179434657096
v -0.04215959832072258 -1.1632624641322307e-08 0.04815039783716201
v -0.06194579601287842 -2.0889673990609478e-08 -0.016132686287164685
v -0.061435189098119736 0.017792599275708195 -0.01771338656544685
v -0.059920940548181534 0.017636571079492566 -0.02233178541064262
v -0.025731049478054047 0.017601015046238896 0.05854847282171249
v -0.030028223991394043 0.017792621627449986 0.05644778534770011
v -0.030235694721341133 -7.386440792345183e-09 0.056406527757644646
usemtl Black
f 1 2 3
f 4 5 6
f 7 8 9
f 10 11 12
f 13 14 15
f 16 17 18
f 19 20 21
f 22 23 24
f 25 26 27
f 28 29 30
f 31 32 33
f 34 35 36
f 37 38 39
f 40 41 42
f 43 44 45
f 46 47 48
f 49 50 51
f 52 53 54
f 55 56 57
f 58 59 60
f 61 62 63
f 64 65 66
f 67 68 69
f 70 71 72
f 73 74 75
f 76 77 78
f 79 80 81
f 82 83 84
f 85 86 87
f 88 89 90
f 91 92 93
f 94 95 96
f 97 98 99
f 100 101 102
f 103 104 105
f 106 107 108
f 109 110 111
f 112 113 114
f 115 116 117
f 118 119 120
f 121 122 123
f 124 125 126
f 127 128 129
f 130 131 132
f 133 134 135
f 136 137 138
f 139 140 141
f 142 143 144
f 145 146 147
f 148 149 150
f 151 152 153
f 154 155 156
f 157 158 159
f 160 161 162
f 163 164 165
f 166 167 168
f 169 170 171
f 172 173 174
f 175 176 177
f 178 179 180
f 181 182 183
f 184 185 186
f 187 188 189
f 190 191 192
f 193 194 195
f 196 197 198
f 199 200 201
f 202 203 204
f 205 206 207
f 208 209 210
f 211 212 213
f 214 215 216
f 217 218 219
f 220 221 222
f 223 224 225
f 226 227 228
f 229 230 231
f 232 233 234
f 235 236 237
f 238 239 240
f 241 242 243
f 244 245 246
f 247 248 249
f 250 251 252
f 253 254 255
f 256 257 258
f 259 260 261
f 262 263 264
f 265 266 267
f 268 269 270
f 271 272 273
f 274 275 276
f 277 278 279
f 280 281 282
f 283 284 285
f 286 287 288
f 289 290 291
f 292 293 294
f 295 296 297
f 298 299 300
f 301 302 303
f 304 305 306
f 307 308 309
f 310 311 312
f 313 314 315
f 316 317 318
f 319 320 321
f 322 323 324
f 325 326 327
f 328 329 330
f 331 332 333
f 334 335 336
f 337 338 339
f 340 341 342
f 343 344 345
f 346 347 348
f 349 350 351
f 352 353 354
f 355 356 357
f 358 359 360
f 361 362 363
f 364 365 366
f 367 368 369
f 370 371 372
f 373 374 375
f 376 377 378
f 379 380 381
f 382 383 384
f 385 386 387
f 388 389 390
f 391 392 393
f 394 395 396
f 397 398 399
f 400 401 402
f 403 404 405
f 406 407 408
f 409 410 411
f 412 413 414
f 415 416 417
f 418 419 420
f 421 422 423
f 424 425 426
f 427 428 429
f 430 431 432
f 433 434 435
f 436 437 438
f 439 440 441
f 442 443 444
f 445 446 447
f 448 449 450
f 451 452 453
f 454 455 456
f 457 458 459
f 460 461 462
f 463 464 465
f 466 467 468
f 469 470 471
f 472 473 474
f 475 476 477
f 478 479 480
f 481 482 483
f 484 485 486
f 487 488 489
f 490 491 492
f 493 494 495
f 496 497 498
f 499 500 501
f 502 503 504
f 505 506 507
f 508 509 510
f 511 512 513
f 514 515 516
f 517 518 519
f 520 521 522
f 523 524 525
f 526 527 528
f 529 530 531
f 532 533 534
f 535 536 537
f 538 539 540
f 541 542 543
f 544 545 546
f 547 548 549
f 550 551 552
f 553 554 555
f 556 557 558
f 559 560 561
f 562 563 564
f 565 566 567
f 568 569 570
f 571 572 573
f 574 575 576
f 577 578 579
f 580 581 582
f 583 584 585
f 586 587 588
f 589 590 591
f 592 593 594
f 595 596 597
f 598 599 600
f 601 602 603
f 604 605 606
f 607 608 609
f 610 611 612
f 613 614 615
f 616 617 618
f 619 620 621
f 622 623 624
f 625 626 627
f 628 629 630
f 631 632 633
f 634 635 636
f 637 638 639
f 640 641 642
f 643 644 645
f 646 647 648
f 649 650 651
f 652 653 654
f 655 656 657
f 658 659 660
f 661 662 663
f 664 665 666
f 667 668 669
f 670 671 672
f 673 674 675
f 676 677 678
f 679 680 681
f 682 683 684
f 685 686 687
f 688 689 690
f 691 692 693
f 694 695 696
f 697 698 699
f 700 701 702
f 703 704 705
f 706 707 708
f 709 710 711
f 712 713 714
f 715 716 717
f 718 719 720
f 721 722 723
f 724 725 726
f 727 728 729
f 730 731 732
f 733 734 735
f 736 737 738
f 739 740 741
f 742 743 744
f 745 746 747
f 748 749 750
f 751 752 753
f 754 755 756
f 757 758 759
f 760 761 762
f 763 764 765
f 766 767 768
f 769 770 771
f 772 773 774
f 775 776 777
f 778 779 780
f 781 782 783
f 784 785 786
f 787 788 789
f 790 791 792
f 793 794 795
f 796 797 798
f 799 800 801
f 802 803 804
f 805 806 807
f 808 809 810
f 811 812 813
f 814 815 816
f 817 818 819
f 820 821 822
f 823 824 825
f 826 827 828
f 829 830 831
f 832 833 834
f 835 836 837
f 838 839 840
f 841 842 843
f 844 845 846
f 847 848 849
f 850 851 852
f 853 854 855
f 856 857 858
f 859 860 861
f 862 863 864
f 865 866 867
f 868 869 870
f 871 872 873
f 874 875 876
f 877 878 879
f 880 881 882
f 883 884 885
f 886 887 888
f 889 890 891
f 892 893 894
f 895 896 897
f 898 899 900
f 901 902 903
f 904 905 906
f 907 908 909
f 910 911 912
f 913 914 915
f 916 917 918
f 919 920 921
f 922 923 924
f 925 926 927
f 928 929 930
f 931 932 933
f 934 935 936
f 937 938 939
f 940 941 942
f 943 944 945
f 946 947 948
f 949 950 951
f 952 953 954
f 955 956 957
f 958 959 960
f 961 962 963
f 964 965 966
f 967 968 969
f 970 971 972
f 973 974 975
f 976 977 978
f 979 980 981
f 982 983 984
f 985 986 987
f 988 989 990
f 991 992 993
f 994 995 996
f 997 998 999
f 1000 1001 1002
f 1003 1004 1005
f 1006 1007 1008
f 1009 1010 1011
f 1012 1013 1014
f 1015 1016 1017
f 1018 1019 1020
f 1021 1022 1023
f 1024 1025 1026
f 1027 1028 1029
f 1030 1031 1032
f 1033 1034 1035
f 1036 1037 1038
f 1039 1040 1041
f 1042 1043 1044
f 1045 1046 1047
f 1048 1049 1050
f 1051 1052 1053
f 1054 1055 1056
f 1057 1058 1059
f 1060 1061 1062
f 1063 1064 1065
f 1066 1067 1068
f 1069 1070 1071
f 1072 1073 1074
f 1075 1076 1077
f 1078 1079 1080
f 1081 1082 1083
f 1084 1085 1086
f 1087 1088 1089
f 1090 1091 1092
f 1093 1094 1095
f 1096 1097 1098
f 1099 1100 1101
f 1102 1103 1104
f 1105 1106 1107
f 1108 1109 1110
f 1111 1112 1113
f 1114 1115 1116
f 1117 1118 1119
f 1120 1121 1122
f 1123 1124 1125
f 1126 1127 1128
f 1129 1130 1131
f 1132 1133 1134
f 1135 1136 1137
f 1138 1139 1140
f 1141 1142 1143
f 1144 1145 1146
f 1147 1148 1149
f 1150 1151 1152
f 1153 1154 1155
f 1156 1157 1158
f 1159 1160 1161
f 1162 1163 1164
f 1165 1166 1167
f 1168 1169 1170
f 1171 1172 1173
f 1174 1175 1176
f 1177 1178 1179
f 1180 1181 1182
f 1183 1184 1185
f 1186 1187 1188
f 1189 1190 1191
f 1192 1193 1194
f 1195 1196 1197
f 1198 1199 1200
f 1201 1202 1203
f 1204 1205 1206
f 1207 1208 1209
f 1210 1211 1212
f 1213 1214 1215
f 1216 1217 1218
f 1219 1220 1221
f 1222 1223 1224
f 1225 1226 1227
f 1228 1229 1230
f 1231 1232 1233
f 1234 1235 1236
f 1237 1238 1239
f 1240 1241 1242
f 1243 1244 1245
f 1246 1247 1248
f 1249 1250 1251
f 1252 1253 1254
f 1255 1256 1257
f 1258 1259 1260
f 1261 1262 1263
f 1264 1265 1266
f 1267 1268 1269
f 1270 1271 1272
f 1273 1274 1275
f 1276 1277 1278
f 1279 1280 1281
f 1282 1283 1284
f 1285 1286 1287
f 1288 1289 1290
f 1291 1292 1293
f 1294 1295 1296
f 1297 1298 1299
f 1300 1301 1302
f 1303 1304 1305
f 1306 1307 1308
f 1309 1310 1311
f 1312 1313 1314
f 1315 1316 1317
f 1318 1319 1320
f 1321 1322 1323
f 1324 1325 1326
f 1327 1328 1329
f 1330 1331 1332
f 1333 1334 1335
f 1336 1337 1338
f 1339 1340 1341
f 1342 1343 1344
f 1345 1346 1347
f 1348 1349 1350
f 1351 1352 1353
f 1354 1355 1356
f 1357 1358 1359
f 1360 1361 1362
f 1363 1364 1365
f 1366 1367 1368
f 1369 1370 1371
f 1372 1373 1374
f 1375 1376 1377
f 1378 1379 1380
f 1381 1382 1383
f 1384 1385 1386
f 1387 1388 1389
f 1390 1391 1392
f 1393 1394 1395
f 1396 1397 1398
f 1399 1400 1401
f 1402 1403 1404
f 1405 1406 1407
f 1408 1409 1410
f 1411 1412 1413
f 1414 1415 1416
f 1417 1418 1419
f 1420 1421 1422
f 1423 1424 1425
f 1426 1427 1428
f 1429 1430 1431
f 1432 1433 1434
f 1435 1436 1437
f 1438 1439 1440
f 1441 1442 1443
f 1444 1445 1446
f 1447 1448 1449
f 1450 1451 1452
f 1453 1454 1455
f 1456 1457 1458
f 1459 1460 1461
f 1462 1463 1464
f 1465 1466 1467
f 1468 1469 1470
f 1471 1472 1473
f 1474 1475 1476
f 1477 1478 1479
f 1480 1481 1482
f 1483 1484 1485
f 1486 1487 1488
f 1489 1490 1491
f 1492 1493 1494
f 1495 1496 1497
f 1498 1499 1500
f 1501 1502 1503
f 1504 1505 1506
f 1507 1508 1509
f 1510 1511 1512
f 1513 1514 1515
f 1516 1517 1518
f 1519 1520 1521
f 1522 1523 1524
f 1525 1526 1527
f 1528 1529 1530
f 1531 1532 1533
f 1534 1535 1536
f 1537 1538 1539
f 1540 1541 1542
f 1543 1544 1545
f 1546 1547 1548
f 1549 1550 1551
f 1552 1553 1554
f 1555 1556 1557
f 1558 1559 1560
f 1561 1562 1563
f 1564 1565 1566
f 1567 1568 1569
f 1570 1571 1572
f 1573 1574 1575
f 1576 1577 1578
f 1579 1580 1581
f 1582 1583 1584
f 1585 1586 1587
f 1588 1589 1590
f 1591 1592 1593
f 1594 1595 1596
f 1597 1598 1599
f 1600 1601 1602
f 1603 1604 1605
f 1606 1607 1608
f 1609 1610 1611
f 1612 1613 1614
f 1615 1616 1617
f 1618 1619 1620
f 1621 1622 1623
f 1624 1625 1626
f 1627 1628 1629
f 1630 1631 1632
f 1633 1634 1635
f 1636 1637 1638
f 1639 1640 1641
f 1642 1643 1644
f 1645 1646 1647
f 1648 1649 1650
f 1651 1652 1653
f 1654 1655 1656
f 1657 1658 1659
f 1660 1661 1662
f 1663 1664 1665
f 1666 1667 1668
f 1669 1670 1671
f 1672 1673 1674
f 1675 1676 1677
f 1678 1679 1680
f 1681 1682 1683
f 1684 1685 1686
f 1687 1688 1689
f 1690 1691 1692
f 1693 1694 1695
f 1696 1697 1698
f 1699 1700 1701
f 1702 1703 1704
f 1705 1706 1707
f 1708 1709 1710
f 1711 1712 1713
f 1714 1715 1716
f 1717 1718 1719
f 1720 1721 1722
f 1723 1724 1725
f 1726 1727 1728
f 1729 1730 1731
f 1732 1733 1734
f 1735 1736 1737
f 1738 1739 1740
f 1741 1742 1743
f 1744 1745 1746
f 1747 1748 1749
f 1750 1751 1752
f 1753 1754 1755
f 1756 1757 1758
f 1759 1760 1761
f 1762 1763 1764
f 1765 1766 1767
f 1768 1769 1770
f 1771 1772 1773
f 1774 1775 1776
f 1777 1778 1779
f 1780 1781 1782
f 1783 1784 1785
f 1786 1787 1788
f 1789 1790 1791
f 1792 1793 1794
f 1795 1796 1797
f 1798 1799 1800
f 1801 1802 1803
f 1804 1805 1806
f 1807 1808 1809
f 1810 1811 1812
f 1813 1814 1815
f 1816 1817 1818
f 1819 1820 1821
f 1822 1823 1824
f 1825 1826 1827
f 1828 1829 1830
f 1831 1832 1833
f 1834 1835 1836
f 1837 1838 1839
f 1840 1841 1842
f 1843 1844 1845
f 1846 1847 1848
f 1849 1850 1851
f 1852 1853 1854
f 1855 1856 1857
f 1858 1859 1860
f 1861 1862 1863
f 1864 1865 1866
f 1867 1868 1869
f 1870 1871 1872
f 1873 1874 1875
f 1876 1877 1878
f 1879 1880 1881
f 1882 1883 1884
f 1885 1886 1887
f 1888 1889 1890
f 1891 1892 1893
f 1894 1895 1896
f 1897 1898 1899
f 1900 1901 1902
f 1903 1904 1905
f 1906 1907 1908
f 1909 1910 1911
f 1912 1913 1914
f 1915 1916 1917
f 1918 1919 1920
f 1921 1922 1923
f 1924 1925 1926
f 1927 1928 1929
f 1930 1931 1932
f 1933 1934 1935
f 1936 1937 1938
f 1939 1940 1941
f 1942 1943 1944
f 1945 1946 1947
f 1948 1949 1950
f 1951 1952 1953
f 1954 1955 1956
f 1957 1958 1959
f 1960 1961 1962
f 1963 1964 1965
f 1966 1967 1968
f 1969 1970 1971
f 1972 1973 1974
f 1975 1976 1977
f 1978 1979 1980
f 1981 1982 1983
f 1984 1985 1986
f 1987 1988 1989
f 1990 1991 1992
f 1993 1994 1995
f 1996 1997 1998
f 1999 2000 2001
f 2002 2003 2004
f 2005 2006 2007
f 2008 2009 2010
f 2011 2012 2013
f 2014 2015 2016
f 2017 2018 2019
f 2020 2021 2022
f 2023 2024 2025
f 2026 2027 2028
f 2029 2030 2031
f 2032 2033 2034
f 2035 2036 2037
f 2038 2039 2040
f 2041 2042 2043
f 2044 2045 2046
f 2047 2048 2049
f 2050 2051 2052
f 2053 2054 2055
f 2056 2057 2058
f 2059 2060 2061
f 2062 2063 2064
f 2065 2066 2067
f 2068 2069 2070
f 2071 2072 2073
f 2074 2075 2076
f 2077 2078 2079
f 2080 2081 2082
f 2083 2084 2085
f 2086 2087 2088
f 2089 2090 2091
f 2092 2093 2094
f 2095 2096 2097
f 2098 2099 2100
f 2101 2102 2103
f 2104 2105 2106
f 2107 2108 2109
f 2110 2111 2112
f 2113 2114 2115
f 2116 2117 2118
f 2119 2120 2121
f 2122 2123 2124
f 2125 2126 2127
f 2128 2129 2130
f 2131 2132 2133
f 2134 2135 2136
f 2137 2138 2139
f 2140 2141 2142
f 2143 2144 2145
f 2146 2147 2148
f 2149 2150 2151
f 2152 2153 2154
f 2155 2156 2157
f 2158 2159 2160
f 2161 2162 2163
f 2164 2165 2166
f 2167 2168 2169
f 2170 2171 2172
f 2173 2174 2175
f 2176 2177 2178
f 2179 2180 2181
f 2182 2183 2184
f 2185 2186 2187
f 2188 2189 2190
f 2191 2192 2193
f 2194 2195 2196
f 2197 2198 2199
f 2200 2201 2202
f 2203 2204 2205
f 2206 2207 2208
f 2209 2210 2211
f 2212 2213 2214
f 2215 2216 2217
f 2218 2219 2220
f 2221 2222 2223
f 2224 2225 2226
f 2227 2228 2229
f 2230 2231 2232
f 2233 2234 2235
f 2236 2237 2238
f 2239 2240 2241
f 2242 2243 2244
f 2245 2246 2247
f 2248 2249 2250
f 2251 2252 2253
f 2254 2255 2256
f 2257 2258 2259
f 2260 2261 2262
f 2263 2264 2265
f 2266 2267 2268
f 2269 2270 2271
f 2272 2273 2274
f 2275 2276 2277
f 2278 2279 2280
f 2281 2282 2283
f 2284 2285 2286
f 2287 2288 2289
f 2290 2291 2292
f 2293 2294 2295
f 2296 2297 2298
f 2299 2300 2301
f 2302 2303 2304
f 2305 2306 2307
f 2308 2309 2310
f 2311 2312 2313
f 2314 2315 2316
f 2317 2318 2319
f 2320 2321 2322
f 2323 2324 2325
f 2326 2327 2328
f 2329 2330 2331
f 2332 2333 2334
f 2335 2336 2337
f 2338 2339 2340
f 2341 2342 2343
f 2344 2345 2346
f 2347 2348 2349
f 2350 2351 2352
f 2353 2354 2355
f 2356 2357 2358
f 2359 2360 2361
f 2362 2363 2364
f 2365 2366 2367
f 2368 2369 2370
f 2371 2372 2373
f 2374 2375 2376
f 2377 2378 2379
f 2380 2381 2382
f 2383 2384 2385
f 2386 2387 2388
f 2389 2390 2391
f 2392 2393 2394
f 2395 2396 2397
f 2398 2399 2400
f 2401 2402 2403
f 2404 2405 2406
f 2407 2408 2409
f 2410 2411 2412
f 2413 2414 2415
f 2416 2417 2418
f 2419 2420 2421
f 2422 2423 2424
f 2425 2426 2427
f 2428 2429 2430
f 2431 2432 2433
f 2434 2435 2436
f 2437 2438 2439
f 2440 2441 2442
f 2443 2444 2445
f 2446 2447 2448
f 2449 2450 2451
f 2452 2453 2454
f 2455 2456 2457
f 2458 2459 2460
f 2461 2462 2463
f 2464 2465 2466
f 2467 2468 2469
f 2470 2471 2472
f 2473 2474 2475
f 2476 2477 2478
f 2479 2480 2481
f 2482 2483 2484
f 2485 2486 2487
f 2488 2489 2490
f 2491 2492 2493
f 2494 2495 2496
f 2497 2498 2499
f 2500 2501 2502
f 2503 2504 2505
f 2506 2507 2508
f 2509 2510 2511
f 2512 2513 2514
f 2515 2516 2517
f 2518 2519 2520
f 2521 2522 2523
f 2524 2525 2526
f 2527 2528 2529
f 2530 2531 2532
f 2533 2534 2535
f 2536 2537 2538
f 2539 2540 2541
f 2542 2543 2544
f 2545 2546 2547
f 2548 2549 2550
f 2551 2552 2553
f 2554 2555 2556
f 2557 2558 2559
f 2560 2561 2562
f 2563 2564 2565
f 2566 2567 2568
f 2569 2570 2571
f 2572 2573 2574
f 2575 2576 2577
f 2578 2579 2580
f 2581 2582 2583
f 2584 2585 2586
f 2587 2588 2589
f 2590 2591 2592
f 2593 2594 2595
f 2596 2597 2598
f 2599 2600 2601
f 2602 2603 2604
f 2605 2606 2607
f 2608 2609 2610
usemtl JointGrey
f 2611 2612 2613
f 2614 2615 2616
f 2617 2618 2619
f 2620 2621 2622
f 2623 2624 2625
f 2626 2627 2628
f 2629 2630 2631
f 2632 2633 2634
f 2635 2636 2637
f 2638 2639 2640
f 2641 2642 2643
f 2644 2645 2646
f 2647 2648 2649
f 2650 2651 2652
f 2653 2654 2655
f 2656 2657 2658
f 2659 2660 2661
f 2662 2663 2664
f 2665 2666 2667
f 2668 2669 2670
f 2671 2672 2673
f 2674 2675 2676
f 2677 2678 2679
f 2680 2681 2682
f 2683 2684 2685
f 2686 2687 2688
f 2689 2690 2691
f 2692 2693 2694
f 2695 2696 2697
f 2698 2699 2700
f 2701 2702 2703
f 2704 2705 2706
f 2707 2708 2709
f 2710 2711 2712
f 2713 2714 2715
f 2716 2717 2718
f 2719 2720 2721
f 2722 2723 2724
f 2725 2726 2727
f 2728 2729 2730
f 2731 2732 2733
f 2734 2735 2736
f 2737 2738 2739
f 2740 2741 2742
f 2743 2744 2745
f 2746 2747 2748
f 2749 2750 2751
f 2752 2753 2754
f 2755 2756 2757
f 2758 2759 2760
f 2761 2762 2763
f 2764 2765 2766
f 2767 2768 2769
f 2770 2771 2772
f 2773 2774 2775
f 2776 2777 2778
f 2779 2780 2781
f 2782 2783 2784
f 2785 2786 2787
f 2788 2789 2790
f 2791 2792 2793
f 2794 2795 2796
f 2797 2798 2799
f 2800 2801 2802
f 2803 2804 2805
f 2806 2807 2808
f 2809 2810 2811
f 2812 2813 2814
f 2815 2816 2817
f 2818 2819 2820
f 2821 2822 2823
f 2824 2825 2826
f 2827 2828 2829
f 2830 2831 2832
f 2833 2834 2835
f 2836 2837 2838
f 2839 2840 2841
f 2842 2843 2844
f 2845 2846 2847
f 2848 2849 2850
f 2851 2852 2853
f 2854 2855 2856
f 2857 2858 2859
f 2860 2861 2862
f 2863 2864 2865
f 2866 2867 2868
f 2869 2870 2871
f 2872 2873 2874
f 2875 2876 2877
f 2878 2879 2880
f 2881 2882 2883
f 2884 2885 2886
f 2887 2888 2889
f 2890 2891 2892
f 2893 2894 2895
f 2896 2897 2898
f 2899 2900 2901
f 2902 2903 2904
f 2905 2906 2907
f 2908 2909 2910
f 2911 2912 2913
f 2914 2915 2916
f 2917 2918 2919
f 2920 2921 2922
f 2923 2924 2925
f 2926 2927 2928
f 2929 2930 2931
f 2932 2933 2934
f 2935 2936 2937
f 2938 2939 2940
f 2941 2942 2943
f 2944 2945 2946
f 2947 2948 2949
f 2950 2951 2952
f 2953 2954 2955
f 2956 2957 2958
f 2959 2960 2961
f 2962 2963 2964
f 2965 2966 2967
f 2968 2969 2970
f 2971 2972 2973
f 2974 2975 2976
f 2977 2978 2979
f 2980 2981 2982
f 2983 2984 2985
f 2986 2987 2988
f 2989 2990 2991
f 2992 2993 2994
f 2995 2996 2997
f 2998 2999 3000
f 3001 3002 3003
f 3004 3005 3006
f 3007 3008 3009
f 3010 3011 3012
f 3013 3014 3015
f 3016 3017 3018
f 3019 3020 3021
f 3022 3023 3024
f 3025 3026 3027
f 3028 3029 3030
f 3031 3032 3033
f 3034 3035 3036
f 3037 3038 3039
f 3040 3041 3042
f 3043 3044 3045
f 3046 3047 3048
f 3049 3050 3051
f 3052 3053 3054
f 3055 3056 3057
f 3058 3059 3060
f 3061 3062 3063
f 3064 3065 3066
f 3067 3068 3069
f 3070 3071 3072
f 3073 3074 3075
f 3076 3077 3078
f 3079 3080 3081
f 3082 3083 3084
f 3085 3086 3087
f 3088 3089 3090
f 3091 3092 3093
f 3094 3095 3096
f 3097 3098 3099
f 3100 3101 3102
f 3103 3104 3105
f 3106 3107 3108
f 3109 3110 3111
f 3112 3113 3114
f 3115 3116 3117
f 3118 3119 3120
f 3121 3122 3123
f 3124 3125 3126
f 3127 3128 3129
f 3130 3131 3132
f 3133 3134 3135
f 3136 3137 3138
f 3139 3140 3141
f 3142 3143 3144
f 3145 3146 3147
f 3148 3149 3150
f 3151 3152 3153
f 3154 3155 3156
f 3157 3158 3159
f 3160 3161 3162
f 3163 3164 3165
f 3166 3167 3168
f 3169 3170 3171
f 3172 3173 3174
f 3175 3176 3177
f 3178 3179 3180
f 3181 3182 3183
f 3184 3185 3186
f 3187 3188 3189
f 3190 3191 3192
f 3193 3194 3195
f 3196 3197 3198
f 3199 3200 3201
f 3202 3203 3204
f 3205 3206 3207
f 3208 3209 3210
f 3211 3212 3213
f 3214 3215 3216
f 3217 3218 3219
f 3220 3221 3222
f 3223 3224 3225
f 3226 3227 3228
f 3229 3230 3231
f 3232 3233 3234
f 3235 3236 3237
f 3238 3239 3240
f 3241 3242 3243
f 3244 3245 3246
f 3247 3248 3249
f 3250 3251 3252
f 3253 3254 3255
f 3256 3257 3258
f 3259 3260 3261
f 3262 3263 3264
f 3265 3266 3267
f 3268 3269 3270
f 3271 3272 3273
f 3274 3275 3276
f 3277 3278 3279
f 3280 3281 3282
f 3283 3284 3285
f 3286 3287 3288
f 3289 3290 3291
f 3292 3293 3294
f 3295 3296 3297
f 3298 3299 3300
f 3301 3302 3303
f 3304 3305 3306
f 3307 3308 3309
f 3310 3311 3312
f 3313 3314 3315
f 3316 3317 3318
f 3319 3320 3321
f 3322 3323 3324
f 3325 3326 3327
f 3328 3329 3330
f 3331 3332 3333
f 3334 3335 3336
f 3337 3338 3339
f 3340 3341 3342
f 3343 3344 3345
f 3346 3347 3348
f 3349 3350 3351
f 3352 3353 3354
f 3355 3356 3357
f 3358 3359 3360
f 3361 3362 3363
f 3364 3365 3366
f 3367 3368 3369
f 3370 3371 3372
f 3373 3374 3375
f 3376 3377 3378
f 3379 3380 3381
f 3382 3383 3384
f 3385 3386 3387
f 3388 3389 3390
f 3391 3392 3393
f 3394 3395 3396
f 3397 3398 3399
f 3400 3401 3402
f 3403 3404 3405
f 3406 3407 3408
f 3409 3410 3411
f 3412 3413 3414
f 3415 3416 3417
f 3418 3419 3420
f 3421 3422 3423
f 3424 3425 3426
f 3427 3428 3429
f 3430 3431 3432
f 3433 3434 3435
f 3436 3437 3438
f 3439 3440 3441
f 3442 3443 3444
f 3445 3446 3447
f 3448 3449 3450
f 3451 3452 3453
f 3454 3455 3456
f 3457 3458 3459
f 3460 3461 3462
f 3463 3464 3465
f 3466 3467 3468
f 3469 3470 3471
f 3472 3473 3474
f 3475 3476 3477
f 3478 3479 3480
f 3481 3482 3483
f 3484 3485 3486
f 3487 3488 3489
f 3490 3491 3492
f 3493 3494 3495
f 3496 3497 3498
f 3499 3500 3501
f 3502 3503 3504
f 3505 3506 3507
f 3508 3509 3510
f 3511 3512 3513
f 3514 3515 3516
f 3517 3518 3519
f 3520 3521 3522
f 3523 3524 3525
f 3526 3527 3528
f 3529 3530 3531
f 3532 3533 3534
f 3535 3536 3537
f 3538 3539 3540
f 3541 3542 3543
f 3544 3545 3546
f 3547 3548 3549
f 3550 3551 3552
f 3553 3554 3555
f 3556 3557 3558
f 3559 3560 3561
f 3562 3563 3564
f 3565 3566 3567
f 3568 3569 3570
f 3571 3572 3573
f 3574 3575 3576
f 3577 3578 3579
f 3580 3581 3582
f 3583 3584 3585
f 3586 3587 3588
f 3589 3590 3591
f 3592 3593 3594
f 3595 3596 3597
f 3598 3599 3600
f 3601 3602 3603
f 3604 3605 3606
f 3607 3608 3609
f 3610 3611 3612
f 3613 3614 3615
f 3616 3617 3618
f 3619 3620 3621
f 3622 3623 3624
f 3625 3626 3627
f 3628 3629 3630
f 3631 3632 3633
f 3634 3635 3636
f 3637 3638 3639
f 3640 3641 3642
f 3643 3644 3645
f 3646 3647 3648
f 3649 3650 3651
f 3652 3653 3654
f 3655 3656 3657
f 3658 3659 3660
f 3661 3662 3663
f 3664 3665 3666
f 3667 3668 3669
f 3670 3671 3672
f 3673 3674 3675
f 3676 3677 3678
f 3679 3680 3681
f 3682 3683 3684
f 3685 3686 3687
f 3688 3689 3690
f 3691 3692 3693
f 3694 3695 3696
f 3697 3698 3699
f 3700 3701 3702
f 3703 3704 3705
f 3706 3707 3708
f 3709 3710 3711
f 3712 3713 3714
f 3715 3716 3717
f 3718 3719 3720
f 3721 3722 3723
f 3724 3725 3726
f 3727 3728 3729
f 3730 3731 3732
f 3733 3734 3735
f 3736 3737 3738
f 3739 3740 3741
f 3742 3743 3744
f 3745 3746 3747
f 3748 3749 3750
f 3751 3752 3753
f 3754 3755 3756
f 3757 3758 3759
f 3760 3761 3762
f 3763 3764 3765
f 3766 3767 3768
f 3769 3770 3771
f 3772 3773 3774
f 3775 3776 3777
f 3778 3779 3780
f 3781 3782 3783
f 3784 3785 3786
f 3787 3788 3789
f 3790 3791 3792
f 3793 3794 3795
f 3796 3797 3798
f 3799 3800 3801
f 3802 3803 3804
f 3805 3806 3807
f 3808 3809 3810
f 3811 3812 3813
f 3814 3815 3816
f 3817 3818 3819
f 3820 3821 3822
f 3823 3824 3825
f 3826 3827 3828
f 3829 3830 3831
f 3832 3833 3834
f 3835 3836 3837
f 3838 3839 3840
f 3841 3842 3843
f 3844 3845 3846
f 3847 3848 3849
f 3850 3851 3852
f 3853 3854 3855
f 3856 3857 3858
f 3859 3860 3861
f 3862 3863 3864
f 3865 3866 3867
f 3868 3869 3870
f 3871 3872 3873
f 3874 3875 3876
f 3877 3878 3879
f 3880 3881 3882
f 3883 3884 3885
f 3886 3887 3888
f 3889 3890 3891
f 3892 3893 3894
f 3895 3896 3897
f 3898 3899 3900
f 3901 3902 3903
f 3904 3905 3906
f 3907 3908 3909
f 3910 3911 3912
f 3913 3914 3915
f 3916 3917 3918
f 3919 3920 3921
f 3922 3923 3924
f 3925 3926 3927
f 3928 3929 3930
f 3931 3932 3933
f 3934 3935 3936
f 3937 3938 3939
f 3940 3941 3942
f 3943 3944 3945
f 3946 3947 3948
f 3949 3950 3951
f 3952 3953 3954
f 3955 3956 3957
f 3958 3959 3960
f 3961 3962 3963
f 3964 3965 3966
f 3967 3968 3969
f 3970 3971 3972
f 3973 3974 3975
f 3976 3977 3978
f 3979 3980 3981
f 3982 3983 3984
f 3985 3986 3987
f 3988 3989 3990
f 3991 3992 3993
f 3994 3995 3996
f 3997 3998 3999
f 4000 4001 4002
f 4003 4004 4005
f 4006 4007 4008
f 4009 4010 4011
f 4012 4013 4014
f 4015 4016 4017
f 4018 4019 4020
f 4021 4022 4023
f 4024 4025 4026
f 4027 4028 4029
f 4030 4031 4032
f 4033 4034 4035
f 4036 4037 4038
f 4039 4040 4041
f 4042 4043 4044
f 4045 4046 4047
f 4048 4049 4050
f 4051 4052 4053
f 4054 4055 4056
f 4057 4058 4059
f 4060 4061 4062
f 4063 4064 4065
f 4066 4067 4068
f 4069 4070 4071
f 4072 4073 4074
f 4075 4076 4077
f 4078 4079 4080
f 4081 4082 4083
f 4084 4085 4086
f 4087 4088 4089
f 4090 4091 4092
f 4093 4094 4095
f 4096 4097 4098
f 4099 4100 4101
f 4102 4103 4104
f 4105 4106 4107
f 4108 4109 4110
f 4111 4112 4113
f 4114 4115 4116
f 4117 4118 4119
f 4120 4121 4122
f 4123 4124 4125
f 4126 4127 4128
f 4129 4130 4131
f 4132 4133 4134
f 4135 4136 4137
f 4138 4139 4140
f 4141 4142 4143
f 4144 4145 4146
f 4147 4148 4149
f 4150 4151 4152
f 4153 4154 4155
f 4156 4157 4158
f 4159 4160 4161
f 4162 4163 4164
f 4165 4166 4167
f 4168 4169 4170
f 4171 4172 4173
f 4174 4175 4176
f 4177 4178 4179
f 4180 4181 4182
f 4183 4184 4185
f 4186 4187 4188
f 4189 4190 4191
f 4192 4193 4194
f 4195 4196 4197
f 4198 4199 4200
f 4201 4202 4203
f 4204 4205 4206
f 4207 4208 4209
f 4210 4211 4212
f 4213 4214 4215
f 4216 4217 4218
f 4219 4220 4221
f 4222 4223 4224
f 4225 4226 4227
f 4228 4229 4230
f 4231 4232 4233
f 4234 4235 4236
f 4237 4238 4239
f 4240 4241 4242
f 4243 4244 4245
f 4246 4247 4248
f 4249 4250 4251
f 4252 4253 4254
f 4255 4256 4257
f 4258 4259 4260
f 4261 4262 4263
f 4264 4265 4266
f 4267 4268 4269
f 4270 4271 4272
f 4273 4274 4275
f 4276 4277 4278
f 4279 4280 4281
f 4282 4283 4284
f 4285 4286 4287
f 4288 4289 4290
f 4291 4292 4293
f 4294 4295 4296
f 4297 4298 4299
f 4300 4301 4302
f 4303 4304 4305
f 4306 4307 4308
f 4309 4310 4311
f 4312 4313 4314
f 4315 4316 4317
f 4318 4319 4320
f 4321 4322 4323
f 4324 4325 4326
f 4327 4328 4329
f 4330 4331 4332
f 4333 4334 4335
f 4336 4337 4338
f 4339 4340 4341
f 4342 4343 4344
f 4345 4346 4347
f 4348 4349 4350
f 4351 4352 4353
f 4354 4355 4356
f 4357 4358 4359
f 4360 4361 4362
f 4363 4364 4365
f 4366 4367 4368
f 4369 4370 4371
f 4372 4373 4374
f 4375 4376 4377
f 4378 4379 4380
f 4381 4382 4383
f 4384 4385 4386
f 4387 4388 4389
f 4390 4391 4392
f 4393 4394 4395
f 4396 4397 4398
f 4399 4400 4401
f 4402 4403 4404
f 4405 4406 4407
f 4408 4409 4410
f 4411 4412 4413
f 4414 4415 4416
f 4417 4418 4419
f 4420 4421 4422
f 4423 4424 4425
f 4426 4427 4428
f 4429 4430 4431
f 4432 4433 4434
f 4435 4436 4437
f 4438 4439 4440
f 4441 4442 4443
f 4444 4445 4446
f 4447 4448 4449
f 4450 4451 4452
f 4453 4454 4455
f 4456 4457 4458
f 4459 4460 4461
f 4462 4463 4464
f 4465 4466 4467
f 4468 4469 4470
f 4471 4472 4473
f 4474 4475 4476
f 4477 4478 4479
f 4480 4481 4482
f 4483 4484 4485
f 4486 4487 4488
f 4489 4490 4491
f 4492 4493 4494
f 4495 4496 4497
f 4498 4499 4500
f 4501 4502 4503
f 4504 4505 4506
f 4507 4508 4509
f 4510 4511 4512
f 4513 4514 4515
f 4516 4517 4518
f 4519 4520 4521
f 4522 4523 4524
f 4525 4526 4527
f 4528 4529 4530
f 4531 4532 4533
f 4534 4535 4536
f 4537 4538 4539
f 4540 4541 4542
f 4543 4544 4545
f 4546 4547 4548
f 4549 4550 4551
f 4552 4553 4554
f 4555 4556 4557
f 4558 4559 4560
f 4561 4562 4563
f 4564 4565 4566
f 4567 4568 4569
f 4570 4571 4572
f 4573 4574 4575
f 4576 4577 4578
f 4579 4580 4581
f 4582 4583 4584
f 4585 4586 4587
f 4588 4589 4590
f 4591 4592 4593
f 4594 4595 4596
f 4597 4598 4599
f 4600 4601 4602
f 4603 4604 4605
f 4606 4607 4608
f 4609 4610 4611
f 4612 4613 4614
f 4615 4616 4617
f 4618 4619 4620
f 4621 4622 4623
f 4624 4625 4626
f 4627 4628 4629
f 4630 4631 4632
f 4633 4634 4635
f 4636 4637 4638
f 4639 4640 4641
f 4642 4643 4644
f 4645 4646 4647
f 4648 4649 4650
f 4651 4652 4653
f 4654 4655 4656
f 4657 4658 4659
f 4660 4661 4662
f 4663 4664 4665
f 4666 4667 4668
f 4669 4670 4671
f 4672 4673 4674
f 4675 4676 4677
f 4678 4679 4680
f 4681 4682 4683
f 4684 4685 4686
f 4687 4688 4689
f 4690 4691 4692
f 4693 4694 4695
f 4696 4697 4698
f 4699 4700 4701
f 4702 4703 4704
f 4705 4706 4707
f 4708 4709 4710
f 4711 4712 4713
f 4714 4715 4716
f 4717 4718 4719
f 4720 4721 4722
f 4723 4724 4725
f 4726 4727 4728
f 4729 4730 4731
f 4732 4733 4734
f 4735 4736 4737
f 4738 4739 4740
f 4741 4742 4743
f 4744 4745 4746
f 4747 4748 4749
f 4750 4751 4752
f 4753 4754 4755
f 4756 4757 4758
f 4759 4760 4761
f 4762 4763 4764
f 4765 4766 4767
f 4768 4769 4770
f 4771 4772 4773
f 4774 4775 4776
f 4777 4778 4779
f 4780 4781 4782
f 4783 4784 4785
f 4786 4787 4788
f 4789 4790 4791
f 4792 4793 4794
f 4795 4796 4797
f 4798 4799 4800
f 4801 4802 4803
f 4804 4805 4806
f 4807 4808 4809
f 4810 4811 4812
f 4813 4814 4815
f 4816 4817 4818
f 4819 4820 4821
f 4822 4823 4824
f 4825 4826 4827
f 4828 4829 4830
f 4831 4832 4833
f 4834 4835 4836
f 4837 4838 4839
f 4840 4841 4842
f 4843 4844 4845
f 4846 4847 4848
f 4849 4850 4851
f 4852 4853 4854
f 4855 4856 4857
f 4858 4859 4860
f 4861 4862 4863
f 4864 4865 4866
f 4867 4868 4869
f 4870 4871 4872
f 4873 4874 4875
f 4876 4877 4878
f 4879 4880 4881
f 4882 4883 4884
f 4885 4886 4887
f 4888 4889 4890
f 4891 4892 4893
f 4894 4895 4896
f 4897 4898 4899
f 4900 4901 4902
f 4903 4904 4905
f 4906 4907 4908
f 4909 4910 4911
f 4912 4913 4914
f 4915 4916 4917
f 4918 4919 4920
f 4921 4922 4923
f 4924 4925 4926
f 4927 4928 4929
f 4930 4931 4932
f 4933 4934 4935
f 4936 4937 4938
f 4939 4940 4941
f 4942 4943 4944
f 4945 4946 4947
f 4948 4949 4950
f 4951 4952 4953
f 4954 4955 4956
f 4957 4958 4959
f 4960 4961 4962
f 4963 4964 4965
f 4966 4967 4968
f 4969 4970 4971
f 4972 4973 4974
f 4975 4976 4977
f 4978 4979 4980
f 4981 4982 4983
f 4984 4985 4986
f 4987 4988 4989
f 4990 4991 4992
f 4993 4994 4995
f 4996 4997 4998
f 4999 5000 5001
f 5002 5003 5004
f 5005 5006 5007
f 5008 5009 5010
f 5011 5012 5013
f 5014 5015 5016
f 5017 5018 5019
f 5020 5021 5022
f 5023 5024 5025
f 5026 5027 5028
f 5029 5030 5031
f 5032 5033 5034
f 5035 5036 5037
f 5038 5039 5040
f 5041 5042 5043
f 5044 5045 5046
f 5047 5048 5049
f 5050 5051 5052
f 5053 5054 5055
f 5056 5057 5058
f 5059 5060 5061
f 5062 5063 5064
f 5065 5066 5067
f 5068 5069 5070
f 5071 5072 5073
f 5074 5075 5076
f 5077 5078 5079
f 5080 5081 5082
f 5083 5084 5085
f 5086 5087 5088
f 5089 5090 5091
f 5092 5093 5094
f 5095 5096 5097
f 5098 5099 5100
f 5101 5102 5103
f 5104 5105 5106
f 5107 5108 5109
f 5110 5111 5112
f 5113 5114 5115
f 5116 5117 5118
f 5119 5120 5121
f 5122 5123 5124
f 5125 5126 5127
f 5128 5129 5130
f 5131 5132 5133
f 5134 5135 5136
f 5137 5138 5139
f 5140 5141 5142
f 5143 5144 5145
f 5146 5147 5148
f 5149 5150 5151
f 5152 5153 5154
f 5155 5156 5157
f 5158 5159 5160
f 5161 5162 5163
f 5164 5165 5166
f 5167 5168 5169
f 5170 5171 5172
f 5173 5174 5175
f 5176 5177 5178
f 5179 5180 5181
f 5182 5183 5184
f 5185 5186 5187
f 5188 5189 5190
f 5191 5192 5193
f 5194 5195 5196
f 5197 5198 5199
f 5200 5201 5202
f 5203 5204 5205
f 5206 5207 5208
f 5209 5210 5211
f 5212 5213 5214
f 5215 5216 5217
f 5218 5219 5220
f 5221 5222 5223
f 5224 5225 5226
f 5227 5228 5229
f 5230 5231 5232
f 5233 5234 5235
f 5236 5237 5238
f 5239 5240 5241
f 5242 5243 5244
f 5245 5246 5247
f 5248 5249 5250
f 5251 5252 5253
f 5254 5255 5256
f 5257 5258 5259
f 5260 5261 5262
f 5263 5264 5265
f 5266 5267 5268
f 5269 5270 5271
f 5272 5273 5274
f 5275 5276 5277
f 5278 5279 5280
f 5281 5282 5283
f 5284 5285 5286
f 5287 5288 5289
f 5290 5291 5292
f 5293 5294 5295
f 5296 5297 5298
f 5299 5300 5301
f 5302 5303 5304
f 5305 5306 5307
f 5308 5309 5310
f 5311 5312 5313
f 5314 5315 5316
f 5317 5318 5319
f 5320 5321 5322
f 5323 5324 5325
f 5326 5327 5328
f 5329 5330 5331
f 5332 5333 5334
f 5335 5336 5337
f 5338 5339 5340
f 5341 5342 5343
f 5344 5345 5346
f 5347 5348 5349
f 5350 5351 5352
f 5353 5354 5355
f 5356 5357 5358
f 5359 5360 5361
f 5362 5363 5364
f 5365 5366 5367
f 5368 5369 5370
f 5371 5372 5373
f 5374 5375 5376
f 5377 5378 5379
f 5380 5381 5382
f 5383 5384 5385
f 5386 5387 5388
f 5389 5390 5391
f 5392 5393 5394
f 5395 5396 5397
f 5398 5399 5400
f 5401 5402 5403
f 5404 5405 5406
f 5407 5408 5409
f 5410 5411 5412
f 5413 5414 5415
f 5416 5417 5418
f 5419 5420 5421
f 5422 5423 5424
f 5425 5426 5427
f 5428 5429 5430
f 5431 5432 5433
f 5434 5435 5436
f 5437 5438 5439
f 5440 5441 5442
f 5443 5444 5445
f 5446 5447 5448
f 5449 5450 5451
f 5452 5453 5454
f 5455 5456 5457
f 5458 5459 5460
f 5461 5462 5463
f 5464 5465 5466
f 5467 5468 5469
f 5470 5471 5472
f 5473 5474 5475
f 5476 5477 5478
f 5479 5480 5481
f 5482 5483 5484
f 5485 5486 5487
f 5488 5489 5490
f 5491 5492 5493
f 5494 5495 5496
f 5497 5498 5499
f 5500 5501 5502
f 5503 5504 5505
f 5506 5507 5508
f 5509 5510 5511
f 5512 5513 5514
f 5515 5516 5517
f 5518 5519 5520
f 5521 5522 5523
f 5524 5525 5526
f 5527 5528 5529
f 5530 5531 5532
f 5533 5534 5535
f 5536 5537 5538
f 5539 5540 5541
f 5542 5543 5544
f 5545 5546 5547
f 5548 5549 5550
f 5551 5552 5553
f 5554 5555 5556
f 5557 5558 5559
f 5560 5561 5562
f 5563 5564 5565
f 5566 5567 5568
f 5569 5570 5571
f 5572 5573 5574
f 5575 5576 5577
f 5578 5579 5580
f 5581 5582 5583
f 5584 5585 5586
f 5587 5588 5589
f 5590 5591 5592
f 5593 5594 5595
f 5596 5597 5598
f 5599 5600 5601
f 5602 5603 5604
f 5605 5606 5607
f 5608 5609 5610
f 5611 5612 5613
f 5614 5615 5616
f 5617 5618 5619
f 5620 5621 5622
f 5623 5624 5625
f 5626 5627 5628
f 5629 5630 5631
f 5632 5633 5634
f 5635 5636 5637
f 5638 5639 5640
f 5641 5642 5643
f 5644 5645 5646
f 5647 5648 5649
f 5650 5651 5652
f 5653 5654 5655
f 5656 5657 5658
f 5659 5660 5661
f 5662 5663 5664
f 5665 5666 5667
f 5668 5669 5670
f 5671 5672 5673
f 5674 5675 5676
f 5677 5678 5679
f 5680 5681 5682
f 5683 5684 5685
f 5686 5687 5688
f 5689 5690 5691
f 5692 5693 5694
f 5695 5696 5697
f 5698 5699 5700
f 5701 5702 5703
f 5704 5705 5706
f 5707 5708 5709
f 5710 5711 5712
f 5713 5714 5715
f 5716 5717 5718
f 5719 5720 5721
f 5722 5723 5724
f 5725 5726 5727
f 5728 5729 5730
f 5731 5732 5733
f 5734 5735 5736
f 5737 5738 5739
f 5740 5741 5742
f 5743 5744 5745
f 5746 5747 5748
f 5749 5750 5751
f 5752 5753 5754
f 5755 5756 5757
f 5758 5759 5760
f 5761 5762 5763
f 5764 5765 5766
f 5767 5768 5769
f 5770 5771 5772
f 5773 5774 5775
f 5776 5777 5778
f 5779 5780 5781
f 5782 5783 5784
f 5785 5786 5787
f 5788 5789 5790
f 5791 5792 5793
f 5794 5795 5796
f 5797 5798 5799
f 5800 5801 5802
f 5803 5804 5805
f 5806 5807 5808
f 5809 5810 5811
f 5812 5813 5814
f 5815 5816 5817
f 5818 5819 5820
f 5821 5822 5823
f 5824 5825 5826
f 5827 5828 5829
f 5830 5831 5832
f 5833 5834 5835
f 5836 5837 5838
f 5839 5840 5841
f 5842 5843 5844
f 5845 5846 5847
f 5848 5849 5850
f 5851 5852 5853
f 5854 5855 5856
f 5857 5858 5859
f 5860 5861 5862
f 5863 5864 5865
f 5866 5867 5868
f 5869 5870 5871
f 5872 5873 5874
f 5875 5876 5877
f 5878 5879 5880
f 5881 5882 5883
f 5884 5885 5886
f 5887 5888 5889
f 5890 5891 5892
f 5893 5894 5895
f 5896 5897 5898
f 5899 5900 5901
f 5902 5903 5904
f 5905 5906 5907
f 5908 5909 5910
f 5911 5912 5913
f 5914 5915 5916
f 5917 5918 5919
f 5920 5921 5922
f 5923 5924 5925
f 5926 5927 5928
f 5929 5930 5931
f 5932 5933 5934
f 5935 5936 5937
f 5938 5939 5940
f 5941 5942 5943
f 5944 5945 5946
f 5947 5948 5949
f 5950 5951 5952
f 5953 5954 5955
f 5956 5957 5958
f 5959 5960 5961
f 5962 5963 5964
f 5965 5966 5967
f 5968 5969 5970
f 5971 5972 5973
f 5974 5975 5976
f 5977 5978 5979
f 5980 5981 5982
f 5983 5984 5985
f 5986 5987 5988
f 5989 5990 5991
f 5992 5993 5994
f 5995 5996 5997
f 5998 5999 6000
f 6001 6002 6003
f 6004 6005 6006
f 6007 6008 6009
f 6010 6011 6012
f 6013 6014 6015
f 6016 6017 6018
f 6019 6020 6021
f 6022 6023 6024
f 6025 6026 6027
f 6028 6029 6030
f 6031 6032 6033
f 6034 6035 6036
f 6037 6038 6039
f 6040 6041 6042
f 6043 6044 6045
f 6046 6047 6048
f 6049 6050 6051
f 6052 6053 6054
f 6055 6056 6057
f 6058 6059 6060
f 6061 6062 6063
f 6064 6065 6066
f 6067 6068 6069
f 6070 6071 6072
f 6073 6074 6075
f 6076 6077 6078
f 6079 6080 6081
f 6082 6083 6084
f 6085 6086 6087
f 6088 6089 6090
f 6091 6092 6093
f 6094 6095 6096
f 6097 6098 6099
f 6100 6101 6102
f 6103 6104 6105
f 6106 6107 6108
f 6109 6110 6111
f 6112 6113 6114
f 6115 6116 6117
f 6118 6119 6120
f 6121 6122 6123
f 6124 6125 6126
f 6127 6128 6129
f 6130 6131 6132
f 6133 6134 6135
f 6136 6137 6138
f 6139 6140 6141
f 6142 6143 6144
f 6145 6146 6147
f 6148 6149 6150
f 6151 6152 6153
f 6154 6155 6156
f 6157 6158 6159
f 6160 6161 6162
f 6163 6164 6165
f 6166 6167 6168
f 6169 6170 6171
f 6172 6173 6174
f 6175 6176 6177
f 6178 6179 6180
f 6181 6182 6183
f 6184 6185 6186
f 6187 6188 6189
f 6190 6191 6192
f 6193 6194 6195
f 6196 6197 6198
f 6199 6200 6201
f 6202 6203 6204
f 6205 6206 6207
f 6208 6209 6210
f 6211 6212 6213
f 6214 6215 6216
f 6217 6218 6219
f 6220 6221 6222
f 6223 6224 6225
f 6226 6227 6228
f 6229 6230 6231
f 6232 6233 6234
f 6235 6236 6237
f 6238 6239 6240
f 6241 6242 6243
f 6244 6245 6246
f 6247 6248 6249
f 6250 6251 6252
f 6253 6254 6255
f 6256 6257 6258
f 6259 6260 6261
f 6262 6263 6264
f 6265 6266 6267
f 6268 6269 6270
f 6271 6272 6273
f 6274 6275 6276
f 6277 6278 6279
f 6280 6281 6282
f 6283 6284 6285
f 6286 6287 6288
f 6289 6290 6291
f 6292 6293 6294
f 6295 6296 6297
f 6298 6299 6300
f 6301 6302 6303
f 6304 6305 6306
f 6307 6308 6309
f 6310 6311 6312
f 6313 6314 6315
f 6316 6317 6318
f 6319 6320 6321
f 6322 6323 6324
f 6325 6326 6327
f 6328 6329 6330
f 6331 6332 6333
f 6334 6335 6336
f 6337 6338 6339
f 6340 6341 6342
f 6343 6344 6345
f 6346 6347 6348
f 6349 6350 6351
f 6352 6353 6354
f 6355 6356 6357
f 6358 6359 6360
f 6361 6362 6363
f 6364 6365 6366
f 6367 6368 6369
f 6370 6371 6372
f 6373 6374 6375
f 6376 6377 6378
f 6379 6380 6381
f 6382 6383 6384
f 6385 6386 6387
f 6388 6389 6390
f 6391 6392 6393
f 6394 6395 6396
f 6397 6398 6399
f 6400 6401 6402
f 6403 6404 6405
f 6406 6407 6408
f 6409 6410 6411
f 6412 6413 6414
f 6415 6416 6417
f 6418 6419 6420
f 6421 6422 6423
f 6424 6425 6426
f 6427 6428 6429
f 6430 6431 6432
f 6433 6434 6435
f 6436 6437 6438
f 6439 6440 6441
f 6442 6443 6444
f 6445 6446 6447
f 6448 6449 6450
f 6451 6452 6453
f 6454 6455 6456
f 6457 6458 6459
f 6460 6461 6462
f 6463 6464 6465
f 6466 6467 6468
f 6469 6470 6471
f 6472 6473 6474
f 6475 6476 6477
f 6478 6479 6480
f 6481 6482 6483
f 6484 6485 6486
f 6487 6488 6489
f 6490 6491 6492
f 6493 6494 6495
f 6496 6497 6498
f 6499 6500 6501
f 6502 6503 6504
f 6505 6506 6507
f 6508 6509 6510
f 6511 6512 6513
f 6514 6515 6516
f 6517 6518 6519
f 6520 6521 6522
f 6523 6524 6525
f 6526 6527 6528
f 6529 6530 6531
f 6532 6533 6534
f 6535 6536 6537
f 6538 6539 6540
f 6541 6542 6543
f 6544 6545 6546
f 6547 6548 6549
f 6550 6551 6552
f 6553 6554 6555
f 6556 6557 6558
f 6559 6560 6561
f 6562 6563 6564
f 6565 6566 6567
f 6568 6569 6570
f 6571 6572 6573
f 6574 6575 6576
f 6577 6578 6579
f 6580 6581 6582
f 6583 6584 6585
f 6586 6587 6588
f 6589 6590 6591
f 6592 6593 6594
f 6595 6596 6597
f 6598 6599 6600
f 6601 6602 6603
f 6604 6605 6606
f 6607 6608 6609
f 6610 6611 6612
f 6613 6614 6615
f 6616 6617 6618
f 6619 6620 6621
f 6622 6623 6624
f 6625 6626 6627
f 6628 6629 6630
f 6631 6632 6633
f 6634 6635 6636
f 6637 6638 6639
f 6640 6641 6642
f 6643 6644 6645
f 6646 6647 6648
f 6649 6650 6651
f 6652 6653 6654
f 6655 6656 6657
f 6658 6659 6660
f 6661 6662 6663
f 6664 6665 6666
f 6667 6668 6669
f 6670 6671 6672
f 6673 6674 6675
f 6676 6677 6678
f 6679 6680 6681
f 6682 6683 6684
f 6685 6686 6687
f 6688 6689 6690
f 6691 6692 6693
f 6694 6695 6696
f 6697 6698 6699
f 6700 6701 6702
f 6703 6704 6705
f 6706 6707 6708
f 6709 6710 6711
f 6712 6713 6714
f 6715 6716 6717
f 6718 6719 6720
f 6721 6722 6723
f 6724 6725 6726
f 6727 6728 6729
f 6730 6731 6732
f 6733 6734 6735
f 6736 6737 6738
f 6739 6740 6741
f 6742 6743 6744
f 6745 6746 6747
f 6748 6749 6750
f 6751 6752 6753
f 6754 6755 6756
f 6757 6758 6759
f 6760 6761 6762
f 6763 6764 6765
f 6766 6767 6768
f 6769 6770 6771
f 6772 6773 6774
f 6775 6776 6777
f 6778 6779 6780
f 6781 6782 6783
f 6784 6785 6786
f 6787 6788 6789
f 6790 6791 6792
f 6793 6794 6795
f 6796 6797 6798
f 6799 6800 6801
f 6802 6803 6804
f 6805 6806 6807
f 6808 6809 6810
f 6811 6812 6813
f 6814 6815 6816
f 6817 6818 6819
f 6820 6821 6822
f 6823 6824 6825
f 6826 6827 6828
f 6829 6830 6831
f 6832 6833 6834
f 6835 6836 6837
f 6838 6839 6840
f 6841 6842 6843
f 6844 6845 6846
f 6847 6848 6849
f 6850 6851 6852
f 6853 6854 6855
f 6856 6857 6858
f 6859 6860 6861
f 6862 6863 6864
f 6865 6866 6867
f 6868 6869 6870
f 6871 6872 6873
f 6874 6875 6876
f 6877 6878 6879
f 6880 6881 6882
f 6883 6884 6885
f 6886 6887 6888
f 6889 6890 6891
f 6892 6893 6894
f 6895 6896 6897
f 6898 6899 6900
f 6901 6902 6903
f 6904 6905 6906
f 6907 6908 6909
f 6910 6911 6912
f 6913 6914 6915
f 6916 6917 6918
f 6919 6920 6921
f 6922 6923 6924
f 6925 6926 6927
f 6928 6929 6930
f 6931 6932 6933
f 6934 6935 6936
f 6937 6938 6939
f 6940 6941 6942
f 6943 6944 6945
f 6946 6947 6948
f 6949 6950 6951
f 6952 6953 6954
f 6955 6956 6957
f 6958 6959 6960
f 6961 6962 6963
f 6964 6965 6966
f 6967 6968 6969
f 6970 6971 6972
f 6973 6974 6975
f 6976 6977 6978
f 6979 6980 6981
f 6982 6983 6984
f 6985 6986 6987
f 6988 6989 6990
f 6991 6992 6993
f 6994 6995 6996
f 6997 6998 6999
f 7000 7001 7002
f 7003 7004 7005
f 7006 7007 7008
f 7009 7010 7011
f 7012 7013 7014
f 7015 7016 7017
f 7018 7019 7020
f 7021 7022 7023
f 7024 7025 7026
f 7027 7028 7029
f 7030 7031 7032
f 7033 7034 7035
f 7036 7037 7038
f 7039 7040 7041
f 7042 7043 7044
f 7045 7046 7047
f 7048 7049 7050
f 7051 7052 7053
f 7054 7055 7056
f 7057 7058 7059
f 7060 7061 7062
f 7063 7064 7065
f 7066 7067 7068
f 7069 7070 7071
f 7072 7073 7074
f 7075 7076 7077
f 7078 7079 7080
f 7081 7082 7083
f 7084 7085 7086
f 7087 7088 7089
f 7090 7091 7092
f 7093 7094 7095
f 7096 7097 7098
f 7099 7100 7101
f 7102 7103 7104
f 7105 7106 7107
f 7108 7109 7110
f 7111 7112 7113
f 7114 7115 7116
f 7117 7118 7119
f 7120 7121 7122
f 7123 7124 7125
f 7126 7127 7128
f 7129 7130 7131
f 7132 7133 7134
f 7135 7136 7137
f 7138 7139 7140
f 7141 7142 7143
f 7144 7145 7146
f 7147 7148 7149
f 7150 7151 7152
f 7153 7154 7155
f 7156 7157 7158
f 7159 7160 7161
f 7162 7163 7164
f 7165 7166 7167
f 7168 7169 7170
f 7171 7172 7173
f 7174 7175 7176
f 7177 7178 7179
f 7180 7181 7182
f 7183 7184 7185
f 7186 7187 7188
f 7189 7190 7191
f 7192 7193 7194
f 7195 7196 7197
f 7198 7199 7200
f 7201 7202 7203
f 7204 7205 7206
f 7207 7208 7209
f 7210 7211 7212
f 7213 7214 7215
f 7216 7217 7218
f 7219 7220 7221
f 7222 7223 7224
f 7225 7226 7227
f 7228 7229 7230
f 7231 7232 7233
f 7234 7235 7236
f 7237 7238 7239
f 7240 7241 7242
f 7243 7244 7245
f 7246 7247 7248
f 7249 7250 7251
f 7252 7253 7254
f 7255 7256 7257
f 7258 7259 7260
f 7261 7262 7263
f 7264 7265 7266
f 7267 7268 7269
f 7270 7271 7272
f 7273 7274 7275
f 7276 7277 7278
f 7279 7280 7281
f 7282 7283 7284
f 7285 7286 7287
f 7288 7289 7290
f 7291 7292 7293
f 7294 7295 7296
f 7297 7298 7299
f 7300 7301 7302
f 7303 7304 7305
f 7306 7307 7308
f 7309 7310 7311
f 7312 7313 7314
f 7315 7316 7317
f 7318 7319 7320
f 7321 7322 7323
f 7324 7325 7326
f 7327 7328 7329
f 7330 7331 7332
f 7333 7334 7335
f 7336 7337 7338
f 7339 7340 7341
f 7342 7343 7344
f 7345 7346 7347
f 7348 7349 7350
f 7351 7352 7353
f 7354 7355 7356
f 7357 7358 7359
f 7360 7361 7362
f 7363 7364 7365
f 7366 7367 7368
f 7369 7370 7371
f 7372 7373 7374
f 7375 7376 7377
f 7378 7379 7380
f 7381 7382 7383
f 7384 7385 7386
f 7387 7388 7389
f 7390 7391 7392
f 7393 7394 7395
f 7396 7397 7398
f 7399 7400 7401
f 7402 7403 7404
f 7405 7406 7407
f 7408 7409 7410
f 7411 7412 7413
f 7414 7415 7416
f 7417 7418 7419
f 7420 7421 7422
f 7423 7424 7425
f 7426 7427 7428
f 7429 7430 7431
f 7432 7433 7434
f 7435 7436 7437
f 7438 7439 7440
f 7441 7442 7443
f 7444 7445 7446
f 7447 7448 7449
f 7450 7451 7452
f 7453 7454 7455
f 7456 7457 7458
f 7459 7460 7461
f 7462 7463 7464
f 7465 7466 7467
f 7468 7469 7470
f 7471 7472 7473
f 7474 7475 7476
f 7477 7478 7479
f 7480 7481 7482
f 7483 7484 7485
f 7486 7487 7488
f 7489 7490 7491
f 7492 7493 7494
f 7495 7496 7497
f 7498 7499 7500
f 7501 7502 7503
f 7504 7505 7506
f 7507 7508 7509
f 7510 7511 7512
f 7513 7514 7515
f 7516 7517 7518
f 7519 7520 7521
f 7522 7523 7524
f 7525 7526 7527
f 7528 7529 7530
f 7531 7532 7533
f 7534 7535 7536
f 7537 7538 7539
f 7540 7541 7542
f 7543 7544 7545
f 7546 7547 7548
f 7549 7550 7551
f 7552 7553 7554
f 7555 7556 7557
f 7558 7559 7560
f 7561 7562 7563
f 7564 7565 7566
f 7567 7568 7569
f 7570 7571 7572
f 7573 7574 7575
f 7576 7577 7578
f 7579 7580 7581
f 7582 7583 7584
f 7585 7586 7587
f 7588 7589 7590
f 7591 7592 7593
f 7594 7595 7596
f 7597 7598 7599
f 7600 7601 7602
f 7603 7604 7605
f 7606 7607 7608
f 7609 7610 7611
f 7612 7613 7614
f 7615 7616 7617
f 7618 7619 7620
f 7621 7622 7623
f 7624 7625 7626
f 7627 7628 7629
f 7630 7631 7632
f 7633 7634 7635
f 7636 7637 7638
f 7639 7640 7641
f 7642 7643 7644
f 7645 7646 7647
f 7648 7649 7650
f 7651 7652 7653
f 7654 7655 7656
f 7657 7658 7659
f 7660 7661 7662
f 7663 7664 7665
f 7666 7667 7668
f 7669 7670 7671
f 7672 7673 7674
f 7675 7676 7677
f 7678 7679 7680
f 7681 7682 7683
f 7684 7685 7686
f 7687 7688 7689
f 7690 7691 7692
f 7693 7694 7695
f 7696 7697 7698
f 7699 7700 7701
f 7702 7703 7704
f 7705 7706 7707
f 7708 7709 7710
f 7711 7712 7713
f 7714 7715 7716
f 7717 7718 7719
f 7720 7721 7722
f 7723 7724 7725
f 7726 7727 7728
f 7729 7730 7731
f 7732 7733 7734
f 7735 7736 7737
f 7738 7739 7740
f 7741 7742 7743
f 7744 7745 7746
f 7747 7748 7749
f 7750 7751 7752
f 7753 7754 7755
f 7756 7757 7758
f 7759 7760 7761
f 7762 7763 7764
f 7765 7766 7767
f 7768 7769 7770
f 7771 7772 7773
f 7774 7775 7776
f 7777 7778 7779
f 7780 7781 7782
f 7783 7784 7785
f 7786 7787 7788
f 7789 7790 7791
f 7792 7793 7794
f 7795 7796 7797
f 7798 7799 7800
f 7801 7802 7803
f 7804 7805 7806
f 7807 7808 7809
f 7810 7811 7812
f 7813 7814 7815
f 7816 7817 7818
f 7819 7820 7821
f 7822 7823 7824
f 7825 7826 7827
f 7828 7829 7830
f 7831 7832 7833
f 7834 7835 7836
f 7837 7838 7839
f 7840 7841 7842
f 7843 7844 7845
f 7846 7847 7848
f 7849 7850 7851
f 7852 7853 7854
f 7855 7856 7857
f 7858 7859 7860
f 7861 7862 7863
f 7864 7865 7866
f 7867 7868 7869
f 7870 7871 7872
f 7873 7874 7875
f 7876 7877 7878
f 7879 7880 7881
f 7882 7883 7884
f 7885 7886 7887
f 7888 7889 7890
f 7891 7892 7893
f 7894 7895 7896
f 7897 7898 7899
f 7900 7901 7902
f 7903 7904 7905
f 7906 7907 7908
f 7909 7910 7911
f 7912 7913 7914
f 7915 7916 7917
f 7918 7919 7920
f 7921 7922 7923
f 7924 7925 7926
f 7927 7928 7929
f 7930 7931 7932
f 7933 7934 7935
f 7936 7937 7938
f 7939 7940 7941
f 7942 7943 7944
f 7945 7946 7947
f 7948 7949 7950
f 7951 7952 7953
f 7954 7955 7956
f 7957 7958 7959
f 7960 7961 7962
f 7963 7964 7965
f 7966 7967 7968
f 7969 7970 7971
f 7972 7973 7974
f 7975 7976 7977
f 7978 7979 7980
f 7981 7982 7983
f 7984 7985 7986
f 7987 7988 7989
f 7990 7991 7992
f 7993 7994 7995
f 7996 7997 7998
f 7999 8000 8001
f 8002 8003 8004
f 8005 8006 8007
f 8008 8009 8010
f 8011 8012 8013
f 8014 8015 8016
f 8017 8018 8019
f 8020 8021 8022
f 8023 8024 8025
f 8026 8027 8028
f 8029 8030 8031
f 8032 8033 8034
f 8035 8036 8037
f 8038 8039 8040
f 8041 8042 8043
f 8044 8045 8046
f 8047 8048 8049
f 8050 8051 8052
f 8053 8054 8055
f 8056 8057 8058
f 8059 8060 8061
f 8062 8063 8064
f 8065 8066 8067
f 8068 8069 8070
f 8071 8072 8073
f 8074 8075 8076
f 8077 8078 8079
f 8080 8081 8082
f 8083 8084 8085
f 8086 8087 8088
f 8089 8090 8091
f 8092 8093 8094
f 8095 8096 8097
f 8098 8099 8100
f 8101 8102 8103
f 8104 8105 8106
f 8107 8108 8109
f 8110 8111 8112
f 8113 8114 8115
f 8116 8117 8118
f 8119 8120 8121
f 8122 8123 8124
f 8125 8126 8127
f 8128 8129 8130
f 8131 8132 8133
f 8134 8135 8136
f 8137 8138 8139
f 8140 8141 8142
f 8143 8144 8145
f 8146 8147 8148
f 8149 8150 8151
f 8152 8153 8154
f 8155 8156 8157
f 8158 8159 8160
f 8161 8162 8163
f 8164 8165 8166
f 8167 8168 8169
f 8170 8171 8172
f 8173 8174 8175
f 8176 8177 8178
f 8179 8180 8181
f 8182 8183 8184
f 8185 8186 8187
f 8188 8189 8190
f 8191 8192 8193
f 8194 8195 8196
f 8197 8198 8199
f 8200 8201 8202
f 8203 8204 8205
f 8206 8207 8208
f 8209 8210 8211
f 8212 8213 8214
f 8215 8216 8217
f 8218 8219 8220
f 8221 8222 8223
f 8224 8225 8226
f 8227 8228 8229
f 8230 8231 8232
f 8233 8234 8235
f 8236 8237 8238
f 8239 8240 8241
f 8242 8243 8244
f 8245 8246 8247
f 8248 8249 8250
f 8251 8252 8253
f 8254 8255 8256
f 8257 8258 8259
f 8260 8261 8262
f 8263 8264 8265
f 8266 8267 8268
f 8269 8270 8271
f 8272 8273 8274
f 8275 8276 8277
f 8278 8279 8280
f 8281 8282 8283
f 8284 8285 8286
f 8287 8288 8289
f 8290 8291 8292
f 8293 8294 8295
f 8296 8297 8298
f 8299 8300 8301
f 8302 8303 8304
f 8305 8306 8307
f 8308 8309 8310
f 8311 8312 8313
f 8314 8315 8316
f 8317 8318 8319
f 8320 8321 8322
f 8323 8324 8325
f 8326 8327 8328
f 8329 8330 8331
f 8332 8333 8334
f 8335 8336 8337
f 8338 8339 8340
f 8341 8342 8343
f 8344 8345 8346
f 8347 8348 8349
f 8350 8351 8352
f 8353 8354 8355
f 8356 8357 8358
f 8359 8360 8361
f 8362 8363 8364
f 8365 8366 8367
f 8368 8369 8370
f 8371 8372 8373
f 8374 8375 8376
f 8377 8378 8379
f 8380 8381 8382
f 8383 8384 8385
f 8386 8387 8388
f 8389 8390 8391
f 8392 8393 8394
f 8395 8396 8397
f 8398 8399 8400
f 8401 8402 8403
f 8404 8405 8406
f 8407 8408 8409
f 8410 8411 8412
f 8413 8414 8415
f 8416 8417 8418
f 8419 8420 8421
f 8422 8423 8424
f 8425 8426 8427
f 8428 8429 8430
f 8431 8432 8433
f 8434 8435 8436
f 8437 8438 8439
f 8440 8441 8442
f 8443 8444 8445
f 8446 8447 8448
f 8449 8450 8451
f 8452 8453 8454
f 8455 8456 8457
f 8458 8459 8460
f 8461 8462 8463
f 8464 8465 8466
f 8467 8468 8469
f 8470 8471 8472
f 8473 8474 8475
f 8476 8477 8478
f 8479 8480 8481
f 8482 8483 8484
f 8485 8486 8487
f 8488 8489 8490
f 8491 8492 8493
f 8494 8495 8496
f 8497 8498 8499
f 8500 8501 8502
f 8503 8504 8505
f 8506 8507 8508
f 8509 8510 8511
f 8512 8513 8514
f 8515 8516 8517
f 8518 8519 8520
f 8521 8522 8523
f 8524 8525 8526
f 8527 8528 8529
f 8530 8531 8532
f 8533 8534 8535
f 8536 8537 8538
f 8539 8540 8541
f 8542 8543 8544
f 8545 8546 8547
f 8548 8549 8550
f 8551 8552 8553
f 8554 8555 8556
f 8557 8558 8559
f 8560 8561 8562
f 8563 8564 8565
f 8566 8567 8568
f 8569 8570 8571
f 8572 8573 8574
f 8575 8576 8577
f 8578 8579 8580
f 8581 8582 8583
f 8584 8585 8586
f 8587 8588 8589
f 8590 8591 8592
f 8593 8594 8595
f 8596 8597 8598
f 8599 8600 8601
f 8602 8603 8604
f 8605 8606 8607
f 8608 8609 8610
f 8611 8612 8613
f 8614 8615 8616
f 8617 8618 8619
f 8620 8621 8622
f 8623 8624 8625
f 8626 8627 8628
f 8629 8630 8631
f 8632 8633 8634
f 8635 8636 8637
f 8638 8639 8640
f 8641 8642 8643
f 8644 8645 8646
f 8647 8648 8649
f 8650 8651 8652
f 8653 8654 8655
f 8656 8657 8658
f 8659 8660 8661
f 8662 8663 8664
f 8665 8666 8667
f 8668 8669 8670
f 8671 8672 8673
f 8674 8675 8676
f 8677 8678 8679
f 8680 8681 8682
f 8683 8684 8685
f 8686 8687 8688
f 8689 8690 8691
f 8692 8693 8694
f 8695 8696 8697
f 8698 8699 8700
f 8701 8702 8703
f 8704 8705 8706
f 8707 8708 8709
f 8710 8711 8712
f 8713 8714 8715
f 8716 8717 8718
f 8719 8720 8721
f 8722 8723 8724
f 8725 8726 8727
f 8728 8729 8730
f 8731 8732 8733
f 8734 8735 8736
f 8737 8738 8739
f 8740 8741 8742
f 8743 8744 8745
f 8746 8747 8748
f 8749 8750 8751
f 8752 8753 8754
f 8755 8756 8757
f 8758 8759 8760
f 8761 8762 8763
f 8764 8765 8766
f 8767 8768 8769
f 8770 8771 8772
f 8773 8774 8775
f 8776 8777 8778
f 8779 8780 8781
f 8782 8783 8784
f 8785 8786 8787
f 8788 8789 8790
f 8791 8792 8793
f 8794 8795 8796
f 8797 8798 8799
f 8800 8801 8802
f 8803 8804 8805
f 8806 8807 8808
f 8809 8810 8811
f 8812 8813 8814
f 8815 8816 8817
f 8818 8819 8820
f 8821 8822 8823
f 8824 8825 8826
f 8827 8828 8829
f 8830 8831 8832
f 8833 8834 8835
f 8836 8837 8838
f 8839 8840 8841
f 8842 8843 8844
f 8845 8846 8847
f 8848 8849 8850
f 8851 8852 8853
f 8854 8855 8856
f 8857 8858 8859
f 8860 8861 8862
f 8863 8864 8865
f 8866 8867 8868
f 8869 8870 8871
f 8872 8873 8874
f 8875 8876 8877
f 8878 8879 8880
f 8881 8882 8883
f 8884 8885 8886
f 8887 8888 8889
f 8890 8891 8892
f 8893 8894 8895
f 8896 8897 8898
f 8899 8900 8901
f 8902 8903 8904
f 8905 8906 8907
f 8908 8909 8910
f 8911 8912 8913
f 8914 8915 8916
f 8917 8918 8919
f 8920 8921 8922
f 8923 8924 8925
f 8926 8927 8928
f 8929 8930 8931
f 8932 8933 8934
f 8935 8936 8937
f 8938 8939 8940
f 8941 8942 8943
f 8944 8945 8946
f 8947 8948 8949
f 8950 8951 8952
f 8953 8954 8955
f 8956 8957 8958
f 8959 8960 8961
f 8962 8963 8964
f 8965 8966 8967
f 8968 8969 8970
f 8971 8972 8973
f 8974 8975 8976
f 8977 8978 8979
f 8980 8981 8982
f 8983 8984 8985
f 8986 8987 8988
f 8989 8990 8991
f 8992 8993 8994
f 8995 8996 8997
f 8998 8999 9000
f 9001 9002 9003
f 9004 9005 9006
f 9007 9008 9009
f 9010 9011 9012
f 9013 9014 9015
f 9016 9017 9018
f 9019 9020 9021
f 9022 9023 9024
f 9025 9026 9027
f 9028 9029 9030
f 9031 9032 9033
f 9034 9035 9036
f 9037 9038 9039
f 9040 9041 9042
f 9043 9044 9045
f 9046 9047 9048
f 9049 9050 9051
f 9052 9053 9054
f 9055 9056 9057
f 9058 9059 9060
f 9061 9062 9063
f 9064 9065 9066
f 9067 9068 9069
f 9070 9071 9072
f 9073 9074 9075
f 9076 9077 9078
f 9079 9080 9081
f 9082 9083 9084
f 9085 9086 9087
f 9088 9089 9090
f 9091 9092 9093
f 9094 9095 9096
f 9097 9098 9099
f 9100 9101 9102
f 9103 9104 9105
f 9106 9107 9108
f 9109 9110 9111
f 9112 9113 9114
f 9115 9116 9117
f 9118 9119 9120
f 9121 9122 9123
f 9124 9125 9126
f 9127 9128 9129
f 9130 9131 9132
f 9133 9134 9135
f 9136 9137 9138
f 9139 9140 9141
f 9142 9143 9144
f 9145 9146 9147
f 9148 9149 9150
f 9151 9152 9153
f 9154 9155 9156
f 9157 9158 9159
f 9160 9161 9162
f 9163 9164 9165
f 9166 9167 9168
f 9169 9170 9171
f 9172 9173 9174
f 9175 9176 9177
f 9178 9179 9180
f 9181 9182 9183
f 9184 9185 9186
f 9187 9188 9189
f 9190 9191 9192
f 9193 9194 9195
f 9196 9197 9198
f 9199 9200 9201
f 9202 9203 9204
f 9205 9206 9207
f 9208 9209 9210
f 9211 9212 9213
f 9214 9215 9216
f 9217 9218 9219
f 9220 9221 9222
f 9223 9224 9225
f 9226 9227 9228
f 9229 9230 9231
f 9232 9233 9234
f 9235 9236 9237
f 9238 9239 9240
f 9241 9242 9243
f 9244 9245 9246
f 9247 9248 9249
f 9250 9251 9252
f 9253 9254 9255
f 9256 9257 9258
f 9259 9260 9261
f 9262 9263 9264
f 9265 9266 9267
f 9268 9269 9270
f 9271 9272 9273
f 9274 9275 9276
f 9277 9278 9279
f 9280 9281 9282
f 9283 9284 9285
f 9286 9287 9288
f 9289 9290 9291
f 9292 9293 9294
f 9295 9296 9297
f 9298 9299 9300
f 9301 9302 9303
f 9304 9305 9306
f 9307 9308 9309
f 9310 9311 9312
f 9313 9314 9315
f 9316 9317 9318
f 9319 9320 9321
f 9322 9323 9324
f 9325 9326 9327
f 9328 9329 9330
f 9331 9332 9333
f 9334 9335 9336
f 9337 9338 9339
f 9340 9341 9342
f 9343 9344 9345
f 9346 9347 9348
f 9349 9350 9351
f 9352 9353 9354
f 9355 9356 9357
f 9358 9359 9360
f 9361 9362 9363
f 9364 9365 9366
f 9367 9368 9369
f 9370 9371 9372
f 9373 9374 9375
f 9376 9377 9378
f 9379 9380 9381
f 9382 9383 9384
f 9385 9386 9387
f 9388 9389 9390
f 9391 9392 9393
f 9394 9395 9396
f 9397 9398 9399
f 9400 9401 9402
f 9403 9404 9405
f 9406 9407 9408
f 9409 9410 9411
f 9412 9413 9414
f 9415 9416 9417
f 9418 9419 9420
f 9421 9422 9423
f 9424 9425 9426
f 9427 9428 9429
f 9430 9431 9432
f 9433 9434 9435
f 9436 9437 9438
f 9439 9440 9441
f 9442 9443 9444
f 9445 9446 9447
f 9448 9449 9450
f 9451 9452 9453
f 9454 9455 9456
f 9457 9458 9459
f 9460 9461 9462
f 9463 9464 9465
f 9466 9467 9468
f 9469 9470 9471
f 9472 9473 9474
f 9475 9476 9477
f 9478 9479 9480
f 9481 9482 9483
f 9484 9485 9486
f 9487 9488 9489
f 9490 9491 9492
f 9493 9494 9495
f 9496 9497 9498
f 9499 9500 9501
f 9502 9503 9504
f 9505 9506 9507
f 9508 9509 9510
f 9511 9512 9513
f 9514 9515 9516
f 9517 9518 9519
f 9520 9521 9522
f 9523 9524 9525
f 9526 9527 9528
f 9529 9530 9531
f 9532 9533 9534
f 9535 9536 9537
f 9538 9539 9540
f 9541 9542 9543
f 9544 9545 9546
f 9547 9548 9549
f 9550 9551 9552
f 9553 9554 9555
f 9556 9557 9558
f 9559 9560 9561
f 9562 9563 9564
f 9565 9566 9567
f 9568 9569 9570
f 9571 9572 9573
f 9574 9575 9576
f 9577 9578 9579
f 9580 9581 9582
f 9583 9584 9585
f 9586 9587 9588
f 9589 9590 9591
f 9592 9593 9594
f 9595 9596 9597
f 9598 9599 9600
f 9601 9602 9603
f 9604 9605 9606
f 9607 9608 9609
f 9610 9611 9612
f 9613 9614 9615
f 9616 9617 9618
f 9619 9620 9621
f 9622 9623 9624
f 9625 9626 9627
f 9628 9629 9630
f 9631 9632 9633
f 9634 9635 9636
f 9637 9638 9639
f 9640 9641 9642
f 9643 9644 9645
f 9646 9647 9648
f 9649 9650 9651
f 9652 9653 9654
f 9655 9656 9657
f 9658 9659 9660
f 9661 9662 9663
f 9664 9665 9666
f 9667 9668 9669
f 9670 9671 9672
f 9673 9674 9675
f 9676 9677 9678
f 9679 9680 9681
f 9682 9683 9684
f 9685 9686 9687
f 9688 9689 9690
f 9691 9692 9693
f 9694 9695 9696
f 9697 9698 9699
f 9700 9701 9702
f 9703 9704 9705
f 9706 9707 9708
f 9709 9710 9711
f 9712 9713 9714
f 9715 9716 9717
f 9718 9719 9720
f 9721 9722 9723
f 9724 9725 9726
f 9727 9728 9729
f 9730 9731 9732
f 9733 9734 9735
f 9736 9737 9738
f 9739 9740 9741
f 9742 9743 9744
f 9745 9746 9747
f 9748 9749 9750
f 9751 9752 9753
f 9754 9755 9756
f 9757 9758 9759
f 9760 9761 9762
f 9763 9764 9765
f 9766 9767 9768
f 9769 9770 9771
f 9772 9773 9774
f 9775 9776 9777
f 9778 9779 9780
f 9781 9782 9783
f 9784 9785 9786
f 9787 9788 9789
f 9790 9791 9792
f 9793 9794 9795
f 9796 9797 9798
f 9799 9800 9801
f 9802 9803 9804
f 9805 9806 9807
f 9808 9809 9810
f 9811 9812 9813
f 9814 9815 9816
f 9817 9818 9819
f 9820 9821 9822
f 9823 9824 9825
f 9826 9827 9828
f 9829 9830 9831
f 9832 9833 9834
f 9835 9836 9837
f 9838 9839 9840
f 9841 9842 9843
f 9844 9845 9846
f 9847 9848 9849
f 9850 9851 9852
f 9853 9854 9855
f 9856 9857 9858
f 9859 9860 9861
f 9862 9863 9864
f 9865 9866 9867
f 9868 9869 9870
f 9871 9872 9873
f 9874 9875 9876
f 9877 9878 9879
f 9880 9881 9882
f 9883 9884 9885
f 9886 9887 9888
f 9889 9890 9891
f 9892 9893 9894
f 9895 9896 9897
f 9898 9899 9900
f 9901 9902 9903
f 9904 9905 9906
f 9907 9908 9909
f 9910 9911 9912
f 9913 9914 9915
f 9916 9917 9918
