mtllib wrist_3_link_visuals_wrist3_mesh.mtl
v -0.02236210368573666 0.018405331298708912 -0.08364726603031157
v -0.022338012233376506 0.01855254732072353 -0.0830472484230995
v -0.018386485055089 0.022406417876482006 -0.08364726603031157
v -0.018386485055089 0.022406417876482006 -0.08364726603031157
v -0.022338012233376506 0.01855254732072353 -0.0830472484230995
v -0.01846355386078358 0.022304309532046315 -0.0830472484230995
v 0.018150418996810917 0.022436581552028653 -0.08364728838205336
v 0.018605453893542293 0.02226762287318706 -0.0830472707748413
v 0.022464975714683536 0.01832729578018188 -0.08364728838205336
v 0.022464975714683536 0.01832729578018188 -0.08364728838205336
v 0.018605453893542293 0.02226762287318706 -0.0830472707748413
v 0.02237331494688988 0.018467854708433148 -0.0830472707748413
v -0.018464630469679836 -0.022420739755034443 -0.08364726603031157
v -0.018611846491694454 -0.022396678104996678 -0.0830472484230995
v -0.022465659305453304 -0.018445281311869618 -0.08364725857973097
v -0.022465659305453304 -0.018445281311869618 -0.08364725857973097
v -0.018611846491694454 -0.022396678104996678 -0.0830472484230995
v -0.022363621741533283 -0.018522169440984722 -0.0830472484230995
v 0.018598128110170368 -0.022391567006707188 -0.08364728093147276
v 0.022343058139085773 -0.018613135442137715 -0.08309342712163924
v 0.01884565502405167 -0.022373646497726437 -0.0830472707748413
v -0.00027657509781420236 0.037639409303665154 -0.05976407602429389
v 0.00193240842781961 0.037657357752323144 -0.060565255582332604
v -3.476579308880901e-07 0.037787526845932 -0.06254754215478896
v 0.0022074680309742693 0.03768572583794593 -0.06391447037458418
v -3.476579308880901e-07 0.037787526845932 -0.06254754215478896
v 0.00193240842781961 0.037657357752323144 -0.060565255582332604
v -0.0005021007964387537 0.037631705403327935 -0.0653473064303398
v -3.476579308880901e-07 0.037787526845932 -0.06254754215478896
v 0.0022074680309742693 0.03768572583794593 -0.06391447037458418
v -0.0005021007964387537 0.037631705403327935 -0.0653473064303398
v -0.002299557207152248 0.037697147578001015 -0.06332929432392119
v -3.476579308880901e-07 0.037787526845932 -0.06254754215478896
v -3.476579308880901e-07 0.037787526845932 -0.06254754215478896
v -0.002299557207152248 0.037697147578001015 -0.06332929432392119
v -0.002332155359908939 0.037645097821950906 -0.06103536114096641
v -0.002332155359908939 0.037645097821950906 -0.06103536114096641
v -0.00027657509781420236 0.037639409303665154 -0.05976407602429389
v -3.476579308880901e-07 0.037787526845932 -0.06254754215478896
v -3.5565830103223567e-07 0.02494065277278423 -0.0841446742415428
v 0.0029245247133076195 0.02395016513764858 -0.08594368398189543
v 0.0010919431224465372 0.02203981019556522 -0.08594805747270583
v -3.5569792089518165e-07 0.02194075100123882 -0.08594723045825957
v -0.0010629198513925078 0.022040590643882748 -0.0859500616788864
v -3.5565830103223567e-07 0.02494065277278423 -0.0841446742415428
v 0.0010919431224465372 0.02203981019556522 -0.08594805747270583
v -3.5569792089518165e-07 0.02194075100123882 -0.08594723045825957
v -3.5565830103223567e-07 0.02494065277278423 -0.0841446742415428
v -3.5565830103223567e-07 0.02494065277278423 -0.0841446742415428
v -0.0010629198513925078 0.022040590643882748 -0.0859500616788864
v -0.0028776929248124365 0.023819535970687863 -0.08594368398189543
v -0.0028776929248124365 0.023819535970687863 -0.08594368398189543
v -0.002795734675601125 0.026172704994678494 -0.08594503253698348
v -3.5565830103223567e-07 0.02494065277278423 -0.0841446742415428
v -3.5565830103223567e-07 0.02494065277278423 -0.0841446742415428
v -0.002795734675601125 0.026172704994678494 -0.08594503253698348
v -0.0011178420390933754 0.027834163978695866 -0.08595108240842818
v -3.5765293660006147e-07 0.02794067375361919 -0.08594723045825957
v 0.0007903841324150564 0.027874594554305073 -0.08594679087400435
v -3.5565830103223567e-07 0.02494065277278423 -0.0841446742415428
v -0.0011178420390933754 0.027834163978695866 -0.08595108240842818
v -3.5765293660006147e-07 0.02794067375361919 -0.08594723045825957
v -3.5565830103223567e-07 0.02494065277278423 -0.0841446742415428
v 0.0007903841324150564 0.027874594554305073 -0.08594679087400435
v 0.002638546517118812 0.026544563472270962 -0.08594368398189543
v -3.5565830103223567e-07 0.02494065277278423 -0.0841446742415428
v 0.002638546517118812 0.026544563472270962 -0.08594368398189543
v 0.0029245247133076195 0.02395016513764858 -0.08594368398189543
v -3.5565830103223567e-07 0.02494065277278423 -0.0841446742415428
v -0.02231545187532902 0.01624510809779167 -0.08364726603031157
v -0.02236210368573666 0.018405331298708912 -0.08364726603031157
v -0.018386485055089 0.022406417876482006 -0.08364726603031157
v -0.02231545187532902 0.01624510809779167 -0.08364726603031157
v -0.018386485055089 0.022406417876482006 -0.08364726603031157
v -0.0145148728042841 0.014013660140335558 -0.08364726603031157
v -0.0145148728042841 0.014013660140335558 -0.08364726603031157
v -0.01754834316670895 0.01272977516055107 -0.08364726603031157
v -0.02231545187532902 0.01624510809779167 -0.08364726603031157
v -0.015371994115412239 0.02182342670857906 -0.08364726603031157
v -0.013578437268733982 0.020107209682464596 -0.08364726603031157
v -0.0145148728042841 0.014013660140335558 -0.08364726603031157
v -0.013578437268733982 0.020107209682464596 -0.08364726603031157
v -0.012840916402637962 0.01689704321324825 -0.08364726603031157
v -0.0145148728042841 0.014013660140335558 -0.08364726603031157
v -0.0145148728042841 0.014013660140335558 -0.08364726603031157
v -0.018386485055089 0.022406417876482006 -0.08364726603031157
v -0.015371994115412239 0.02182342670857906 -0.08364726603031157
v -0.02231545187532902 0.01624510809779167 -0.08364726603031157
v -0.01754834316670895 0.01272977516055107 -0.08364726603031157
v -0.020678682252764705 0.013877699151635168 -0.08364726603031157
v -0.022338012233376506 0.01855254732072353 -0.0830472484230995
v -0.02091937139630318 0.02128016389906406 -0.0830472484230995
v -0.01846355386078358 0.022304309532046315 -0.0830472484230995
v 0.02072032727301121 0.02144660428166389 -0.0830472707748413
v 0.02237331494688988 0.018467854708433148 -0.0830472707748413
v 0.018605453893542293 0.02226762287318706 -0.0830472707748413
v 0.022464975714683536 0.01832729578018188 -0.08364728838205336
v 0.017806537449359897 0.012729786336421965 -0.08364728838205336
v 0.014676187187433246 0.013877710327506064 -0.08364728093147276
v 0.018150418996810917 0.022436581552028653 -0.08364728838205336
v 0.022464975714683536 0.01832729578018188 -0.08364728838205336
v 0.014676187187433246 0.013877710327506064 -0.08364728093147276
v 0.018150418996810917 0.022436581552028653 -0.08364728838205336
v 0.014676187187433246 0.013877710327506064 -0.08364728093147276
v 0.012885170057415966 0.016642093658447262 -0.08364728093147276
v 0.018150418996810917 0.022436581552028653 -0.08364728838205336
v 0.012885170057415966 0.016642093658447262 -0.08364728093147276
v 0.015188088640570644 0.021717669442296025 -0.08364728093147276
v 0.022464975714683536 0.01832729578018188 -0.08364728838205336
v 0.02150523848831654 0.014575254172086714 -0.08364728838205336
v 0.017806537449359897 0.012729786336421965 -0.08364728838205336
v 0.012885170057415966 0.016642093658447262 -0.08364728093147276
v 0.013472011312842373 0.019924102351069447 -0.08364728093147276
v 0.015188088640570644 0.021717669442296025 -0.08364728093147276
v -0.018611846491694454 -0.022396678104996678 -0.0830472484230995
v -0.021339531987905506 -0.020977927371859547 -0.0830472484230995
v -0.022363621741533283 -0.018522169440984722 -0.0830472484230995
v -0.018464630469679836 -0.022420739755034443 -0.08364726603031157
v -0.022465659305453304 -0.018445281311869618 -0.08364725857973097
v -0.01630421727895737 -0.02237404882907867 -0.08364726603031157
v -0.01630421727895737 -0.02237404882907867 -0.08364726603031157
v -0.022465659305453304 -0.018445281311869618 -0.08364725857973097
v -0.014343746006488804 -0.014231823384761809 -0.08364726603031157
v -0.014343746006488804 -0.014231823384761809 -0.08364726603031157
v -0.022465659305453304 -0.018445281311869618 -0.08364725857973097
v -0.021505992859601978 -0.014693319797515867 -0.08364725857973097
v -0.014343746006488804 -0.014231823384761809 -0.08364726603031157
v -0.012789115309715274 -0.017606958746910092 -0.08364726603031157
v -0.013936908915638927 -0.02073716931045055 -0.08364726603031157
v -0.014343746006488804 -0.014231823384761809 -0.08364726603031157
v -0.013936908915638927 -0.02073716931045055 -0.08364726603031157
v -0.01630421727895737 -0.02237404882907867 -0.08364726603031157
v -0.014343746006488804 -0.014231823384761809 -0.08364726603031157
v -0.021505992859601978 -0.014693319797515867 -0.08364725857973097
v -0.017807291820645336 -0.012847712263464926 -0.08364726603031157
v 0.022343058139085773 -0.018613135442137715 -0.08309342712163924
v 0.02170752733945847 -0.020411100238561627 -0.0830472707748413
v 0.01884565502405167 -0.022373646497726437 -0.0830472707748413
v 0.018598128110170368 -0.022391567006707188 -0.08364728093147276
v 0.014172253198921684 -0.01440262235701084 -0.08364728093147276
v 0.022314736619591716 -0.0163629837334156 -0.08364728838205336
v 0.018598128110170368 -0.022391567006707188 -0.08364728093147276
v 0.022314736619591716 -0.0163629837334156 -0.08364728838205336
v 0.022343058139085773 -0.018613135442137715 -0.08309342712163924
v 0.016740219667553905 -0.01303309854120016 -0.08364728093147276
v 0.020009158179163936 -0.013437882065773009 -0.08364728838205336
v 0.014172253198921684 -0.01440262235701084 -0.08364728093147276
v 0.014172253198921684 -0.01440262235701084 -0.08364728093147276
v 0.020009158179163936 -0.013437882065773009 -0.08364728838205336
v 0.022314736619591716 -0.0163629837334156 -0.08364728838205336
v 0.018598128110170368 -0.022391567006707188 -0.08364728093147276
v 0.016123540699481968 -0.022373087704181668 -0.08364728838205336
v 0.014172253198921684 -0.01440262235701084 -0.08364728093147276
v 0.014172253198921684 -0.01440262235701084 -0.08364728093147276
v 0.016123540699481968 -0.022373087704181668 -0.08364728838205336
v 0.013577912934124473 -0.02022544667124748 -0.08364728093147276
v 0.014172253198921684 -0.01440262235701084 -0.08364728093147276
v 0.013577912934124473 -0.02022544667124748 -0.08364728093147276
v 0.0128493020310998 -0.017435302957892414 -0.08364728093147276
v -3.5366144857107434e-07 0.015690833330154415 -0.08594723045825957
v 0.0014117461396381261 0.015590454451739786 -0.08594729751348494
v 0.015772456303238872 -0.000846180657390505 -0.08594723045825957
v -3.5366144857107434e-07 0.015690833330154415 -0.08594723045825957
v 0.015772456303238872 -0.000846180657390505 -0.08594723045825957
v -0.0024045482277870183 0.015506203286349772 -0.08594723045825957
v -0.010257299058139326 0.011944638565182684 -0.08594719320535658
v -0.00618218118324876 0.014467906206846235 -0.08594722300767897
v 0.015772456303238872 -0.000846180657390505 -0.08594723045825957
v 0.015772456303238872 -0.000846180657390505 -0.08594723045825957
v -0.00618218118324876 0.014467906206846235 -0.08594722300767897
v -0.0024045482277870183 0.015506203286349772 -0.08594723045825957
v 0.015772456303238872 -0.000846180657390505 -0.08594723045825957
v -0.013386617414653305 0.008316059596836565 -0.08594718575477599
v -0.010257299058139326 0.011944638565182684 -0.08594719320535658
v -0.015773152932524685 -0.0008461910765618085 -0.08594718575477599
v -0.015282991342246536 0.0039172512479126445 -0.08594718575477599
v 0.015772456303238872 -0.000846180657390505 -0.08594723045825957
v 0.015772456303238872 -0.000846180657390505 -0.08594723045825957
v -0.015282991342246536 0.0039172512479126445 -0.08594718575477599
v -0.013386617414653305 0.008316059596836565 -0.08594718575477599
v 0.015772456303238872 -0.000846180657390505 -0.08594723045825957
v -0.014813324436545375 -0.005536478478461503 -0.08594718575477599
v -0.015773152932524685 -0.0008461910765618085 -0.08594718575477599
v -0.009025120176374914 -0.013021087273955343 -0.08594720810651778
v -0.012492823414504532 -0.009722620248794554 -0.08594719320535658
v 0.015772456303238872 -0.000846180657390505 -0.08594723045825957
v 0.015772456303238872 -0.000846180657390505 -0.08594723045825957
v -0.012492823414504532 -0.009722620248794554 -0.08594719320535658
v -0.014813324436545375 -0.005536478478461503 -0.08594718575477599
v 0.015772456303238872 -0.000846180657390505 -0.08594723045825957
v -0.0047297943383455285 -0.015128918923437594 -0.08594721555709837
v -0.009025120176374914 -0.013021087273955343 -0.08594720810651778
v 0.004729107953608037 -0.01512891612946987 -0.08594721555709837
v -3.433509050410067e-07 -0.015853738412261006 -0.08594722300767897
v 0.015772456303238872 -0.000846180657390505 -0.08594723045825957
v 0.015772456303238872 -0.000846180657390505 -0.08594723045825957
v -3.433509050410067e-07 -0.015853738412261006 -0.08594722300767897
v -0.0047297943383455285 -0.015128918923437594 -0.08594721555709837
v 0.015772456303238872 -0.000846180657390505 -0.08594723045825957
v 0.009024431928992273 -0.013021081686019896 -0.08594722300767897
v 0.004729107953608037 -0.01512891612946987 -0.08594721555709837
v 0.014812630601227287 -0.00553646683692932 -0.08594720065593718
v 0.012492132373154167 -0.009722613729536532 -0.08594720810651778
v 0.015772456303238872 -0.000846180657390505 -0.08594723045825957
v 0.015772456303238872 -0.000846180657390505 -0.08594723045825957
v 0.012492132373154167 -0.009722613729536532 -0.08594720810651778
v 0.009024431928992273 -0.013021081686019896 -0.08594722300767897
v 0.013385915197432045 0.008316063322126864 -0.08594720065593718
v 0.015282291918993 0.0039172680117189876 -0.08594720065593718
v 0.015772456303238872 -0.000846180657390505 -0.08594723045825957
v 0.015772456303238872 -0.000846180657390505 -0.08594723045825957
v 0.010256594046950342 0.011944645084440706 -0.08594720810651778
v 0.013385915197432045 0.008316063322126864 -0.08594720065593718
v 0.0014117461396381261 0.015590454451739786 -0.08594729751348494
v 0.006181475706398489 0.014467909932136534 -0.08594723045825957
v 0.015772456303238872 -0.000846180657390505 -0.08594723045825957
v 0.015772456303238872 -0.000846180657390505 -0.08594723045825957
v 0.006181475706398489 0.014467909932136534 -0.08594723045825957
v 0.010256594046950342 0.011944645084440706 -0.08594720810651778
v 0.004739991854876281 0.035594753921031945 -0.06360265612602232
v 0.0037318121176213035 0.03510466217994689 -0.06576588004827498
v 0.004150134045630694 0.03628664836287498 -0.06435214728116988
v 0.004739991854876281 0.035594753921031945 -0.06360265612602232
v 0.004150134045630694 0.03628664836287498 -0.06435214728116988
v 0.0038928182329982528 0.03700457513332366 -0.062277898192405694
v 0.0038928182329982528 0.03700457513332366 -0.062277898192405694
v 0.004150134045630694 0.03628664836287498 -0.06435214728116988
v 0.003405472496524454 0.037132114171981805 -0.06414680927991866
v 0.0038928182329982528 0.03700457513332366 -0.062277898192405694
v 0.003405472496524454 0.037132114171981805 -0.06414680927991866
v 0.0022074680309742693 0.03768572583794593 -0.06391447037458418
v 0.0038928182329982528 0.03700457513332366 -0.062277898192405694
v 0.0022074680309742693 0.03768572583794593 -0.06391447037458418
v 0.002643090439960361 0.0376303307712078 -0.061839848756790154
v 0.004827883560210467 0.03557578474283218 -0.06193934008479118
v 0.0038928182329982528 0.03700457513332366 -0.062277898192405694
v 0.0034771296195685872 0.0369783192873001 -0.06067156791687011
v 0.0034771296195685872 0.0369783192873001 -0.06067156791687011
v 0.0038928182329982528 0.03700457513332366 -0.062277898192405694
v 0.002643090439960361 0.0376303307712078 -0.061839848756790154
v 0.003499562619253994 0.03555521741509437 -0.05918811634182929
v 0.004418114200234414 0.035493467003107064 -0.06051801517605781
v 0.0034771296195685872 0.0369783192873001 -0.06067156791687011
v 0.0023006196133792405 0.03563157841563224 -0.05831025540828704
v 0.003499562619253994 0.03555521741509437 -0.05918811634182929
v 0.0019044646760448818 0.03719725459814071 -0.059347163885831826
v 0.0013559042708948257 0.03509047254920005 -0.05783992260694503
v 0.0023006196133792405 0.03563157841563224 -0.05831025540828704
v 0.0003825602470897139 0.03561590611934661 -0.057732883840799325
v 0.0003825602470897139 0.03561590611934661 -0.057732883840799325
v 0.0023006196133792405 0.03563157841563224 -0.05831025540828704
v 0.0007926417165435853 0.036827590316534035 -0.058534622192382806
v -0.001623341930098832 0.03510452806949615 -0.057894285768270486
v 0.0003825602470897139 0.03561590611934661 -0.057732883840799325
v -0.001498712110333145 0.03598742932081222 -0.05811668559908866
v -0.001498712110333145 0.03598742932081222 -0.05811668559908866
v 0.0003825602470897139 0.03561590611934661 -0.057732883840799325
v 0.0007926417165435853 0.036827590316534035 -0.058534622192382806
v -0.001498712110333145 0.03598742932081222 -0.05811668559908866
v 0.0007926417165435853 0.036827590316534035 -0.058534622192382806
v -0.0012974315322935583 0.037219114601612084 -0.05907482281327247
v -0.0012974315322935583 0.037219114601612084 -0.05907482281327247
v 0.0007926417165435853 0.036827590316534035 -0.058534622192382806
v -0.00027657509781420236 0.037639409303665154 -0.05976407602429389
v -0.001498712110333145 0.03598742932081222 -0.05811668559908866
v -0.0012974315322935583 0.037219114601612084 -0.05907482281327247
v -0.002564781112596393 0.03682759776711463 -0.05936069041490554
v -0.002564781112596393 0.03682759776711463 -0.05936069041490554
v -0.0012974315322935583 0.037219114601612084 -0.05907482281327247
v -0.002332155359908939 0.037645097821950906 -0.06103536114096641
v -0.004485457204282285 0.03559474274516105 -0.060685310512781136
v -0.003526323242112995 0.035640623420476907 -0.059225097298622124
v -0.0035702979657799014 0.03695931658148765 -0.060864347964525216
v -0.004851889330893756 0.035594750195741647 -0.06233160942792892
v -0.004485457204282285 0.03559474274516105 -0.060685310512781136
v -0.004094807896763087 0.03685077652335166 -0.06282342970371245
v -0.004704103339463473 0.035493467003107064 -0.06377898901700972
v -0.004851889330893756 0.035594750195741647 -0.06233160942792892
v -0.004094807896763087 0.03685077652335166 -0.06282342970371245
v -0.004094807896763087 0.03685077652335166 -0.06282342970371245
v -0.0032266145572066316 0.03744531050324439 -0.06264268606901167
v -0.002558171516284347 0.03741195052862167 -0.06469016522169112
v -0.0030022149439901122 0.03563155233860015 -0.06632086634635924
v -0.0031872151885181674 0.036827616393566125 -0.06511193513870238
v -0.0014780702767893676 0.036827590316534035 -0.06636182963848113
v -0.0014780702767893676 0.036827590316534035 -0.06636182963848113
v -0.0031872151885181674 0.036827616393566125 -0.06511193513870238
v -0.002558171516284347 0.03741195052862167 -0.06469016522169112
v 0.0019865820650011305 0.03509064018726348 -0.06702560186386107
v 0.0005651576211676003 0.03564059361815452 -0.06735914945602416
v 0.002924968954175711 0.03615913912653922 -0.06610336154699324
v 0.002924968954175711 0.03615913912653922 -0.06610336154699324
v 0.0005651576211676003 0.03564059361815452 -0.06735914945602416
v 0.0006546751246787609 0.036973956972360604 -0.06644906848669051
v 0.002924968954175711 0.03615913912653922 -0.06610336154699324
v 0.0006546751246787609 0.036973956972360604 -0.06644906848669051
v 0.0019398897420614962 0.03728623315691947 -0.06555214524269103
v 0.002924968954175711 0.03615913912653922 -0.06610336154699324
v 0.0019398897420614962 0.03728623315691947 -0.06555214524269103
v 0.003405472496524454 0.037132114171981805 -0.06414680927991866
v 0.0038928182329982528 0.03700457513332366 -0.062277898192405694
v 0.004827883560210467 0.03557578474283218 -0.06193934008479118
v 0.004739991854876281 0.035594753921031945 -0.06360265612602232
v 0.002643090439960361 0.0376303307712078 -0.061839848756790154
v 0.0022074680309742693 0.03768572583794593 -0.06391447037458418
v 0.00193240842781961 0.037657357752323144 -0.060565255582332604
v 0.002643090439960361 0.0376303307712078 -0.061839848756790154
v 0.00193240842781961 0.037657357752323144 -0.060565255582332604
v 0.0034771296195685872 0.0369783192873001 -0.06067156791687011
v 0.0034771296195685872 0.0369783192873001 -0.06067156791687011
v 0.004418114200234414 0.035493467003107064 -0.06051801517605781
v 0.004827883560210467 0.03557578474283218 -0.06193934008479118
v 0.00193240842781961 0.037657357752323144 -0.060565255582332604
v 0.0019044646760448818 0.03719725459814071 -0.059347163885831826
v 0.0034771296195685872 0.0369783192873001 -0.06067156791687011
v 0.0034771296195685872 0.0369783192873001 -0.06067156791687011
v 0.0019044646760448818 0.03719725459814071 -0.059347163885831826
v 0.003499562619253994 0.03555521741509437 -0.05918811634182929
v 0.00193240842781961 0.037657357752323144 -0.060565255582332604
v -0.00027657509781420236 0.037639409303665154 -0.05976407602429389
v 0.0019044646760448818 0.03719725459814071 -0.059347163885831826
v 0.0019044646760448818 0.03719725459814071 -0.059347163885831826
v 0.0007926417165435853 0.036827590316534035 -0.058534622192382806
v 0.0023006196133792405 0.03563157841563224 -0.05831025540828704
v 0.0019044646760448818 0.03719725459814071 -0.059347163885831826
v -0.00027657509781420236 0.037639409303665154 -0.05976407602429389
v 0.0007926417165435853 0.036827590316534035 -0.058534622192382806
v -0.00027657509781420236 0.037639409303665154 -0.05976407602429389
v -0.002332155359908939 0.037645097821950906 -0.06103536114096641
v -0.0012974315322935583 0.037219114601612084 -0.05907482281327247
v -0.002564781112596393 0.03682759776711463 -0.05936069041490554
v -0.003526323242112995 0.035640623420476907 -0.059225097298622124
v -0.001498712110333145 0.03598742932081222 -0.05811668559908866
v -0.001498712110333145 0.03598742932081222 -0.05811668559908866
v -0.003526323242112995 0.035640623420476907 -0.059225097298622124
v -0.001623341930098832 0.03510452806949615 -0.057894285768270486
v -0.002332155359908939 0.037645097821950906 -0.06103536114096641
v -0.0035702979657799014 0.03695931658148765 -0.060864347964525216
v -0.002564781112596393 0.03682759776711463 -0.05936069041490554
v -0.002564781112596393 0.03682759776711463 -0.05936069041490554
v -0.0035702979657799014 0.03695931658148765 -0.060864347964525216
v -0.003526323242112995 0.035640623420476907 -0.059225097298622124
v -0.002332155359908939 0.037645097821950906 -0.06103536114096641
v -0.002299557207152248 0.037697147578001015 -0.06332929432392119
v -0.0032266145572066316 0.03744531050324439 -0.06264268606901167
v -0.002332155359908939 0.037645097821950906 -0.06103536114096641
v -0.0032266145572066316 0.03744531050324439 -0.06264268606901167
v -0.0035702979657799014 0.03695931658148765 -0.060864347964525216
v -0.0035702979657799014 0.03695931658148765 -0.060864347964525216
v -0.0032266145572066316 0.03744531050324439 -0.06264268606901167
v -0.004094807896763087 0.03685077652335166 -0.06282342970371245
v -0.0035702979657799014 0.03695931658148765 -0.060864347964525216
v -0.004094807896763087 0.03685077652335166 -0.06282342970371245
v -0.004485457204282285 0.03559474274516105 -0.060685310512781136
v -0.002299557207152248 0.037697147578001015 -0.06332929432392119
v -0.002558171516284347 0.03741195052862167 -0.06469016522169112
v -0.0032266145572066316 0.03744531050324439 -0.06264268606901167
v -0.002558171516284347 0.03741195052862167 -0.06469016522169112
v -0.0031872151885181674 0.036827616393566125 -0.06511193513870238
v -0.004094807896763087 0.03685077652335166 -0.06282342970371245
v -0.004094807896763087 0.03685077652335166 -0.06282342970371245
v -0.0031872151885181674 0.036827616393566125 -0.06511193513870238
v -0.004030428361147643 0.03555523231625556 -0.06524821370840071
v -0.004094807896763087 0.03685077652335166 -0.06282342970371245
v -0.004030428361147643 0.03555523231625556 -0.06524821370840071
v -0.004704103339463473 0.035493467003107064 -0.06377898901700972
v -0.002299557207152248 0.037697147578001015 -0.06332929432392119
v -0.0005021007964387537 0.037631705403327935 -0.0653473064303398
v -0.002558171516284347 0.03741195052862167 -0.06469016522169112
v -0.0031872151885181674 0.036827616393566125 -0.06511193513870238
v -0.0030022149439901122 0.03563155233860015 -0.06632086634635924
v -0.004030428361147643 0.03555523231625556 -0.06524821370840071
v -0.002558171516284347 0.03741195052862167 -0.06469016522169112
v -0.0005021007964387537 0.037631705403327935 -0.0653473064303398
v -0.0014780702767893676 0.036827590316534035 -0.06636182963848113
v -0.0014780702767893676 0.036827590316534035 -0.06636182963848113
v -0.0012134948046877982 0.03561586141586303 -0.06722258776426314
v -0.0030022149439901122 0.03563155233860015 -0.06632086634635924
v -0.0030022149439901122 0.03563155233860015 -0.06632086634635924
v -0.0012134948046877982 0.03561586141586303 -0.06722258776426314
v -0.002153484150767327 0.035090610384941094 -0.06694811582565306
v -0.0005021007964387537 0.037631705403327935 -0.0653473064303398
v 0.0006546751246787609 0.036973956972360604 -0.06644906848669051
v -0.0014780702767893676 0.036827590316534035 -0.06636182963848113
v -0.0014780702767893676 0.036827590316534035 -0.06636182963848113
v 0.0006546751246787609 0.036973956972360604 -0.06644906848669051
v 0.0005651576211676003 0.03564059361815452 -0.06735914945602416
v -0.0014780702767893676 0.036827590316534035 -0.06636182963848113
v 0.0005651576211676003 0.03564059361815452 -0.06735914945602416
v -0.0012134948046877982 0.03561586141586303 -0.06722258776426314
v -0.0005021007964387537 0.037631705403327935 -0.0653473064303398
v 0.0022074680309742693 0.03768572583794593 -0.06391447037458418
v 0.0019398897420614962 0.03728623315691947 -0.06555214524269103
v -0.0005021007964387537 0.037631705403327935 -0.0653473064303398
v 0.0019398897420614962 0.03728623315691947 -0.06555214524269103
v 0.0006546751246787609 0.036973956972360604 -0.06644906848669051
v 0.002924968954175711 0.03615913912653922 -0.06610336154699324
v 0.0037318121176213035 0.03510466217994689 -0.06576588004827498
v 0.0019865820650011305 0.03509064018726348 -0.06702560186386107
v 0.0037318121176213035 0.03510466217994689 -0.06576588004827498
v 0.002924968954175711 0.03615913912653922 -0.06610336154699324
v 0.004150134045630694 0.03628664836287498 -0.06435214728116988
v 0.004150134045630694 0.03628664836287498 -0.06435214728116988
v 0.002924968954175711 0.03615913912653922 -0.06610336154699324
v 0.003405472496524454 0.037132114171981805 -0.06414680927991866
v 0.003405472496524454 0.037132114171981805 -0.06414680927991866
v 0.0019398897420614962 0.03728623315691947 -0.06555214524269103
v 0.0022074680309742693 0.03768572583794593 -0.06391447037458418
v 0.0010919431224465372 0.02203981019556522 -0.08594805747270583
v -0.0003665109397843481 0.02197015099227428 -0.09189677983522414
v -0.0010629198513925078 0.022040590643882748 -0.0859500616788864
v -0.0010629198513925078 0.022040590643882748 -0.0859500616788864
v -0.0003665109397843481 0.02197015099227428 -0.09189677983522414
v -0.001586198573932052 0.02229363657534122 -0.09202053397893904
v -0.0010629198513925078 0.022040590643882748 -0.0859500616788864
v -0.001586198573932052 0.02229363657534122 -0.09202053397893904
v -0.0028776929248124365 0.023819535970687863 -0.08594368398189543
v -0.0028776929248124365 0.023819535970687863 -0.08594368398189543
v -0.001586198573932052 0.02229363657534122 -0.09202053397893904
v -0.0027798614464700226 0.0236733965575695 -0.09189330041408537
v -0.0028776929248124365 0.023819535970687863 -0.08594368398189543
v -0.0027798614464700226 0.0236733965575695 -0.09189330041408537
v -0.003027415135875345 0.02585073001682758 -0.09207697957754134
v -0.0028776929248124365 0.023819535970687863 -0.08594368398189543
v -0.003027415135875345 0.02585073001682758 -0.09207697957754134
v -0.002795734675601125 0.026172704994678494 -0.08594503253698348
v -0.002795734675601125 0.026172704994678494 -0.08594503253698348
v -0.003027415135875345 0.02585073001682758 -0.09207697957754134
v -0.0026123335119336848 0.026474731042981144 -0.0918949395418167
v -0.002795734675601125 0.026172704994678494 -0.08594503253698348
v -0.0026123335119336848 0.026474731042981144 -0.0918949395418167
v -0.0011178420390933754 0.027834163978695866 -0.08595108240842818
v -0.0011178420390933754 0.027834163978695866 -0.08595108240842818
v -0.0026123335119336848 0.026474731042981144 -0.0918949395418167
v -0.0010994506301358344 0.027829173952341076 -0.09190273284912108
v -0.0011178420390933754 0.027834163978695866 -0.08595108240842818
v -0.0010994506301358344 0.027829173952341076 -0.09190273284912108
v 0.0007903841324150564 0.027874594554305073 -0.08594679087400435
v 0.0007903841324150564 0.027874594554305073 -0.08594679087400435
v -0.0010994506301358344 0.027829173952341076 -0.09190273284912108
v 0.0008718003518879416 0.027863375842571255 -0.09189755469560622
v 0.0007903841324150564 0.027874594554305073 -0.08594679087400435
v 0.0008718003518879416 0.027863375842571255 -0.09189755469560622
v 0.002638546517118812 0.026544563472270962 -0.08594368398189543
v 0.002638546517118812 0.026544563472270962 -0.08594368398189543
v 0.0008718003518879416 0.027863375842571255 -0.09189755469560622
v 0.0026870085857808594 0.026460552588105198 -0.09189092367887496
v 0.002638546517118812 0.026544563472270962 -0.08594368398189543
v 0.0026870085857808594 0.026460552588105198 -0.09189092367887496
v 0.0029245247133076195 0.02395016513764858 -0.08594368398189543
v 0.0029245247133076195 0.02395016513764858 -0.08594368398189543
v 0.0026870085857808594 0.026460552588105198 -0.09189092367887496
v 0.0028910837136209015 0.023858435451984402 -0.09189041703939436
v 0.0029245247133076195 0.02395016513764858 -0.08594368398189543
v 0.0028910837136209015 0.023858435451984402 -0.09189041703939436
v 0.0010919431224465372 0.02203981019556522 -0.08594805747270583
v 0.0010919431224465372 0.02203981019556522 -0.08594805747270583
v 0.0028910837136209015 0.023858435451984402 -0.09189041703939436
v 0.0010984756518155339 0.02205211110413074 -0.09190273284912108
v 0.0010919431224465372 0.02203981019556522 -0.08594805747270583
v 0.0010984756518155339 0.02205211110413074 -0.09190273284912108
v -0.0003665109397843481 0.02197015099227428 -0.09189677983522414
v -0.022278377786278728 0.01886990293860435 -0.09165155887603758
v -0.02236210368573666 0.018405331298708912 -0.08364726603031157
v -0.022359237074851993 0.016403855755925175 -0.09164083003997801
v -0.022359237074851993 0.016403855755925175 -0.09164083003997801
v -0.02236210368573666 0.018405331298708912 -0.08364726603031157
v -0.02231545187532902 0.01624510809779167 -0.08364726603031157
v -0.022359237074851993 0.016403855755925175 -0.09164083003997801
v -0.02231545187532902 0.01624510809779167 -0.08364726603031157
v -0.02078807540237904 0.013967547565698622 -0.09164360910654067
v -0.02078807540237904 0.013967547565698622 -0.09164360910654067
v -0.02231545187532902 0.01624510809779167 -0.08364726603031157
v -0.020678682252764705 0.013877699151635168 -0.08364726603031157
v -0.02078807540237904 0.013967547565698622 -0.09164360910654067
v -0.020678682252764705 0.013877699151635168 -0.08364726603031157
v -0.01857351511716843 0.012907312251627443 -0.09163404256105422
v -0.01857351511716843 0.012907312251627443 -0.09163404256105422
v -0.020678682252764705 0.013877699151635168 -0.08364726603031157
v -0.01754834316670895 0.01272977516055107 -0.08364726603031157
v -0.01857351511716843 0.012907312251627443 -0.09163404256105422
v -0.01754834316670895 0.01272977516055107 -0.08364726603031157
v -0.016468061134219173 0.013007512316107748 -0.09164530038833617
v -0.016468061134219173 0.013007512316107748 -0.09164530038833617
v -0.01754834316670895 0.01272977516055107 -0.08364726603031157
v -0.014622376300394539 0.01392152067273855 -0.09164362400770186
v -0.014622376300394539 0.01392152067273855 -0.09164362400770186
v -0.01754834316670895 0.01272977516055107 -0.08364726603031157
v -0.0145148728042841 0.014013660140335558 -0.08364726603031157
v -0.014622376300394539 0.01392152067273855 -0.09164362400770186
v -0.0145148728042841 0.014013660140335558 -0.08364726603031157
v -0.013183255679905418 0.015944564715027806 -0.09164362400770186
v -0.013183255679905418 0.015944564715027806 -0.09164362400770186
v -0.0145148728042841 0.014013660140335558 -0.08364726603031157
v -0.012840916402637962 0.01689704321324825 -0.08364726603031157
v -0.013183255679905418 0.015944564715027806 -0.09164362400770186
v -0.012840916402637962 0.01689704321324825 -0.08364726603031157
v -0.012947979383170608 0.01841262355446815 -0.09164803475141524
v -0.012947979383170608 0.01841262355446815 -0.09164803475141524
v -0.012840916402637962 0.01689704321324825 -0.08364726603031157
v -0.013578437268733982 0.020107209682464596 -0.08364726603031157
v -0.012947979383170608 0.01841262355446815 -0.09164803475141524
v -0.013578437268733982 0.020107209682464596 -0.08364726603031157
v -0.013758569024503235 0.020332125946879383 -0.09164529293775557
v -0.013758569024503235 0.020332125946879383 -0.09164529293775557
v -0.013578437268733982 0.020107209682464596 -0.08364726603031157
v -0.015248641371726993 0.02175391837954521 -0.09164361655712126
v -0.015248641371726993 0.02175391837954521 -0.09164361655712126
v -0.013578437268733982 0.020107209682464596 -0.08364726603031157
v -0.015371994115412239 0.02182342670857906 -0.08364726603031157
v -0.015248641371726993 0.02175391837954521 -0.09164361655712126
v -0.015371994115412239 0.02182342670857906 -0.08364726603031157
v -0.018083523958921436 0.022432819008827206 -0.09162227064371108
v -0.018083523958921436 0.022432819008827206 -0.09162227064371108
v -0.015371994115412239 0.02182342670857906 -0.08364726603031157
v -0.018386485055089 0.022406417876482006 -0.08364726603031157
v -0.022338012233376506 0.01855254732072353 -0.0830472484230995
v -0.02236210368573666 0.018405331298708912 -0.08364726603031157
v -0.022278377786278728 0.01886990293860435 -0.09165155887603758
v -0.022338012233376506 0.01855254732072353 -0.0830472484230995
v -0.022278377786278728 0.01886990293860435 -0.09165155887603758
v -0.02091937139630318 0.02128016389906406 -0.0830472484230995
v -0.02091937139630318 0.02128016389906406 -0.0830472484230995
v -0.022278377786278728 0.01886990293860435 -0.09165155887603758
v -0.021068634465336803 0.021067596971988675 -0.09164101630449294
v -0.02091937139630318 0.02128016389906406 -0.0830472484230995
v -0.021068634465336803 0.021067596971988675 -0.09164101630449294
v -0.018083523958921436 0.022432819008827206 -0.09162227064371108
v -0.02091937139630318 0.02128016389906406 -0.0830472484230995
v -0.018083523958921436 0.022432819008827206 -0.09162227064371108
v -0.01846355386078358 0.022304309532046315 -0.0830472484230995
v -0.01846355386078358 0.022304309532046315 -0.0830472484230995
v -0.018083523958921436 0.022432819008827206 -0.09162227064371108
v -0.018386485055089 0.022406417876482006 -0.08364726603031157
v 0.018168535083532337 0.02242363058030605 -0.09162145107984541
v 0.018150418996810917 0.022436581552028653 -0.08364728838205336
v 0.0153099624440074 0.021789748221635815 -0.09164363890886305
v 0.0153099624440074 0.021789748221635815 -0.09164363890886305
v 0.018150418996810917 0.022436581552028653 -0.08364728838205336
v 0.015188088640570644 0.021717669442296025 -0.08364728093147276
v 0.0153099624440074 0.021789748221635815 -0.09164363890886305
v 0.015188088640570644 0.021717669442296025 -0.08364728093147276
v 0.01331219915300608 0.019702073186635968 -0.09164319932460784
v 0.01331219915300608 0.019702073186635968 -0.09164319932460784
v 0.015188088640570644 0.021717669442296025 -0.08364728093147276
v 0.013472011312842373 0.019924102351069447 -0.08364728093147276
v 0.01331219915300608 0.019702073186635968 -0.09164319932460784
v 0.013472011312842373 0.019924102351069447 -0.08364728093147276
v 0.012885170057415966 0.016642093658447262 -0.08364728093147276
v 0.01331219915300608 0.019702073186635968 -0.09164319932460784
v 0.012885170057415966 0.016642093658447262 -0.08364728093147276
v 0.01299463398754597 0.01640648767352104 -0.09164103865623473
v 0.01299463398754597 0.01640648767352104 -0.09164103865623473
v 0.012885170057415966 0.016642093658447262 -0.08364728093147276
v 0.014566794969141487 0.013967568986117838 -0.09164363145828246
v 0.014566794969141487 0.013967568986117838 -0.09164363145828246
v 0.012885170057415966 0.016642093658447262 -0.08364728093147276
v 0.014676187187433246 0.013877710327506064 -0.08364728093147276
v 0.014566794969141487 0.013967568986117838 -0.09164363145828246
v 0.014676187187433246 0.013877710327506064 -0.08364728093147276
v 0.016809176653623584 0.012901504524052141 -0.09164363890886305
v 0.016809176653623584 0.012901504524052141 -0.09164363890886305
v 0.014676187187433246 0.013877710327506064 -0.08364728093147276
v 0.017806537449359897 0.012729786336421965 -0.08364728838205336
v 0.016809176653623584 0.012901504524052141 -0.09164363890886305
v 0.017806537449359897 0.012729786336421965 -0.08364728838205336
v 0.01928065344691277 0.013098452240228651 -0.09164804965257643
v 0.01928065344691277 0.013098452240228651 -0.09164804965257643
v 0.017806537449359897 0.012729786336421965 -0.08364728838205336
v 0.02150523848831654 0.014575254172086714 -0.08364728838205336
v 0.01928065344691277 0.013098452240228651 -0.09164804965257643
v 0.02150523848831654 0.014575254172086714 -0.08364728838205336
v 0.0210302509367466 0.01423014886677265 -0.09164532274007796
v 0.0210302509367466 0.01423014886677265 -0.09164532274007796
v 0.02150523848831654 0.014575254172086714 -0.08364728838205336
v 0.022338213399052623 0.01632694154977798 -0.09164103865623473
v 0.022338213399052623 0.01632694154977798 -0.09164103865623473
v 0.02150523848831654 0.014575254172086714 -0.08364728838205336
v 0.022464975714683536 0.01832729578018188 -0.08364728838205336
v 0.022338213399052623 0.01632694154977798 -0.09164103865623473
v 0.022464975714683536 0.01832729578018188 -0.08364728838205336
v 0.022288173437118534 0.018828799948096272 -0.09165094792842864
v 0.018605453893542293 0.02226762287318706 -0.0830472707748413
v 0.018150418996810917 0.022436581552028653 -0.08364728838205336
v 0.018168535083532337 0.02242363058030605 -0.09162145107984541
v 0.018605453893542293 0.02226762287318706 -0.0830472707748413
v 0.018168535083532337 0.02242363058030605 -0.09162145107984541
v 0.02072032727301121 0.02144660428166389 -0.0830472707748413
v 0.02072032727301121 0.02144660428166389 -0.0830472707748413
v 0.018168535083532337 0.02242363058030605 -0.09162145107984541
v 0.021126195788383487 0.021009339019656178 -0.09164104610681532
v 0.02072032727301121 0.02144660428166389 -0.0830472707748413
v 0.021126195788383487 0.021009339019656178 -0.09164104610681532
v 0.02237331494688988 0.018467854708433148 -0.0830472707748413
v 0.02237331494688988 0.018467854708433148 -0.0830472707748413
v 0.021126195788383487 0.021009339019656178 -0.09164104610681532
v 0.022288173437118534 0.018828799948096272 -0.09165094792842864
v 0.02237331494688988 0.018467854708433148 -0.0830472707748413
v 0.022288173437118534 0.018828799948096272 -0.09165094792842864
v 0.022464975714683536 0.01832729578018188 -0.08364728838205336
v -0.018949139863252643 -0.0223314706236124 -0.09164140373468398
v -0.018464630469679836 -0.022420739755034443 -0.08364726603031157
v -0.01687717437744141 -0.022464986890554425 -0.09164346009492873
v -0.01687717437744141 -0.022464986890554425 -0.09164346009492873
v -0.018464630469679836 -0.022420739755034443 -0.08364726603031157
v -0.01630421727895737 -0.02237404882907867 -0.08364726603031157
v -0.01687717437744141 -0.022464986890554425 -0.09164346009492873
v -0.01630421727895737 -0.02237404882907867 -0.08364726603031157
v -0.01496429089456797 -0.02165574766695499 -0.09164527803659438
v -0.01496429089456797 -0.02165574766695499 -0.09164527803659438
v -0.01630421727895737 -0.02237404882907867 -0.08364726603031157
v -0.013936908915638927 -0.02073716931045055 -0.08364726603031157
v -0.01496429089456797 -0.02165574766695499 -0.09164527803659438
v -0.013936908915638927 -0.02073716931045055 -0.08364726603031157
v -0.013544159010052684 -0.02016852609813213 -0.09164802730083464
v -0.013544159010052684 -0.02016852609813213 -0.09164802730083464
v -0.013936908915638927 -0.02073716931045055 -0.08364726603031157
v -0.012789115309715274 -0.017606958746910092 -0.08364726603031157
v -0.013544159010052684 -0.02016852609813213 -0.09164802730083464
v -0.012789115309715274 -0.017606958746910092 -0.08364726603031157
v -0.012856018729507927 -0.017355954274535176 -0.09164102375507353
v -0.012856018729507927 -0.017355954274535176 -0.09164102375507353
v -0.012789115309715274 -0.017606958746910092 -0.08364726603031157
v -0.014228601939976219 -0.014345682226121424 -0.09164101630449294
v -0.014228601939976219 -0.014345682226121424 -0.09164101630449294
v -0.012789115309715274 -0.017606958746910092 -0.08364726603031157
v -0.014343746006488804 -0.014231823384761809 -0.08364726603031157
v -0.014228601939976219 -0.014345682226121424 -0.09164101630449294
v -0.014343746006488804 -0.014231823384761809 -0.08364726603031157
v -0.016809519380331043 -0.013019509613513945 -0.09164361655712126
v -0.016809519380331043 -0.013019509613513945 -0.09164361655712126
v -0.014343746006488804 -0.014231823384761809 -0.08364726603031157
v -0.017807291820645336 -0.012847712263464926 -0.08364726603031157
v -0.016809519380331043 -0.013019509613513945 -0.09164361655712126
v -0.017807291820645336 -0.012847712263464926 -0.08364726603031157
v -0.019281106069684032 -0.01321629900485277 -0.09164802730083464
v -0.019281106069684032 -0.01321629900485277 -0.09164802730083464
v -0.017807291820645336 -0.012847712263464926 -0.08364726603031157
v -0.021505992859601978 -0.014693319797515867 -0.08364725857973097
v -0.019281106069684032 -0.01321629900485277 -0.09164802730083464
v -0.021505992859601978 -0.014693319797515867 -0.08364725857973097
v -0.02132876962423325 -0.014626260846853254 -0.09164361655712126
v -0.02132876962423325 -0.014626260846853254 -0.09164361655712126
v -0.021505992859601978 -0.014693319797515867 -0.08364725857973097
v -0.02239470556378365 -0.016868380829691883 -0.09164361655712126
v -0.02239470556378365 -0.016868380829691883 -0.09164361655712126
v -0.021505992859601978 -0.014693319797515867 -0.08364725857973097
v -0.022465659305453304 -0.018445281311869618 -0.08364725857973097
v -0.02239470556378365 -0.016868380829691883 -0.09164361655712126
v -0.022465659305453304 -0.018445281311869618 -0.08364725857973097
v -0.02220365591347218 -0.019330279901623722 -0.0916498303413391
v -0.018611846491694454 -0.022396678104996678 -0.0830472484230995
v -0.018464630469679836 -0.022420739755034443 -0.08364726603031157
v -0.018949139863252643 -0.0223314706236124 -0.09164140373468398
v -0.018611846491694454 -0.022396678104996678 -0.0830472484230995
v -0.018949139863252643 -0.0223314706236124 -0.09164140373468398
v -0.021339531987905506 -0.020977927371859547 -0.0830472484230995
v -0.021339531987905506 -0.020977927371859547 -0.0830472484230995
v -0.018949139863252643 -0.0223314706236124 -0.09164140373468398
v -0.020788105204701427 -0.021387262269854542 -0.09164360910654067
v -0.021339531987905506 -0.020977927371859547 -0.0830472484230995
v -0.020788105204701427 -0.021387262269854542 -0.09164360910654067
v -0.02220365591347218 -0.019330279901623722 -0.0916498303413391
v -0.021339531987905506 -0.020977927371859547 -0.0830472484230995
v -0.02220365591347218 -0.019330279901623722 -0.0916498303413391
v -0.022363621741533283 -0.018522169440984722 -0.0830472484230995
v -0.022363621741533283 -0.018522169440984722 -0.0830472484230995
v -0.02220365591347218 -0.019330279901623722 -0.0916498303413391
v -0.022465659305453304 -0.018445281311869618 -0.08364725857973097
v 0.022272113710641864 -0.01900774054229259 -0.09164141863584517
v 0.022343058139085773 -0.018613135442137715 -0.08309342712163924
v 0.022358523681759838 -0.01652177236974239 -0.09164084494113921
v 0.022358523681759838 -0.01652177236974239 -0.09164084494113921
v 0.022343058139085773 -0.018613135442137715 -0.08309342712163924
v 0.022314736619591716 -0.0163629837334156 -0.08364728838205336
v 0.022358523681759838 -0.01652177236974239 -0.09164084494113921
v 0.022314736619591716 -0.0163629837334156 -0.08364728838205336
v 0.020787412300705913 -0.014085584320127962 -0.09164363890886305
v 0.020787412300705913 -0.014085584320127962 -0.09164363890886305
v 0.022314736619591716 -0.0163629837334156 -0.08364728838205336
v 0.020009158179163936 -0.013437882065773009 -0.08364728838205336
v 0.020787412300705913 -0.014085584320127962 -0.09164363890886305
v 0.020009158179163936 -0.013437882065773009 -0.08364728838205336
v 0.01857308112084866 -0.013025298714637755 -0.0916340798139572
v 0.01857308112084866 -0.013025298714637755 -0.0916340798139572
v 0.020009158179163936 -0.013437882065773009 -0.08364728838205336
v 0.016740219667553905 -0.01303309854120016 -0.08364728093147276
v 0.01857308112084866 -0.013025298714637755 -0.0916340798139572
v 0.016740219667553905 -0.01303309854120016 -0.08364728093147276
v 0.016467409208416942 -0.013125407509505747 -0.09164532274007796
v 0.016467409208416942 -0.013125407509505747 -0.09164532274007796
v 0.016740219667553905 -0.01303309854120016 -0.08364728093147276
v 0.014286137185990814 -0.014287443831562994 -0.09164103865623473
v 0.014286137185990814 -0.014287443831562994 -0.09164103865623473
v 0.016740219667553905 -0.01303309854120016 -0.08364728093147276
v 0.014172253198921684 -0.01440262235701084 -0.08364728093147276
v 0.014286137185990814 -0.014287443831562994 -0.09164103865623473
v 0.014172253198921684 -0.01440262235701084 -0.08364728093147276
v 0.012960175052285198 -0.016868360340595242 -0.09164363890886305
v 0.012960175052285198 -0.016868360340595242 -0.09164363890886305
v 0.014172253198921684 -0.01440262235701084 -0.08364728093147276
v 0.0128493020310998 -0.017435302957892414 -0.08364728093147276
v 0.012960175052285198 -0.016868360340595242 -0.09164363890886305
v 0.0128493020310998 -0.017435302957892414 -0.08364728093147276
v 0.013157023116946224 -0.019339788705110546 -0.09164804965257643
v 0.013157023116946224 -0.019339788705110546 -0.09164804965257643
v 0.0128493020310998 -0.017435302957892414 -0.08364728093147276
v 0.013577912934124473 -0.02022544667124748 -0.08364728093147276
v 0.013157023116946224 -0.019339788705110546 -0.09164804965257643
v 0.013577912934124473 -0.02022544667124748 -0.08364728093147276
v 0.014288449659943584 -0.021089216694235798 -0.09164529293775557
v 0.014288449659943584 -0.021089216694235798 -0.09164529293775557
v 0.013577912934124473 -0.02022544667124748 -0.08364728093147276
v 0.016123540699481968 -0.022373087704181668 -0.08364728838205336
v 0.014288449659943584 -0.021089216694235798 -0.09164529293775557
v 0.016123540699481968 -0.022373087704181668 -0.08364728838205336
v 0.01638535410165787 -0.02239749953150749 -0.09164103865623473
v 0.01638535410165787 -0.02239749953150749 -0.09164103865623473
v 0.016123540699481968 -0.022373087704181668 -0.08364728838205336
v 0.019271016120910648 -0.02226229943335056 -0.09164985269308089
v 0.022343058139085773 -0.018613135442137715 -0.08309342712163924
v 0.022272113710641864 -0.01900774054229259 -0.09164141863584517
v 0.02170752733945847 -0.020411100238561627 -0.0830472707748413
v 0.02170752733945847 -0.020411100238561627 -0.0830472707748413
v 0.022272113710641864 -0.01900774054229259 -0.09164141863584517
v 0.021328197792172435 -0.020846445113420483 -0.09164364635944365
v 0.02170752733945847 -0.020411100238561627 -0.0830472707748413
v 0.021328197792172435 -0.020846445113420483 -0.09164364635944365
v 0.01884565502405167 -0.022373646497726437 -0.0830472707748413
v 0.01884565502405167 -0.022373646497726437 -0.0830472707748413
v 0.021328197792172435 -0.020846445113420483 -0.09164364635944365
v 0.019271016120910648 -0.02226229943335056 -0.09164985269308089
v 0.01884565502405167 -0.022373646497726437 -0.0830472707748413
v 0.019271016120910648 -0.02226229943335056 -0.09164985269308089
v 0.018598128110170368 -0.022391567006707188 -0.08364728093147276
v 0.018598128110170368 -0.022391567006707188 -0.08364728093147276
v 0.019271016120910648 -0.02226229943335056 -0.09164985269308089
v 0.016123540699481968 -0.022373087704181668 -0.08364728838205336
v 0.0014117461396381261 0.015590454451739786 -0.08594729751348494
v -0.0024045482277870183 0.015506203286349772 -0.08594723045825957
v -0.0019006328657269482 0.01556041371077299 -0.09114518016576766
v -0.00618218118324876 0.014467906206846235 -0.08594722300767897
v -0.005974000319838526 0.014559085480868815 -0.09115315228700636
v -0.0024045482277870183 0.015506203286349772 -0.08594723045825957
v -0.0024045482277870183 0.015506203286349772 -0.08594723045825957
v -0.005974000319838526 0.014559085480868815 -0.09115315228700636
v -0.0019006328657269482 0.01556041371077299 -0.09114518016576766
v -0.010257299058139326 0.011944638565182684 -0.08594719320535658
v -0.008872506208717825 0.01295412518084049 -0.09114716947078703
v -0.00618218118324876 0.014467906206846235 -0.08594722300767897
v -0.00618218118324876 0.014467906206846235 -0.08594722300767897
v -0.008872506208717825 0.01295412518084049 -0.09114716947078703
v -0.005974000319838526 0.014559085480868815 -0.09115315228700636
v -0.010257299058139326 0.011944638565182684 -0.08594719320535658
v -0.011737092398107055 0.010505415499210356 -0.09115313738584517
v -0.008872506208717825 0.01295412518084049 -0.09114716947078703
v -0.013386617414653305 0.008316059596836565 -0.08594718575477599
v -0.011737092398107055 0.010505415499210356 -0.09115313738584517
v -0.010257299058139326 0.011944638565182684 -0.08594719320535658
v -0.013386617414653305 0.008316059596836565 -0.08594718575477599
v -0.014334497042000297 0.006564999930560588 -0.09115309268236159
v -0.011737092398107055 0.010505415499210356 -0.09115313738584517
v -0.015282991342246536 0.0039172512479126445 -0.08594718575477599
v -0.014334497042000297 0.006564999930560588 -0.09115309268236159
v -0.013386617414653305 0.008316059596836565 -0.08594718575477599
v -0.015282991342246536 0.0039172512479126445 -0.08594718575477599
v -0.015593470074236396 0.002306686947122216 -0.09114646911621092
v -0.014334497042000297 0.006564999930560588 -0.09115309268236159
v -0.015773152932524685 -0.0008461910765618085 -0.08594718575477599
v -0.015593470074236396 0.002306686947122216 -0.09114646911621092
v -0.015282991342246536 0.0039172512479126445 -0.08594718575477599
v -0.015773152932524685 -0.0008461910765618085 -0.08594718575477599
v -0.015706107020378116 -0.0012359709944576023 -0.09114716202020644
v -0.015593470074236396 0.002306686947122216 -0.09114646911621092
v -0.014813324436545375 -0.005536478478461503 -0.08594718575477599
v -0.01500259526073933 -0.0049826730974018565 -0.0911528393626213
v -0.015773152932524685 -0.0008461910765618085 -0.08594718575477599
v -0.015773152932524685 -0.0008461910765618085 -0.08594718575477599
v -0.01500259526073933 -0.0049826730974018565 -0.0911528393626213
v -0.015706107020378116 -0.0012359709944576023 -0.09114716202020644
v -0.012492823414504532 -0.009722620248794554 -0.08594719320535658
v -0.012877201661467556 -0.00919583812355995 -0.09115266799926756
v -0.014813324436545375 -0.005536478478461503 -0.08594718575477599
v -0.014813324436545375 -0.005536478478461503 -0.08594718575477599
v -0.012877201661467556 -0.00919583812355995 -0.09115266799926756
v -0.01500259526073933 -0.0049826730974018565 -0.0911528393626213
v -0.009025120176374914 -0.013021087273955343 -0.08594720810651778
v -0.009601623751223089 -0.012592643499374388 -0.09115248918533324
v -0.012492823414504532 -0.009722620248794554 -0.08594719320535658
v -0.012492823414504532 -0.009722620248794554 -0.08594719320535658
v -0.009601623751223089 -0.012592643499374388 -0.09115248918533324
v -0.012877201661467556 -0.00919583812355995 -0.09115266799926756
v -0.0047297943383455285 -0.015128918923437594 -0.08594721555709837
v -0.005548901390284301 -0.014840852469205855 -0.09113869071006774
v -0.009025120176374914 -0.013021087273955343 -0.08594720810651778
v -0.009025120176374914 -0.013021087273955343 -0.08594720810651778
v -0.005548901390284301 -0.014840852469205855 -0.09113869071006774
v -0.009601623751223089 -0.012592643499374388 -0.09115248918533324
v -3.433509050410067e-07 -0.015853738412261006 -0.08594722300767897
v -0.0013643465936183932 -0.015718160197138783 -0.09114499390125273
v -0.0047297943383455285 -0.015128918923437594 -0.08594721555709837
v -0.0047297943383455285 -0.015128918923437594 -0.08594721555709837
v -0.0013643465936183932 -0.015718160197138783 -0.09114499390125273
v -0.005548901390284301 -0.014840852469205855 -0.09113869071006774
v 0.004729107953608037 -0.01512891612946987 -0.08594721555709837
v 0.0023468912113457923 -0.01563289016485214 -0.09114716947078703
v -3.433509050410067e-07 -0.015853738412261006 -0.08594722300767897
v -3.433509050410067e-07 -0.015853738412261006 -0.08594722300767897
v 0.0023468912113457923 -0.01563289016485214 -0.09114716947078703
v -0.0013643465936183932 -0.015718160197138783 -0.09114499390125273
v 0.004729107953608037 -0.01512891612946987 -0.08594721555709837
v 0.00557029526680708 -0.014832879416644571 -0.09114415198564528
v 0.0023468912113457923 -0.01563289016485214 -0.09114716947078703
v 0.009024431928992273 -0.013021081686019896 -0.08594722300767897
v 0.00557029526680708 -0.014832879416644571 -0.09114415198564528
v 0.004729107953608037 -0.01512891612946987 -0.08594721555709837
v 0.009024431928992273 -0.013021081686019896 -0.08594722300767897
v 0.008871897123754026 -0.013071981258690355 -0.09114718437194823
v 0.00557029526680708 -0.014832879416644571 -0.09114415198564528
v 0.012492132373154167 -0.009722613729536532 -0.08594720810651778
v 0.011440663598477842 -0.01094124838709831 -0.09114477783441542
v 0.009024431928992273 -0.013021081686019896 -0.08594722300767897
v 0.009024431928992273 -0.013021081686019896 -0.08594722300767897
v 0.011440663598477842 -0.01094124838709831 -0.09114477783441542
v 0.008871897123754026 -0.013071981258690355 -0.09114718437194823
v 0.014812630601227287 -0.00553646683692932 -0.08594720065593718
v 0.01410876773297787 -0.007147022522985934 -0.09115900099277495
v 0.012492132373154167 -0.009722613729536532 -0.08594720810651778
v 0.012492132373154167 -0.009722613729536532 -0.08594720810651778
v 0.01410876773297787 -0.007147022522985934 -0.09115900099277495
v 0.011440663598477842 -0.01094124838709831 -0.09114477783441542
v 0.015772456303238872 -0.000846180657390505 -0.08594723045825957
v 0.015637475997209552 -0.0023744301870465274 -0.09113665670156477
v 0.014812630601227287 -0.00553646683692932 -0.08594720065593718
v 0.014812630601227287 -0.00553646683692932 -0.08594720065593718
v 0.015637475997209552 -0.0023744301870465274 -0.09113665670156477
v 0.01410876773297787 -0.007147022522985934 -0.09115900099277495
v 0.015282291918993 0.0039172680117189876 -0.08594720065593718
v 0.01557631511241198 0.0024087198544293638 -0.09116148948669432
v 0.015772456303238872 -0.000846180657390505 -0.08594723045825957
v 0.015772456303238872 -0.000846180657390505 -0.08594723045825957
v 0.01557631511241198 0.0024087198544293638 -0.09116148948669432
v 0.015637475997209552 -0.0023744301870465274 -0.09113665670156477
v 0.013385915197432045 0.008316063322126864 -0.08594720065593718
v 0.014333790168166164 0.006565007381141185 -0.09115310758352278
v 0.015282291918993 0.0039172680117189876 -0.08594720065593718
v 0.015282291918993 0.0039172680117189876 -0.08594720065593718
v 0.014333790168166164 0.006565007381141185 -0.09115310758352278
v 0.01557631511241198 0.0024087198544293638 -0.09116148948669432
v 0.010256594046950342 0.011944645084440706 -0.08594720810651778
v 0.011736382730305198 0.010505422949790953 -0.09115315228700636
v 0.013385915197432045 0.008316063322126864 -0.08594720065593718
v 0.013385915197432045 0.008316063322126864 -0.08594720065593718
v 0.011736382730305198 0.010505422949790953 -0.09115315228700636
v 0.014333790168166164 0.006565007381141185 -0.09115310758352278
v 0.006181475706398489 0.014467909932136534 -0.08594723045825957
v 0.008871795609593393 0.012954130768775938 -0.09114718437194823
v 0.010256594046950342 0.011944645084440706 -0.08594720810651778
v 0.010256594046950342 0.011944645084440706 -0.08594720810651778
v 0.008871795609593393 0.012954130768775938 -0.09114718437194823
v 0.011736382730305198 0.010505422949790953 -0.09115315228700636
v 0.006181475706398489 0.014467909932136534 -0.08594723045825957
v 0.005973288323730232 0.014559089206159113 -0.09115315973758696
v 0.008871795609593393 0.012954130768775938 -0.09114718437194823
v 0.0014117461396381261 0.015590454451739786 -0.08594729751348494
v 0.005973288323730232 0.014559089206159113 -0.09115315973758696
v 0.006181475706398489 0.014467909932136534 -0.08594723045825957
v 0.0014117461396381261 0.015590454451739786 -0.08594729751348494
v -0.0019006328657269482 0.01556041371077299 -0.09114518016576766
v 0.0023470162414014344 0.015514934435486792 -0.09114716947078703
v 0.0014117461396381261 0.015590454451739786 -0.08594729751348494
v 0.0023470162414014344 0.015514934435486792 -0.09114716947078703
v 0.005973288323730232 0.014559089206159113 -0.09115315973758696
v 0.00497783161699772 0.03368763998150825 -0.06296198070049285
v 0.004739991854876281 0.035594753921031945 -0.06360265612602232
v 0.004827883560210467 0.03557578474283218 -0.06193934008479118
v 0.00380348856560886 0.03368760272860526 -0.06572043150663374
v 0.004739991854876281 0.035594753921031945 -0.06360265612602232
v 0.00497783161699772 0.03368763998150825 -0.06296198070049285
v 0.00380348856560886 0.03368760272860526 -0.06572043150663374
v 0.0037318121176213035 0.03510466217994689 -0.06576588004827498
v 0.004739991854876281 0.035594753921031945 -0.06360265612602232
v 0.0014346963725984099 0.03368831798434257 -0.06732057780027388
v 0.0037318121176213035 0.03510466217994689 -0.06576588004827498
v 0.00380348856560886 0.03368760272860526 -0.06572043150663374
v 0.0014346963725984099 0.03368831798434257 -0.06732057780027388
v 0.0019865820650011305 0.03509064018726348 -0.06702560186386107
v 0.0037318121176213035 0.03510466217994689 -0.06576588004827498
v 0.0014346963725984099 0.03368831798434257 -0.06732057780027388
v 0.0005651576211676003 0.03564059361815452 -0.06735914945602416
v 0.0019865820650011305 0.03509064018726348 -0.06702560186386107
v -0.0008883368573151531 0.03368761017918586 -0.06736987084150313
v 0.0005651576211676003 0.03564059361815452 -0.06735914945602416
v 0.0014346963725984099 0.03368831798434257 -0.06732057780027388
v -0.002464489778503776 0.033687599003314965 -0.06684456020593642
v -0.0012134948046877982 0.03561586141586303 -0.06722258776426314
v -0.0008883368573151531 0.03368761017918586 -0.06736987084150313
v -0.0008883368573151531 0.03368761017918586 -0.06736987084150313
v -0.0012134948046877982 0.03561586141586303 -0.06722258776426314
v 0.0005651576211676003 0.03564059361815452 -0.06735914945602416
v -0.002464489778503776 0.033687599003314965 -0.06684456020593642
v -0.002153484150767327 0.035090610384941094 -0.06694811582565306
v -0.0012134948046877982 0.03561586141586303 -0.06722258776426314
v -0.004520354792475701 0.033687599003314965 -0.06467670202255248
v -0.0030022149439901122 0.03563155233860015 -0.06632086634635924
v -0.002464489778503776 0.033687599003314965 -0.06684456020593642
v -0.002464489778503776 0.033687599003314965 -0.06684456020593642
v -0.0030022149439901122 0.03563155233860015 -0.06632086634635924
v -0.002153484150767327 0.035090610384941094 -0.06694811582565306
v -0.004520354792475701 0.033687599003314965 -0.06467670202255248
v -0.004030428361147643 0.03555523231625556 -0.06524821370840071
v -0.0030022149439901122 0.03563155233860015 -0.06632086634635924
v -0.004520354792475701 0.033687599003314965 -0.06467670202255248
v -0.004704103339463473 0.035493467003107064 -0.06377898901700972
v -0.004030428361147643 0.03555523231625556 -0.06524821370840071
v -0.0048810052685439595 0.033687599003314965 -0.061701666563749306
v -0.004704103339463473 0.035493467003107064 -0.06377898901700972
v -0.004520354792475701 0.033687599003314965 -0.06467670202255248
v -0.0048810052685439595 0.033687599003314965 -0.061701666563749306
v -0.004851889330893756 0.035594750195741647 -0.06233160942792892
v -0.004704103339463473 0.035493467003107064 -0.06377898901700972
v -0.003804170060902835 0.033687599003314965 -0.05937464907765388
v -0.004485457204282285 0.03559474274516105 -0.060685310512781136
v -0.0048810052685439595 0.033687599003314965 -0.061701666563749306
v -0.0048810052685439595 0.033687599003314965 -0.061701666563749306
v -0.004485457204282285 0.03559474274516105 -0.060685310512781136
v -0.004851889330893756 0.035594750195741647 -0.06233160942792892
v -0.003804170060902835 0.033687599003314965 -0.05937464907765388
v -0.003526323242112995 0.035640623420476907 -0.059225097298622124
v -0.004485457204282285 0.03559474274516105 -0.060685310512781136
v -0.001435401965864003 0.03368831798434257 -0.05777449905872344
v -0.003526323242112995 0.035640623420476907 -0.059225097298622124
v -0.003804170060902835 0.033687599003314965 -0.05937464907765388
v -0.001435401965864003 0.03368831798434257 -0.05777449905872344
v -0.001623341930098832 0.03510452806949615 -0.057894285768270486
v -0.003526323242112995 0.035640623420476907 -0.059225097298622124
v 0.001151868491433561 0.033687621355056756 -0.05774987488985061
v 0.0003825602470897139 0.03561590611934661 -0.057732883840799325
v -0.001435401965864003 0.03368831798434257 -0.05777449905872344
v -0.001435401965864003 0.03368831798434257 -0.05777449905872344
v 0.0003825602470897139 0.03561590611934661 -0.057732883840799325
v -0.001623341930098832 0.03510452806949615 -0.057894285768270486
v 0.001151868491433561 0.033687621355056756 -0.05774987488985061
v 0.0013559042708948257 0.03509047254920005 -0.05783992260694503
v 0.0003825602470897139 0.03561590611934661 -0.057732883840799325
v 0.0028201502282172446 0.03368761017918586 -0.05851298943161964
v 0.0013559042708948257 0.03509047254920005 -0.05783992260694503
v 0.001151868491433561 0.033687621355056756 -0.05774987488985061
v 0.0028201502282172446 0.03368761017918586 -0.05851298943161964
v 0.0023006196133792405 0.03563157841563224 -0.05831025540828704
v 0.0013559042708948257 0.03509047254920005 -0.05783992260694503
v 0.004282178357243539 0.03368760272860526 -0.06005830317735671
v 0.003499562619253994 0.03555521741509437 -0.05918811634182929
v 0.0028201502282172446 0.03368761017918586 -0.05851298943161964
v 0.0028201502282172446 0.03368761017918586 -0.05851298943161964
v 0.003499562619253994 0.03555521741509437 -0.05918811634182929
v 0.0023006196133792405 0.03563157841563224 -0.05831025540828704
v 0.004282178357243539 0.03368760272860526 -0.06005830317735671
v 0.004418114200234414 0.035493467003107064 -0.06051801517605781
v 0.003499562619253994 0.03555521741509437 -0.05918811634182929
v 0.00497783161699772 0.03368763998150825 -0.06296198070049285
v 0.004418114200234414 0.035493467003107064 -0.06051801517605781
v 0.004282178357243539 0.03368760272860526 -0.06005830317735671
v 0.00497783161699772 0.03368763998150825 -0.06296198070049285
v 0.004827883560210467 0.03557578474283218 -0.06193934008479118
v 0.004418114200234414 0.035493467003107064 -0.06051801517605781
v -0.0026123335119336848 0.026474731042981144 -0.0918949395418167
v -0.003027415135875345 0.02585073001682758 -0.09207697957754134
v -0.001829930231906474 0.027697466313838955 -0.09214616566896437
v -0.0026123335119336848 0.026474731042981144 -0.0918949395418167
v -0.001829930231906474 0.027697466313838955 -0.09214616566896437
v -0.0010994506301358344 0.027829173952341076 -0.09190273284912108
v -0.0010994506301358344 0.027829173952341076 -0.09190273284912108
v -0.001829930231906474 0.027697466313838955 -0.09214616566896437
v -6.8645435931102855e-06 0.02819070033729076 -0.09214573353528975
v -0.0010994506301358344 0.027829173952341076 -0.09190273284912108
v -6.8645435931102855e-06 0.02819070033729076 -0.09214573353528975
v -3.6101025102652795e-07 0.02794067375361919 -0.09189716726541518
v -3.6101025102652795e-07 0.02794067375361919 -0.09189716726541518
v -6.8645435931102855e-06 0.02819070033729076 -0.09214573353528975
v -3.612327645896586e-07 0.028190610930323597 -0.09214715659618376
v -3.6101025102652795e-07 0.02794067375361919 -0.09189716726541518
v -3.612327645896586e-07 0.028190610930323597 -0.09214715659618376
v 0.0008718003518879416 0.027863375842571255 -0.09189755469560622
v 0.0008718003518879416 0.027863375842571255 -0.09189755469560622
v -3.612327645896586e-07 0.028190610930323597 -0.09214715659618376
v 0.0009913898538798096 0.02810234203934669 -0.09215006977319716
v 0.0008718003518879416 0.027863375842571255 -0.09189755469560622
v 0.0009913898538798096 0.02810234203934669 -0.09215006977319716
v 0.0026870085857808594 0.026460552588105198 -0.09189092367887496
v 0.0026870085857808594 0.026460552588105198 -0.09189092367887496
v 0.0009913898538798096 0.02810234203934669 -0.09215006977319716
v 0.002934509189799429 0.026540122926235196 -0.0921453684568405
v 0.0026870085857808594 0.026460552588105198 -0.09189092367887496
v 0.002934509189799429 0.026540122926235196 -0.0921453684568405
v 0.0028910837136209015 0.023858435451984402 -0.09189041703939436
v 0.0028910837136209015 0.023858435451984402 -0.09189041703939436
v 0.002934509189799429 0.026540122926235196 -0.0921453684568405
v 0.0031101908534765252 0.02371439896523952 -0.09214472025632857
v 0.0028910837136209015 0.023858435451984402 -0.09189041703939436
v 0.0031101908534765252 0.02371439896523952 -0.09214472025632857
v 0.0010984756518155339 0.02205211110413074 -0.09190273284912108
v 0.0010984756518155339 0.02205211110413074 -0.09190273284912108
v 0.0031101908534765252 0.02371439896523952 -0.09214472025632857
v 0.0015770572936162357 0.022064039483666417 -0.09214668720960616
v 0.0010984756518155339 0.02205211110413074 -0.09190273284912108
v 0.0015770572936162357 0.022064039483666417 -0.09214668720960616
v -0.00037091595004312705 0.021652974188327786 -0.09214606881141661
v 0.0010984756518155339 0.02205211110413074 -0.09190273284912108
v -0.00037091595004312705 0.021652974188327786 -0.09214606881141661
v -3.590552353216482e-07 0.02194075100123882 -0.09189716726541518
v -3.590552353216482e-07 0.02194075100123882 -0.09189716726541518
v -0.00037091595004312705 0.021652974188327786 -0.09214606881141661
v -0.0003665109397843481 0.02197015099227428 -0.09189677983522414
v -0.0003665109397843481 0.02197015099227428 -0.09189677983522414
v -0.00037091595004312705 0.021652974188327786 -0.09214606881141661
v -0.001586198573932052 0.02229363657534122 -0.09202053397893904
v -0.0027798614464700226 0.0236733965575695 -0.09189330041408537
v -0.001586198573932052 0.02229363657534122 -0.09202053397893904
v -0.0031714416109025487 0.023880703374743458 -0.09214471280574797
v -0.0027798614464700226 0.0236733965575695 -0.09189330041408537
v -0.0031714416109025487 0.023880703374743458 -0.09214471280574797
v -0.003027415135875345 0.02585073001682758 -0.09207697957754134
v -0.018083523958921436 0.022432819008827206 -0.09162227064371108
v -0.020240806043148044 0.022245401516556736 -0.0921465754508972
v -0.01707911863923073 0.022929562255740162 -0.09214555472135542
v -0.018083523958921436 0.022432819008827206 -0.09162227064371108
v -0.01707911863923073 0.022929562255740162 -0.09214555472135542
v -0.015248641371726993 0.02175391837954521 -0.09164361655712126
v -0.015248641371726993 0.02175391837954521 -0.09164361655712126
v -0.01707911863923073 0.022929562255740162 -0.09214555472135542
v -0.01380546018481255 0.021302115172147747 -0.09214539080858229
v -0.015248641371726993 0.02175391837954521 -0.09164361655712126
v -0.01380546018481255 0.021302115172147747 -0.09214539080858229
v -0.013758569024503235 0.020332125946879383 -0.09164529293775557
v -0.013758569024503235 0.020332125946879383 -0.09164529293775557
v -0.01380546018481255 0.021302115172147747 -0.09214539080858229
v -0.012947979383170608 0.01841262355446815 -0.09164803475141524
v -0.022278377786278728 0.01886990293860435 -0.09165155887603758
v -0.02286976203322411 0.018629116937518116 -0.09214663505554198
v -0.021068634465336803 0.021067596971988675 -0.09164101630449294
v -0.021068634465336803 0.021067596971988675 -0.09164101630449294
v -0.02286976203322411 0.018629116937518116 -0.09214663505554198
v -0.02215814031660557 0.020757017657160756 -0.09220994263887404
v -0.021068634465336803 0.021067596971988675 -0.09164101630449294
v -0.02215814031660557 0.020757017657160756 -0.09220994263887404
v -0.020240806043148044 0.022245401516556736 -0.0921465754508972
v -0.021068634465336803 0.021067596971988675 -0.09164101630449294
v -0.020240806043148044 0.022245401516556736 -0.0921465754508972
v -0.018083523958921436 0.022432819008827206 -0.09162227064371108
v -0.01857351511716843 0.012907312251627443 -0.09163404256105422
v -0.019163565710186962 0.01249184738844633 -0.09214605391025542
v -0.02078807540237904 0.013967547565698622 -0.09164360910654067
v -0.02078807540237904 0.013967547565698622 -0.09164360910654067
v -0.019163565710186962 0.01249184738844633 -0.09214605391025542
v -0.022426275536417965 0.015042142942547796 -0.09214442968368529
v -0.02078807540237904 0.013967547565698622 -0.09164360910654067
v -0.022426275536417965 0.015042142942547796 -0.09214442968368529
v -0.022359237074851993 0.016403855755925175 -0.09164083003997801
v -0.022359237074851993 0.016403855755925175 -0.09164083003997801
v -0.022426275536417965 0.015042142942547796 -0.09214442968368529
v -0.02286976203322411 0.018629116937518116 -0.09214663505554198
v -0.022359237074851993 0.016403855755925175 -0.09164083003997801
v -0.02286976203322411 0.018629116937518116 -0.09214663505554198
v -0.022278377786278728 0.01886990293860435 -0.09165155887603758
v -0.01380546018481255 0.021302115172147747 -0.09214539080858229
v -0.012441416271030906 0.018394611775875088 -0.09214699268341063
v -0.012947979383170608 0.01841262355446815 -0.09164803475141524
v -0.012947979383170608 0.01841262355446815 -0.09164803475141524
v -0.012441416271030906 0.018394611775875088 -0.09214699268341063
v -0.013183255679905418 0.015944564715027806 -0.09164362400770186
v -0.013183255679905418 0.015944564715027806 -0.09164362400770186
v -0.012441416271030906 0.018394611775875088 -0.09214699268341063
v -0.013072676956653598 0.01479463931173086 -0.09214405715465544
v -0.013183255679905418 0.015944564715027806 -0.09164362400770186
v -0.013072676956653598 0.01479463931173086 -0.09214405715465544
v -0.014622376300394539 0.01392152067273855 -0.09164362400770186
v -0.014622376300394539 0.01392152067273855 -0.09164362400770186
v -0.013072676956653598 0.01479463931173086 -0.09214405715465544
v -0.015975078567862514 0.012599517591297625 -0.0921465680003166
v -0.014622376300394539 0.01392152067273855 -0.09164362400770186
v -0.015975078567862514 0.012599517591297625 -0.0921465680003166
v -0.016468061134219173 0.013007512316107748 -0.09164530038833617
v -0.016468061134219173 0.013007512316107748 -0.09164530038833617
v -0.015975078567862514 0.012599517591297625 -0.0921465680003166
v -0.01857351511716843 0.012907312251627443 -0.09163404256105422
v -0.01857351511716843 0.012907312251627443 -0.09163404256105422
v -0.015975078567862514 0.012599517591297625 -0.0921465680003166
v -0.019163565710186962 0.01249184738844633 -0.09214605391025542
v 0.022288173437118534 0.018828799948096272 -0.09165094792842864
v 0.022913144901394848 0.018394565209746357 -0.09214668720960616
v 0.022338213399052623 0.01632694154977798 -0.09164103865623473
v 0.022338213399052623 0.01632694154977798 -0.09164103865623473
v 0.022913144901394848 0.018394565209746357 -0.09214668720960616
v 0.022463260218501094 0.015239374712109564 -0.09214572608470915
v 0.022338213399052623 0.01632694154977798 -0.09164103865623473
v 0.022463260218501094 0.015239374712109564 -0.09214572608470915
v 0.0210302509367466 0.01423014886677265 -0.09164532274007796
v 0.0210302509367466 0.01423014886677265 -0.09164532274007796
v 0.022463260218501094 0.015239374712109564 -0.09214572608470915
v 0.020240241661667827 0.012991453520953654 -0.09214673191308974
v 0.0210302509367466 0.01423014886677265 -0.09164532274007796
v 0.020240241661667827 0.012991453520953654 -0.09214673191308974
v 0.01928065344691277 0.013098452240228651 -0.09164804965257643
v 0.018168535083532337 0.02242363058030605 -0.09162145107984541
v 0.0207002516835928 0.022248184308409687 -0.09217368811368941
v 0.021126195788383487 0.021009339019656178 -0.09164104610681532
v 0.021126195788383487 0.021009339019656178 -0.09164104610681532
v 0.0207002516835928 0.022248184308409687 -0.09217368811368941
v 0.02154956199228764 0.021302236244082447 -0.09214557707309722
v 0.021126195788383487 0.021009339019656178 -0.09164104610681532
v 0.02154956199228764 0.021302236244082447 -0.09214557707309722
v 0.022288173437118534 0.018828799948096272 -0.09165094792842864
v 0.022288173437118534 0.018828799948096272 -0.09165094792842864
v 0.02154956199228764 0.021302236244082447 -0.09214557707309722
v 0.022913144901394848 0.018394565209746357 -0.09214668720960616
v 0.01331219915300608 0.019702073186635968 -0.09164319932460784
v 0.012369761243462566 0.018191333860158917 -0.09214662760496138
v 0.013693393208086494 0.021113935858011242 -0.09214650094509123
v 0.01331219915300608 0.019702073186635968 -0.09164319932460784
v 0.013693393208086494 0.021113935858011242 -0.09214650094509123
v 0.0153099624440074 0.021789748221635815 -0.09164363890886305
v 0.0153099624440074 0.021789748221635815 -0.09164363890886305
v 0.013693393208086494 0.021113935858011242 -0.09214650094509123
v 0.016423156484961513 0.022813875228166577 -0.09214540570974349
v 0.0153099624440074 0.021789748221635815 -0.09164363890886305
v 0.016423156484961513 0.022813875228166577 -0.09214540570974349
v 0.018168535083532337 0.02242363058030605 -0.09162145107984541
v 0.018168535083532337 0.02242363058030605 -0.09162145107984541
v 0.016423156484961513 0.022813875228166577 -0.09214540570974349
v 0.0207002516835928 0.022248184308409687 -0.09217368811368941
v 0.01928065344691277 0.013098452240228651 -0.09164804965257643
v 0.020240241661667827 0.012991453520953654 -0.09214673191308974
v 0.016598338261246685 0.012324911542236803 -0.09214445203542708
v 0.01928065344691277 0.013098452240228651 -0.09164804965257643
v 0.016598338261246685 0.012324911542236803 -0.09214445203542708
v 0.016809176653623584 0.012901504524052141 -0.09164363890886305
v 0.016809176653623584 0.012901504524052141 -0.09164363890886305
v 0.016598338261246685 0.012324911542236803 -0.09214445203542708
v 0.014566794969141487 0.013967568986117838 -0.09164363145828246
v 0.014566794969141487 0.013967568986117838 -0.09164363145828246
v 0.016598338261246685 0.012324911542236803 -0.09214445203542708
v 0.013223601505160335 0.014663129113614557 -0.09214572608470915
v 0.014566794969141487 0.013967568986117838 -0.09164363145828246
v 0.013223601505160335 0.014663129113614557 -0.09214572608470915
v 0.01299463398754597 0.01640648767352104 -0.09164103865623473
v 0.01299463398754597 0.01640648767352104 -0.09164103865623473
v 0.013223601505160335 0.014663129113614557 -0.09214572608470915
v 0.012369761243462566 0.018191333860158917 -0.09214662760496138
v 0.01299463398754597 0.01640648767352104 -0.09164103865623473
v 0.012369761243462566 0.018191333860158917 -0.09214662760496138
v 0.01331219915300608 0.019702073186635968 -0.09164319932460784
v -0.019281106069684032 -0.01321629900485277 -0.09164802730083464
v -0.018700374290347103 -0.012509857304394243 -0.09214655309915541
v -0.016809519380331043 -0.013019509613513945 -0.09164361655712126
v -0.016809519380331043 -0.013019509613513945 -0.09164361655712126
v -0.018700374290347103 -0.012509857304394243 -0.09214655309915541
v -0.014853875152766708 -0.01313134841620922 -0.09214405715465544
v -0.016809519380331043 -0.013019509613513945 -0.09164361655712126
v -0.014853875152766708 -0.01313134841620922 -0.09214405715465544
v -0.014228601939976219 -0.014345682226121424 -0.09164101630449294
v -0.014228601939976219 -0.014345682226121424 -0.09164101630449294
v -0.014853875152766708 -0.01313134841620922 -0.09214405715465544
v -0.012482103891670707 -0.01648241467773914 -0.09214570373296736
v -0.014228601939976219 -0.014345682226121424 -0.09164101630449294
v -0.012482103891670707 -0.01648241467773914 -0.09214570373296736
v -0.012856018729507927 -0.017355954274535176 -0.09164102375507353
v -0.012856018729507927 -0.017355954274535176 -0.09164102375507353
v -0.012482103891670707 -0.01648241467773914 -0.09214570373296736
v -0.01262147165834904 -0.019230868667364117 -0.09214698523283003
v -0.012856018729507927 -0.017355954274535176 -0.09164102375507353
v -0.01262147165834904 -0.019230868667364117 -0.09214698523283003
v -0.013544159010052684 -0.02016852609813213 -0.09164802730083464
v -0.02220365591347218 -0.019330279901623722 -0.0916498303413391
v -0.022764239460229877 -0.019157212227582928 -0.09214699268341063
v -0.02239470556378365 -0.016868380829691883 -0.09164361655712126
v -0.02239470556378365 -0.016868380829691883 -0.09164361655712126
v -0.022764239460229877 -0.019157212227582928 -0.09214699268341063
v -0.022804239764809612 -0.016224600374698635 -0.09214554727077483
v -0.02239470556378365 -0.016868380829691883 -0.09164361655712126
v -0.022804239764809612 -0.016224600374698635 -0.09214554727077483
v -0.02132876962423325 -0.014626260846853254 -0.09164361655712126
v -0.02132876962423325 -0.014626260846853254 -0.09164361655712126
v -0.022804239764809612 -0.016224600374698635 -0.09214554727077483
v -0.021077414974570278 -0.013684992678463457 -0.09214676916599272
v -0.02132876962423325 -0.014626260846853254 -0.09164361655712126
v -0.021077414974570278 -0.013684992678463457 -0.09214676916599272
v -0.019281106069684032 -0.01321629900485277 -0.09164802730083464
v -0.019281106069684032 -0.01321629900485277 -0.09164802730083464
v -0.021077414974570278 -0.013684992678463457 -0.09214676916599272
v -0.018700374290347103 -0.012509857304394243 -0.09214655309915541
v -0.018949139863252643 -0.0223314706236124 -0.09164140373468398
v -0.02125242911279202 -0.021887915208935734 -0.09217511117458342
v -0.020788105204701427 -0.021387262269854542 -0.09164360910654067
v -0.020788105204701427 -0.021387262269854542 -0.09164360910654067
v -0.02125242911279202 -0.021887915208935734 -0.09217511117458342
v -0.02220365591347218 -0.019330279901623722 -0.0916498303413391
v -0.02220365591347218 -0.019330279901623722 -0.0916498303413391
v -0.02125242911279202 -0.021887915208935734 -0.09217511117458342
v -0.022764239460229877 -0.019157212227582928 -0.09214699268341063
v -0.013544159010052684 -0.02016852609813213 -0.09164802730083464
v -0.01262147165834904 -0.019230868667364117 -0.09214698523283003
v -0.01399390306323767 -0.021608997136354443 -0.09214570373296736
v -0.013544159010052684 -0.02016852609813213 -0.09164802730083464
v -0.01399390306323767 -0.021608997136354443 -0.09214570373296736
v -0.01496429089456797 -0.02165574766695499 -0.09164527803659438
v -0.01496429089456797 -0.02165574766695499 -0.09164527803659438
v -0.01399390306323767 -0.021608997136354443 -0.09214570373296736
v -0.01687717437744141 -0.022464986890554425 -0.09164346009492873
v -0.01687717437744141 -0.022464986890554425 -0.09164346009492873
v -0.01399390306323767 -0.021608997136354443 -0.09214570373296736
v -0.01734496839344502 -0.023070760071277615 -0.09214555472135542
v -0.01687717437744141 -0.022464986890554425 -0.09164346009492873
v -0.01734496839344502 -0.023070760071277615 -0.09214555472135542
v -0.018949139863252643 -0.0223314706236124 -0.09164140373468398
v -0.018949139863252643 -0.0223314706236124 -0.09164140373468398
v -0.01734496839344502 -0.023070760071277615 -0.09214555472135542
v -0.02125242911279202 -0.021887915208935734 -0.09217511117458342
v 0.022272113710641864 -0.01900774054229259 -0.09164141863584517
v 0.021842520684003833 -0.021236561238765713 -0.09216698259115218
v 0.021328197792172435 -0.020846445113420483 -0.09164364635944365
v 0.021328197792172435 -0.020846445113420483 -0.09164364635944365
v 0.021842520684003833 -0.021236561238765713 -0.09216698259115218
v 0.019271016120910648 -0.02226229943335056 -0.09164985269308089
v 0.01857308112084866 -0.013025298714637755 -0.0916340798139572
v 0.020448256283998493 -0.013226415961980818 -0.09214672446250914
v 0.020787412300705913 -0.014085584320127962 -0.09164363890886305
v 0.020787412300705913 -0.014085584320127962 -0.09164363890886305
v 0.020448256283998493 -0.013226415961980818 -0.09214672446250914
v 0.022576078772544864 -0.015599204227328299 -0.09214572608470915
v 0.020787412300705913 -0.014085584320127962 -0.09164363890886305
v 0.022576078772544864 -0.015599204227328299 -0.09214572608470915
v 0.022358523681759838 -0.01652177236974239 -0.09164084494113921
v 0.022358523681759838 -0.01652177236974239 -0.09164084494113921
v 0.022576078772544864 -0.015599204227328299 -0.09214572608470915
v 0.022917047142982486 -0.018277099356055256 -0.09214698523283003
v 0.022358523681759838 -0.01652177236974239 -0.09164084494113921
v 0.022917047142982486 -0.018277099356055256 -0.09214698523283003
v 0.022272113710641864 -0.01900774054229259 -0.09164141863584517
v 0.022272113710641864 -0.01900774054229259 -0.09164141863584517
v 0.022917047142982486 -0.018277099356055256 -0.09214698523283003
v 0.021842520684003833 -0.021236561238765713 -0.09216698259115218
v 0.013157023116946224 -0.019339788705110546 -0.09164804965257643
v 0.012590660713613037 -0.019157201051712033 -0.09214698523283003
v 0.012960175052285198 -0.016868360340595242 -0.09164363890886305
v 0.012960175052285198 -0.016868360340595242 -0.09164363890886305
v 0.012590660713613037 -0.019157201051712033 -0.09214698523283003
v 0.01255063991993666 -0.01622458919882774 -0.09214556962251662
v 0.012960175052285198 -0.016868360340595242 -0.09164363890886305
v 0.01255063991993666 -0.01622458919882774 -0.09214556962251662
v 0.014286137185990814 -0.014287443831562994 -0.09164103865623473
v 0.014286137185990814 -0.014287443831562994 -0.09164103865623473
v 0.01255063991993666 -0.01622458919882774 -0.09214556962251662
v 0.014721650630235675 -0.01328297611325979 -0.09214571863412856
v 0.014286137185990814 -0.014287443831562994 -0.09164103865623473
v 0.014721650630235675 -0.01328297611325979 -0.09214571863412856
v 0.016467409208416942 -0.013125407509505747 -0.09164532274007796
v 0.016467409208416942 -0.013125407509505747 -0.09164532274007796
v 0.014721650630235675 -0.01328297611325979 -0.09214571863412856
v 0.01779394038021565 -0.01243762671947479 -0.09214673936367034
v 0.016467409208416942 -0.013125407509505747 -0.09164532274007796
v 0.01779394038021565 -0.01243762671947479 -0.09214673936367034
v 0.01857308112084866 -0.013025298714637755 -0.0916340798139572
v 0.01857308112084866 -0.013025298714637755 -0.0916340798139572
v 0.01779394038021565 -0.01243762671947479 -0.09214673936367034
v 0.020448256283998493 -0.013226415961980818 -0.09214672446250914
v 0.019271016120910648 -0.02226229943335056 -0.09164985269308089
v 0.021842520684003833 -0.021236561238765713 -0.09216698259115218
v 0.01783661358058453 -0.023185778409242627 -0.09214261919260024
v 0.019271016120910648 -0.02226229943335056 -0.09164985269308089
v 0.01783661358058453 -0.023185778409242627 -0.09214261919260024
v 0.01638535410165787 -0.02239749953150749 -0.09164103865623473
v 0.01638535410165787 -0.02239749953150749 -0.09164103865623473
v 0.01783661358058453 -0.023185778409242627 -0.09214261919260024
v 0.013908764347434047 -0.02150466106832027 -0.09214602410793303
v 0.01638535410165787 -0.02239749953150749 -0.09164103865623473
v 0.013908764347434047 -0.02150466106832027 -0.09214602410793303
v 0.014288449659943584 -0.021089216694235798 -0.09164529293775557
v 0.014288449659943584 -0.021089216694235798 -0.09164529293775557
v 0.013908764347434047 -0.02150466106832027 -0.09214602410793303
v 0.013157023116946224 -0.019339788705110546 -0.09164804965257643
v 0.013157023116946224 -0.019339788705110546 -0.09164804965257643
v 0.013908764347434047 -0.02150466106832027 -0.09214602410793303
v 0.012590660713613037 -0.019157201051712033 -0.09214698523283003
v 0.0023468912113457923 -0.01563289016485214 -0.09114716947078703
v 0.00557029526680708 -0.014832879416644571 -0.09114415198564528
v 0.003381659509614111 -0.016500908881425854 -0.09214670956134795
v 0.003381659509614111 -0.016500908881425854 -0.09214670956134795
v 0.00557029526680708 -0.014832879416644571 -0.09114415198564528
v 0.009107197634875776 -0.014225605875253676 -0.0921463370323181
v 0.009107197634875776 -0.014225605875253676 -0.0921463370323181
v 0.00557029526680708 -0.014832879416644571 -0.09114415198564528
v 0.008871897123754026 -0.013071981258690355 -0.09114718437194823
v 0.008871897123754026 -0.013071981258690355 -0.09114718437194823
v 0.011440663598477842 -0.01094124838709831 -0.09114477783441542
v 0.009107197634875776 -0.014225605875253676 -0.0921463370323181
v 0.009107197634875776 -0.014225605875253676 -0.0921463370323181
v 0.011440663598477842 -0.01094124838709831 -0.09114477783441542
v 0.01366253383457661 -0.009811338037252424 -0.09214689582586287
v 0.011440663598477842 -0.01094124838709831 -0.09114477783441542
v 0.01410876773297787 -0.007147022522985934 -0.09115900099277495
v 0.01366253383457661 -0.009811338037252424 -0.09214689582586287
v 0.01366253383457661 -0.009811338037252424 -0.09214689582586287
v 0.01410876773297787 -0.007147022522985934 -0.09115900099277495
v 0.016023470088839534 -0.005122167989611625 -0.09214670211076735
v 0.016023470088839534 -0.005122167989611625 -0.09214670211076735
v 0.01410876773297787 -0.007147022522985934 -0.09115900099277495
v 0.015637475997209552 -0.0023744301870465274 -0.09113665670156477
v 0.016023470088839534 -0.005122167989611625 -0.09214670211076735
v 0.015637475997209552 -0.0023744301870465274 -0.09113665670156477
v 0.016776910051703457 -5.888437590328976e-05 -0.09214702993631362
v 0.015637475997209552 -0.0023744301870465274 -0.09113665670156477
v 0.01557631511241198 0.0024087198544293638 -0.09116148948669432
v 0.016776910051703457 -5.888437590328976e-05 -0.09214702993631362
v 0.016776910051703457 -5.888437590328976e-05 -0.09214702993631362
v 0.01557631511241198 0.0024087198544293638 -0.09116148948669432
v 0.0160493478178978 0.004891621880233287 -0.0921468138694763
v 0.0160493478178978 0.004891621880233287 -0.0921468138694763
v 0.01557631511241198 0.0024087198544293638 -0.09116148948669432
v 0.014333790168166164 0.006565007381141185 -0.09115310758352278
v 0.0160493478178978 0.004891621880233287 -0.0921468138694763
v 0.014333790168166164 0.006565007381141185 -0.09115310758352278
v 0.013877214863896373 0.009402306750416754 -0.09214685857295989
v 0.013877214863896373 0.009402306750416754 -0.09214685857295989
v 0.014333790168166164 0.006565007381141185 -0.09115310758352278
v 0.011736382730305198 0.010505422949790953 -0.09115315228700636
v 0.013877214863896373 0.009402306750416754 -0.09214685857295989
v 0.011736382730305198 0.010505422949790953 -0.09115315228700636
v 0.010657684877514841 0.012900251895189284 -0.09214688092470168
v 0.010657684877514841 0.012900251895189284 -0.09214688092470168
v 0.011736382730305198 0.010505422949790953 -0.09115315228700636
v 0.008871795609593393 0.012954130768775938 -0.09114718437194823
v 0.010657684877514841 0.012900251895189284 -0.09214688092470168
v 0.008871795609593393 0.012954130768775938 -0.09114718437194823
v 0.006350273266434671 0.015509686432778834 -0.09214688092470168
v 0.006350273266434671 0.015509686432778834 -0.09214688092470168
v 0.008871795609593393 0.012954130768775938 -0.09114718437194823
v 0.005973288323730232 0.014559089206159113 -0.09115315973758696
v 0.006350273266434671 0.015509686432778834 -0.09214688092470168
v 0.005973288323730232 0.014559089206159113 -0.09115315973758696
v 0.0023470162414014344 0.015514934435486792 -0.09114716947078703
v 0.006350273266434671 0.015509686432778834 -0.09214688092470168
v 0.0023470162414014344 0.015514934435486792 -0.09114716947078703
v 5.569966742768885e-05 0.01669143885374069 -0.09213654696941374
v 5.569966742768885e-05 0.01669143885374069 -0.09213654696941374
v 0.0023470162414014344 0.015514934435486792 -0.09114716947078703
v -3.5748564641835406e-07 0.01669076085090637 -0.09214715659618376
v -3.5748564641835406e-07 0.01669076085090637 -0.09214715659618376
v 0.0023470162414014344 0.015514934435486792 -0.09114716947078703
v -3.565955637441221e-07 0.015690831467509266 -0.09114716947078703
v -3.5748564641835406e-07 0.01669076085090637 -0.09214715659618376
v -3.565955637441221e-07 0.015690831467509266 -0.09114716947078703
v -0.0024967829231172804 0.01650374941527843 -0.09214715659618376
v -3.565955637441221e-07 0.015690831467509266 -0.09114716947078703
v -0.0019006328657269482 0.01556041371077299 -0.09114518016576766
v -0.0024967829231172804 0.01650374941527843 -0.09214715659618376
v -0.0024967829231172804 0.01650374941527843 -0.09214715659618376
v -0.0019006328657269482 0.01556041371077299 -0.09114518016576766
v -0.006350987590849401 0.01550968177616596 -0.09214687347412108
v -0.0019006328657269482 0.01556041371077299 -0.09114518016576766
v -0.005974000319838526 0.014559085480868815 -0.09115315228700636
v -0.006350987590849401 0.01550968177616596 -0.09214687347412108
v -0.006350987590849401 0.01550968177616596 -0.09214687347412108
v -0.005974000319838526 0.014559085480868815 -0.09115315228700636
v -0.008872506208717825 0.01295412518084049 -0.09114716947078703
v -0.006350987590849401 0.01550968177616596 -0.09214687347412108
v -0.008872506208717825 0.01295412518084049 -0.09114716947078703
v -0.010658397339284422 0.012900245375931261 -0.09214686602354048
v -0.008872506208717825 0.01295412518084049 -0.09114716947078703
v -0.011737092398107055 0.010505415499210356 -0.09115313738584517
v -0.010658397339284422 0.012900245375931261 -0.09214686602354048
v -0.010658397339284422 0.012900245375931261 -0.09214686602354048
v -0.011737092398107055 0.010505415499210356 -0.09115313738584517
v -0.01387792453169823 0.009402299299836157 -0.09214684367179869
v -0.011737092398107055 0.010505415499210356 -0.09115313738584517
v -0.014334497042000297 0.006564999930560588 -0.09115309268236159
v -0.01387792453169823 0.009402299299836157 -0.09214684367179869
v -0.01387792453169823 0.009402299299836157 -0.09214684367179869
v -0.014334497042000297 0.006564999930560588 -0.09115309268236159
v -0.016541847959160808 0.00341404415667057 -0.09214651584625243
v -0.014334497042000297 0.006564999930560588 -0.09115309268236159
v -0.015593470074236396 0.002306686947122216 -0.09114646911621092
v -0.016541847959160808 0.00341404415667057 -0.09214651584625243
v -0.016541847959160808 0.00341404415667057 -0.09214651584625243
v -0.015593470074236396 0.002306686947122216 -0.09114646911621092
v -0.015706107020378116 -0.0012359709944576023 -0.09114716202020644
v -0.016541847959160808 0.00341404415667057 -0.09214651584625243
v -0.015706107020378116 -0.0012359709944576023 -0.09114716202020644
v -0.016449436545372013 -0.003813426941633224 -0.09214573353528975
v -0.015706107020378116 -0.0012359709944576023 -0.09114716202020644
v -0.01500259526073933 -0.0049826730974018565 -0.0911528393626213
v -0.016449436545372013 -0.003813426941633224 -0.09214573353528975
v -0.016449436545372013 -0.003813426941633224 -0.09214573353528975
v -0.01500259526073933 -0.0049826730974018565 -0.0911528393626213
v -0.01387776900082827 -0.009520490653812884 -0.0921468362212181
v -0.01500259526073933 -0.0049826730974018565 -0.0911528393626213
v -0.012877201661467556 -0.00919583812355995 -0.09115266799926756
v -0.01387776900082827 -0.009520490653812884 -0.0921468362212181
v -0.01387776900082827 -0.009520490653812884 -0.0921468362212181
v -0.012877201661467556 -0.00919583812355995 -0.09115266799926756
v -0.010472371242940428 -0.013190506026148794 -0.09214679896831511
v -0.012877201661467556 -0.00919583812355995 -0.09115266799926756
v -0.009601623751223089 -0.012592643499374388 -0.09115248918533324
v -0.010472371242940428 -0.013190506026148794 -0.09214679896831511
v -0.010472371242940428 -0.013190506026148794 -0.09214679896831511
v -0.009601623751223089 -0.012592643499374388 -0.09115248918533324
v -0.006310435943305494 -0.015640133991837498 -0.09214688092470168
v -0.006310435943305494 -0.015640133991837498 -0.09214688092470168
v -0.009601623751223089 -0.012592643499374388 -0.09115248918533324
v -0.005548901390284301 -0.014840852469205855 -0.09113869071006774
v -0.006310435943305494 -0.015640133991837498 -0.09214688092470168
v -0.005548901390284301 -0.014840852469205855 -0.09113869071006774
v -0.0015060780569911007 -0.016770238056778904 -0.0921468138694763
v -0.005548901390284301 -0.014840852469205855 -0.09113869071006774
v -0.0013643465936183932 -0.015718160197138783 -0.09114499390125273
v -0.0015060780569911007 -0.016770238056778904 -0.0921468138694763
v -0.0015060780569911007 -0.016770238056778904 -0.0921468138694763
v -0.0013643465936183932 -0.015718160197138783 -0.09114499390125273
v -3.4633168866093916e-07 -0.015808759257197377 -0.09114716947078703
v -0.0015060780569911007 -0.016770238056778904 -0.0921468138694763
v -3.4633168866093916e-07 -0.015808759257197377 -0.09114716947078703
v 0.003381659509614111 -0.016500908881425854 -0.09214670956134795
v 0.003381659509614111 -0.016500908881425854 -0.09214670956134795
v -3.4633168866093916e-07 -0.015808759257197377 -0.09114716947078703
v 0.0023468912113457923 -0.01563289016485214 -0.09114716947078703
v -0.012441416271030906 0.018394611775875088 -0.09214699268341063
v -0.001586198573932052 0.02229363657534122 -0.09202053397893904
v -0.00037091595004312705 0.021652974188327786 -0.09214606881141661
v -0.012441416271030906 0.018394611775875088 -0.09214699268341063
v -0.0031714416109025487 0.023880703374743458 -0.09214471280574797
v -0.001586198573932052 0.02229363657534122 -0.09202053397893904
v 0.012369761243462566 0.018191333860158917 -0.09214662760496138
v 0.0015770572936162357 0.022064039483666417 -0.09214668720960616
v 0.0031101908534765252 0.02371439896523952 -0.09214472025632857
v 0.002934509189799429 0.026540122926235196 -0.0921453684568405
v 0.014971285127103332 0.02657397463917732 -0.09214718639850615
v 0.0031101908534765252 0.02371439896523952 -0.09214472025632857
v -0.012441416271030906 0.018394611775875088 -0.09214699268341063
v -0.00037091595004312705 0.021652974188327786 -0.09214606881141661
v 0.012369761243462566 0.018191333860158917 -0.09214662760496138
v 0.012369761243462566 0.018191333860158917 -0.09214662760496138
v -0.00037091595004312705 0.021652974188327786 -0.09214606881141661
v 0.0015770572936162357 0.022064039483666417 -0.09214668720960616
v -0.003027415135875345 0.02585073001682758 -0.09207697957754134
v -0.0031714416109025487 0.023880703374743458 -0.09214471280574797
v -0.011487962678074838 0.028224216774106022 -0.09214717149734496
v -0.011487962678074838 0.028224216774106022 -0.09214717149734496
v -0.0031714416109025487 0.023880703374743458 -0.09214471280574797
v -0.012441416271030906 0.018394611775875088 -0.09214699268341063
v 0.012369761243462566 0.018191333860158917 -0.09214662760496138
v 0.0031101908534765252 0.02371439896523952 -0.09214472025632857
v 0.014971285127103332 0.02657397463917732 -0.09214718639850615
v 0.008656321093440058 0.029207160696387287 -0.09214726090431212
v 0.002934509189799429 0.026540122926235196 -0.0921453684568405
v 0.001979124499484897 0.030418431386351582 -0.09214723110198973
v 0.0009913898538798096 0.02810234203934669 -0.09215006977319716
v 0.001979124499484897 0.030418431386351582 -0.09214723110198973
v 0.002934509189799429 0.026540122926235196 -0.0921453684568405
v -0.001829930231906474 0.027697466313838955 -0.09214616566896437
v -0.005232891533523799 0.03006227314472198 -0.09214723110198973
v -6.8645435931102855e-06 0.02819070033729076 -0.09214573353528975
v -6.8645435931102855e-06 0.02819070033729076 -0.09214573353528975
v -0.005232891533523799 0.03006227314472198 -0.09214723110198973
v 0.001979124499484897 0.030418431386351582 -0.09214723110198973
v -6.8645435931102855e-06 0.02819070033729076 -0.09214573353528975
v 0.001979124499484897 0.030418431386351582 -0.09214723110198973
v 0.0009913898538798096 0.02810234203934669 -0.09215006977319716
v -0.003027415135875345 0.02585073001682758 -0.09207697957754134
v -0.005232891533523799 0.03006227314472198 -0.09214723110198973
v -0.001829930231906474 0.027697466313838955 -0.09214616566896437
v -0.015975078567862514 0.012599517591297625 -0.0921465680003166
v -0.01387792453169823 0.009402299299836157 -0.09214684367179869
v -0.016541847959160808 0.00341404415667057 -0.09214651584625243
v -0.015975078567862514 0.012599517591297625 -0.0921465680003166
v -0.016541847959160808 0.00341404415667057 -0.09214651584625243
v -0.019163565710186962 0.01249184738844633 -0.09214605391025542
v -0.01387792453169823 0.009402299299836157 -0.09214684367179869
v -0.015975078567862514 0.012599517591297625 -0.0921465680003166
v -0.013072676956653598 0.01479463931173086 -0.09214405715465544
v -0.01387792453169823 0.009402299299836157 -0.09214684367179869
v -0.013072676956653598 0.01479463931173086 -0.09214405715465544
v -0.010658397339284422 0.012900245375931261 -0.09214686602354048
v -0.010658397339284422 0.012900245375931261 -0.09214686602354048
v -0.013072676956653598 0.01479463931173086 -0.09214405715465544
v -0.006350987590849401 0.01550968177616596 -0.09214687347412108
v -0.02729554101824761 0.013753958977758883 -0.09214746952056883
v -0.02215814031660557 0.020757017657160756 -0.09220994263887404
v -0.02286976203322411 0.018629116937518116 -0.09214663505554198
v -0.02729554101824761 0.013753958977758883 -0.09214746952056883
v -0.02286976203322411 0.018629116937518116 -0.09214663505554198
v -0.022426275536417965 0.015042142942547796 -0.09214442968368529
v -0.02729554101824761 0.013753958977758883 -0.09214746952056883
v -0.022426275536417965 0.015042142942547796 -0.09214442968368529
v -0.029916824772953994 0.006088543217629193 -0.09214726835489272
v -0.019163565710186962 0.01249184738844633 -0.09214605391025542
v -0.016541847959160808 0.00341404415667057 -0.09214651584625243
v -0.030515044927597053 -0.002247044816613197 -0.09214749932289122
v -0.019163565710186962 0.01249184738844633 -0.09214605391025542
v -0.030515044927597053 -0.002247044816613197 -0.09214749932289122
v -0.022426275536417965 0.015042142942547796 -0.09214442968368529
v -0.022426275536417965 0.015042142942547796 -0.09214442968368529
v -0.030515044927597053 -0.002247044816613197 -0.09214749932289122
v -0.029916824772953994 0.006088543217629193 -0.09214726835489272
v -0.01844315975904465 0.024335924535989758 -0.09214738011360167
v -0.020240806043148044 0.022245401516556736 -0.0921465754508972
v -0.02215814031660557 0.020757017657160756 -0.09220994263887404
v -0.01380546018481255 0.021302115172147747 -0.09214539080858229
v -0.01707911863923073 0.022929562255740162 -0.09214555472135542
v -0.01844315975904465 0.024335924535989758 -0.09214738011360167
v -0.01844315975904465 0.024335924535989758 -0.09214738011360167
v -0.01707911863923073 0.022929562255740162 -0.09214555472135542
v -0.020240806043148044 0.022245401516556736 -0.0921465754508972
v -0.011487962678074838 0.028224216774106022 -0.09214717149734496
v -0.012441416271030906 0.018394611775875088 -0.09214699268341063
v -0.01380546018481255 0.021302115172147747 -0.09214539080858229
v 0.006350273266434671 0.015509686432778834 -0.09214688092470168
v 0.012369761243462566 0.018191333860158917 -0.09214662760496138
v 0.013223601505160335 0.014663129113614557 -0.09214572608470915
v 0.006350273266434671 0.015509686432778834 -0.09214688092470168
v 0.013223601505160335 0.014663129113614557 -0.09214572608470915
v 0.010657684877514841 0.012900251895189284 -0.09214688092470168
v 0.010657684877514841 0.012900251895189284 -0.09214688092470168
v 0.013223601505160335 0.014663129113614557 -0.09214572608470915
v 0.013877214863896373 0.009402306750416754 -0.09214685857295989
v 0.016598338261246685 0.012324911542236803 -0.09214445203542708
v 0.016776910051703457 -5.888437590328976e-05 -0.09214702993631362
v 0.0160493478178978 0.004891621880233287 -0.0921468138694763
v 0.016598338261246685 0.012324911542236803 -0.09214445203542708
v 0.0160493478178978 0.004891621880233287 -0.0921468138694763
v 0.013877214863896373 0.009402306750416754 -0.09214685857295989
v 0.016598338261246685 0.012324911542236803 -0.09214445203542708
v 0.013877214863896373 0.009402306750416754 -0.09214685857295989
v 0.013223601505160335 0.014663129113614557 -0.09214572608470915
v 0.016423156484961513 0.022813875228166577 -0.09214540570974349
v 0.013693393208086494 0.021113935858011242 -0.09214650094509123
v 0.014971285127103332 0.02657397463917732 -0.09214718639850615
v 0.014971285127103332 0.02657397463917732 -0.09214718639850615
v 0.0207002516835928 0.022248184308409687 -0.09217368811368941
v 0.016423156484961513 0.022813875228166577 -0.09214540570974349
v 0.014971285127103332 0.02657397463917732 -0.09214718639850615
v 0.013693393208086494 0.021113935858011242 -0.09214650094509123
v 0.012369761243462566 0.018191333860158917 -0.09214662760496138
v 0.022913144901394848 0.018394565209746357 -0.09214668720960616
v 0.02154956199228764 0.021302236244082447 -0.09214557707309722
v 0.024806659668684013 0.017718965187668797 -0.09214723855257033
v 0.024806659668684013 0.017718965187668797 -0.09214723855257033
v 0.02154956199228764 0.021302236244082447 -0.09214557707309722
v 0.0207002516835928 0.022248184308409687 -0.09217368811368941
v 0.022913144901394848 0.018394565209746357 -0.09214668720960616
v 0.024806659668684013 0.017718965187668797 -0.09214723855257033
v 0.022463260218501094 0.015239374712109564 -0.09214572608470915
v 0.020240241661667827 0.012991453520953654 -0.09214673191308974
v 0.030300883576273925 0.004142824094742536 -0.09214759618043898
v 0.0301737878471613 -0.005587841849774121 -0.09214763343334197
v 0.020240241661667827 0.012991453520953654 -0.09214673191308974
v 0.0301737878471613 -0.005587841849774121 -0.09214763343334197
v 0.016776910051703457 -5.888437590328976e-05 -0.09214702993631362
v 0.020240241661667827 0.012991453520953654 -0.09214673191308974
v 0.016776910051703457 -5.888437590328976e-05 -0.09214702993631362
v 0.016598338261246685 0.012324911542236803 -0.09214445203542708
v 0.022463260218501094 0.015239374712109564 -0.09214572608470915
v 0.024806659668684013 0.017718965187668797 -0.09214723855257033
v 0.028087310492992408 0.011935629881918429 -0.0921473056077957
v 0.022463260218501094 0.015239374712109564 -0.09214572608470915
v 0.028087310492992408 0.011935629881918429 -0.0921473056077957
v 0.030300883576273925 0.004142824094742536 -0.09214759618043898
v 0.022463260218501094 0.015239374712109564 -0.09214572608470915
v 0.030300883576273925 0.004142824094742536 -0.09214759618043898
v 0.020240241661667827 0.012991453520953654 -0.09214673191308974
v -0.015986796468496326 -0.026065429672598835 -0.09214722365140914
v -0.02125242911279202 -0.021887915208935734 -0.09217511117458342
v -0.01734496839344502 -0.023070760071277615 -0.09214555472135542
v -0.0033589135855436334 -0.030400620773434636 -0.0921473205089569
v -0.009734911844134332 -0.029040150344371792 -0.09214724600315093
v 0.004514997359365226 -0.030325928702950474 -0.09214726090431212
v 0.004514997359365226 -0.030325928702950474 -0.09214726090431212
v -0.009734911844134332 -0.029040150344371792 -0.09214724600315093
v -0.01399390306323767 -0.021608997136354443 -0.09214570373296736
v 0.004514997359365226 -0.030325928702950474 -0.09214726090431212
v -0.01399390306323767 -0.021608997136354443 -0.09214570373296736
v -0.01262147165834904 -0.019230868667364117 -0.09214698523283003
v -0.015986796468496326 -0.026065429672598835 -0.09214722365140914
v -0.01734496839344502 -0.023070760071277615 -0.09214555472135542
v -0.009734911844134332 -0.029040150344371792 -0.09214724600315093
v -0.009734911844134332 -0.029040150344371792 -0.09214724600315093
v -0.01734496839344502 -0.023070760071277615 -0.09214555472135542
v -0.01399390306323767 -0.021608997136354443 -0.09214570373296736
v -0.028706056997179992 -0.01048830710351467 -0.09214726835489272
v -0.021077414974570278 -0.013684992678463457 -0.09214676916599272
v -0.022804239764809612 -0.016224600374698635 -0.09214554727077483
v -0.028706056997179992 -0.01048830710351467 -0.09214726835489272
v -0.022804239764809612 -0.016224600374698635 -0.09214554727077483
v -0.025583103299140937 -0.016773335635662075 -0.09214725345373152
v -0.025583103299140937 -0.016773335635662075 -0.09214725345373152
v -0.022764239460229877 -0.019157212227582928 -0.09214699268341063
v -0.02125242911279202 -0.021887915208935734 -0.09217511117458342
v -0.025583103299140937 -0.016773335635662075 -0.09214725345373152
v -0.022804239764809612 -0.016224600374698635 -0.09214554727077483
v -0.022764239460229877 -0.019157212227582928 -0.09214699268341063
v 0.004514997359365226 -0.030325928702950474 -0.09214726090431212
v -0.01262147165834904 -0.019230868667364117 -0.09214698523283003
v -0.012482103891670707 -0.01648241467773914 -0.09214570373296736
v -0.028706056997179992 -0.01048830710351467 -0.09214726835489272
v -0.030515044927597053 -0.002247044816613197 -0.09214749932289122
v -0.021077414974570278 -0.013684992678463457 -0.09214676916599272
v -0.021077414974570278 -0.013684992678463457 -0.09214676916599272
v -0.030515044927597053 -0.002247044816613197 -0.09214749932289122
v -0.018700374290347103 -0.012509857304394243 -0.09214655309915541
v -0.018700374290347103 -0.012509857304394243 -0.09214655309915541
v -0.030515044927597053 -0.002247044816613197 -0.09214749932289122
v -0.016541847959160808 0.00341404415667057 -0.09214651584625243
v -0.006310435943305494 -0.015640133991837498 -0.09214688092470168
v -0.012482103891670707 -0.01648241467773914 -0.09214570373296736
v -0.010472371242940428 -0.013190506026148794 -0.09214679896831511
v -0.010472371242940428 -0.013190506026148794 -0.09214679896831511
v -0.012482103891670707 -0.01648241467773914 -0.09214570373296736
v -0.014853875152766708 -0.01313134841620922 -0.09214405715465544
v -0.010472371242940428 -0.013190506026148794 -0.09214679896831511
v -0.014853875152766708 -0.01313134841620922 -0.09214405715465544
v -0.01387776900082827 -0.009520490653812884 -0.0921468362212181
v -0.01387776900082827 -0.009520490653812884 -0.0921468362212181
v -0.014853875152766708 -0.01313134841620922 -0.09214405715465544
v -0.016449436545372013 -0.003813426941633224 -0.09214573353528975
v -0.016449436545372013 -0.003813426941633224 -0.09214573353528975
v -0.014853875152766708 -0.01313134841620922 -0.09214405715465544
v -0.018700374290347103 -0.012509857304394243 -0.09214655309915541
v -0.016449436545372013 -0.003813426941633224 -0.09214573353528975
v -0.018700374290347103 -0.012509857304394243 -0.09214655309915541
v -0.016541847959160808 0.00341404415667057 -0.09214651584625243
v 0.01845401525497437 -0.024367071688175198 -0.09214723855257033
v 0.012763570994138721 -0.027805538848042485 -0.09214726835489272
v 0.01783661358058453 -0.023185778409242627 -0.09214261919260024
v 0.004514997359365226 -0.030325928702950474 -0.09214726090431212
v 0.013908764347434047 -0.02150466106832027 -0.09214602410793303
v 0.012763570994138721 -0.027805538848042485 -0.09214726835489272
v 0.012763570994138721 -0.027805538848042485 -0.09214726835489272
v 0.013908764347434047 -0.02150466106832027 -0.09214602410793303
v 0.01783661358058453 -0.023185778409242627 -0.09214261919260024
v 0.004514997359365226 -0.030325928702950474 -0.09214726090431212
v 0.01255063991993666 -0.01622458919882774 -0.09214556962251662
v 0.012590660713613037 -0.019157201051712033 -0.09214698523283003
v 0.016776910051703457 -5.888437590328976e-05 -0.09214702993631362
v 0.020448256283998493 -0.013226415961980818 -0.09214672446250914
v 0.01779394038021565 -0.01243762671947479 -0.09214673936367034
v 0.004514997359365226 -0.030325928702950474 -0.09214726090431212
v 0.012590660713613037 -0.019157201051712033 -0.09214698523283003
v 0.013908764347434047 -0.02150466106832027 -0.09214602410793303
v 0.014721650630235675 -0.01328297611325979 -0.09214571863412856
v 0.01366253383457661 -0.009811338037252424 -0.09214689582586287
v 0.01779394038021565 -0.01243762671947479 -0.09214673936367034
v 0.01779394038021565 -0.01243762671947479 -0.09214673936367034
v 0.01366253383457661 -0.009811338037252424 -0.09214689582586287
v 0.016023470088839534 -0.005122167989611625 -0.09214670211076735
v 0.01779394038021565 -0.01243762671947479 -0.09214673936367034
v 0.016023470088839534 -0.005122167989611625 -0.09214670211076735
v 0.016776910051703457 -5.888437590328976e-05 -0.09214702993631362
v 0.01366253383457661 -0.009811338037252424 -0.09214689582586287
v 0.014721650630235675 -0.01328297611325979 -0.09214571863412856
v 0.009107197634875776 -0.014225605875253676 -0.0921463370323181
v 0.009107197634875776 -0.014225605875253676 -0.0921463370323181
v 0.014721650630235675 -0.01328297611325979 -0.09214571863412856
v 0.01255063991993666 -0.01622458919882774 -0.09214556962251662
v 0.026492368429899223 -0.015354875475168226 -0.09214746952056883
v 0.021842520684003833 -0.021236561238765713 -0.09216698259115218
v 0.022917047142982486 -0.018277099356055256 -0.09214698523283003
v 0.022917047142982486 -0.018277099356055256 -0.09214698523283003
v 0.022576078772544864 -0.015599204227328299 -0.09214572608470915
v 0.026492368429899223 -0.015354875475168226 -0.09214746952056883
v 0.026492368429899223 -0.015354875475168226 -0.09214746952056883
v 0.022576078772544864 -0.015599204227328299 -0.09214572608470915
v 0.0301737878471613 -0.005587841849774121 -0.09214763343334197
v 0.0301737878471613 -0.005587841849774121 -0.09214763343334197
v 0.022576078772544864 -0.015599204227328299 -0.09214572608470915
v 0.020448256283998493 -0.013226415961980818 -0.09214672446250914
v 0.020448256283998493 -0.013226415961980818 -0.09214672446250914
v 0.016776910051703457 -5.888437590328976e-05 -0.09214702993631362
v 0.0301737878471613 -0.005587841849774121 -0.09214763343334197
v 0.01783661358058453 -0.023185778409242627 -0.09214261919260024
v 0.021842520684003833 -0.021236561238765713 -0.09216698259115218
v 0.01845401525497437 -0.024367071688175198 -0.09214723855257033
v -0.01380546018481255 0.021302115172147747 -0.09214539080858229
v -0.01844315975904465 0.024335924535989758 -0.09214738011360167
v -0.011487962678074838 0.028224216774106022 -0.09214717149734496
v -0.005232891533523799 0.03006227314472198 -0.09214723110198973
v -0.003027415135875345 0.02585073001682758 -0.09207697957754134
v -0.011487962678074838 0.028224216774106022 -0.09214717149734496
v 0.002934509189799429 0.026540122926235196 -0.0921453684568405
v 0.008656321093440058 0.029207160696387287 -0.09214726090431212
v 0.014971285127103332 0.02657397463917732 -0.09214718639850615
v -0.012482103891670707 -0.01648241467773914 -0.09214570373296736
v -0.006310435943305494 -0.015640133991837498 -0.09214688092470168
v 0.004514997359365226 -0.030325928702950474 -0.09214726090431212
v 0.009107197634875776 -0.014225605875253676 -0.0921463370323181
v 0.01255063991993666 -0.01622458919882774 -0.09214556962251662
v 0.004514997359365226 -0.030325928702950474 -0.09214726090431212
v 0.009107197634875776 -0.014225605875253676 -0.0921463370323181
v 0.004514997359365226 -0.030325928702950474 -0.09214726090431212
v 0.003381659509614111 -0.016500908881425854 -0.09214670956134795
v -0.006310435943305494 -0.015640133991837498 -0.09214688092470168
v -0.0015060780569911007 -0.016770238056778904 -0.0921468138694763
v 0.004514997359365226 -0.030325928702950474 -0.09214726090431212
v 0.004514997359365226 -0.030325928702950474 -0.09214726090431212
v -0.0015060780569911007 -0.016770238056778904 -0.0921468138694763
v 0.003381659509614111 -0.016500908881425854 -0.09214670956134795
v -0.006350987590849401 0.01550968177616596 -0.09214687347412108
v -0.013072676956653598 0.01479463931173086 -0.09214405715465544
v -0.012441416271030906 0.018394611775875088 -0.09214699268341063
v 0.006350273266434671 0.015509686432778834 -0.09214688092470168
v 5.569966742768885e-05 0.01669143885374069 -0.09213654696941374
v 0.012369761243462566 0.018191333860158917 -0.09214662760496138
v 0.012369761243462566 0.018191333860158917 -0.09214662760496138
v 5.569966742768885e-05 0.01669143885374069 -0.09213654696941374
v -0.012441416271030906 0.018394611775875088 -0.09214699268341063
v -0.012441416271030906 0.018394611775875088 -0.09214699268341063
v 5.569966742768885e-05 0.01669143885374069 -0.09213654696941374
v -0.0024967829231172804 0.01650374941527843 -0.09214715659618376
v -0.012441416271030906 0.018394611775875088 -0.09214699268341063
v -0.0024967829231172804 0.01650374941527843 -0.09214715659618376
v -0.006350987590849401 0.01550968177616596 -0.09214687347412108
v 0.004877571482211352 0.03068764880299568 -0.061682146042585366
v 0.00497783161699772 0.03368763998150825 -0.06296198070049285
v 0.004282178357243539 0.03368760272860526 -0.06005830317735671
v 0.004877571482211352 0.03068764880299568 -0.061682146042585366
v 0.004282178357243539 0.03368760272860526 -0.06005830317735671
v 0.003791354130953551 0.03068764880299568 -0.05935912206768989
v 0.003791354130953551 0.03068764880299568 -0.05935912206768989
v 0.004282178357243539 0.03368760272860526 -0.06005830317735671
v 0.0028201502282172446 0.03368761017918586 -0.05851298943161964
v 0.003791354130953551 0.03068764880299568 -0.05935912206768989
v 0.0028201502282172446 0.03368761017918586 -0.05851298943161964
v 0.0014399627689272167 0.03068764880299568 -0.05776889249682426
v 0.0014399627689272167 0.03068764880299568 -0.05776889249682426
v 0.0028201502282172446 0.03368761017918586 -0.05851298943161964
v 0.001151868491433561 0.033687621355056756 -0.05774987488985061
v 0.0014399627689272167 0.03068764880299568 -0.05776889249682426
v 0.001151868491433561 0.033687621355056756 -0.05774987488985061
v 2.1070771083486766e-07 0.03368761017918586 -0.0576474517583847
v 0.0014399627689272167 0.03068764880299568 -0.05776889249682426
v 2.1070771083486766e-07 0.03368761017918586 -0.0576474517583847
v -0.001058683847077191 0.03068764694035053 -0.05772905051708221
v -0.001058683847077191 0.03068764694035053 -0.05772905051708221
v 2.1070771083486766e-07 0.03368761017918586 -0.0576474517583847
v -0.001435401965864003 0.03368831798434257 -0.05777449905872344
v -0.001058683847077191 0.03068764694035053 -0.05772905051708221
v -0.001435401965864003 0.03368831798434257 -0.05777449905872344
v -0.003188802860677243 0.03068764694035053 -0.058755878359079354
v -0.003188802860677243 0.03068764694035053 -0.058755878359079354
v -0.001435401965864003 0.03368831798434257 -0.05777449905872344
v -0.003804170060902835 0.033687599003314965 -0.05937464907765388
v -0.003188802860677243 0.03068764694035053 -0.058755878359079354
v -0.003804170060902835 0.033687599003314965 -0.05937464907765388
v -0.0048278658650815496 0.03068764694035053 -0.06125734373927116
v -0.0048278658650815496 0.03068764694035053 -0.06125734373927116
v -0.003804170060902835 0.033687599003314965 -0.05937464907765388
v -0.0048810052685439595 0.033687599003314965 -0.061701666563749306
v -0.0048278658650815496 0.03068764694035053 -0.06125734373927116
v -0.0048810052685439595 0.033687599003314965 -0.061701666563749306
v -0.004520354792475701 0.033687599003314965 -0.06467670202255248
v -0.0048278658650815496 0.03068764694035053 -0.06125734373927116
v -0.004520354792475701 0.033687599003314965 -0.06467670202255248
v -0.004753496032208205 0.03068764694035053 -0.06383103877305983
v -0.004753496032208205 0.03068764694035053 -0.06383103877305983
v -0.004520354792475701 0.033687599003314965 -0.06467670202255248
v -0.003792041679844261 0.03068764694035053 -0.06573595851659773
v -0.003792041679844261 0.03068764694035053 -0.06573595851659773
v -0.004520354792475701 0.033687599003314965 -0.06467670202255248
v -0.002464489778503776 0.033687599003314965 -0.06684456020593642
v -0.003792041679844261 0.03068764694035053 -0.06573595851659773
v -0.002464489778503776 0.033687599003314965 -0.06684456020593642
v -0.0014406263362616303 0.03068764694035053 -0.06732619553804396
v -0.0014406263362616303 0.03068764694035053 -0.06732619553804396
v -0.002464489778503776 0.033687599003314965 -0.06684456020593642
v -0.0008883368573151531 0.03368761017918586 -0.06736987084150313
v -0.0014406263362616303 0.03068764694035053 -0.06732619553804396
v -0.0008883368573151531 0.03368761017918586 -0.06736987084150313
v -9.03511704564153e-07 0.03368761017918586 -0.06744762510061263
v -0.0014406263362616303 0.03068764694035053 -0.06732619553804396
v -9.03511704564153e-07 0.03368761017918586 -0.06744762510061263
v 0.0014085166621953251 0.03068764880299568 -0.06733225286006926
v 0.0014085166621953251 0.03068764880299568 -0.06733225286006926
v -9.03511704564153e-07 0.03368761017918586 -0.06744762510061263
v 0.0014346963725984099 0.03368831798434257 -0.06732057780027388
v 0.0014085166621953251 0.03068764880299568 -0.06733225286006926
v 0.0014346963725984099 0.03368831798434257 -0.06732057780027388
v 0.00380348856560886 0.03368760272860526 -0.06572043150663374
v 0.0014085166621953251 0.03068764880299568 -0.06733225286006926
v 0.00380348856560886 0.03368760272860526 -0.06572043150663374
v 0.0037980705965310344 0.03068764880299568 -0.06572796404361723
v 0.0037980705965310344 0.03068764880299568 -0.06572796404361723
v 0.00380348856560886 0.03368760272860526 -0.06572043150663374
v 0.00497783161699772 0.03368763998150825 -0.06296198070049285
v 0.0037980705965310344 0.03068764880299568 -0.06572796404361723
v 0.00497783161699772 0.03368763998150825 -0.06296198070049285
v 0.004757755436003209 0.03068764880299568 -0.06381256133317946
v 0.004757755436003209 0.03068764880299568 -0.06381256133317946
v 0.00497783161699772 0.03368763998150825 -0.06296198070049285
v 0.004877571482211352 0.03068764880299568 -0.061682146042585366
v 0.005250738933682443 0.031048204749822613 -0.09117058664560317
v 0.011870865710079673 0.02916954085230827 -0.09112822264432906
v 0.008656321093440058 0.029207160696387287 -0.09214726090431212
v 0.008656321093440058 0.029207160696387287 -0.09214726090431212
v 0.011870865710079673 0.02916954085230827 -0.09112822264432906
v 0.014971285127103332 0.02657397463917732 -0.09214718639850615
v 0.014971285127103332 0.02657397463917732 -0.09214718639850615
v 0.011870865710079673 0.02916954085230827 -0.09112822264432906
v 0.018033854663372043 0.02582534588873386 -0.09115725755691527
v 0.014971285127103332 0.02657397463917732 -0.09214718639850615
v 0.018033854663372043 0.02582534588873386 -0.09115725755691527
v 0.0207002516835928 0.022248184308409687 -0.09217368811368941
v 0.023276578634977344 0.02123472839593887 -0.09114564210176467
v 0.0207002516835928 0.022248184308409687 -0.09217368811368941
v 0.018033854663372043 0.02582534588873386 -0.09115725755691527
v 0.03148727864027024 0.0008089558104984461 -0.09114718437194823
v 0.030300883576273925 0.004142824094742536 -0.09214759618043898
v 0.030942844226956374 0.006085711997002362 -0.09114561975002287
v 0.030942844226956374 0.006085711997002362 -0.09114561975002287
v 0.030300883576273925 0.004142824094742536 -0.09214759618043898
v 0.028087310492992408 0.011935629881918429 -0.0921473056077957
v 0.030942844226956374 0.006085711997002362 -0.09114561975002287
v 0.028087310492992408 0.011935629881918429 -0.0921473056077957
v 0.028160268440842635 0.014336618594825266 -0.09114585071802138
v 0.028160268440842635 0.014336618594825266 -0.09114585071802138
v 0.028087310492992408 0.011935629881918429 -0.0921473056077957
v 0.024806659668684013 0.017718965187668797 -0.09214723855257033
v 0.028160268440842635 0.014336618594825266 -0.09114585071802138
v 0.024806659668684013 0.017718965187668797 -0.09214723855257033
v 0.023276578634977344 0.02123472839593887 -0.09114564210176467
v 0.023276578634977344 0.02123472839593887 -0.09114564210176467
v 0.024806659668684013 0.017718965187668797 -0.09214723855257033
v 0.0207002516835928 0.022248184308409687 -0.09217368811368941
v 0.03148727864027024 0.0008089558104984461 -0.09114718437194823
v 0.0301737878471613 -0.005587841849774121 -0.09214763343334197
v 0.030300883576273925 0.004142824094742536 -0.09214759618043898
v 0.024423196911811836 -0.020027214661240574 -0.09113197028636931
v 0.026492368429899223 -0.015354875475168226 -0.09214746952056883
v 0.028192387893795974 -0.014215510338544844 -0.09114562720060347
v 0.028192387893795974 -0.014215510338544844 -0.09114562720060347
v 0.026492368429899223 -0.015354875475168226 -0.09214746952056883
v 0.0301737878471613 -0.005587841849774121 -0.09214763343334197
v 0.028192387893795974 -0.014215510338544844 -0.09114562720060347
v 0.0301737878471613 -0.005587841849774121 -0.09214763343334197
v 0.03103963844478131 -0.0061221872456371776 -0.09111613780260085
v 0.03103963844478131 -0.0061221872456371776 -0.09111613780260085
v 0.0301737878471613 -0.005587841849774121 -0.09214763343334197
v 0.03148727864027024 0.0008089558104984461 -0.09114718437194823
v 0.02068707719445229 -0.02381304837763309 -0.09114717692136763
v 0.021842520684003833 -0.021236561238765713 -0.09216698259115218
v 0.024423196911811836 -0.020027214661240574 -0.09113197028636931
v 0.024423196911811836 -0.020027214661240574 -0.09113197028636931
v 0.021842520684003833 -0.021236561238765713 -0.09216698259115218
v 0.026492368429899223 -0.015354875475168226 -0.09214746952056883
v 0.010242844931781294 -0.029896941035985943 -0.09116115421056746
v 0.012763570994138721 -0.027805538848042485 -0.09214726835489272
v 0.016603911295533184 -0.02688311971724033 -0.09114564210176467
v 0.016603911295533184 -0.02688311971724033 -0.09114564210176467
v 0.012763570994138721 -0.027805538848042485 -0.09214726835489272
v 0.01845401525497437 -0.024367071688175198 -0.09214723855257033
v 0.016603911295533184 -0.02688311971724033 -0.09114564210176467
v 0.01845401525497437 -0.024367071688175198 -0.09214723855257033
v 0.02068707719445229 -0.02381304837763309 -0.09114717692136763
v 0.02068707719445229 -0.02381304837763309 -0.09114717692136763
v 0.01845401525497437 -0.024367071688175198 -0.09214723855257033
v 0.021842520684003833 -0.021236561238765713 -0.09216698259115218
v -0.006789792794734241 -0.030867146328091618 -0.0911319777369499
v -0.0033589135855436334 -0.030400620773434636 -0.0921473205089569
v 0.0018706015544012193 -0.03163039311766624 -0.09114585816860198
v 0.0018706015544012193 -0.03163039311766624 -0.09114585816860198
v -0.0033589135855436334 -0.030400620773434636 -0.0921473205089569
v 0.004514997359365226 -0.030325928702950474 -0.09214726090431212
v 0.0018706015544012193 -0.03163039311766624 -0.09114585816860198
v 0.004514997359365226 -0.030325928702950474 -0.09214726090431212
v 0.010242844931781294 -0.029896941035985943 -0.09116115421056746
v 0.010242844931781294 -0.029896941035985943 -0.09116115421056746
v 0.004514997359365226 -0.030325928702950474 -0.09214726090431212
v 0.012763570994138721 -0.027805538848042485 -0.09214726835489272
v -0.019288683310151104 -0.025022964924573895 -0.0911319777369499
v -0.015986796468496326 -0.026065429672598835 -0.09214722365140914
v -0.013374918140470985 -0.028630986809730526 -0.09114559739828108
v -0.013374918140470985 -0.028630986809730526 -0.09114559739828108
v -0.015986796468496326 -0.026065429672598835 -0.09214722365140914
v -0.009734911844134332 -0.029040150344371792 -0.09214724600315093
v -0.013374918140470985 -0.028630986809730526 -0.09114559739828108
v -0.009734911844134332 -0.029040150344371792 -0.09214724600315093
v -0.006789792794734241 -0.030867146328091618 -0.0911319777369499
v -0.006789792794734241 -0.030867146328091618 -0.0911319777369499
v -0.009734911844134332 -0.029040150344371792 -0.09214724600315093
v -0.0033589135855436334 -0.030400620773434636 -0.0921473205089569
v -0.02317534387111664 -0.021393043920397755 -0.09114715456962584
v -0.02125242911279202 -0.021887915208935734 -0.09217511117458342
v -0.019288683310151104 -0.025022964924573895 -0.0911319777369499
v -0.019288683310151104 -0.025022964924573895 -0.0911319777369499
v -0.02125242911279202 -0.021887915208935734 -0.09217511117458342
v -0.015986796468496326 -0.026065429672598835 -0.09214722365140914
v -0.025583103299140937 -0.016773335635662075 -0.09214725345373152
v -0.02125242911279202 -0.021887915208935734 -0.09217511117458342
v -0.02317534387111664 -0.021393043920397755 -0.09114715456962584
v -0.03153249993920327 -0.0010405237553641198 -0.09113196283578871
v -0.030515044927597053 -0.002247044816613197 -0.09214749932289122
v -0.030558072030544288 -0.007898923009634016 -0.09114558994770049
v -0.030558072030544288 -0.007898923009634016 -0.09114558994770049
v -0.030515044927597053 -0.002247044816613197 -0.09214749932289122
v -0.028706056997179992 -0.01048830710351467 -0.09214726835489272
v -0.030558072030544288 -0.007898923009634016 -0.09114558994770049
v -0.028706056997179992 -0.01048830710351467 -0.09214726835489272
v -0.02738971076905728 -0.015872456133365628 -0.09111610800027846
v -0.02738971076905728 -0.015872456133365628 -0.09111610800027846
v -0.028706056997179992 -0.01048830710351467 -0.09214726835489272
v -0.025583103299140937 -0.016773335635662075 -0.09214725345373152
v -0.02738971076905728 -0.015872456133365628 -0.09111610800027846
v -0.025583103299140937 -0.016773335635662075 -0.09214725345373152
v -0.02317534387111664 -0.021393043920397755 -0.09114715456962584
v -0.025486467406153686 0.018533956259489056 -0.09113194048404692
v -0.02729554101824761 0.013753958977758883 -0.09214746952056883
v -0.028930138796567924 0.012522984296083449 -0.09114559739828108
v -0.028930138796567924 0.012522984296083449 -0.09114559739828108
v -0.02729554101824761 0.013753958977758883 -0.09214746952056883
v -0.029916824772953994 0.006088543217629193 -0.09214726835489272
v -0.028930138796567924 0.012522984296083449 -0.09114559739828108
v -0.029916824772953994 0.006088543217629193 -0.09214726835489272
v -0.030981330201029784 0.00589223438873887 -0.09114558994770049
v -0.030981330201029784 0.00589223438873887 -0.09114558994770049
v -0.029916824772953994 0.006088543217629193 -0.09214726835489272
v -0.030515044927597053 -0.002247044816613197 -0.09214749932289122
v -0.030981330201029784 0.00589223438873887 -0.09114558994770049
v -0.030515044927597053 -0.002247044816613197 -0.09214749932289122
v -0.03153249993920327 -0.0010405237553641198 -0.09113196283578871
v -0.020718941465020183 0.02373106218874454 -0.09114746004343031
v -0.02215814031660557 0.020757017657160756 -0.09220994263887404
v -0.025486467406153686 0.018533956259489056 -0.09113194048404692
v -0.025486467406153686 0.018533956259489056 -0.09113194048404692
v -0.02215814031660557 0.020757017657160756 -0.09220994263887404
v -0.02729554101824761 0.013753958977758883 -0.09214746952056883
v -0.020718941465020183 0.02373106218874454 -0.09114746004343031
v -0.01844315975904465 0.024335924535989758 -0.09214738011360167
v -0.02215814031660557 0.020757017657160756 -0.09220994263887404
v -0.00869319122284651 0.03026718087494373 -0.09113196283578871
v -0.011487962678074838 0.028224216774106022 -0.09214717149734496
v -0.01510211452841759 0.02763894200325012 -0.09114563465118407
v -0.01510211452841759 0.02763894200325012 -0.09114563465118407
v -0.011487962678074838 0.028224216774106022 -0.09214717149734496
v -0.01844315975904465 0.024335924535989758 -0.09214738011360167
v -0.01510211452841759 0.02763894200325012 -0.09114563465118407
v -0.01844315975904465 0.024335924535989758 -0.09214738011360167
v -0.020718941465020183 0.02373106218874454 -0.09114746004343031
v 0.005250738933682443 0.031048204749822613 -0.09117058664560317
v 0.008656321093440058 0.029207160696387287 -0.09214726090431212
v 0.001979124499484897 0.030418431386351582 -0.09214723110198973
v 0.005250738933682443 0.031048204749822613 -0.09117058664560317
v 0.001979124499484897 0.030418431386351582 -0.09214723110198973
v -0.0018374908249825244 0.03143487498164176 -0.09114558249711989
v -0.0018374908249825244 0.03143487498164176 -0.09114558249711989
v 0.001979124499484897 0.030418431386351582 -0.09214723110198973
v -0.005232891533523799 0.03006227314472198 -0.09214723110198973
v -0.0018374908249825244 0.03143487498164176 -0.09114558249711989
v -0.005232891533523799 0.03006227314472198 -0.09214723110198973
v -0.00869319122284651 0.03026718087494373 -0.09113196283578871
v -0.00869319122284651 0.03026718087494373 -0.09113196283578871
v -0.005232891533523799 0.03006227314472198 -0.09214723110198973
v -0.011487962678074838 0.028224216774106022 -0.09214717149734496
v 0.005250738933682443 0.031048204749822613 -0.09117058664560317
v -0.0018374908249825244 0.03143487498164176 -0.09114558249711989
v 0.001634635380469263 0.031398829072713845 -0.08364126831293105
v 0.005250738933682443 0.031048204749822613 -0.09117058664560317
v 0.001634635380469263 0.031398829072713845 -0.08364126831293105
v 0.006790440529584886 0.030722849071025845 -0.08364862948656081
v 0.005250738933682443 0.031048204749822613 -0.09117058664560317
v 0.006790440529584886 0.030722849071025845 -0.08364862948656081
v 0.011870865710079673 0.02916954085230827 -0.09112822264432906
v 0.006790440529584886 0.030722849071025845 -0.08364862948656081
v 0.012854645960032943 0.028742207214236256 -0.08363257348537444
v 0.011870865710079673 0.02916954085230827 -0.09112822264432906
v 0.011870865710079673 0.02916954085230827 -0.09112822264432906
v 0.012854645960032943 0.028742207214236256 -0.08363257348537444
v 0.018033854663372043 0.02582534588873386 -0.09115725755691527
v 0.012854645960032943 0.028742207214236256 -0.08363257348537444
v 0.017862170934677127 0.025887185707688328 -0.08364120870828627
v 0.018033854663372043 0.02582534588873386 -0.09115725755691527
v 0.018033854663372043 0.02582534588873386 -0.09115725755691527
v 0.017862170934677127 0.025887185707688328 -0.08364120870828627
v 0.02190138027071953 0.022611498832702633 -0.08364851772785185
v 0.018033854663372043 0.02582534588873386 -0.09115725755691527
v 0.02190138027071953 0.022611498832702633 -0.08364851772785185
v 0.023276578634977344 0.02123472839593887 -0.09114564210176467
v 0.02190138027071953 0.022611498832702633 -0.08364851772785185
v 0.025225309655070312 0.01880156062543392 -0.08363994956016539
v 0.023276578634977344 0.02123472839593887 -0.09114564210176467
v 0.023276578634977344 0.02123472839593887 -0.09114564210176467
v 0.025225309655070312 0.01880156062543392 -0.08363994956016539
v 0.028160268440842635 0.014336618594825266 -0.09114585071802138
v 0.025225309655070312 0.01880156062543392 -0.08363994956016539
v 0.02791722677648068 0.014617824926972387 -0.08365382254123686
v 0.028160268440842635 0.014336618594825266 -0.09114585071802138
v 0.02791722677648068 0.014617824926972387 -0.08365382254123686
v 0.030450765043497093 0.008152919821441172 -0.08365376293659209
v 0.028160268440842635 0.014336618594825266 -0.09114585071802138
v 0.028160268440842635 0.014336618594825266 -0.09114585071802138
v 0.030450765043497093 0.008152919821441172 -0.08365376293659209
v 0.030942844226956374 0.006085711997002362 -0.09114561975002287
v 0.030450765043497093 0.008152919821441172 -0.08365376293659209
v 0.03136568516492844 0.0028089350089430805 -0.08364012837409972
v 0.030942844226956374 0.006085711997002362 -0.09114561975002287
v 0.030942844226956374 0.006085711997002362 -0.09114561975002287
v 0.03136568516492844 0.0028089350089430805 -0.08364012837409972
v 0.03148727864027024 0.0008089558104984461 -0.09114718437194823
v 0.03136568516492844 0.0028089350089430805 -0.08364012837409972
v 0.031469292938709266 -0.0021700100041925903 -0.08365386724472045
v 0.03148727864027024 0.0008089558104984461 -0.09114718437194823
v 0.03148727864027024 0.0008089558104984461 -0.09114718437194823
v 0.031469292938709266 -0.0021700100041925903 -0.08365386724472045
v 0.03103963844478131 -0.0061221872456371776 -0.09111613780260085
v 0.031469292938709266 -0.0021700100041925903 -0.08365386724472045
v 0.03024228289723397 -0.009008053690195082 -0.0836537331342697
v 0.03103963844478131 -0.0061221872456371776 -0.09111613780260085
v 0.03103963844478131 -0.0061221872456371776 -0.09111613780260085
v 0.03024228289723397 -0.009008053690195082 -0.0836537331342697
v 0.028192387893795974 -0.014215510338544844 -0.09114562720060347
v 0.03024228289723397 -0.009008053690195082 -0.0836537331342697
v 0.028227580711245544 -0.014031621627509592 -0.08364033699035643
v 0.028192387893795974 -0.014215510338544844 -0.09114562720060347
v 0.028227580711245544 -0.014031621627509592 -0.08364033699035643
v 0.02570681460201741 -0.018332816660404202 -0.08365394920110701
v 0.028192387893795974 -0.014215510338544844 -0.09114562720060347
v 0.028192387893795974 -0.014215510338544844 -0.09114562720060347
v 0.02570681460201741 -0.018332816660404202 -0.08365394920110701
v 0.024423196911811836 -0.020027214661240574 -0.09113197028636931
v 0.02570681460201741 -0.018332816660404202 -0.08365394920110701
v 0.02107840590178967 -0.023519322276115414 -0.08365369588136672
v 0.024423196911811836 -0.020027214661240574 -0.09113197028636931
v 0.024423196911811836 -0.020027214661240574 -0.09113197028636931
v 0.02107840590178967 -0.023519322276115414 -0.08365369588136672
v 0.02068707719445229 -0.02381304837763309 -0.09114717692136763
v 0.02068707719445229 -0.02381304837763309 -0.09114717692136763
v 0.02107840590178967 -0.023519322276115414 -0.08365369588136672
v 0.016603911295533184 -0.02688311971724033 -0.09114564210176467
v 0.02107840590178967 -0.023519322276115414 -0.08365369588136672
v 0.015627048909664158 -0.027455741539597508 -0.08363334089517592
v 0.016603911295533184 -0.02688311971724033 -0.09114564210176467
v 0.016603911295533184 -0.02688311971724033 -0.09114564210176467
v 0.015627048909664158 -0.027455741539597508 -0.08363334089517592
v 0.010242844931781294 -0.029896941035985943 -0.09116115421056746
v 0.015627048909664158 -0.027455741539597508 -0.08363334089517592
v 0.010346268303692343 -0.029811942949891087 -0.08364077657461165
v 0.010242844931781294 -0.029896941035985943 -0.09116115421056746
v 0.010242844931781294 -0.029896941035985943 -0.09116115421056746
v 0.010346268303692343 -0.029811942949891087 -0.08364077657461165
v 0.003909728024154902 -0.03135618567466735 -0.08364642411470412
v 0.010242844931781294 -0.029896941035985943 -0.09116115421056746
v 0.003909728024154902 -0.03135618567466735 -0.08364642411470412
v 0.0018706015544012193 -0.03163039311766624 -0.09114585816860198
v 0.003909728024154902 -0.03135618567466735 -0.08364642411470412
v -0.004396109841763974 -0.03130612894892692 -0.08365152031183241
v 0.0018706015544012193 -0.03163039311766624 -0.09114585816860198
v 0.0018706015544012193 -0.03163039311766624 -0.09114585816860198
v -0.004396109841763974 -0.03130612894892692 -0.08365152031183241
v -0.006789792794734241 -0.030867146328091618 -0.0911319777369499
v -0.004396109841763974 -0.03130612894892692 -0.08365152031183241
v -0.011412039399147035 -0.029460875317454335 -0.08365358412265776
v -0.006789792794734241 -0.030867146328091618 -0.0911319777369499
v -0.006789792794734241 -0.030867146328091618 -0.0911319777369499
v -0.011412039399147035 -0.029460875317454335 -0.08365358412265776
v -0.013374918140470985 -0.028630986809730526 -0.09114559739828108
v -0.011412039399147035 -0.029460875317454335 -0.08365358412265776
v -0.016239777207374576 -0.02704660780727863 -0.08363707363605498
v -0.013374918140470985 -0.028630986809730526 -0.09114559739828108
v -0.013374918140470985 -0.028630986809730526 -0.09114559739828108
v -0.016239777207374576 -0.02704660780727863 -0.08363707363605498
v -0.019288683310151104 -0.025022964924573895 -0.0911319777369499
v -0.016239777207374576 -0.02704660780727863 -0.08363707363605498
v -0.02032200433313847 -0.024179607629775998 -0.08365406095981597
v -0.019288683310151104 -0.025022964924573895 -0.0911319777369499
v -0.019288683310151104 -0.025022964924573895 -0.0911319777369499
v -0.02032200433313847 -0.024179607629775998 -0.08365406095981597
v -0.02317534387111664 -0.021393043920397755 -0.09114715456962584
v -0.02032200433313847 -0.024179607629775998 -0.08365406095981597
v -0.025116885080933578 -0.01913405396044254 -0.08365345746278761
v -0.02317534387111664 -0.021393043920397755 -0.09114715456962584
v -0.02317534387111664 -0.021393043920397755 -0.09114715456962584
v -0.025116885080933578 -0.01913405396044254 -0.08365345746278761
v -0.02738971076905728 -0.015872456133365628 -0.09111610800027846
v -0.025116885080933578 -0.01913405396044254 -0.08365345746278761
v -0.027962530031800277 -0.014556203968822954 -0.0836372673511505
v -0.02738971076905728 -0.015872456133365628 -0.09111610800027846
v -0.027962530031800277 -0.014556203968822954 -0.0836372673511505
v -0.029942294582724578 -0.00997093506157398 -0.08365411311388014
v -0.02738971076905728 -0.015872456133365628 -0.09111610800027846
v -0.02738971076905728 -0.015872456133365628 -0.09111610800027846
v -0.029942294582724578 -0.00997093506157398 -0.08365411311388014
v -0.030558072030544288 -0.007898923009634016 -0.09114558994770049
v -0.029942294582724578 -0.00997093506157398 -0.08365411311388014
v -0.0313916988670826 -0.0031252193730324502 -0.08365352451801299
v -0.030558072030544288 -0.007898923009634016 -0.09114558994770049
v -0.030558072030544288 -0.007898923009634016 -0.09114558994770049
v -0.0313916988670826 -0.0031252193730324502 -0.08365352451801299
v -0.03153249993920327 -0.0010405237553641198 -0.09113196283578871
v -0.0313916988670826 -0.0031252193730324502 -0.08365352451801299
v -0.031302589923143394 0.0037992999423295255 -0.08365388214588164
v -0.03153249993920327 -0.0010405237553641198 -0.09113196283578871
v -0.03153249993920327 -0.0010405237553641198 -0.09113196283578871
v -0.031302589923143394 0.0037992999423295255 -0.08365388214588164
v -0.030981330201029784 0.00589223438873887 -0.09114558994770049
v -0.031302589923143394 0.0037992999423295255 -0.08365388214588164
v -0.029754964634776122 0.01040065102279186 -0.08363226056098937
v -0.030981330201029784 0.00589223438873887 -0.09114558994770049
v -0.030981330201029784 0.00589223438873887 -0.09114558994770049
v -0.029754964634776122 0.01040065102279186 -0.08363226056098937
v -0.028930138796567924 0.012522984296083449 -0.09114559739828108
v -0.029754964634776122 0.01040065102279186 -0.08363226056098937
v -0.02732533775269986 0.015612804330885409 -0.08364146947860716
v -0.028930138796567924 0.012522984296083449 -0.09114559739828108
v -0.028930138796567924 0.012522984296083449 -0.09114559739828108
v -0.02732533775269986 0.015612804330885409 -0.08364146947860716
v -0.025486467406153686 0.018533956259489056 -0.09113194048404692
v -0.025486467406153686 0.018533956259489056 -0.09113194048404692
v -0.02732533775269986 0.015612804330885409 -0.08364146947860716
v -0.02439387701451779 0.019905680790543553 -0.08364897221326827
v -0.025486467406153686 0.018533956259489056 -0.09113194048404692
v -0.02439387701451779 0.019905680790543553 -0.08364897221326827
v -0.020718941465020183 0.02373106218874454 -0.09114746004343031
v -0.02439387701451779 0.019905680790543553 -0.08364897221326827
v -0.019878666847944263 0.024427732452750203 -0.08363231271505354
v -0.020718941465020183 0.02373106218874454 -0.09114746004343031
v -0.020718941465020183 0.02373106218874454 -0.09114746004343031
v -0.019878666847944263 0.024427732452750203 -0.08363231271505354
v -0.01510211452841759 0.02763894200325012 -0.09114563465118407
v -0.019878666847944263 0.024427732452750203 -0.08363231271505354
v -0.015076810494065288 0.02759897336363792 -0.0836413726210594
v -0.01510211452841759 0.02763894200325012 -0.09114563465118407
v -0.01510211452841759 0.02763894200325012 -0.09114563465118407
v -0.015076810494065288 0.02759897336363792 -0.0836413726210594
v -0.010330743156373503 0.029722187668085095 -0.08364880830049513
v -0.01510211452841759 0.02763894200325012 -0.09114563465118407
v -0.010330743156373503 0.029722187668085095 -0.08364880830049513
v -0.00869319122284651 0.03026718087494373 -0.09113196283578871
v -0.010330743156373503 0.029722187668085095 -0.08364880830049513
v -0.0041216686367988595 0.031210299581289288 -0.08363246172666548
v -0.00869319122284651 0.03026718087494373 -0.09113196283578871
v -0.00869319122284651 0.03026718087494373 -0.09113196283578871
v -0.0041216686367988595 0.031210299581289288 -0.08363246172666548
v -0.0018374908249825244 0.03143487498164176 -0.09114558249711989
v -0.0018374908249825244 0.03143487498164176 -0.09114558249711989
v -0.0041216686367988595 0.031210299581289288 -0.08363246172666548
v 0.001634635380469263 0.031398829072713845 -0.08364126831293105
v 0.004950382746756078 0.02769236825406551 -0.061900880187749856
v 0.004877571482211352 0.03068764880299568 -0.061682146042585366
v 0.003791354130953551 0.03068764880299568 -0.05935912206768989
v 0.004950382746756078 0.02769236825406551 -0.061900880187749856
v 0.003791354130953551 0.03068764880299568 -0.05935912206768989
v 0.004343986976891757 0.02769302017986774 -0.060030274093151086
v 0.004343986976891757 0.02769302017986774 -0.060030274093151086
v 0.003791354130953551 0.03068764880299568 -0.05935912206768989
v 0.0027416574303060774 0.027738228440284726 -0.05836999416351318
v 0.0027416574303060774 0.027738228440284726 -0.05836999416351318
v 0.003791354130953551 0.03068764880299568 -0.05935912206768989
v 0.0014399627689272167 0.03068764880299568 -0.05776889249682426
v 0.0027416574303060774 0.027738228440284726 -0.05836999416351318
v 0.0014399627689272167 0.03068764880299568 -0.05776889249682426
v 0.0013943453086540105 0.027687998488545414 -0.05777116492390632
v 0.0013943453086540105 0.027687998488545414 -0.05777116492390632
v 0.0014399627689272167 0.03068764880299568 -0.05776889249682426
v -8.970238809524746e-07 0.03068764880299568 -0.0576377511024475
v 0.0013943453086540105 0.027687998488545414 -0.05777116492390632
v -8.970238809524746e-07 0.03068764880299568 -0.0576377511024475
v -0.0013309953501448037 0.02768759615719318 -0.05776191130280494
v -0.0013309953501448037 0.02768759615719318 -0.05776191130280494
v -8.970238809524746e-07 0.03068764880299568 -0.0576377511024475
v -0.001058683847077191 0.03068764694035053 -0.05772905051708221
v -0.0013309953501448037 0.02768759615719318 -0.05776191130280494
v -0.001058683847077191 0.03068764694035053 -0.05772905051708221
v -0.003188802860677243 0.03068764694035053 -0.058755878359079354
v -0.0013309953501448037 0.02768759615719318 -0.05776191130280494
v -0.003188802860677243 0.03068764694035053 -0.058755878359079354
v -0.003242150181904436 0.02769096568226814 -0.058722835034132
v -0.003242150181904436 0.02769096568226814 -0.058722835034132
v -0.003188802860677243 0.03068764694035053 -0.058755878359079354
v -0.0048278658650815496 0.03068764694035053 -0.06125734373927116
v -0.003242150181904436 0.02769096568226814 -0.058722835034132
v -0.0048278658650815496 0.03068764694035053 -0.06125734373927116
v -0.004513275343924762 0.027691006660461422 -0.0604347139596939
v -0.004513275343924762 0.027691006660461422 -0.0604347139596939
v -0.0048278658650815496 0.03068764694035053 -0.06125734373927116
v -0.004963744897395373 0.027691006660461422 -0.06210563331842422
v -0.004963744897395373 0.027691006660461422 -0.06210563331842422
v -0.0048278658650815496 0.03068764694035053 -0.06125734373927116
v -0.004753496032208205 0.03068764694035053 -0.06383103877305983
v -0.004963744897395373 0.027691006660461422 -0.06210563331842422
v -0.004753496032208205 0.03068764694035053 -0.06383103877305983
v -0.00470317853614688 0.027690956369042393 -0.06428568810224532
v -0.00470317853614688 0.027690956369042393 -0.06428568810224532
v -0.004753496032208205 0.03068764694035053 -0.06383103877305983
v -0.003792041679844261 0.03068764694035053 -0.06573595851659773
v -0.00470317853614688 0.027690956369042393 -0.06428568810224532
v -0.003792041679844261 0.03068764694035053 -0.06573595851659773
v -0.0035292364191263923 0.027691006660461422 -0.06606572121381758
v -0.0035292364191263923 0.027691006660461422 -0.06606572121381758
v -0.003792041679844261 0.03068764694035053 -0.06573595851659773
v -0.0014406263362616303 0.03068764694035053 -0.06732619553804396
v -0.0035292364191263923 0.027691006660461422 -0.06606572121381758
v -0.0014406263362616303 0.03068764694035053 -0.06732619553804396
v -0.0015767004806548361 0.02768795751035213 -0.0673113390803337
v -0.0015767004806548361 0.02768795751035213 -0.0673113390803337
v -0.0014406263362616303 0.03068764694035053 -0.06732619553804396
v 2.0635889086406683e-07 0.03068764694035053 -0.06745732575654982
v -0.0015767004806548361 0.02768795751035213 -0.0673113390803337
v 2.0635889086406683e-07 0.03068764694035053 -0.06745732575654982
v 0.0014085166621953251 0.03068764880299568 -0.06733225286006926
v -0.0015767004806548361 0.02768795751035213 -0.0673113390803337
v 0.0014085166621953251 0.03068764880299568 -0.06733225286006926
v 0.0016515896422788505 0.027688186615705487 -0.06729711592197417
v 0.0016515896422788505 0.027688186615705487 -0.06729711592197417
v 0.0014085166621953251 0.03068764880299568 -0.06733225286006926
v 0.0037980705965310344 0.03068764880299568 -0.06572796404361723
v 0.0016515896422788505 0.027688186615705487 -0.06729711592197417
v 0.0037980705965310344 0.03068764880299568 -0.06572796404361723
v 0.003621475538238884 0.027753008529543873 -0.06600081175565718
v 0.003621475538238884 0.027753008529543873 -0.06600081175565718
v 0.0037980705965310344 0.03068764880299568 -0.06572796404361723
v 0.004719481337815524 0.02769096009433269 -0.06423900276422499
v 0.004719481337815524 0.02769096009433269 -0.06423900276422499
v 0.0037980705965310344 0.03068764880299568 -0.06572796404361723
v 0.004757755436003209 0.03068764880299568 -0.06381256133317946
v 0.004719481337815524 0.02769096009433269 -0.06423900276422499
v 0.004757755436003209 0.03068764880299568 -0.06381256133317946
v 0.004877571482211352 0.03068764880299568 -0.061682146042585366
v 0.004719481337815524 0.02769096009433269 -0.06423900276422499
v 0.004877571482211352 0.03068764880299568 -0.061682146042585366
v 0.004950382746756078 0.02769236825406551 -0.061900880187749856
v 0.013051242567598823 -0.02829838171601295 -0.08315658569335936
v 0.010346268303692343 -0.029811942949891087 -0.08364077657461165
v 0.015627048909664158 -0.027455741539597508 -0.08363334089517592
v 0.013051242567598823 -0.02829838171601295 -0.08315658569335936
v 0.015627048909664158 -0.027455741539597508 -0.08363334089517592
v 0.01626164093613625 -0.026547662913799282 -0.0831463187932968
v 0.01626164093613625 -0.026547662913799282 -0.0831463187932968
v 0.015627048909664158 -0.027455741539597508 -0.08363334089517592
v 0.019272871315479282 -0.02447876892983913 -0.08315242081880568
v 0.019272871315479282 -0.02447876892983913 -0.08315242081880568
v 0.015627048909664158 -0.027455741539597508 -0.08363334089517592
v 0.02107840590178967 -0.023519322276115414 -0.08365369588136672
v 0.019272871315479282 -0.02447876892983913 -0.08315242081880568
v 0.02107840590178967 -0.023519322276115414 -0.08365369588136672
v 0.022840684279799465 -0.021178590133786198 -0.08314242213964461
v 0.022840684279799465 -0.021178590133786198 -0.08314242213964461
v 0.02107840590178967 -0.023519322276115414 -0.08365369588136672
v 0.02570681460201741 -0.018332816660404202 -0.08365394920110701
v 0.022840684279799465 -0.021178590133786198 -0.08314242213964461
v 0.02570681460201741 -0.018332816660404202 -0.08365394920110701
v 0.025870481505990035 -0.01733487099409103 -0.083154059946537
v 0.025870481505990035 -0.01733487099409103 -0.083154059946537
v 0.02570681460201741 -0.018332816660404202 -0.08365394920110701
v 0.027671407908201225 -0.014223519712686537 -0.08315776288509368
v 0.027671407908201225 -0.014223519712686537 -0.08315776288509368
v 0.02570681460201741 -0.018332816660404202 -0.08365394920110701
v 0.028227580711245544 -0.014031621627509592 -0.08364033699035643
v 0.027671407908201225 -0.014223519712686537 -0.08315776288509368
v 0.028227580711245544 -0.014031621627509592 -0.08364033699035643
v 0.029191806912422187 -0.010810574516654013 -0.08315255492925643
v 0.029191806912422187 -0.010810574516654013 -0.08315255492925643
v 0.028227580711245544 -0.014031621627509592 -0.08364033699035643
v 0.03024228289723397 -0.009008053690195082 -0.0836537331342697
v 0.029191806912422187 -0.010810574516654013 -0.08315255492925643
v 0.03024228289723397 -0.009008053690195082 -0.0836537331342697
v 0.030516399070620544 -0.006145739927887916 -0.08316760510206221
v 0.030516399070620544 -0.006145739927887916 -0.08316760510206221
v 0.03024228289723397 -0.009008053690195082 -0.0836537331342697
v 0.031469292938709266 -0.0021700100041925903 -0.08365386724472045
v 0.03136568516492844 0.0028089350089430805 -0.08364012837409972
v 0.031085379421710975 0.0011504716239869592 -0.0831424444913864
v 0.031469292938709266 -0.0021700100041925903 -0.08365386724472045
v 0.031469292938709266 -0.0021700100041925903 -0.08365386724472045
v 0.031085379421710975 0.0011504716239869592 -0.0831424444913864
v 0.030943321064114578 -0.0031532587017863985 -0.08314060419797896
v 0.031469292938709266 -0.0021700100041925903 -0.08365386724472045
v 0.030943321064114578 -0.0031532587017863985 -0.08314060419797896
v 0.030516399070620544 -0.006145739927887916 -0.08316760510206221
v 0.031085379421710975 0.0011504716239869592 -0.0831424444913864
v 0.03136568516492844 0.0028089350089430805 -0.08364012837409972
v 0.030507816001772887 0.006026112940162419 -0.08315268158912657
v 0.030507816001772887 0.006026112940162419 -0.08315268158912657
v 0.03136568516492844 0.0028089350089430805 -0.08364012837409972
v 0.030450765043497093 0.008152919821441172 -0.08365376293659209
v 0.030507816001772887 0.006026112940162419 -0.08315268158912657
v 0.030450765043497093 0.008152919821441172 -0.08365376293659209
v 0.029187159612774856 0.010703966021537779 -0.08314246684312819
v 0.029187159612774856 0.010703966021537779 -0.08314246684312819
v 0.030450765043497093 0.008152919821441172 -0.08365376293659209
v 0.02791722677648068 0.014617824926972387 -0.08365382254123686
v 0.025225309655070312 0.01880156062543392 -0.08363994956016539
v 0.025185501202940948 0.018162848427891728 -0.08315787464380263
v 0.02791722677648068 0.014617824926972387 -0.08365382254123686
v 0.02791722677648068 0.014617824926972387 -0.08365382254123686
v 0.025185501202940948 0.018162848427891728 -0.08315787464380263
v 0.027138466015458114 0.015147598460316656 -0.0831543132662773
v 0.02791722677648068 0.014617824926972387 -0.08365382254123686
v 0.027138466015458114 0.015147598460316656 -0.0831543132662773
v 0.029187159612774856 0.010703966021537779 -0.08314246684312819
v 0.025185501202940948 0.018162848427891728 -0.08315787464380263
v 0.025225309655070312 0.01880156062543392 -0.08363994956016539
v 0.022833060473203663 0.02106940001249313 -0.08315280824899672
v 0.022833060473203663 0.02106940001249313 -0.08315280824899672
v 0.025225309655070312 0.01880156062543392 -0.08363994956016539
v 0.02190138027071953 0.022611498832702633 -0.08364851772785185
v 0.022833060473203663 0.02106940001249313 -0.08315280824899672
v 0.02190138027071953 0.022611498832702633 -0.08364851772785185
v 0.01926221512258053 0.02436856552958488 -0.08314247429370879
v 0.01926221512258053 0.02436856552958488 -0.08314247429370879
v 0.02190138027071953 0.022611498832702633 -0.08364851772785185
v 0.017862170934677127 0.025887185707688328 -0.08364120870828627
v 0.012854645960032943 0.028742207214236256 -0.08363257348537444
v 0.011954948306083683 0.02863652817904949 -0.08315791189670561
v 0.015193847008049492 0.027086729183793064 -0.08315433561801909
v 0.012854645960032943 0.028742207214236256 -0.08363257348537444
v 0.015193847008049492 0.027086729183793064 -0.08315433561801909
v 0.017862170934677127 0.025887185707688328 -0.08364120870828627
v 0.017862170934677127 0.025887185707688328 -0.08364120870828627
v 0.015193847008049492 0.027086729183793064 -0.08315433561801909
v 0.01926221512258053 0.02436856552958488 -0.08314247429370879
v 0.011954948306083683 0.02863652817904949 -0.08315791189670561
v 0.012854645960032943 0.028742207214236256 -0.08363257348537444
v 0.008429606445133688 0.029886081814765927 -0.08315295726060866
v 0.008429606445133688 0.029886081814765927 -0.08315295726060866
v 0.012854645960032943 0.028742207214236256 -0.08363257348537444
v 0.006790440529584886 0.030722849071025845 -0.08364862948656081
v 0.008429606445133688 0.029886081814765927 -0.08315295726060866
v 0.006790440529584886 0.030722849071025845 -0.08364862948656081
v 0.004752556327730418 0.03066226094961166 -0.08315701037645339
v 0.004752556327730418 0.03066226094961166 -0.08315701037645339
v 0.006790440529584886 0.030722849071025845 -0.08364862948656081
v 0.0002583012392278761 0.03117876127362251 -0.08332999795675276
v 0.0002583012392278761 0.03117876127362251 -0.08332999795675276
v 0.006790440529584886 0.030722849071025845 -0.08364862948656081
v 0.001634635380469263 0.031398829072713845 -0.08364126831293105
v -0.0041216686367988595 0.031210299581289288 -0.08363246172666548
v -0.0035800756886601457 0.03099100105464458 -0.08337637037038802
v 0.001634635380469263 0.031398829072713845 -0.08364126831293105
v 0.001634635380469263 0.031398829072713845 -0.08364126831293105
v -0.0035800756886601457 0.03099100105464458 -0.08337637037038802
v 0.0002583012392278761 0.03117876127362251 -0.08332999795675276
v -0.0035800756886601457 0.03099100105464458 -0.08337637037038802
v -0.0041216686367988595 0.031210299581289288 -0.08363246172666548
v -0.008458500728011133 0.029878085479140278 -0.0831530839204788
v -0.008458500728011133 0.029878085479140278 -0.0831530839204788
v -0.0041216686367988595 0.031210299581289288 -0.08363246172666548
v -0.010330743156373503 0.029722187668085095 -0.08364880830049513
v -0.008458500728011133 0.029878085479140278 -0.0831530839204788
v -0.010330743156373503 0.029722187668085095 -0.08364880830049513
v -0.01199854072183371 0.028619021177291867 -0.08315703272819518
v -0.01199854072183371 0.028619021177291867 -0.08315703272819518
v -0.010330743156373503 0.029722187668085095 -0.08364880830049513
v -0.015211528167128566 0.02707806974649429 -0.08315316587686537
v -0.015211528167128566 0.02707806974649429 -0.08315316587686537
v -0.010330743156373503 0.029722187668085095 -0.08364880830049513
v -0.015076810494065288 0.02759897336363792 -0.0836413726210594
v -0.019878666847944263 0.024427732452750203 -0.08363231271505354
v -0.0192493349313736 0.024379894137382504 -0.08314308524131774
v -0.015076810494065288 0.02759897336363792 -0.0836413726210594
v -0.015076810494065288 0.02759897336363792 -0.0836413726210594
v -0.0192493349313736 0.024379894137382504 -0.08314308524131774
v -0.015211528167128566 0.02707806974649429 -0.08315316587686537
v -0.0192493349313736 0.024379894137382504 -0.08314308524131774
v -0.019878666847944263 0.024427732452750203 -0.08363231271505354
v -0.022853525355458263 0.02104784548282623 -0.08315320312976836
v -0.022853525355458263 0.02104784548282623 -0.08315320312976836
v -0.019878666847944263 0.024427732452750203 -0.08363231271505354
v -0.02439387701451779 0.019905680790543553 -0.08364897221326827
v -0.022853525355458263 0.02104784548282623 -0.08315320312976836
v -0.02439387701451779 0.019905680790543553 -0.08364897221326827
v -0.025213913992047317 0.01812506280839443 -0.08315704762935637
v -0.025213913992047317 0.01812506280839443 -0.08315704762935637
v -0.02439387701451779 0.019905680790543553 -0.08364897221326827
v -0.027149599045515067 0.015130420215427874 -0.08315337449312209
v -0.027149599045515067 0.015130420215427874 -0.08315337449312209
v -0.02439387701451779 0.019905680790543553 -0.08364897221326827
v -0.02732533775269986 0.015612804330885409 -0.08364146947860716
v -0.029754964634776122 0.01040065102279186 -0.08363226056098937
v -0.029182080179452903 0.010721067897975443 -0.08314324170351027
v -0.02732533775269986 0.015612804330885409 -0.08364146947860716
v -0.02732533775269986 0.015612804330885409 -0.08364146947860716
v -0.029182080179452903 0.010721067897975443 -0.08314324170351027
v -0.027149599045515067 0.015130420215427874 -0.08315337449312209
v -0.029182080179452903 0.010721067897975443 -0.08314324170351027
v -0.029754964634776122 0.01040065102279186 -0.08363226056098937
v -0.03051401302218438 0.00599748222157359 -0.0831533446907997
v -0.03051401302218438 0.00599748222157359 -0.0831533446907997
v -0.029754964634776122 0.01040065102279186 -0.08363226056098937
v -0.031302589923143394 0.0037992999423295255 -0.08365388214588164
v -0.03051401302218438 0.00599748222157359 -0.0831533446907997
v -0.031302589923143394 0.0037992999423295255 -0.08365388214588164
v -0.03098899498581887 0.002350738504901528 -0.08314563333988188
v -0.03098899498581887 0.002350738504901528 -0.08314563333988188
v -0.031302589923143394 0.0037992999423295255 -0.08365388214588164
v -0.031086811795830734 -0.0012708902359008787 -0.08315557986497878
v -0.031086811795830734 -0.0012708902359008787 -0.08315557986497878
v -0.031302589923143394 0.0037992999423295255 -0.08365388214588164
v -0.0313916988670826 -0.0031252193730324502 -0.08365352451801299
v -0.029942294582724578 -0.00997093506157398 -0.08365411311388014
v -0.030512278899550445 -0.0061234370805323115 -0.08314214646816252
v -0.0313916988670826 -0.0031252193730324502 -0.08365352451801299
v -0.0313916988670826 -0.0031252193730324502 -0.08365352451801299
v -0.030512278899550445 -0.0061234370805323115 -0.08314214646816252
v -0.031086811795830734 -0.0012708902359008787 -0.08315557986497878
v -0.027962530031800277 -0.014556203968822954 -0.0836372673511505
v -0.02765051275491715 -0.014266317710280417 -0.08315706253051756
v -0.029942294582724578 -0.00997093506157398 -0.08365411311388014
v -0.029942294582724578 -0.00997093506157398 -0.08365411311388014
v -0.02765051275491715 -0.014266317710280417 -0.08315706253051756
v -0.029182223603129394 -0.010837672278285025 -0.08315348625183104
v -0.029942294582724578 -0.00997093506157398 -0.08365411311388014
v -0.029182223603129394 -0.010837672278285025 -0.08315348625183104
v -0.030512278899550445 -0.0061234370805323115 -0.08314214646816252
v -0.02032200433313847 -0.024179607629775998 -0.08365406095981597
v -0.022847514599561695 -0.02117199636995792 -0.08314222097396849
v -0.025116885080933578 -0.01913405396044254 -0.08365345746278761
v -0.025116885080933578 -0.01913405396044254 -0.08365345746278761
v -0.022847514599561695 -0.02117199636995792 -0.08314222097396849
v -0.02585622482001782 -0.017358258366584774 -0.08315196633338927
v -0.025116885080933578 -0.01913405396044254 -0.08365345746278761
v -0.02585622482001782 -0.017358258366584774 -0.08315196633338927
v -0.027962530031800277 -0.014556203968822954 -0.0836372673511505
v -0.027962530031800277 -0.014556203968822954 -0.0836372673511505
v -0.02585622482001782 -0.017358258366584774 -0.08315196633338927
v -0.02765051275491715 -0.014266317710280417 -0.08315706253051756
v -0.016239777207374576 -0.02704660780727863 -0.08363707363605498
v -0.016218636184930805 -0.026574464514851567 -0.08314569294452666
v -0.02032200433313847 -0.024179607629775998 -0.08365406095981597
v -0.02032200433313847 -0.024179607629775998 -0.08365406095981597
v -0.016218636184930805 -0.026574464514851567 -0.08314569294452666
v -0.019250769168138507 -0.024496302008628842 -0.08315364271402358
v -0.02032200433313847 -0.024179607629775998 -0.08365406095981597
v -0.019250769168138507 -0.024496302008628842 -0.08315364271402358
v -0.022847514599561695 -0.02117199636995792 -0.08314222097396849
v -0.004396109841763974 -0.03130612894892692 -0.08365152031183241
v -0.00844878423959017 -0.029998486861586567 -0.08314231783151625
v -0.011412039399147035 -0.029460875317454335 -0.08365358412265776
v -0.011412039399147035 -0.029460875317454335 -0.08365358412265776
v -0.00844878423959017 -0.029998486861586567 -0.08314231783151625
v -0.01302443910390139 -0.028311479836702343 -0.08315449953079222
v -0.011412039399147035 -0.029460875317454335 -0.08365358412265776
v -0.01302443910390139 -0.028311479836702343 -0.08315449953079222
v -0.016239777207374576 -0.02704660780727863 -0.08363707363605498
v -0.016239777207374576 -0.02704660780727863 -0.08363707363605498
v -0.01302443910390139 -0.028311479836702343 -0.08315449953079222
v -0.016218636184930805 -0.026574464514851567 -0.08314569294452666
v 0.013051242567598823 -0.02829838171601295 -0.08315658569335936
v 0.008439413271844389 -0.030000921338796612 -0.08314239233732222
v 0.010346268303692343 -0.029811942949891087 -0.08364077657461165
v 0.010346268303692343 -0.029811942949891087 -0.08364077657461165
v 0.008439413271844389 -0.030000921338796612 -0.08314239233732222
v 0.003909728024154902 -0.03135618567466735 -0.08364642411470412
v 0.003909728024154902 -0.03135618567466735 -0.08364642411470412
v 0.008439413271844389 -0.030000921338796612 -0.08314239233732222
v 0.0036785074044018993 -0.030974699184298512 -0.08319508284330367
v 0.003909728024154902 -0.03135618567466735 -0.08364642411470412
v 0.0036785074044018993 -0.030974699184298512 -0.08319508284330367
v 0.0003324597491882742 -0.0312892273068428 -0.08333709836006163
v 0.003909728024154902 -0.03135618567466735 -0.08364642411470412
v 0.0003324597491882742 -0.0312892273068428 -0.08333709836006163
v -3.3696787227199826e-07 -0.0315585546195507 -0.08364727348089217
v -3.3696787227199826e-07 -0.0315585546195507 -0.08364727348089217
v 0.0003324597491882742 -0.0312892273068428 -0.08333709836006163
v -3.3689923384372383e-07 -0.03127071633934974 -0.08335940539836882
v -3.3696787227199826e-07 -0.0315585546195507 -0.08364727348089217
v -3.3689923384372383e-07 -0.03127071633934974 -0.08335940539836882
v -0.004396109841763974 -0.03130612894892692 -0.08365152031183241
v -0.004396109841763974 -0.03130612894892692 -0.08365152031183241
v -3.3689923384372383e-07 -0.03127071633934974 -0.08335940539836882
v -0.002432048320770264 -0.031167099252343174 -0.08336570858955382
v -0.004396109841763974 -0.03130612894892692 -0.08365152031183241
v -0.002432048320770264 -0.031167099252343174 -0.08336570858955382
v -0.004786918405443431 -0.030775206163525578 -0.0831346958875656
v -0.004396109841763974 -0.03130612894892692 -0.08365152031183241
v -0.004786918405443431 -0.030775206163525578 -0.0831346958875656
v -0.00844878423959017 -0.029998486861586567 -0.08314231783151625
v 0.0016515896422788505 0.027688186615705487 -0.06729711592197417
v 0.0008582191076129677 0.027739197015762326 -0.06747372448444365
v -3.471318166248239e-07 0.027687627822160717 -0.06744747608900069
v -3.471318166248239e-07 0.027687627822160717 -0.06744747608900069
v 0.0008582191076129677 0.027739197015762326 -0.06747372448444365
v -0.00077471265103668 0.0277401078492403 -0.06749005615711211
v -3.471318166248239e-07 0.027687627822160717 -0.06744747608900069
v -0.00077471265103668 0.0277401078492403 -0.06749005615711211
v -0.0015767004806548361 0.02768795751035213 -0.0673113390803337
v -0.0013309953501448037 0.02768759615719318 -0.05776191130280494
v -0.0008588838973082604 0.027739195153117176 -0.057621352374553673
v -3.416021172597539e-07 0.027687627822160717 -0.05764758959412574
v -3.416021172597539e-07 0.027687627822160717 -0.05764758959412574
v -0.0008588838973082604 0.027739195153117176 -0.057621352374553673
v 0.00046290847240015875 0.02773840725421905 -0.05757871270179748
v -3.416021172597539e-07 0.027687627822160717 -0.05764758959412574
v 0.00046290847240015875 0.02773840725421905 -0.05757871270179748
v 0.0013943453086540105 0.027687998488545414 -0.05777116492390632
v -0.001212078961543739 -0.03117800876498222 -0.08308494836091994
v -0.004786918405443431 -0.030775206163525578 -0.0831346958875656
v -0.002432048320770264 -0.031167099252343174 -0.08336570858955382
v -0.001212078961543739 -0.03117800876498222 -0.08308494836091994
v -0.002432048320770264 -0.031167099252343174 -0.08336570858955382
v 0.0003324597491882742 -0.0312892273068428 -0.08333709836006163
v -0.001212078961543739 -0.03117800876498222 -0.08308494836091994
v 0.0003324597491882742 -0.0312892273068428 -0.08333709836006163
v 0.0036785074044018993 -0.030974699184298512 -0.08319508284330367
v -0.001212078961543739 -0.03117800876498222 -0.08308494836091994
v 0.0036785074044018993 -0.030974699184298512 -0.08319508284330367
v -1.8676975059861438e-06 -0.03126840665936469 -0.08293323218822478
v -0.0036521165166050204 0.030859254300594326 -0.08307687938213347
v -0.0035800756886601457 0.03099100105464458 -0.08337637037038802
v -0.008458500728011133 0.029878085479140278 -0.0831530839204788
v -0.0035800756886601457 0.03099100105464458 -0.08337637037038802
v -0.0036521165166050204 0.030859254300594326 -0.08307687938213347
v 0.0012098642764613035 0.03105090372264385 -0.08309020102024077
v 0.0012098642764613035 0.03105090372264385 -0.08309020102024077
v 0.004752556327730418 0.03066226094961166 -0.08315701037645339
v 0.0002583012392278761 0.03117876127362251 -0.08332999795675276
v 0.0012098642764613035 0.03105090372264385 -0.08309020102024077
v 0.0002583012392278761 0.03117876127362251 -0.08332999795675276
v -1.8854757399822124e-06 0.03115047328174114 -0.08336132764816283
v 0.0012098642764613035 0.03105090372264385 -0.08309020102024077
v -1.8854757399822124e-06 0.03115047328174114 -0.08336132764816283
v -0.0035800756886601457 0.03099100105464458 -0.08337637037038802
v 0.004149900283664466 -0.031068889424204823 -0.0828966125845909
v -1.8676975059861438e-06 -0.03126840665936469 -0.08293323218822478
v 0.0036785074044018993 -0.030974699184298512 -0.08319508284330367
v 0.004149900283664466 -0.031068889424204823 -0.0828966125845909
v 0.0036785074044018993 -0.030974699184298512 -0.08319508284330367
v 0.008439413271844389 -0.030000921338796612 -0.08314239233732222
v -1.8676975059861438e-06 -0.03126840665936469 -0.08293323218822478
v -0.00011156366235809403 -0.03128989785909652 -0.08295652270317076
v -0.001212078961543739 -0.03117800876498222 -0.08308494836091994
v -0.001212078961543739 -0.03117800876498222 -0.08308494836091994
v -0.00011156366235809403 -0.03128989785909652 -0.08295652270317076
v -0.004786918405443431 -0.030775206163525578 -0.0831346958875656
v -0.0015767004806548361 0.02768795751035213 -0.0673113390803337
v -0.00077471265103668 0.0277401078492403 -0.06749005615711211
v -0.0038356867153197536 0.02793871238827705 -0.06619590520858763
v -0.0015767004806548361 0.02768795751035213 -0.0673113390803337
v -0.0038356867153197536 0.02793871238827705 -0.06619590520858763
v -0.0035292364191263923 0.027691006660461422 -0.06606572121381758
v -0.0035292364191263923 0.027691006660461422 -0.06606572121381758
v -0.0038356867153197536 0.02793871238827705 -0.06619590520858763
v -0.00470317853614688 0.027690956369042393 -0.06428568810224532
v -0.00470317853614688 0.027690956369042393 -0.06428568810224532
v -0.0038356867153197536 0.02793871238827705 -0.06619590520858763
v -0.005283730570226909 0.027938921004533764 -0.0628770813345909
v -0.00470317853614688 0.027690956369042393 -0.06428568810224532
v -0.005283730570226909 0.027938921004533764 -0.0628770813345909
v -0.004963744897395373 0.027691006660461422 -0.06210563331842422
v -0.004963744897395373 0.027691006660461422 -0.06210563331842422
v -0.005283730570226909 0.027938921004533764 -0.0628770813345909
v -0.004513275343924762 0.027691006660461422 -0.0604347139596939
v -0.004513275343924762 0.027691006660461422 -0.0604347139596939
v -0.005283730570226909 0.027938921004533764 -0.0628770813345909
v -0.004487324506044389 0.027939913794398304 -0.05982330441474914
v -0.004513275343924762 0.027691006660461422 -0.0604347139596939
v -0.004487324506044389 0.027939913794398304 -0.05982330441474914
v -0.003242150181904436 0.02769096568226814 -0.058722835034132
v -0.003242150181904436 0.02769096568226814 -0.058722835034132
v -0.004487324506044389 0.027939913794398304 -0.05982330441474914
v -0.001834123744629324 0.027948973700404164 -0.057512674480676644
v -0.003242150181904436 0.02769096568226814 -0.058722835034132
v -0.001834123744629324 0.027948973700404164 -0.057512674480676644
v -0.0013309953501448037 0.02768759615719318 -0.05776191130280494
v -0.0013309953501448037 0.02768759615719318 -0.05776191130280494
v -0.001834123744629324 0.027948973700404164 -0.057512674480676644
v -0.0008588838973082604 0.027739195153117176 -0.057621352374553673
v -0.0008588838973082604 0.027739195153117176 -0.057621352374553673
v -0.001834123744629324 0.027948973700404164 -0.057512674480676644
v -3.4156298056586825e-07 0.02774066664278507 -0.05754759162664413
v -3.4156298056586825e-07 0.02774066664278507 -0.05754759162664413
v -0.001834123744629324 0.027948973700404164 -0.057512674480676644
v -3.4151531735915347e-07 0.02794067375361919 -0.057347614318132394
v -3.4156298056586825e-07 0.02774066664278507 -0.05754759162664413
v -3.4151531735915347e-07 0.02794067375361919 -0.057347614318132394
v 0.00046290847240015875 0.02773840725421905 -0.05757871270179748
v 0.00046290847240015875 0.02773840725421905 -0.05757871270179748
v -3.4151531735915347e-07 0.02794067375361919 -0.057347614318132394
v 1.9901930500054735e-05 0.027936203405261036 -0.057347323745489114
v 0.00046290847240015875 0.02773840725421905 -0.05757871270179748
v 1.9901930500054735e-05 0.027936203405261036 -0.057347323745489114
v 0.0013943453086540105 0.027687998488545414 -0.05777116492390632
v 0.0013943453086540105 0.027687998488545414 -0.05777116492390632
v 1.9901930500054735e-05 0.027936203405261036 -0.057347323745489114
v 0.0027416574303060774 0.027738228440284726 -0.05836999416351318
v 0.0027416574303060774 0.027738228440284726 -0.05836999416351318
v 0.00441023986786604 0.0279387142509222 -0.05962057784199714
v 0.004343986976891757 0.02769302017986774 -0.060030274093151086
v 0.004343986976891757 0.02769302017986774 -0.060030274093151086
v 0.00441023986786604 0.0279387142509222 -0.05962057784199714
v 0.004950382746756078 0.02769236825406551 -0.061900880187749856
v 0.004950382746756078 0.02769236825406551 -0.061900880187749856
v 0.00441023986786604 0.0279387142509222 -0.05962057784199714
v 0.0052600009366869935 0.027938924729824063 -0.06314044445753096
v 0.004950382746756078 0.02769236825406551 -0.061900880187749856
v 0.0052600009366869935 0.027938924729824063 -0.06314044445753096
v 0.004719481337815524 0.02769096009433269 -0.06423900276422499
v 0.004719481337815524 0.02769096009433269 -0.06423900276422499
v 0.0052600009366869935 0.027938924729824063 -0.06314044445753096
v 0.003621475538238884 0.027753008529543873 -0.06600081175565718
v 0.0016515896422788505 0.027688186615705487 -0.06729711592197417
v 0.003621475538238884 0.027753008529543873 -0.06600081175565718
v 0.0012416546232998373 0.027938935905694958 -0.06769344210624693
v 0.0016515896422788505 0.027688186615705487 -0.06729711592197417
v 0.0012416546232998373 0.027938935905694958 -0.06769344210624693
v 0.0008582191076129677 0.027739197015762326 -0.06747372448444365
v 0.0008582191076129677 0.027739197015762326 -0.06747372448444365
v 0.0012416546232998373 0.027938935905694958 -0.06769344210624693
v -3.4720554253908636e-07 0.02774066664278507 -0.0675474852323532
v -3.4720554253908636e-07 0.02774066664278507 -0.0675474852323532
v 0.0012416546232998373 0.027938935905694958 -0.06769344210624693
v -0.00077471265103668 0.0277401078492403 -0.06749005615711211
v 0.008295401930809023 0.030371105298399922 -0.08266343176364897
v 0.008429606445133688 0.029886081814765927 -0.08315295726060866
v 0.004752556327730418 0.03066226094961166 -0.08315701037645339
v 0.008295401930809023 0.030371105298399922 -0.08266343176364897
v 0.004752556327730418 0.03066226094961166 -0.08315701037645339
v 0.0034648571163415917 0.031249471008777615 -0.08264729380607604
v 0.008429606445133688 0.029886081814765927 -0.08315295726060866
v 0.008295401930809023 0.030371105298399922 -0.08266343176364897
v 0.011954948306083683 0.02863652817904949 -0.08315791189670561
v 0.011954948306083683 0.02863652817904949 -0.08315791189670561
v 0.008295401930809023 0.030371105298399922 -0.08266343176364897
v 0.015062408521771434 0.02765967324376106 -0.0826517418026924
v 0.011954948306083683 0.02863652817904949 -0.08315791189670561
v 0.015062408521771434 0.02765967324376106 -0.0826517418026924
v 0.015193847008049492 0.027086729183793064 -0.08315433561801909
v 0.020912913605570797 0.023555137217044827 -0.08264856040477751
v 0.01926221512258053 0.02436856552958488 -0.08314247429370879
v 0.015062408521771434 0.02765967324376106 -0.0826517418026924
v 0.015062408521771434 0.02765967324376106 -0.0826517418026924
v 0.01926221512258053 0.02436856552958488 -0.08314247429370879
v 0.015193847008049492 0.027086729183793064 -0.08315433561801909
v 0.020912913605570797 0.023555137217044827 -0.08264856040477751
v 0.022833060473203663 0.02106940001249313 -0.08315280824899672
v 0.01926221512258053 0.02436856552958488 -0.08314247429370879
v 0.022833060473203663 0.02106940001249313 -0.08315280824899672
v 0.020912913605570797 0.023555137217044827 -0.08264856040477751
v 0.0256108045578003 0.01835362799465656 -0.08264939486980437
v 0.022833060473203663 0.02106940001249313 -0.08315280824899672
v 0.0256108045578003 0.01835362799465656 -0.08264939486980437
v 0.025185501202940948 0.018162848427891728 -0.08315787464380263
v 0.025185501202940948 0.018162848427891728 -0.08315787464380263
v 0.0256108045578003 0.01835362799465656 -0.08264939486980437
v 0.027138466015458114 0.015147598460316656 -0.0831543132662773
v 0.028992813080549247 0.012363835237920283 -0.08263666182756423
v 0.027138466015458114 0.015147598460316656 -0.0831543132662773
v 0.0256108045578003 0.01835362799465656 -0.08264939486980437
v 0.028992813080549247 0.012363835237920283 -0.08263666182756423
v 0.029187159612774856 0.010703966021537779 -0.08314246684312819
v 0.027138466015458114 0.015147598460316656 -0.0831543132662773
v 0.030535364523530013 0.007673734799027442 -0.08264730870723723
v 0.030507816001772887 0.006026112940162419 -0.08315268158912657
v 0.029187159612774856 0.010703966021537779 -0.08314246684312819
v 0.030535364523530013 0.007673734799027442 -0.08264730870723723
v 0.029187159612774856 0.010703966021537779 -0.08314246684312819
v 0.028992813080549247 0.012363835237920283 -0.08263666182756423
v 0.030507816001772887 0.006026112940162419 -0.08315268158912657
v 0.030535364523530013 0.007673734799027442 -0.08264730870723723
v 0.03146003186702729 0.002221890958026051 -0.08264939486980437
v 0.030507816001772887 0.006026112940162419 -0.08315268158912657
v 0.03146003186702729 0.002221890958026051 -0.08264939486980437
v 0.031085379421710975 0.0011504716239869592 -0.0831424444913864
v 0.03120568953454495 -0.004654651042073964 -0.08263669908046721
v 0.030943321064114578 -0.0031532587017863985 -0.08314060419797896
v 0.03146003186702729 0.002221890958026051 -0.08264939486980437
v 0.03146003186702729 0.002221890958026051 -0.08264939486980437
v 0.030943321064114578 -0.0031532587017863985 -0.08314060419797896
v 0.031085379421710975 0.0011504716239869592 -0.0831424444913864
v 0.03006302565336228 -0.009462091140449045 -0.08264730125665663
v 0.029191806912422187 -0.010810574516654013 -0.08315255492925643
v 0.030516399070620544 -0.006145739927887916 -0.08316760510206221
v 0.03006302565336228 -0.009462091140449045 -0.08264730125665663
v 0.030516399070620544 -0.006145739927887916 -0.08316760510206221
v 0.03120568953454495 -0.004654651042073964 -0.08263669908046721
v 0.03120568953454495 -0.004654651042073964 -0.08263669908046721
v 0.030516399070620544 -0.006145739927887916 -0.08316760510206221
v 0.030943321064114578 -0.0031532587017863985 -0.08314060419797896
v 0.029191806912422187 -0.010810574516654013 -0.08315255492925643
v 0.03006302565336228 -0.009462091140449045 -0.08264730125665663
v 0.027998965233564384 -0.014584785327315329 -0.08264936506748198
v 0.029191806912422187 -0.010810574516654013 -0.08315255492925643
v 0.027998965233564384 -0.014584785327315329 -0.08264936506748198
v 0.027671407908201225 -0.014223519712686537 -0.08315776288509368
v 0.027671407908201225 -0.014223519712686537 -0.08315776288509368
v 0.027998965233564384 -0.014584785327315329 -0.08264936506748198
v 0.025870481505990035 -0.01733487099409103 -0.083154059946537
v 0.024181095883250243 -0.02031239122152328 -0.08263680338859557
v 0.025870481505990035 -0.01733487099409103 -0.083154059946537
v 0.027998965233564384 -0.014584785327315329 -0.08264936506748198
v 0.024181095883250243 -0.02031239122152328 -0.08263680338859557
v 0.022840684279799465 -0.021178590133786198 -0.08314242213964461
v 0.025870481505990035 -0.01733487099409103 -0.083154059946537
v 0.020687080919742588 -0.02381304837763309 -0.08264730125665663
v 0.019272871315479282 -0.02447876892983913 -0.08315242081880568
v 0.022840684279799465 -0.021178590133786198 -0.08314242213964461
v 0.020687080919742588 -0.02381304837763309 -0.08264730125665663
v 0.022840684279799465 -0.021178590133786198 -0.08314242213964461
v 0.024181095883250243 -0.02031239122152328 -0.08263680338859557
v 0.019272871315479282 -0.02447876892983913 -0.08315242081880568
v 0.020687080919742588 -0.02381304837763309 -0.08264730125665663
v 0.01625139079988003 -0.02709308452904224 -0.08264935016632079
v 0.019272871315479282 -0.02447876892983913 -0.08315242081880568
v 0.01625139079988003 -0.02709308452904224 -0.08264935016632079
v 0.01626164093613625 -0.026547662913799282 -0.0831463187932968
v 0.009997424669563772 -0.029975440353155133 -0.08263689279556273
v 0.013051242567598823 -0.02829838171601295 -0.08315658569335936
v 0.01625139079988003 -0.02709308452904224 -0.08264935016632079
v 0.01625139079988003 -0.02709308452904224 -0.08264935016632079
v 0.013051242567598823 -0.02829838171601295 -0.08315658569335936
v 0.01626164093613625 -0.026547662913799282 -0.0831463187932968
v 0.009997424669563772 -0.029975440353155133 -0.08263689279556273
v 0.008439413271844389 -0.030000921338796612 -0.08314239233732222
v 0.013051242567598823 -0.02829838171601295 -0.08315658569335936
v 0.004149900283664466 -0.031068889424204823 -0.0828966125845909
v 0.008439413271844389 -0.030000921338796612 -0.08314239233732222
v 0.009997424669563772 -0.029975440353155133 -0.08263689279556273
v 0.004149900283664466 -0.031068889424204823 -0.0828966125845909
v -0.00030537476413883274 -0.03160062432289123 -0.0826493054628372
v -0.00011156366235809403 -0.03128989785909652 -0.08295652270317076
v -0.007145742885768415 -0.030781926587224003 -0.0826369524002075
v -0.004786918405443431 -0.030775206163525578 -0.0831346958875656
v -0.00030537476413883274 -0.03160062432289123 -0.0826493054628372
v -0.00030537476413883274 -0.03160062432289123 -0.0826493054628372
v -0.004786918405443431 -0.030775206163525578 -0.0831346958875656
v -0.00011156366235809403 -0.03128989785909652 -0.08295652270317076
v -0.007145742885768415 -0.030781926587224003 -0.0826369524002075
v -0.00844878423959017 -0.029998486861586567 -0.08314231783151625
v -0.004786918405443431 -0.030775206163525578 -0.0831346958875656
v -0.011853932403028015 -0.029243158176541325 -0.08264727890491484
v -0.01302443910390139 -0.028311479836702343 -0.08315449953079222
v -0.00844878423959017 -0.029998486861586567 -0.08314231783151625
v -0.011853932403028015 -0.029243158176541325 -0.08264727890491484
v -0.00844878423959017 -0.029998486861586567 -0.08314231783151625
v -0.007145742885768415 -0.030781926587224003 -0.0826369524002075
v -0.01302443910390139 -0.028311479836702343 -0.08315449953079222
v -0.011853932403028015 -0.029243158176541325 -0.08264727890491484
v -0.016772169619798664 -0.026773652061820027 -0.08264920860528945
v -0.01302443910390139 -0.028311479836702343 -0.08315449953079222
v -0.016772169619798664 -0.026773652061820027 -0.08264920860528945
v -0.016218636184930805 -0.026574464514851567 -0.08314569294452666
v -0.016218636184930805 -0.026574464514851567 -0.08314569294452666
v -0.016772169619798664 -0.026773652061820027 -0.08264920860528945
v -0.019250769168138507 -0.024496302008628842 -0.08315364271402358
v -0.022172980010509494 -0.022494148463010784 -0.0826369747519493
v -0.019250769168138507 -0.024496302008628842 -0.08315364271402358
v -0.016772169619798664 -0.026773652061820027 -0.08264920860528945
v -0.022172980010509494 -0.022494148463010784 -0.0826369747519493
v -0.022847514599561695 -0.02117199636995792 -0.08314222097396849
v -0.019250769168138507 -0.024496302008628842 -0.08315364271402358
v -0.02538161166012288 -0.018714189529418942 -0.08264727145433425
v -0.02585622482001782 -0.017358258366584774 -0.08315196633338927
v -0.022847514599561695 -0.02117199636995792 -0.08314222097396849
v -0.02538161166012288 -0.018714189529418942 -0.08264727145433425
v -0.022847514599561695 -0.02117199636995792 -0.08314222097396849
v -0.022172980010509494 -0.022494148463010784 -0.0826369747519493
v -0.02585622482001782 -0.017358258366584774 -0.08315196633338927
v -0.02538161166012288 -0.018714189529418942 -0.08264727145433425
v -0.028275804594159133 -0.014040070585906504 -0.08264910429716109
v -0.02585622482001782 -0.017358258366584774 -0.08315196633338927
v -0.028275804594159133 -0.014040070585906504 -0.08264910429716109
v -0.02765051275491715 -0.014266317710280417 -0.08315706253051756
v -0.02765051275491715 -0.014266317710280417 -0.08315706253051756
v -0.028275804594159133 -0.014040070585906504 -0.08264910429716109
v -0.029182223603129394 -0.010837672278285025 -0.08315348625183104
v -0.030637597665190704 -0.007564189378172158 -0.08263709396123885
v -0.029182223603129394 -0.010837672278285025 -0.08315348625183104
v -0.028275804594159133 -0.014040070585906504 -0.08264910429716109
v -0.030637597665190704 -0.007564189378172158 -0.08263709396123885
v -0.030512278899550445 -0.0061234370805323115 -0.08314214646816252
v -0.029182223603129394 -0.010837672278285025 -0.08315348625183104
v -0.031392347067594535 -0.0026601962745189662 -0.08264727145433425
v -0.031086811795830734 -0.0012708902359008787 -0.08315557986497878
v -0.030512278899550445 -0.0061234370805323115 -0.08314214646816252
v -0.031392347067594535 -0.0026601962745189662 -0.08264727145433425
v -0.030512278899550445 -0.0061234370805323115 -0.08314214646816252
v -0.030637597665190704 -0.007564189378172158 -0.08263709396123885
v -0.031086811795830734 -0.0012708902359008787 -0.08315557986497878
v -0.031392347067594535 -0.0026601962745189662 -0.08264727145433425
v -0.03141091018915177 0.0028309703338891263 -0.08264901489019393
v -0.031086811795830734 -0.0012708902359008787 -0.08315557986497878
v -0.03141091018915177 0.0028309703338891263 -0.08264901489019393
v -0.03098899498581887 0.002350738504901528 -0.08314563333988188
v -0.03098899498581887 0.002350738504901528 -0.08314563333988188
v -0.03141091018915177 0.0028309703338891263 -0.08264901489019393
v -0.03051401302218438 0.00599748222157359 -0.0831533446907997
v -0.029995519667863853 0.009700255468487738 -0.08264910429716109
v -0.03051401302218438 0.00599748222157359 -0.0831533446907997
v -0.03141091018915177 0.0028309703338891263 -0.08264901489019393
v -0.03051401302218438 0.00599748222157359 -0.0831533446907997
v -0.029995519667863853 0.009700255468487738 -0.08264910429716109
v -0.029182080179452903 0.010721067897975443 -0.08314324170351027
v -0.027222607284784324 0.0158749409019947 -0.08265557885169982
v -0.027149599045515067 0.015130420215427874 -0.08315337449312209
v -0.029995519667863853 0.009700255468487738 -0.08264910429716109
v -0.029995519667863853 0.009700255468487738 -0.08264910429716109
v -0.027149599045515067 0.015130420215427874 -0.08315337449312209
v -0.029182080179452903 0.010721067897975443 -0.08314324170351027
v -0.027149599045515067 0.015130420215427874 -0.08315337449312209
v -0.027222607284784324 0.0158749409019947 -0.08265557885169982
v -0.025213913992047317 0.01812506280839443 -0.08315704762935637
v -0.025213913992047317 0.01812506280839443 -0.08315704762935637
v -0.027222607284784324 0.0158749409019947 -0.08265557885169982
v -0.02431540749967099 0.019966039806604382 -0.08264727145433425
v -0.025213913992047317 0.01812506280839443 -0.08315704762935637
v -0.02431540749967099 0.019966039806604382 -0.08264727145433425
v -0.022853525355458263 0.02104784548282623 -0.08315320312976836
v -0.020448809489607814 0.02395793795585632 -0.08264924585819243
v -0.022853525355458263 0.02104784548282623 -0.08315320312976836
v -0.02431540749967099 0.019966039806604382 -0.08264727145433425
v -0.022853525355458263 0.02104784548282623 -0.08315320312976836
v -0.020448809489607814 0.02395793795585632 -0.08264924585819243
v -0.0192493349313736 0.024379894137382504 -0.08314308524131774
v -0.014938401058316234 0.02771707065403461 -0.08265993744134902
v -0.015211528167128566 0.02707806974649429 -0.08315316587686537
v -0.020448809489607814 0.02395793795585632 -0.08264924585819243
v -0.020448809489607814 0.02395793795585632 -0.08264924585819243
v -0.015211528167128566 0.02707806974649429 -0.08315316587686537
v -0.0192493349313736 0.024379894137382504 -0.08314308524131774
v -0.015211528167128566 0.02707806974649429 -0.08315316587686537
v -0.014938401058316234 0.02771707065403461 -0.08265993744134902
v -0.01199854072183371 0.028619021177291867 -0.08315703272819518
v -0.01199854072183371 0.028619021177291867 -0.08315703272819518
v -0.014938401058316234 0.02771707065403461 -0.08265993744134902
v -0.008582235313951971 0.030298529192805287 -0.08265497535467146
v -0.01199854072183371 0.028619021177291867 -0.08315703272819518
v -0.008582235313951971 0.030298529192805287 -0.08265497535467146
v -0.008458500728011133 0.029878085479140278 -0.0831530839204788
v -0.008458500728011133 0.029878085479140278 -0.0831530839204788
v -0.008582235313951971 0.030298529192805287 -0.08265497535467146
v -0.0036521165166050204 0.030859254300594326 -0.08307687938213347
v -0.0036521165166050204 0.030859254300594326 -0.08307687938213347
v -0.008582235313951971 0.030298529192805287 -0.08265497535467146
v -0.0018013144144788389 0.03142959624528884 -0.08265115320682524
v 0.004752556327730418 0.03066226094961166 -0.08315701037645339
v 0.0012098642764613035 0.03105090372264385 -0.08309020102024077
v 0.0034648571163415917 0.031249471008777615 -0.08264729380607604
v 0.0034648571163415917 0.031249471008777615 -0.08264729380607604
v 0.0012098642764613035 0.03105090372264385 -0.08309020102024077
v -0.0018013144144788389 0.03142959624528884 -0.08265115320682524
v -0.0018013144144788389 0.03142959624528884 -0.08265115320682524
v 0.0012098642764613035 0.03105090372264385 -0.08309020102024077
v -0.0036521165166050204 0.030859254300594326 -0.08307687938213347
v 0.01083496864885092 0.029579037800431248 -0.05490929260849952
v 0.014430341310799125 0.027940679341554638 -0.05654762685298919
v -0.014394744299352173 0.02794125862419605 -0.0565466359257698
v -0.01032349653542042 0.029733698815107342 -0.05475462600588798
v 0.01083496864885092 0.029579037800431248 -0.05490929260849952
v -0.014394744299352173 0.02794125862419605 -0.0565466359257698
v 0.01083496864885092 0.029579037800431248 -0.05490929260849952
v -0.01032349653542042 0.029733698815107342 -0.05475462600588798
v -0.0038418490439653405 0.03132626041769981 -0.05315138772130012
v 0.01083496864885092 0.029579037800431248 -0.05490929260849952
v -0.0038418490439653405 0.03132626041769981 -0.05315138772130012
v 0.0035312441177666196 0.03133660182356834 -0.05314312502741813
v 0.0035312441177666196 0.03133660182356834 -0.05314312502741813
v -0.0038418490439653405 0.03132626041769981 -0.05315138772130012
v -3.402294339593937e-07 0.03144057095050811 -0.05304766446352004
v 0.014430341310799125 0.027940679341554638 -0.05654762685298919
v 0.00441023986786604 0.0279387142509222 -0.05962057784199714
v 0.0027416574303060774 0.027738228440284726 -0.05836999416351318
v 0.0012416546232998373 0.027938935905694958 -0.06769344210624693
v 0.003621475538238884 0.027753008529543873 -0.06600081175565718
v 0.014401614665985111 0.027941079810261723 -0.06854803860187529
v 0.0012416546232998373 0.027938935905694958 -0.06769344210624693
v 0.014401614665985111 0.027941079810261723 -0.06854803860187529
v -0.014431029558181766 0.027940670028328892 -0.06854746490716933
v 0.0012416546232998373 0.027938935905694958 -0.06769344210624693
v -0.014431029558181766 0.027940670028328892 -0.06854746490716933
v -0.00077471265103668 0.0277401078492403 -0.06749005615711211
v 0.0027416574303060774 0.027738228440284726 -0.05836999416351318
v 1.9901930500054735e-05 0.027936203405261036 -0.057347323745489114
v 0.014430341310799125 0.027940679341554638 -0.05654762685298919
v 0.014430341310799125 0.027940679341554638 -0.05654762685298919
v 1.9901930500054735e-05 0.027936203405261036 -0.057347323745489114
v -0.014394744299352173 0.02794125862419605 -0.0565466359257698
v -0.014394744299352173 0.02794125862419605 -0.0565466359257698
v 1.9901930500054735e-05 0.027936203405261036 -0.057347323745489114
v -0.001834123744629324 0.027948973700404164 -0.057512674480676644
v -0.014394744299352173 0.02794125862419605 -0.0565466359257698
v -0.001834123744629324 0.027948973700404164 -0.057512674480676644
v -0.004487324506044389 0.027939913794398304 -0.05982330441474914
v 0.003621475538238884 0.027753008529543873 -0.06600081175565718
v 0.0052600009366869935 0.027938924729824063 -0.06314044445753096
v 0.014401614665985111 0.027941079810261723 -0.06854803860187529
v 0.014401614665985111 0.027941079810261723 -0.06854803860187529
v 0.0052600009366869935 0.027938924729824063 -0.06314044445753096
v 0.014430341310799125 0.027940679341554638 -0.05654762685298919
v 0.0052600009366869935 0.027938924729824063 -0.06314044445753096
v 0.00441023986786604 0.0279387142509222 -0.05962057784199714
v 0.014430341310799125 0.027940679341554638 -0.05654762685298919
v -0.014394744299352173 0.02794125862419605 -0.0565466359257698
v -0.004487324506044389 0.027939913794398304 -0.05982330441474914
v -0.005283730570226909 0.027938921004533764 -0.0628770813345909
v -0.014394744299352173 0.02794125862419605 -0.0565466359257698
v -0.005283730570226909 0.027938921004533764 -0.0628770813345909
v -0.014431029558181766 0.027940670028328892 -0.06854746490716933
v -0.005283730570226909 0.027938921004533764 -0.0628770813345909
v -0.0038356867153197536 0.02793871238827705 -0.06619590520858763
v -0.014431029558181766 0.027940670028328892 -0.06854746490716933
v -0.014431029558181766 0.027940670028328892 -0.06854746490716933
v -0.0038356867153197536 0.02793871238827705 -0.06619590520858763
v -0.00077471265103668 0.0277401078492403 -0.06749005615711211
v -0.010848377831280233 0.029574031010270115 -0.07018078863620757
v -0.014431029558181766 0.027940670028328892 -0.06854746490716933
v 0.014401614665985111 0.027941079810261723 -0.06854803860187529
v 0.010333796031773092 0.02972975559532642 -0.07033648341894148
v -0.010848377831280233 0.029574031010270115 -0.07018078863620757
v 0.014401614665985111 0.027941079810261723 -0.06854803860187529
v -0.010848377831280233 0.029574031010270115 -0.07018078863620757
v 0.010333796031773092 0.02972975559532642 -0.07033648341894148
v 0.0038450562860816726 0.031325880438089364 -0.07194384187459944
v -0.010848377831280233 0.029574031010270115 -0.07018078863620757
v 0.0038450562860816726 0.031325880438089364 -0.07194384187459944
v -0.0035351307597011336 0.03133649751543998 -0.07195188850164412
v -0.0035351307597011336 0.03133649751543998 -0.07195188850164412
v 0.0038450562860816726 0.031325880438089364 -0.07194384187459944
v -3.5095024486508924e-07 0.03144057095050811 -0.07204742729663847
v 0.011826477944850925 0.029185201972723004 -0.05044769495725631
v 0.0177207924425602 0.026038695126771923 -0.050447635352611535
v 0.014430341310799125 0.027940679341554638 -0.05654762685298919
v 0.015062408521771434 0.02765967324376106 -0.0826517418026924
v 0.008295401930809023 0.030371105298399922 -0.08266343176364897
v 0.010333796031773092 0.02972975559532642 -0.07033648341894148
v 0.014401614665985111 0.027941079810261723 -0.06854803860187529
v 0.015062408521771434 0.02765967324376106 -0.0826517418026924
v 0.010333796031773092 0.02972975559532642 -0.07033648341894148
v 0.0034648571163415917 0.031249471008777615 -0.08264729380607604
v 0.0038450562860816726 0.031325880438089364 -0.07194384187459944
v 0.008295401930809023 0.030371105298399922 -0.08266343176364897
v 0.008295401930809023 0.030371105298399922 -0.08266343176364897
v 0.0038450562860816726 0.031325880438089364 -0.07194384187459944
v 0.010333796031773092 0.02972975559532642 -0.07033648341894148
v 0.0038450562860816726 0.031325880438089364 -0.07194384187459944
v 0.0034648571163415917 0.031249471008777615 -0.08264729380607604
v -3.5095024486508924e-07 0.03144057095050811 -0.07204742729663847
v -3.5095024486508924e-07 0.03144057095050811 -0.07204742729663847
v 0.0034648571163415917 0.031249471008777615 -0.08264729380607604
v -0.0018013144144788389 0.03142959624528884 -0.08265115320682524
v -3.5095024486508924e-07 0.03144057095050811 -0.07204742729663847
v -0.0018013144144788389 0.03142959624528884 -0.08265115320682524
v -0.0035351307597011336 0.03133649751543998 -0.07195188850164412
v -0.0035351307597011336 0.03133649751543998 -0.07195188850164412
v -0.0018013144144788389 0.03142959624528884 -0.08265115320682524
v -0.008582235313951971 0.030298529192805287 -0.08265497535467146
v -0.0035351307597011336 0.03133649751543998 -0.07195188850164412
v -0.008582235313951971 0.030298529192805287 -0.08265497535467146
v -0.010848377831280233 0.029574031010270115 -0.07018078863620757
v -0.010848377831280233 0.029574031010270115 -0.07018078863620757
v -0.008582235313951971 0.030298529192805287 -0.08265497535467146
v -0.014938401058316234 0.02771707065403461 -0.08265993744134902
v -0.01148577965795994 0.029319083318114277 -0.05044789239764213
v -0.01032349653542042 0.029733698815107342 -0.05475462600588798
v -0.014394744299352173 0.02794125862419605 -0.0565466359257698
v -0.01148577965795994 0.029319083318114277 -0.05044789239764213
v -0.014394744299352173 0.02794125862419605 -0.0565466359257698
v -0.017724117264151577 0.02607338316738605 -0.05044720321893691
v -0.017724117264151577 0.02607338316738605 -0.05044720321893691
v -0.014394744299352173 0.02794125862419605 -0.0565466359257698
v -0.014431029558181766 0.027940670028328892 -0.06854746490716933
v -0.004373212810605765 0.031197462230920788 -0.0504477247595787
v -0.0038418490439653405 0.03132626041769981 -0.05315138772130012
v -0.01148577965795994 0.029319083318114277 -0.05044789239764213
v -0.01148577965795994 0.029319083318114277 -0.05044789239764213
v -0.0038418490439653405 0.03132626041769981 -0.05315138772130012
v -0.01032349653542042 0.029733698815107342 -0.05475462600588798
v 0.004154039081186057 0.031217964366078373 -0.05044761672616004
v 0.0035312441177666196 0.03133660182356834 -0.05314312502741813
v -3.402294339593937e-07 0.03144057095050811 -0.05304766446352004
v 0.004154039081186057 0.031217964366078373 -0.05044761672616004
v -3.402294339593937e-07 0.03144057095050811 -0.05304766446352004
v -0.004373212810605765 0.031197462230920788 -0.0504477247595787
v -0.004373212810605765 0.031197462230920788 -0.0504477247595787
v -3.402294339593937e-07 0.03144057095050811 -0.05304766446352004
v -0.0038418490439653405 0.03132626041769981 -0.05315138772130012
v 0.011826477944850925 0.029185201972723004 -0.05044769495725631
v 0.01083496864885092 0.029579037800431248 -0.05490929260849952
v 0.004154039081186057 0.031217964366078373 -0.05044761672616004
v 0.004154039081186057 0.031217964366078373 -0.05044761672616004
v 0.01083496864885092 0.029579037800431248 -0.05490929260849952
v 0.0035312441177666196 0.03133660182356834 -0.05314312502741813
v 0.014430341310799125 0.027940679341554638 -0.05654762685298919
v 0.01083496864885092 0.029579037800431248 -0.05490929260849952
v 0.011826477944850925 0.029185201972723004 -0.05044769495725631
v -0.010848377831280233 0.029574031010270115 -0.07018078863620757
v -0.014938401058316234 0.02771707065403461 -0.08265993744134902
v -0.014431029558181766 0.027940670028328892 -0.06854746490716933
v -0.014431029558181766 0.027940670028328892 -0.06854746490716933
v -0.014938401058316234 0.02771707065403461 -0.08265993744134902
v -0.017724117264151577 0.02607338316738605 -0.05044720321893691
v -0.017724117264151577 0.02607338316738605 -0.05044720321893691
v -0.014938401058316234 0.02771707065403461 -0.08265993744134902
v -0.020448809489607814 0.02395793795585632 -0.08264924585819243
v -0.017724117264151577 0.02607338316738605 -0.05044720321893691
v -0.020448809489607814 0.02395793795585632 -0.08264924585819243
v -0.023414880037307743 0.021076845005154606 -0.050447680056095116
v -0.023414880037307743 0.021076845005154606 -0.050447680056095116
v -0.020448809489607814 0.02395793795585632 -0.08264924585819243
v -0.02431540749967099 0.019966039806604382 -0.08264727145433425
v -0.023414880037307743 0.021076845005154606 -0.050447680056095116
v -0.02431540749967099 0.019966039806604382 -0.08264727145433425
v -0.027222607284784324 0.0158749409019947 -0.08265557885169982
v -0.023414880037307743 0.021076845005154606 -0.050447680056095116
v -0.027222607284784324 0.0158749409019947 -0.08265557885169982
v -0.02840975299477578 0.013827258720993994 -0.050447680056095116
v -0.02840975299477578 0.013827258720993994 -0.050447680056095116
v -0.027222607284784324 0.0158749409019947 -0.08265557885169982
v -0.029995519667863853 0.009700255468487738 -0.08264910429716109
v -0.02840975299477578 0.013827258720993994 -0.050447680056095116
v -0.029995519667863853 0.009700255468487738 -0.08264910429716109
v -0.03101587854325772 0.0056855957955121985 -0.05044767633080482
v -0.03101587854325772 0.0056855957955121985 -0.05044767633080482
v -0.029995519667863853 0.009700255468487738 -0.08264910429716109
v -0.03141091018915177 0.0028309703338891263 -0.08264901489019393
v -0.03101587854325772 0.0056855957955121985 -0.05044767633080482
v -0.03141091018915177 0.0028309703338891263 -0.08264901489019393
v -0.031521417200565345 -0.0012359333923086522 -0.05044767633080482
v -0.031521417200565345 -0.0012359333923086522 -0.05044767633080482
v -0.03141091018915177 0.0028309703338891263 -0.08264901489019393
v -0.031392347067594535 -0.0026601962745189662 -0.08264727145433425
v -0.031521417200565345 -0.0012359333923086522 -0.05044767633080482
v -0.031392347067594535 -0.0026601962745189662 -0.08264727145433425
v -0.030637597665190704 -0.007564189378172158 -0.08263709396123885
v -0.031521417200565345 -0.0012359333923086522 -0.05044767633080482
v -0.030637597665190704 -0.007564189378172158 -0.08263709396123885
v -0.03050112910568715 -0.008100523613393305 -0.05044767633080482
v -0.03050112910568715 -0.008100523613393305 -0.05044767633080482
v -0.030637597665190704 -0.007564189378172158 -0.08263709396123885
v -0.028275804594159133 -0.014040070585906504 -0.08264910429716109
v -0.03050112910568715 -0.008100523613393305 -0.05044767633080482
v -0.028275804594159133 -0.014040070585906504 -0.08264910429716109
v -0.02716387994587422 -0.01624740101397037 -0.05044767633080482
v -0.02716387994587422 -0.01624740101397037 -0.05044767633080482
v -0.028275804594159133 -0.014040070585906504 -0.08264910429716109
v -0.02538161166012288 -0.018714189529418942 -0.08264727145433425
v -0.02716387994587422 -0.01624740101397037 -0.05044767633080482
v -0.02538161166012288 -0.018714189529418942 -0.08264727145433425
v -0.022172980010509494 -0.022494148463010784 -0.0826369747519493
v -0.02716387994587422 -0.01624740101397037 -0.05044767633080482
v -0.022172980010509494 -0.022494148463010784 -0.0826369747519493
v -0.021773008629679683 -0.022882541641592976 -0.050447680056095116
v -0.021773008629679683 -0.022882541641592976 -0.050447680056095116
v -0.022172980010509494 -0.022494148463010784 -0.0826369747519493
v -0.016772169619798664 -0.026773652061820027 -0.08264920860528945
v -0.021773008629679683 -0.022882541641592976 -0.050447680056095116
v -0.016772169619798664 -0.026773652061820027 -0.08264920860528945
v -0.016255188733339313 -0.027091234922409054 -0.050447683781385415
v -0.016255188733339313 -0.027091234922409054 -0.050447683781385415
v -0.016772169619798664 -0.026773652061820027 -0.08264920860528945
v -0.011853932403028015 -0.029243158176541325 -0.08264727890491484
v -0.016255188733339313 -0.027091234922409054 -0.050447683781385415
v -0.011853932403028015 -0.029243158176541325 -0.08264727890491484
v -0.009950396604835989 -0.029991585761308667 -0.05044768750667571
v -0.009950396604835989 -0.029991585761308667 -0.05044768750667571
v -0.011853932403028015 -0.029243158176541325 -0.08264727890491484
v -0.007145742885768415 -0.030781926587224003 -0.0826369524002075
v -0.009950396604835989 -0.029991585761308667 -0.05044768750667571
v -0.007145742885768415 -0.030781926587224003 -0.0826369524002075
v -0.001304841134697199 -0.031653650104999535 -0.05044769123196601
v -0.001304841134697199 -0.031653650104999535 -0.05044769123196601
v -0.007145742885768415 -0.030781926587224003 -0.0826369524002075
v -0.00030537476413883274 -0.03160062432289123 -0.0826493054628372
v -0.001304841134697199 -0.031653650104999535 -0.05044769123196601
v -0.00030537476413883274 -0.03160062432289123 -0.0826493054628372
v 0.004149900283664466 -0.031068889424204823 -0.0828966125845909
v -0.001304841134697199 -0.031653650104999535 -0.05044769123196601
v 0.004149900283664466 -0.031068889424204823 -0.0828966125845909
v 0.009024390019476415 -0.030365375801920887 -0.05044769868254661
v 0.009024390019476415 -0.030365375801920887 -0.05044769868254661
v 0.004149900283664466 -0.031068889424204823 -0.0828966125845909
v 0.009997424669563772 -0.029975440353155133 -0.08263689279556273
v 0.009024390019476415 -0.030365375801920887 -0.05044769868254661
v 0.009997424669563772 -0.029975440353155133 -0.08263689279556273
v 0.01625139079988003 -0.02709308452904224 -0.08264935016632079
v 0.009024390019476415 -0.030365375801920887 -0.05044769868254661
v 0.01625139079988003 -0.02709308452904224 -0.08264935016632079
v 0.018375981599092487 -0.02579289115965366 -0.05044770240783691
v 0.018375981599092487 -0.02579289115965366 -0.05044770240783691
v 0.01625139079988003 -0.02709308452904224 -0.08264935016632079
v 0.020687080919742588 -0.02381304837763309 -0.08264730125665663
v 0.018375981599092487 -0.02579289115965366 -0.05044770240783691
v 0.020687080919742588 -0.02381304837763309 -0.08264730125665663
v 0.024181095883250243 -0.02031239122152328 -0.08263680338859557
v 0.018375981599092487 -0.02579289115965366 -0.05044770240783691
v 0.024181095883250243 -0.02031239122152328 -0.08263680338859557
v 0.024543229490518577 -0.019872564822435376 -0.050447706133127206
v 0.024543229490518577 -0.019872564822435376 -0.050447706133127206
v 0.024181095883250243 -0.02031239122152328 -0.08263680338859557
v 0.027998965233564384 -0.014584785327315329 -0.08264936506748198
v 0.024543229490518577 -0.019872564822435376 -0.050447706133127206
v 0.027998965233564384 -0.014584785327315329 -0.08264936506748198
v 0.028281897306442268 -0.014026091434061526 -0.050447709858417504
v 0.028281897306442268 -0.014026091434061526 -0.050447709858417504
v 0.027998965233564384 -0.014584785327315329 -0.08264936506748198
v 0.03006302565336228 -0.009462091140449045 -0.08264730125665663
v 0.028281897306442268 -0.014026091434061526 -0.050447709858417504
v 0.03006302565336228 -0.009462091140449045 -0.08264730125665663
v 0.03065167553722859 -0.0075034177862107745 -0.050447709858417504
v 0.03065167553722859 -0.0075034177862107745 -0.050447709858417504
v 0.03006302565336228 -0.009462091140449045 -0.08264730125665663
v 0.03120568953454495 -0.004654651042073964 -0.08263669908046721
v 0.03065167553722859 -0.0075034177862107745 -0.050447709858417504
v 0.03120568953454495 -0.004654651042073964 -0.08263669908046721
v 0.031537741422653205 -0.0006201930809766053 -0.050447709858417504
v 0.031537741422653205 -0.0006201930809766053 -0.050447709858417504
v 0.03120568953454495 -0.004654651042073964 -0.08263669908046721
v 0.03146003186702729 0.002221890958026051 -0.08264939486980437
v 0.031537741422653205 -0.0006201930809766053 -0.050447709858417504
v 0.03146003186702729 0.002221890958026051 -0.08264939486980437
v 0.030897138640284545 0.00629013031721115 -0.050447709858417504
v 0.030897138640284545 0.00629013031721115 -0.050447709858417504
v 0.03146003186702729 0.002221890958026051 -0.08264939486980437
v 0.030535364523530013 0.007673734799027442 -0.08264730870723723
v 0.030897138640284545 0.00629013031721115 -0.050447709858417504
v 0.030535364523530013 0.007673734799027442 -0.08264730870723723
v 0.028992813080549247 0.012363835237920283 -0.08263666182756423
v 0.030897138640284545 0.00629013031721115 -0.050447709858417504
v 0.028992813080549247 0.012363835237920283 -0.08263666182756423
v 0.02801394276320935 0.01460811775177717 -0.050447709858417504
v 0.02801394276320935 0.01460811775177717 -0.050447709858417504
v 0.028992813080549247 0.012363835237920283 -0.08263666182756423
v 0.0256108045578003 0.01835362799465656 -0.08264939486980437
v 0.02801394276320935 0.01460811775177717 -0.050447709858417504
v 0.0256108045578003 0.01835362799465656 -0.08264939486980437
v 0.02299703471362591 0.021530026569962498 -0.050447706133127206
v 0.02299703471362591 0.021530026569962498 -0.050447706133127206
v 0.0256108045578003 0.01835362799465656 -0.08264939486980437
v 0.020912913605570797 0.023555137217044827 -0.08264856040477751
v 0.02299703471362591 0.021530026569962498 -0.050447706133127206
v 0.020912913605570797 0.023555137217044827 -0.08264856040477751
v 0.0177207924425602 0.026038695126771923 -0.050447635352611535
v 0.0177207924425602 0.026038695126771923 -0.050447635352611535
v 0.020912913605570797 0.023555137217044827 -0.08264856040477751
v 0.015062408521771434 0.02765967324376106 -0.0826517418026924
v 0.0177207924425602 0.026038695126771923 -0.050447635352611535
v 0.015062408521771434 0.02765967324376106 -0.0826517418026924
v 0.014401614665985111 0.027941079810261723 -0.06854803860187529
v 0.0177207924425602 0.026038695126771923 -0.050447635352611535
v 0.014401614665985111 0.027941079810261723 -0.06854803860187529
v 0.014430341310799125 0.027940679341554638 -0.05654762685298919
v 0.016995798796415332 -0.02607350796461105 -0.05044770240783691
v 0.018375981599092487 -0.02579289115965366 -0.05044770240783691
v 0.0197544526308775 -0.02404588274657726 -0.05044770240783691
v 0.0197544526308775 -0.02404588274657726 -0.05044770240783691
v 0.018375981599092487 -0.02579289115965366 -0.05044770240783691
v 0.022273318842053417 -0.021727133542299267 -0.050447706133127206
v 0.022273318842053417 -0.021727133542299267 -0.050447706133127206
v 0.018375981599092487 -0.02579289115965366 -0.05044770240783691
v 0.024543229490518577 -0.019872564822435376 -0.050447706133127206
v 0.022273318842053417 -0.021727133542299267 -0.050447706133127206
v 0.024543229490518577 -0.019872564822435376 -0.050447706133127206
v 0.024521799758076675 -0.01914531551301479 -0.050447706133127206
v 0.024521799758076675 -0.01914531551301479 -0.050447706133127206
v 0.024543229490518577 -0.019872564822435376 -0.050447706133127206
v 0.026472622528672225 -0.01633181050419807 -0.050447706133127206
v 0.026472622528672225 -0.01633181050419807 -0.050447706133127206
v 0.024543229490518577 -0.019872564822435376 -0.050447706133127206
v 0.028281897306442268 -0.014026091434061526 -0.050447709858417504
v 0.026472622528672225 -0.01633181050419807 -0.050447706133127206
v 0.028281897306442268 -0.014026091434061526 -0.050447709858417504
v 0.028102090582251556 -0.013320799916982649 -0.050447709858417504
v 0.028102090582251556 -0.013320799916982649 -0.050447709858417504
v 0.028281897306442268 -0.014026091434061526 -0.050447709858417504
v 0.029390443116426475 -0.010148850269615648 -0.050447709858417504
v 0.029390443116426475 -0.010148850269615648 -0.050447709858417504
v 0.028281897306442268 -0.014026091434061526 -0.050447709858417504
v 0.03065167553722859 -0.0075034177862107745 -0.050447709858417504
v 0.029390443116426475 -0.010148850269615648 -0.050447709858417504
v 0.03065167553722859 -0.0075034177862107745 -0.050447709858417504
v 0.030322030186653144 -0.006854334380477666 -0.050447709858417504
v 0.030322030186653144 -0.006854334380477666 -0.050447709858417504
v 0.03065167553722859 -0.0075034177862107745 -0.050447709858417504
v 0.030885539948940284 -0.0034774250816553827 -0.050447709858417504
v 0.030885539948940284 -0.0034774250816553827 -0.050447709858417504
v 0.03065167553722859 -0.0075034177862107745 -0.050447709858417504
v 0.031537741422653205 -0.0006201930809766053 -0.050447709858417504
v 0.030885539948940284 -0.0034774250816553827 -0.050447709858417504
v 0.031537741422653205 -0.0006201930809766053 -0.050447709858417504
v 0.031074138358235366 -5.895127469557337e-05 -0.050447709858417504
v 0.031074138358235366 -5.895127469557337e-05 -0.050447709858417504
v 0.031537741422653205 -0.0006201930809766053 -0.050447709858417504
v 0.030885538086295135 0.0033595222048461433 -0.050447709858417504
v 0.030885538086295135 0.0033595222048461433 -0.050447709858417504
v 0.031537741422653205 -0.0006201930809766053 -0.050447709858417504
v 0.030897138640284545 0.00629013031721115 -0.050447709858417504
v 0.030885538086295135 0.0033595222048461433 -0.050447709858417504
v 0.030897138640284545 0.00629013031721115 -0.050447709858417504
v 0.030322026461362846 0.006736431270837783 -0.050447709858417504
v 0.030322026461362846 0.006736431270837783 -0.050447709858417504
v 0.030897138640284545 0.00629013031721115 -0.050447709858417504
v 0.029390435665845878 0.010030887089669703 -0.050447709858417504
v 0.029390435665845878 0.010030887089669703 -0.050447709858417504
v 0.030897138640284545 0.00629013031721115 -0.050447709858417504
v 0.02801394276320935 0.01460811775177717 -0.050447709858417504
v 0.029390435665845878 0.010030887089669703 -0.050447709858417504
v 0.02801394276320935 0.01460811775177717 -0.050447709858417504
v 0.02810208126902581 0.013202895410358904 -0.050447709858417504
v 0.02810208126902581 0.013202895410358904 -0.050447709858417504
v 0.02801394276320935 0.01460811775177717 -0.050447709858417504
v 0.02647261321544648 0.01621390506625175 -0.050447709858417504
v 0.02647261321544648 0.01621390506625175 -0.050447709858417504
v 0.02801394276320935 0.01460811775177717 -0.050447709858417504
v 0.02452178671956063 0.01902741007506847 -0.050447709858417504
v 0.02452178671956063 0.01902741007506847 -0.050447709858417504
v 0.02801394276320935 0.01460811775177717 -0.050447709858417504
v 0.02299703471362591 0.021530026569962498 -0.050447706133127206
v 0.02452178671956063 0.01902741007506847 -0.050447709858417504
v 0.02299703471362591 0.021530026569962498 -0.050447706133127206
v 0.022273305803537372 0.021609164774417874 -0.050447706133127206
v 0.022273305803537372 0.021609164774417874 -0.050447706133127206
v 0.02299703471362591 0.021530026569962498 -0.050447706133127206
v 0.019754437729716304 0.02392797358334064 -0.050447706133127206
v 0.019754437729716304 0.02392797358334064 -0.050447706133127206
v 0.02299703471362591 0.021530026569962498 -0.050447706133127206
v 0.0177207924425602 0.026038695126771923 -0.050447635352611535
v 0.019754437729716304 0.02392797358334064 -0.050447706133127206
v 0.0177207924425602 0.026038695126771923 -0.050447635352611535
v 0.01699578203260899 0.025955535471439358 -0.050447706133127206
v 0.01699578203260899 0.025955535471439358 -0.050447706133127206
v 0.0177207924425602 0.026038695126771923 -0.050447635352611535
v 0.014030820690095428 0.02766737341880798 -0.05044770240783691
v 0.014030820690095428 0.02766737341880798 -0.05044770240783691
v 0.0177207924425602 0.026038695126771923 -0.050447635352611535
v 0.011826477944850925 0.029185201972723004 -0.05044769495725631
v 0.014030820690095428 0.02766737341880798 -0.05044770240783691
v 0.011826477944850925 0.029185201972723004 -0.05044769495725631
v 0.010895540006458761 0.029042594134807583 -0.05044770240783691
v 0.010895540006458761 0.029042594134807583 -0.05044770240783691
v 0.011826477944850925 0.029185201972723004 -0.05044769495725631
v 0.007627992425113918 0.030064668506383892 -0.05044769868254661
v 0.007627992425113918 0.030064668506383892 -0.05044769868254661
v 0.011826477944850925 0.029185201972723004 -0.05044769495725631
v 0.004154039081186057 0.031217964366078373 -0.05044761672616004
v 0.007627992425113918 0.030064668506383892 -0.05044769868254661
v 0.004154039081186057 0.031217964366078373 -0.05044761672616004
v 0.00426784995943308 0.030720980837941166 -0.05044769868254661
v 0.00426784995943308 0.030720980837941166 -0.05044769868254661
v 0.004154039081186057 0.031217964366078373 -0.05044761672616004
v 0.0008558979025110605 0.031003683805465695 -0.05044769495725631
v 0.0008558979025110605 0.031003683805465695 -0.05044769495725631
v 0.004154039081186057 0.031217964366078373 -0.05044761672616004
v -3.3876239058372453e-07 0.03144057095050811 -0.05044769495725631
v -0.0025664481800049548 0.030909325927495953 -0.05044769495725631
v -3.3876239058372453e-07 0.03144057095050811 -0.05044769495725631
v -0.004373212810605765 0.031197462230920788 -0.0504477247595787
v -0.0025664481800049548 0.030909325927495953 -0.05044769495725631
v -0.004373212810605765 0.031197462230920788 -0.0504477247595787
v -0.005957644898444416 0.030439110472798344 -0.05044769123196601
v -0.005957644898444416 0.030439110472798344 -0.05044769123196601
v -0.004373212810605765 0.031197462230920788 -0.0504477247595787
v -0.009276528842747213 0.029598670080304142 -0.05044769123196601
v -0.009276528842747213 0.029598670080304142 -0.05044769123196601
v -0.004373212810605765 0.031197462230920788 -0.0504477247595787
v -0.01148577965795994 0.029319083318114277 -0.05044789239764213
v -0.009276528842747213 0.029598670080304142 -0.05044769123196601
v -0.01148577965795994 0.029319083318114277 -0.05044789239764213
v -0.012482806108891967 0.028398184105753895 -0.05044768750667571
v -0.012482806108891967 0.028398184105753895 -0.05044768750667571
v -0.01148577965795994 0.029319083318114277 -0.05044789239764213
v -0.0155375748872757 0.026852302253246304 -0.05044768750667571
v -0.0155375748872757 0.026852302253246304 -0.05044768750667571
v -0.01148577965795994 0.029319083318114277 -0.05044789239764213
v -0.017724117264151577 0.02607338316738605 -0.05044720321893691
v -0.0155375748872757 0.026852302253246304 -0.05044768750667571
v -0.017724117264151577 0.02607338316738605 -0.05044720321893691
v -0.018403736874461177 0.02497976832091808 -0.050447683781385415
v -0.018403736874461177 0.02497976832091808 -0.050447683781385415
v -0.017724117264151577 0.02607338316738605 -0.05044720321893691
v -0.02104650251567364 0.0228032860904932 -0.050447683781385415
v -0.02104650251567364 0.0228032860904932 -0.050447683781385415
v -0.017724117264151577 0.02607338316738605 -0.05044720321893691
v -0.023414880037307743 0.021076845005154606 -0.050447680056095116
v -0.02104650251567364 0.0228032860904932 -0.050447683781385415
v -0.023414880037307743 0.021076845005154606 -0.050447680056095116
v -0.02343380078673363 0.020349275320768353 -0.050447680056095116
v -0.02343380078673363 0.020349275320768353 -0.050447680056095116
v -0.023414880037307743 0.021076845005154606 -0.050447680056095116
v -0.02553664147853852 0.017647471278905865 -0.050447680056095116
v -0.02553664147853852 0.017647471278905865 -0.050447680056095116
v -0.023414880037307743 0.021076845005154606 -0.050447680056095116
v -0.02840975299477578 0.013827258720993994 -0.050447680056095116
v -0.02553664147853852 0.017647471278905865 -0.050447680056095116
v -0.02840975299477578 0.013827258720993994 -0.050447680056095116
v -0.027329508215188987 0.01473081763833761 -0.050447680056095116
v -0.027329508215188987 0.01473081763833761 -0.050447680056095116
v -0.02840975299477578 0.013827258720993994 -0.050447680056095116
v -0.02879063785076142 0.011634667403995989 -0.05044767633080482
v -0.02879063785076142 0.011634667403995989 -0.05044767633080482
v -0.02840975299477578 0.013827258720993994 -0.050447680056095116
v -0.02990230359137059 0.008396486751735209 -0.05044767633080482
v -0.02990230359137059 0.008396486751735209 -0.05044767633080482
v -0.02840975299477578 0.013827258720993994 -0.050447680056095116
v -0.03101587854325772 0.0056855957955121985 -0.05044767633080482
v -0.02990230359137059 0.008396486751735209 -0.05044767633080482
v -0.03101587854325772 0.0056855957955121985 -0.05044767633080482
v -0.030650982633233077 0.005055708345025777 -0.05044767633080482
v -0.030650982633233077 0.005055708345025777 -0.05044767633080482
v -0.03101587854325772 0.0056855957955121985 -0.05044767633080482
v -0.031027616932988174 0.0016528592677786944 -0.05044767633080482
v -0.031027616932988174 0.0016528592677786944 -0.05044767633080482
v -0.03101587854325772 0.0056855957955121985 -0.05044767633080482
v -0.031521417200565345 -0.0012359333923086522 -0.05044767633080482
v -0.031027616932988174 0.0016528592677786944 -0.05044767633080482
v -0.031521417200565345 -0.0012359333923086522 -0.05044767633080482
v -0.031027615070343025 -0.001770802307873964 -0.05044767633080482
v -0.031027615070343025 -0.001770802307873964 -0.05044767633080482
v -0.031521417200565345 -0.0012359333923086522 -0.05044767633080482
v -0.03065097890794278 -0.005173651035875081 -0.05044767633080482
v -0.03065097890794278 -0.005173651035875081 -0.05044767633080482
v -0.031521417200565345 -0.0012359333923086522 -0.05044767633080482
v -0.03050112910568715 -0.008100523613393305 -0.05044767633080482
v -0.03065097890794278 -0.005173651035875081 -0.05044767633080482
v -0.03050112910568715 -0.008100523613393305 -0.05044767633080482
v -0.029902298003435142 -0.008514428511261938 -0.05044767633080482
v -0.029902298003435142 -0.008514428511261938 -0.05044767633080482
v -0.03050112910568715 -0.008100523613393305 -0.05044767633080482
v -0.028790630400180824 -0.011752609163522719 -0.05044767633080482
v -0.028790630400180824 -0.011752609163522719 -0.05044767633080482
v -0.03050112910568715 -0.008100523613393305 -0.05044767633080482
v -0.02716387994587422 -0.01624740101397037 -0.05044767633080482
v -0.028790630400180824 -0.011752609163522719 -0.05044767633080482
v -0.02716387994587422 -0.01624740101397037 -0.05044767633080482
v -0.02732949890196324 -0.01484881807118654 -0.05044767633080482
v -0.02732949890196324 -0.01484881807118654 -0.05044767633080482
v -0.02716387994587422 -0.01624740101397037 -0.05044767633080482
v -0.025536630302667625 -0.017765469849109646 -0.050447680056095116
v -0.025536630302667625 -0.017765469849109646 -0.050447680056095116
v -0.02716387994587422 -0.01624740101397037 -0.05044767633080482
v -0.023433787748217586 -0.02046721428632736 -0.050447680056095116
v -0.023433787748217586 -0.02046721428632736 -0.050447680056095116
v -0.02716387994587422 -0.01624740101397037 -0.05044767633080482
v -0.021773008629679683 -0.022882541641592976 -0.050447680056095116
v -0.023433787748217586 -0.02046721428632736 -0.050447680056095116
v -0.021773008629679683 -0.022882541641592976 -0.050447680056095116
v -0.021046487614512447 -0.022921221330761906 -0.050447680056095116
v -0.021046487614512447 -0.022921221330761906 -0.050447680056095116
v -0.021773008629679683 -0.022882541641592976 -0.050447680056095116
v -0.018403721973299984 -0.025097642093896862 -0.050447683781385415
v -0.018403721973299984 -0.025097642093896862 -0.050447683781385415
v -0.021773008629679683 -0.022882541641592976 -0.050447680056095116
v -0.016255188733339313 -0.027091234922409054 -0.050447683781385415
v -0.018403721973299984 -0.025097642093896862 -0.050447683781385415
v -0.016255188733339313 -0.027091234922409054 -0.050447683781385415
v -0.015537557192146782 -0.026970235630869862 -0.050447683781385415
v -0.015537557192146782 -0.026970235630869862 -0.050447683781385415
v -0.016255188733339313 -0.027091234922409054 -0.050447683781385415
v -0.012482787482440475 -0.028516115620732304 -0.050447683781385415
v -0.012482787482440475 -0.028516115620732304 -0.050447683781385415
v -0.016255188733339313 -0.027091234922409054 -0.050447683781385415
v -0.009950396604835989 -0.029991585761308667 -0.05044768750667571
v -0.012482787482440475 -0.028516115620732304 -0.050447683781385415
v -0.009950396604835989 -0.029991585761308667 -0.05044768750667571
v -0.009276509284973146 -0.029716599732637402 -0.05044768750667571
v -0.009276509284973146 -0.029716599732637402 -0.05044768750667571
v -0.009950396604835989 -0.029991585761308667 -0.05044768750667571
v -0.005957625340670349 -0.030557107180356976 -0.05044768750667571
v -0.005957625340670349 -0.030557107180356976 -0.05044768750667571
v -0.009950396604835989 -0.029991585761308667 -0.05044768750667571
v -0.001304841134697199 -0.031653650104999535 -0.05044769123196601
v -0.005957625340670349 -0.030557107180356976 -0.05044768750667571
v -0.001304841134697199 -0.031653650104999535 -0.05044769123196601
v -0.002566427923738957 -0.03102730959653854 -0.05044769123196601
v -0.002566427923738957 -0.03102730959653854 -0.05044769123196601
v -0.001304841134697199 -0.031653650104999535 -0.05044769123196601
v 0.0008559181587770583 -0.031121667474508282 -0.05044769123196601
v 0.0008559181587770583 -0.031121667474508282 -0.05044769123196601
v -0.001304841134697199 -0.031653650104999535 -0.05044769123196601
v 0.004267869982868434 -0.03083890117704868 -0.05044769495725631
v 0.004267869982868434 -0.03083890117704868 -0.05044769495725631
v -0.001304841134697199 -0.031653650104999535 -0.05044769123196601
v 0.009024390019476415 -0.030365375801920887 -0.05044769868254661
v 0.004267869982868434 -0.03083890117704868 -0.05044769495725631
v 0.009024390019476415 -0.030365375801920887 -0.05044769868254661
v 0.007628012448549272 -0.030182586982846257 -0.05044769495725631
v 0.007628012448549272 -0.030182586982846257 -0.05044769495725631
v 0.009024390019476415 -0.030365375801920887 -0.05044769868254661
v 0.010895558632910253 -0.029160570353269574 -0.05044769868254661
v 0.010895558632910253 -0.029160570353269574 -0.05044769868254661
v 0.009024390019476415 -0.030365375801920887 -0.05044769868254661
v 0.014030838385224346 -0.027785345911979672 -0.05044769868254661
v 0.014030838385224346 -0.027785345911979672 -0.05044769868254661
v 0.009024390019476415 -0.030365375801920887 -0.05044769868254661
v 0.018375981599092487 -0.02579289115965366 -0.05044770240783691
v 0.014030838385224346 -0.027785345911979672 -0.05044769868254661
v 0.018375981599092487 -0.02579289115965366 -0.05044770240783691
v 0.016995798796415332 -0.02607350796461105 -0.05044770240783691
usemtl LinkGrey
f 1 2 3
f 4 5 6
f 7 8 9
f 10 11 12
f 13 14 15
f 16 17 18
f 19 20 21
f 22 23 24
f 25 26 27
f 28 29 30
f 31 32 33
f 34 35 36
f 37 38 39
f 40 41 42
f 43 44 45
f 46 47 48
f 49 50 51
f 52 53 54
f 55 56 57
f 58 59 60
f 61 62 63
f 64 65 66
f 67 68 69
f 70 71 72
f 73 74 75
f 76 77 78
f 79 80 81
f 82 83 84
f 85 86 87
f 88 89 90
f 91 92 93
f 94 95 96
f 97 98 99
f 100 101 102
f 103 104 105
f 106 107 108
f 109 110 111
f 112 113 114
f 115 116 117
f 118 119 120
f 121 122 123
f 124 125 126
f 127 128 129
f 130 131 132
f 133 134 135
f 136 137 138
f 139 140 141
f 142 143 144
f 145 146 147
f 148 149 150
f 151 152 153
f 154 155 156
f 157 158 159
f 160 161 162
f 163 164 165
f 166 167 168
f 169 170 171
f 172 173 174
f 175 176 177
f 178 179 180
f 181 182 183
f 184 185 186
f 187 188 189
f 190 191 192
f 193 194 195
f 196 197 198
f 199 200 201
f 202 203 204
f 205 206 207
f 208 209 210
f 211 212 213
f 214 215 216
f 217 218 219
f 220 221 222
f 223 224 225
f 226 227 228
f 229 230 231
f 232 233 234
f 235 236 237
f 238 239 240
f 241 242 243
f 244 245 246
f 247 248 249
f 250 251 252
f 253 254 255
f 256 257 258
f 259 260 261
f 262 263 264
f 265 266 267
f 268 269 270
f 271 272 273
f 274 275 276
f 277 278 279
f 280 281 282
f 283 284 285
f 286 287 288
f 289 290 291
f 292 293 294
f 295 296 297
f 298 299 300
f 301 302 303
f 304 305 306
f 307 308 309
f 310 311 312
f 313 314 315
f 316 317 318
f 319 320 321
f 322 323 324
f 325 326 327
f 328 329 330
f 331 332 333
f 334 335 336
f 337 338 339
f 340 341 342
f 343 344 345
f 346 347 348
f 349 350 351
f 352 353 354
f 355 356 357
f 358 359 360
f 361 362 363
f 364 365 366
f 367 368 369
f 370 371 372
f 373 374 375
f 376 377 378
f 379 380 381
f 382 383 384
f 385 386 387
f 388 389 390
f 391 392 393
f 394 395 396
f 397 398 399
f 400 401 402
f 403 404 405
f 406 407 408
f 409 410 411
f 412 413 414
f 415 416 417
f 418 419 420
f 421 422 423
f 424 425 426
f 427 428 429
f 430 431 432
f 433 434 435
f 436 437 438
f 439 440 441
f 442 443 444
f 445 446 447
f 448 449 450
f 451 452 453
f 454 455 456
f 457 458 459
f 460 461 462
f 463 464 465
f 466 467 468
f 469 470 471
f 472 473 474
f 475 476 477
f 478 479 480
f 481 482 483
f 484 485 486
f 487 488 489
f 490 491 492
f 493 494 495
f 496 497 498
f 499 500 501
f 502 503 504
f 505 506 507
f 508 509 510
f 511 512 513
f 514 515 516
f 517 518 519
f 520 521 522
f 523 524 525
f 526 527 528
f 529 530 531
f 532 533 534
f 535 536 537
f 538 539 540
f 541 542 543
f 544 545 546
f 547 548 549
f 550 551 552
f 553 554 555
f 556 557 558
f 559 560 561
f 562 563 564
f 565 566 567
f 568 569 570
f 571 572 573
f 574 575 576
f 577 578 579
f 580 581 582
f 583 584 585
f 586 587 588
f 589 590 591
f 592 593 594
f 595 596 597
f 598 599 600
f 601 602 603
f 604 605 606
f 607 608 609
f 610 611 612
f 613 614 615
f 616 617 618
f 619 620 621
f 622 623 624
f 625 626 627
f 628 629 630
f 631 632 633
f 634 635 636
f 637 638 639
f 640 641 642
f 643 644 645
f 646 647 648
f 649 650 651
f 652 653 654
f 655 656 657
f 658 659 660
f 661 662 663
f 664 665 666
f 667 668 669
f 670 671 672
f 673 674 675
f 676 677 678
f 679 680 681
f 682 683 684
f 685 686 687
f 688 689 690
f 691 692 693
f 694 695 696
f 697 698 699
f 700 701 702
f 703 704 705
f 706 707 708
f 709 710 711
f 712 713 714
f 715 716 717
f 718 719 720
f 721 722 723
f 724 725 726
f 727 728 729
f 730 731 732
f 733 734 735
f 736 737 738
f 739 740 741
f 742 743 744
f 745 746 747
f 748 749 750
f 751 752 753
f 754 755 756
f 757 758 759
f 760 761 762
f 763 764 765
f 766 767 768
f 769 770 771
f 772 773 774
f 775 776 777
f 778 779 780
f 781 782 783
f 784 785 786
f 787 788 789
f 790 791 792
f 793 794 795
f 796 797 798
f 799 800 801
f 802 803 804
f 805 806 807
f 808 809 810
f 811 812 813
f 814 815 816
f 817 818 819
f 820 821 822
f 823 824 825
f 826 827 828
f 829 830 831
f 832 833 834
f 835 836 837
f 838 839 840
f 841 842 843
f 844 845 846
f 847 848 849
f 850 851 852
f 853 854 855
f 856 857 858
f 859 860 861
f 862 863 864
f 865 866 867
f 868 869 870
f 871 872 873
f 874 875 876
f 877 878 879
f 880 881 882
f 883 884 885
f 886 887 888
f 889 890 891
f 892 893 894
f 895 896 897
f 898 899 900
f 901 902 903
f 904 905 906
f 907 908 909
f 910 911 912
f 913 914 915
f 916 917 918
f 919 920 921
f 922 923 924
f 925 926 927
f 928 929 930
f 931 932 933
f 934 935 936
f 937 938 939
f 940 941 942
f 943 944 945
f 946 947 948
f 949 950 951
f 952 953 954
f 955 956 957
f 958 959 960
f 961 962 963
f 964 965 966
f 967 968 969
f 970 971 972
f 973 974 975
f 976 977 978
f 979 980 981
f 982 983 984
f 985 986 987
f 988 989 990
f 991 992 993
f 994 995 996
f 997 998 999
f 1000 1001 1002
f 1003 1004 1005
f 1006 1007 1008
f 1009 1010 1011
f 1012 1013 1014
f 1015 1016 1017
f 1018 1019 1020
f 1021 1022 1023
f 1024 1025 1026
f 1027 1028 1029
f 1030 1031 1032
f 1033 1034 1035
f 1036 1037 1038
f 1039 1040 1041
f 1042 1043 1044
f 1045 1046 1047
f 1048 1049 1050
f 1051 1052 1053
f 1054 1055 1056
f 1057 1058 1059
f 1060 1061 1062
f 1063 1064 1065
f 1066 1067 1068
f 1069 1070 1071
f 1072 1073 1074
f 1075 1076 1077
f 1078 1079 1080
f 1081 1082 1083
f 1084 1085 1086
f 1087 1088 1089
f 1090 1091 1092
f 1093 1094 1095
f 1096 1097 1098
f 1099 1100 1101
f 1102 1103 1104
f 1105 1106 1107
f 1108 1109 1110
f 1111 1112 1113
f 1114 1115 1116
f 1117 1118 1119
f 1120 1121 1122
f 1123 1124 1125
f 1126 1127 1128
f 1129 1130 1131
f 1132 1133 1134
f 1135 1136 1137
f 1138 1139 1140
f 1141 1142 1143
f 1144 1145 1146
f 1147 1148 1149
f 1150 1151 1152
f 1153 1154 1155
f 1156 1157 1158
f 1159 1160 1161
f 1162 1163 1164
f 1165 1166 1167
f 1168 1169 1170
f 1171 1172 1173
f 1174 1175 1176
f 1177 1178 1179
f 1180 1181 1182
f 1183 1184 1185
f 1186 1187 1188
f 1189 1190 1191
f 1192 1193 1194
f 1195 1196 1197
f 1198 1199 1200
f 1201 1202 1203
f 1204 1205 1206
f 1207 1208 1209
f 1210 1211 1212
f 1213 1214 1215
f 1216 1217 1218
f 1219 1220 1221
f 1222 1223 1224
f 1225 1226 1227
f 1228 1229 1230
f 1231 1232 1233
f 1234 1235 1236
f 1237 1238 1239
f 1240 1241 1242
f 1243 1244 1245
f 1246 1247 1248
f 1249 1250 1251
f 1252 1253 1254
f 1255 1256 1257
f 1258 1259 1260
f 1261 1262 1263
f 1264 1265 1266
f 1267 1268 1269
f 1270 1271 1272
f 1273 1274 1275
f 1276 1277 1278
f 1279 1280 1281
f 1282 1283 1284
f 1285 1286 1287
f 1288 1289 1290
f 1291 1292 1293
f 1294 1295 1296
f 1297 1298 1299
f 1300 1301 1302
f 1303 1304 1305
f 1306 1307 1308
f 1309 1310 1311
f 1312 1313 1314
f 1315 1316 1317
f 1318 1319 1320
f 1321 1322 1323
f 1324 1325 1326
f 1327 1328 1329
f 1330 1331 1332
f 1333 1334 1335
f 1336 1337 1338
f 1339 1340 1341
f 1342 1343 1344
f 1345 1346 1347
f 1348 1349 1350
f 1351 1352 1353
f 1354 1355 1356
f 1357 1358 1359
f 1360 1361 1362
f 1363 1364 1365
f 1366 1367 1368
f 1369 1370 1371
f 1372 1373 1374
f 1375 1376 1377
f 1378 1379 1380
f 1381 1382 1383
f 1384 1385 1386
f 1387 1388 1389
f 1390 1391 1392
f 1393 1394 1395
f 1396 1397 1398
f 1399 1400 1401
f 1402 1403 1404
f 1405 1406 1407
f 1408 1409 1410
f 1411 1412 1413
f 1414 1415 1416
f 1417 1418 1419
f 1420 1421 1422
f 1423 1424 1425
f 1426 1427 1428
f 1429 1430 1431
f 1432 1433 1434
f 1435 1436 1437
f 1438 1439 1440
f 1441 1442 1443
f 1444 1445 1446
f 1447 1448 1449
f 1450 1451 1452
f 1453 1454 1455
f 1456 1457 1458
f 1459 1460 1461
f 1462 1463 1464
f 1465 1466 1467
f 1468 1469 1470
f 1471 1472 1473
f 1474 1475 1476
f 1477 1478 1479
f 1480 1481 1482
f 1483 1484 1485
f 1486 1487 1488
f 1489 1490 1491
f 1492 1493 1494
f 1495 1496 1497
f 1498 1499 1500
f 1501 1502 1503
f 1504 1505 1506
f 1507 1508 1509
f 1510 1511 1512
f 1513 1514 1515
f 1516 1517 1518
f 1519 1520 1521
f 1522 1523 1524
f 1525 1526 1527
f 1528 1529 1530
f 1531 1532 1533
f 1534 1535 1536
f 1537 1538 1539
f 1540 1541 1542
f 1543 1544 1545
f 1546 1547 1548
f 1549 1550 1551
f 1552 1553 1554
f 1555 1556 1557
f 1558 1559 1560
f 1561 1562 1563
f 1564 1565 1566
f 1567 1568 1569
f 1570 1571 1572
f 1573 1574 1575
f 1576 1577 1578
f 1579 1580 1581
f 1582 1583 1584
f 1585 1586 1587
f 1588 1589 1590
f 1591 1592 1593
f 1594 1595 1596
f 1597 1598 1599
f 1600 1601 1602
f 1603 1604 1605
f 1606 1607 1608
f 1609 1610 1611
f 1612 1613 1614
f 1615 1616 1617
f 1618 1619 1620
f 1621 1622 1623
f 1624 1625 1626
f 1627 1628 1629
f 1630 1631 1632
f 1633 1634 1635
f 1636 1637 1638
f 1639 1640 1641
f 1642 1643 1644
f 1645 1646 1647
f 1648 1649 1650
f 1651 1652 1653
f 1654 1655 1656
f 1657 1658 1659
f 1660 1661 1662
f 1663 1664 1665
f 1666 1667 1668
f 1669 1670 1671
f 1672 1673 1674
f 1675 1676 1677
f 1678 1679 1680
f 1681 1682 1683
f 1684 1685 1686
f 1687 1688 1689
f 1690 1691 1692
f 1693 1694 1695
f 1696 1697 1698
f 1699 1700 1701
f 1702 1703 1704
f 1705 1706 1707
f 1708 1709 1710
f 1711 1712 1713
f 1714 1715 1716
f 1717 1718 1719
f 1720 1721 1722
f 1723 1724 1725
f 1726 1727 1728
f 1729 1730 1731
f 1732 1733 1734
f 1735 1736 1737
f 1738 1739 1740
f 1741 1742 1743
f 1744 1745 1746
f 1747 1748 1749
f 1750 1751 1752
f 1753 1754 1755
f 1756 1757 1758
f 1759 1760 1761
f 1762 1763 1764
f 1765 1766 1767
f 1768 1769 1770
f 1771 1772 1773
f 1774 1775 1776
f 1777 1778 1779
f 1780 1781 1782
f 1783 1784 1785
f 1786 1787 1788
f 1789 1790 1791
f 1792 1793 1794
f 1795 1796 1797
f 1798 1799 1800
f 1801 1802 1803
f 1804 1805 1806
f 1807 1808 1809
f 1810 1811 1812
f 1813 1814 1815
f 1816 1817 1818
f 1819 1820 1821
f 1822 1823 1824
f 1825 1826 1827
f 1828 1829 1830
f 1831 1832 1833
f 1834 1835 1836
f 1837 1838 1839
f 1840 1841 1842
f 1843 1844 1845
f 1846 1847 1848
f 1849 1850 1851
f 1852 1853 1854
f 1855 1856 1857
f 1858 1859 1860
f 1861 1862 1863
f 1864 1865 1866
f 1867 1868 1869
f 1870 1871 1872
f 1873 1874 1875
f 1876 1877 1878
f 1879 1880 1881
f 1882 1883 1884
f 1885 1886 1887
f 1888 1889 1890
f 1891 1892 1893
f 1894 1895 1896
f 1897 1898 1899
f 1900 1901 1902
f 1903 1904 1905
f 1906 1907 1908
f 1909 1910 1911
f 1912 1913 1914
f 1915 1916 1917
f 1918 1919 1920
f 1921 1922 1923
f 1924 1925 1926
f 1927 1928 1929
f 1930 1931 1932
f 1933 1934 1935
f 1936 1937 1938
f 1939 1940 1941
f 1942 1943 1944
f 1945 1946 1947
f 1948 1949 1950
f 1951 1952 1953
f 1954 1955 1956
f 1957 1958 1959
f 1960 1961 1962
f 1963 1964 1965
f 1966 1967 1968
f 1969 1970 1971
f 1972 1973 1974
f 1975 1976 1977
f 1978 1979 1980
f 1981 1982 1983
f 1984 1985 1986
f 1987 1988 1989
f 1990 1991 1992
f 1993 1994 1995
f 1996 1997 1998
f 1999 2000 2001
f 2002 2003 2004
f 2005 2006 2007
f 2008 2009 2010
f 2011 2012 2013
f 2014 2015 2016
f 2017 2018 2019
f 2020 2021 2022
f 2023 2024 2025
f 2026 2027 2028
f 2029 2030 2031
f 2032 2033 2034
f 2035 2036 2037
f 2038 2039 2040
f 2041 2042 2043
f 2044 2045 2046
f 2047 2048 2049
f 2050 2051 2052
f 2053 2054 2055
f 2056 2057 2058
f 2059 2060 2061
f 2062 2063 2064
f 2065 2066 2067
f 2068 2069 2070
f 2071 2072 2073
f 2074 2075 2076
f 2077 2078 2079
f 2080 2081 2082
f 2083 2084 2085
f 2086 2087 2088
f 2089 2090 2091
f 2092 2093 2094
f 2095 2096 2097
f 2098 2099 2100
f 2101 2102 2103
f 2104 2105 2106
f 2107 2108 2109
f 2110 2111 2112
f 2113 2114 2115
f 2116 2117 2118
f 2119 2120 2121
f 2122 2123 2124
f 2125 2126 2127
f 2128 2129 2130
f 2131 2132 2133
f 2134 2135 2136
f 2137 2138 2139
f 2140 2141 2142
f 2143 2144 2145
f 2146 2147 2148
f 2149 2150 2151
f 2152 2153 2154
f 2155 2156 2157
f 2158 2159 2160
f 2161 2162 2163
f 2164 2165 2166
f 2167 2168 2169
f 2170 2171 2172
f 2173 2174 2175
f 2176 2177 2178
f 2179 2180 2181
f 2182 2183 2184
f 2185 2186 2187
f 2188 2189 2190
f 2191 2192 2193
f 2194 2195 2196
f 2197 2198 2199
f 2200 2201 2202
f 2203 2204 2205
f 2206 2207 2208
f 2209 2210 2211
f 2212 2213 2214
f 2215 2216 2217
f 2218 2219 2220
f 2221 2222 2223
f 2224 2225 2226
f 2227 2228 2229
f 2230 2231 2232
f 2233 2234 2235
f 2236 2237 2238
f 2239 2240 2241
f 2242 2243 2244
f 2245 2246 2247
f 2248 2249 2250
f 2251 2252 2253
f 2254 2255 2256
f 2257 2258 2259
f 2260 2261 2262
f 2263 2264 2265
f 2266 2267 2268
f 2269 2270 2271
f 2272 2273 2274
f 2275 2276 2277
f 2278 2279 2280
f 2281 2282 2283
f 2284 2285 2286
f 2287 2288 2289
f 2290 2291 2292
f 2293 2294 2295
f 2296 2297 2298
f 2299 2300 2301
f 2302 2303 2304
f 2305 2306 2307
f 2308 2309 2310
f 2311 2312 2313
f 2314 2315 2316
f 2317 2318 2319
f 2320 2321 2322
f 2323 2324 2325
f 2326 2327 2328
f 2329 2330 2331
f 2332 2333 2334
f 2335 2336 2337
f 2338 2339 2340
f 2341 2342 2343
f 2344 2345 2346
f 2347 2348 2349
f 2350 2351 2352
f 2353 2354 2355
f 2356 2357 2358
f 2359 2360 2361
f 2362 2363 2364
f 2365 2366 2367
f 2368 2369 2370
f 2371 2372 2373
f 2374 2375 2376
f 2377 2378 2379
f 2380 2381 2382
f 2383 2384 2385
f 2386 2387 2388
f 2389 2390 2391
f 2392 2393 2394
f 2395 2396 2397
f 2398 2399 2400
f 2401 2402 2403
f 2404 2405 2406
f 2407 2408 2409
f 2410 2411 2412
f 2413 2414 2415
f 2416 2417 2418
f 2419 2420 2421
f 2422 2423 2424
f 2425 2426 2427
f 2428 2429 2430
f 2431 2432 2433
f 2434 2435 2436
f 2437 2438 2439
f 2440 2441 2442
f 2443 2444 2445
f 2446 2447 2448
f 2449 2450 2451
f 2452 2453 2454
f 2455 2456 2457
f 2458 2459 2460
f 2461 2462 2463
f 2464 2465 2466
f 2467 2468 2469
f 2470 2471 2472
f 2473 2474 2475
f 2476 2477 2478
f 2479 2480 2481
f 2482 2483 2484
f 2485 2486 2487
f 2488 2489 2490
f 2491 2492 2493
f 2494 2495 2496
f 2497 2498 2499
f 2500 2501 2502
f 2503 2504 2505
f 2506 2507 2508
f 2509 2510 2511
f 2512 2513 2514
f 2515 2516 2517
f 2518 2519 2520
f 2521 2522 2523
f 2524 2525 2526
f 2527 2528 2529
f 2530 2531 2532
f 2533 2534 2535
f 2536 2537 2538
f 2539 2540 2541
f 2542 2543 2544
f 2545 2546 2547
f 2548 2549 2550
f 2551 2552 2553
f 2554 2555 2556
f 2557 2558 2559
f 2560 2561 2562
f 2563 2564 2565
f 2566 2567 2568
f 2569 2570 2571
f 2572 2573 2574
f 2575 2576 2577
f 2578 2579 2580
f 2581 2582 2583
f 2584 2585 2586
f 2587 2588 2589
f 2590 2591 2592
f 2593 2594 2595
f 2596 2597 2598
f 2599 2600 2601
f 2602 2603 2604
f 2605 2606 2607
f 2608 2609 2610
f 2611 2612 2613
f 2614 2615 2616
f 2617 2618 2619
f 2620 2621 2622
f 2623 2624 2625
f 2626 2627 2628
f 2629 2630 2631
f 2632 2633 2634
f 2635 2636 2637
f 2638 2639 2640
f 2641 2642 2643
f 2644 2645 2646
f 2647 2648 2649
f 2650 2651 2652
f 2653 2654 2655
f 2656 2657 2658
f 2659 2660 2661
f 2662 2663 2664
f 2665 2666 2667
f 2668 2669 2670
f 2671 2672 2673
f 2674 2675 2676
f 2677 2678 2679
f 2680 2681 2682
f 2683 2684 2685
f 2686 2687 2688
f 2689 2690 2691
f 2692 2693 2694
f 2695 2696 2697
f 2698 2699 2700
f 2701 2702 2703
f 2704 2705 2706
f 2707 2708 2709
f 2710 2711 2712
f 2713 2714 2715
f 2716 2717 2718
f 2719 2720 2721
f 2722 2723 2724
f 2725 2726 2727
f 2728 2729 2730
f 2731 2732 2733
f 2734 2735 2736
f 2737 2738 2739
f 2740 2741 2742
f 2743 2744 2745
f 2746 2747 2748
f 2749 2750 2751
f 2752 2753 2754
f 2755 2756 2757
f 2758 2759 2760
f 2761 2762 2763
f 2764 2765 2766
f 2767 2768 2769
f 2770 2771 2772
f 2773 2774 2775
f 2776 2777 2778
f 2779 2780 2781
f 2782 2783 2784
f 2785 2786 2787
f 2788 2789 2790
f 2791 2792 2793
f 2794 2795 2796
f 2797 2798 2799
f 2800 2801 2802
f 2803 2804 2805
f 2806 2807 2808
f 2809 2810 2811
f 2812 2813 2814
f 2815 2816 2817
f 2818 2819 2820
f 2821 2822 2823
f 2824 2825 2826
f 2827 2828 2829
f 2830 2831 2832
f 2833 2834 2835
f 2836 2837 2838
f 2839 2840 2841
f 2842 2843 2844
f 2845 2846 2847
f 2848 2849 2850
f 2851 2852 2853
f 2854 2855 2856
f 2857 2858 2859
f 2860 2861 2862
f 2863 2864 2865
f 2866 2867 2868
f 2869 2870 2871
f 2872 2873 2874
f 2875 2876 2877
f 2878 2879 2880
f 2881 2882 2883
f 2884 2885 2886
f 2887 2888 2889
f 2890 2891 2892
f 2893 2894 2895
f 2896 2897 2898
f 2899 2900 2901
f 2902 2903 2904
f 2905 2906 2907
f 2908 2909 2910
f 2911 2912 2913
f 2914 2915 2916
f 2917 2918 2919
f 2920 2921 2922
f 2923 2924 2925
f 2926 2927 2928
f 2929 2930 2931
f 2932 2933 2934
f 2935 2936 2937
f 2938 2939 2940
f 2941 2942 2943
f 2944 2945 2946
f 2947 2948 2949
f 2950 2951 2952
f 2953 2954 2955
f 2956 2957 2958
f 2959 2960 2961
f 2962 2963 2964
f 2965 2966 2967
f 2968 2969 2970
f 2971 2972 2973
f 2974 2975 2976
f 2977 2978 2979
f 2980 2981 2982
f 2983 2984 2985
f 2986 2987 2988
f 2989 2990 2991
f 2992 2993 2994
f 2995 2996 2997
f 2998 2999 3000
f 3001 3002 3003
f 3004 3005 3006
f 3007 3008 3009
f 3010 3011 3012
f 3013 3014 3015
f 3016 3017 3018
f 3019 3020 3021
f 3022 3023 3024
f 3025 3026 3027
f 3028 3029 3030
f 3031 3032 3033
f 3034 3035 3036
f 3037 3038 3039
f 3040 3041 3042
f 3043 3044 3045
f 3046 3047 3048
f 3049 3050 3051
f 3052 3053 3054
f 3055 3056 3057
f 3058 3059 3060
f 3061 3062 3063
f 3064 3065 3066
f 3067 3068 3069
f 3070 3071 3072
f 3073 3074 3075
f 3076 3077 3078
f 3079 3080 3081
f 3082 3083 3084
f 3085 3086 3087
f 3088 3089 3090
f 3091 3092 3093
f 3094 3095 3096
f 3097 3098 3099
f 3100 3101 3102
f 3103 3104 3105
f 3106 3107 3108
f 3109 3110 3111
f 3112 3113 3114
f 3115 3116 3117
f 3118 3119 3120
f 3121 3122 3123
f 3124 3125 3126
f 3127 3128 3129
f 3130 3131 3132
f 3133 3134 3135
f 3136 3137 3138
f 3139 3140 3141
f 3142 3143 3144
f 3145 3146 3147
f 3148 3149 3150
f 3151 3152 3153
f 3154 3155 3156
f 3157 3158 3159
f 3160 3161 3162
f 3163 3164 3165
f 3166 3167 3168
f 3169 3170 3171
f 3172 3173 3174
f 3175 3176 3177
f 3178 3179 3180
f 3181 3182 3183
f 3184 3185 3186
f 3187 3188 3189
f 3190 3191 3192
f 3193 3194 3195
f 3196 3197 3198
f 3199 3200 3201
f 3202 3203 3204
f 3205 3206 3207
f 3208 3209 3210
f 3211 3212 3213
f 3214 3215 3216
f 3217 3218 3219
f 3220 3221 3222
f 3223 3224 3225
f 3226 3227 3228
f 3229 3230 3231
f 3232 3233 3234
f 3235 3236 3237
f 3238 3239 3240
f 3241 3242 3243
f 3244 3245 3246
f 3247 3248 3249
f 3250 3251 3252
f 3253 3254 3255
f 3256 3257 3258
f 3259 3260 3261
f 3262 3263 3264
f 3265 3266 3267
f 3268 3269 3270
f 3271 3272 3273
f 3274 3275 3276
f 3277 3278 3279
f 3280 3281 3282
f 3283 3284 3285
f 3286 3287 3288
f 3289 3290 3291
f 3292 3293 3294
f 3295 3296 3297
f 3298 3299 3300
f 3301 3302 3303
f 3304 3305 3306
f 3307 3308 3309
f 3310 3311 3312
f 3313 3314 3315
f 3316 3317 3318
f 3319 3320 3321
f 3322 3323 3324
f 3325 3326 3327
f 3328 3329 3330
f 3331 3332 3333
f 3334 3335 3336
f 3337 3338 3339
f 3340 3341 3342
f 3343 3344 3345
f 3346 3347 3348
f 3349 3350 3351
f 3352 3353 3354
f 3355 3356 3357
f 3358 3359 3360
f 3361 3362 3363
f 3364 3365 3366
f 3367 3368 3369
f 3370 3371 3372
f 3373 3374 3375
f 3376 3377 3378
f 3379 3380 3381
