mtllib wrist_1_link_collisions_wrist1_mesh.mtl
v -0.031997852027416236 0.10807786136865616 -0.026831684634089466
v -0.031216466799378402 0.1079995259642601 0.049660474061965935
v -0.03151041269302369 0.1109531819820404 -0.026159411296248433
v -0.008075607009232046 0.0737084373831749 0.0497073121368885
v -0.009456221014261247 0.07400842010974884 0.04958816617727279
v -0.006667295936495067 0.05034925416111946 0.03038625046610832
v 0.01817049272358418 0.07903841882944107 0.04994144290685653
v 0.029400637373328216 0.09449540823698044 0.04994144663214683
v 0.01817046478390694 0.12905824184417725 0.04994144663214683
v -0.032187670469284065 0.10278264433145523 -0.028143286705017086
v -0.03144782036542893 0.05034944787621498 -0.002105707768350839
v -0.03222655877470971 0.10477873682975769 -0.027650957927107808
v -0.032187670469284065 0.10278264433145523 -0.028143286705017086
v -0.032094832509756095 0.10162381827831268 -0.030420485883951184
v -0.03144782036542893 0.05034944787621498 -0.002105707768350839
v 0.003874240443110467 0.13471855223178864 0.04994143918156623
v 0.004192709457129241 0.1350763440132141 0.04973629862070083
v 0.0012818182585760953 0.13548444211483002 0.04966486617922782
v -0.029893212020397193 0.09473532438278198 0.049736283719539635
v -0.02940120920538903 0.09449537098407745 0.04994142428040504
v -0.030719652771949775 0.09722821414470673 0.049657449126243584
v -0.030918959528207786 0.05034899711608887 0.0056135659106075755
v -0.029919562861323364 0.05034923925995827 0.009415037930011748
v -0.030719652771949775 0.09722821414470673 0.049657449126243584
v -0.030918959528207786 0.05034899711608887 0.0056135659106075755
v -0.030719652771949775 0.09722821414470673 0.049657449126243584
v -0.031217886134982116 0.09989164024591446 0.04958783090114593
v -0.014406784437596801 0.07607787847518921 0.04966658726334571
v -0.018064580857753757 0.07843638211488724 0.04973234608769416
v -0.016882371157407764 0.07746239006519318 0.04958784580230712
v -0.02838039211928845 0.050349000841379166 0.013259340077638624
v -0.030918959528207786 0.05034899711608887 0.0056135659106075755
v -0.02928008139133454 0.05034899711608887 0.010367407463490961
v -0.030918959528207786 0.05034899711608887 0.0056135659106075755
v -0.02838039211928845 0.050349000841379166 0.013259340077638624
v -0.029919562861323364 0.05034923925995827 0.009415037930011748
v -0.003874817397445441 0.07337812334299088 0.04994143545627593
v 0.01817049272358418 0.07903841882944107 0.04994144290685653
v 0.01817046478390694 0.12905824184417725 0.04994144663214683
v 0.007687716744840147 0.07410559058189392 0.04994143918156623
v 0.01817049272358418 0.07903841882944107 0.04994144290685653
v -0.003874817397445441 0.07337812334299088 0.04994143545627593
v 0.01817049272358418 0.07903841882944107 0.04994144290685653
v 0.021161783486604694 0.08151302486658096 0.04994144290685653
v 0.029400637373328216 0.09449540823698044 0.04994144663214683
v 0.021161783486604694 0.08151302486658096 0.04994144290685653
v 0.01817049272358418 0.07903841882944107 0.04994144290685653
v 0.02150080166757107 0.08107932657003403 0.04966607689857482
v 0.01817049272358418 0.07903841882944107 0.04994144290685653
v 0.017713349312543872 0.07817722111940384 0.049731828272342675
v 0.02150080166757107 0.08107932657003403 0.04966607689857482
v 0.025744851678609855 0.09031936526298523 -0.04229305312037467
v 0.02523870952427388 0.05034947022795677 -0.019245740026235577
v 0.02262578532099724 0.05034922808408737 -0.0223273504525423
v -0.030084589496254928 0.10103237628936768 -0.03960664197802543
v -0.029383612796664245 0.09740621596574783 -0.040078584104776376
v -0.02989510633051396 0.050349000841379166 -0.010333613492548464
v -0.032094832509756095 0.10162381827831268 -0.030420485883951184
v -0.030084589496254928 0.10103237628936768 -0.03960664197802543
v -0.03174792975187302 0.09923142194747925 -0.03134621679782867
v 0.021161759272217754 0.12658366560935974 0.04994144290685653
v 0.02122573554515839 0.1271124631166458 0.049724485725164407
v 0.01817046478390694 0.12905824184417725 0.04994144663214683
v 0.0314648486673832 0.10272097587585449 0.04958785325288772
v 0.03150039911270142 0.05034961551427841 -0.00030385621357709164
v 0.03222483396530152 0.10349584370851517 -0.02798018231987953
v 0.019035842269659046 0.12911230325698853 0.04965078085660934
v 0.01817046478390694 0.12905824184417725 0.04994144663214683
v 0.02122573554515839 0.1271124631166458 0.049724485725164407
v 0.019035842269659046 0.12911230325698853 0.04965078085660934
v 0.02122573554515839 0.1271124631166458 0.049724485725164407
v 0.021241925656795505 0.1272987574338913 0.04958784952759742
v -0.021252246573567394 0.08084170520305634 0.04965745285153388
v -0.019160212948918346 0.07905417680740356 0.04958817362785339
v -0.018064580857753757 0.07843638211488724 0.04973234608769416
v -0.021252246573567394 0.08084170520305634 0.04965745285153388
v -0.018064580857753757 0.07843638211488724 0.04973234608769416
v -0.0181710459291935 0.07903839647769928 0.049941428005695336
v -0.021252246573567394 0.08084170520305634 0.04965745285153388
v -0.024063531309366233 0.08387868851423264 0.04970509931445121
v -0.023188073188066486 0.08273769915103912 0.049587842077016824
v 0.03212829679250718 0.10682062059640884 -0.027149604633450505
v 0.03180173411965371 0.10934480279684067 -0.026474758982658383
v 0.031235687434673316 0.10784441977739334 0.049654301255941384
v 0.023193379864096645 0.1253143846988678 0.04965746775269508
v 0.021241925656795505 0.1272987574338913 0.04958784952759742
v 0.02122573554515839 0.1271124631166458 0.049724485725164407
v 0.021161759272217754 0.12658366560935974 0.04994144290685653
v 0.023193379864096645 0.1253143846988678 0.04965746775269508
v 0.02122573554515839 0.1271124631166458 0.049724485725164407
v 0.0257541909813881 0.12354569882154465 -0.022996230050921437
v 0.027514597401022918 0.12095977365970612 -0.023629786446690556
v 0.027160232886672027 0.12140354514122009 -0.025972323492169377
v 0.0257541909813881 0.12354569882154465 -0.022996230050921437
v 0.026535769924521453 0.12100864201784134 0.049587838351726525
v 0.027514597401022918 0.12095977365970612 -0.023629786446690556
v 0.0257541909813881 0.12354569882154465 -0.022996230050921437
v 0.024938730522990234 0.1232675090432167 0.04961998760700225
v 0.026535769924521453 0.12100864201784134 0.049587838351726525
v -0.02989510633051396 0.050349000841379166 -0.010333613492548464
v -0.028380384668707855 0.050349000841379166 -0.014075024984776972
v -0.030918955802917487 0.05034899711608887 -0.006429306231439113
v -0.028380384668707855 0.050349000841379166 -0.014075024984776972
v -0.02668034471571446 0.050349000841379166 -0.016581462696194645
v -0.030918955802917487 0.05034899711608887 -0.006429306231439113
v -0.030918955802917487 0.05034899711608887 -0.006429306231439113
v -0.032094832509756095 0.10162381827831268 -0.030420485883951184
v -0.03174792975187302 0.09923142194747925 -0.03134621679782867
v -0.030918955802917487 0.05034899711608887 -0.006429306231439113
v -0.03144782036542893 0.05034944787621498 -0.002105707768350839
v -0.032094832509756095 0.10162381827831268 -0.030420485883951184
v -0.03174792975187302 0.09923142194747925 -0.03134621679782867
v -0.030084589496254928 0.10103237628936768 -0.03960664197802543
v -0.030918955802917487 0.05034899711608887 -0.006429306231439113
v -0.030918955802917487 0.05034899711608887 -0.006429306231439113
v -0.030084589496254928 0.10103237628936768 -0.03960664197802543
v -0.02989510633051396 0.050349000841379166 -0.010333613492548464
v -0.030918955802917487 0.05034899711608887 -0.006429306231439113
v -0.02668034471571446 0.050349000841379166 -0.016581462696194645
v -0.018661038950085643 0.050349004566669464 -0.02541166357696056
v -0.03143808618187905 0.10541130602359772 0.049657449126243584
v -0.031997852027416236 0.10807786136865616 -0.026831684634089466
v -0.03222655877470971 0.10477873682975769 -0.027650957927107808
v -0.03143808618187905 0.10541130602359772 0.049657449126243584
v -0.031216466799378402 0.1079995259642601 0.049660474061965935
v -0.031997852027416236 0.10807786136865616 -0.026831684634089466
v -0.030366666615009315 0.09825559705495834 0.04994142428040504
v -0.030719652771949775 0.09722821414470673 0.049657449126243584
v -0.02940120920538903 0.09449537098407745 0.04994142428040504
v -0.01808338984847069 0.05034909397363663 0.025393119081854817
v -0.018064580857753757 0.07843638211488724 0.04973234608769416
v -0.019160212948918346 0.07905417680740356 0.04958817362785339
v -0.019160212948918346 0.07905417680740356 0.04958817362785339
v -0.021252246573567394 0.08084170520305634 0.04965745285153388
v -0.01808338984847069 0.05034909397363663 0.025393119081854817
v -0.009456221014261247 0.07400842010974884 0.04958816617727279
v -0.008075607009232046 0.0737084373831749 0.0497073121368885
v -0.012033481150865558 0.07497263699769974 0.04965745657682418
v -0.012033481150865558 0.07497263699769974 0.04965745657682418
v -0.006667295936495067 0.05034925416111946 0.03038625046610832
v -0.009456221014261247 0.07400842010974884 0.04958816617727279
v -0.030719652771949775 0.09722821414470673 0.049657449126243584
v -0.03003123030066491 0.09456398338079453 0.04958815872669219
v -0.029893212020397193 0.09473532438278198 0.049736283719539635
v -0.03003123030066491 0.09456398338079453 0.04958815872669219
v -0.030719652771949775 0.09722821414470673 0.049657449126243584
v -0.029919562861323364 0.05034923925995827 0.009415037930011748
v 0.004867068026214839 0.05034905672073364 0.030718317255377766
v 0.004230693448334933 0.07286450266838074 0.04965659230947494
v 0.0010167703730985524 0.05034903809428215 0.031072031706571576
v -0.00010657121310941878 0.07270678877830505 0.04973230138421058
v 0.004230693448334933 0.07286450266838074 0.04965659230947494
v 0.0038742749020457276 0.07337813079357147 0.04994143545627593
v 0.0038742749020457276 0.07337813079357147 0.04994143545627593
v 0.004230693448334933 0.07286450266838074 0.04965659230947494
v 0.007687716744840147 0.07410559058189392 0.04994143918156623
v -0.021162338554859165 0.08151300251483917 0.049941428005695336
v -0.021252246573567394 0.08084170520305634 0.04965745285153388
v -0.0181710459291935 0.07903839647769928 0.049941428005695336
v -0.021162338554859165 0.08151300251483917 0.049941428005695336
v -0.024063531309366233 0.08387868851423264 0.04970509931445121
v -0.021252246573567394 0.08084170520305634 0.04965745285153388
v -0.02797206677496434 0.09088578075170517 0.049941428005695336
v -0.027972081676125533 0.11721086502075195 0.049941428005695336
v -0.030853245407342918 0.10210715234279633 0.04994142428040504
v -0.02797206677496434 0.09088578075170517 0.049941428005695336
v -0.030853245407342918 0.10210715234279633 0.04994142428040504
v -0.030366666615009315 0.09825559705495834 0.04994142428040504
v -0.02797206677496434 0.09088578075170517 0.049941428005695336
v -0.030366666615009315 0.09825559705495834 0.04994142428040504
v -0.02940120920538903 0.09449537098407745 0.04994142428040504
v -0.003874817397445441 0.07337812334299088 0.04994143545627593
v -0.004098096862435342 0.07284893840551376 0.04965746030211448
v -0.00010657121310941878 0.07270678877830505 0.04973230138421058
v 0.01920827850699425 0.07909141480922699 0.04958785697817802
v 0.019646339118480686 0.05034923553466797 0.024222584441304203
v 0.02150080166757107 0.08107932657003403 0.04966607689857482
v 0.01920827850699425 0.07909141480922699 0.04958785697817802
v 0.02150080166757107 0.08107932657003403 0.04966607689857482
v 0.017713349312543872 0.07817722111940384 0.049731828272342675
v 0.0166468657553196 0.050349414348602295 0.026342565193772313
v 0.019646339118480686 0.05034923553466797 0.024222584441304203
v 0.01920827850699425 0.07909141480922699 0.04958785697817802
v 0.0166468657553196 0.050349414348602295 0.026342565193772313
v 0.01920827850699425 0.07909141480922699 0.04958785697817802
v 0.017713349312543872 0.07817722111940384 0.049731828272342675
v 0.004947751294821502 0.07910088449716568 -0.046054244041442864
v 0.0050148041918873796 0.05034911632537842 -0.03151448816061019
v 0.001048129051923752 0.05034907907247543 -0.03188644349575042
v 0.0025661545805633072 0.07791944593191147 -0.04561085626482963
v 0.004947751294821502 0.07910088449716568 -0.046054244041442864
v 0.001048129051923752 0.05034907907247543 -0.03188644349575042
v 0.009051624685525896 0.05034910514950752 -0.03058250807225704
v 0.0050148041918873796 0.05034911632537842 -0.03151448816061019
v 0.009709164500236513 0.08045484125614166 -0.04595611244440078
v 0.014594830572605137 0.08199650049209595 -0.045334678143262856
v 0.01280966401100159 0.05034913495182991 -0.029183164238929745
v 0.009051624685525896 0.05034910514950752 -0.03058250807225704
v 0.024158027023077018 0.08959928154945374 -0.04362888261675834
v 0.01969704404473305 0.05034930631518364 -0.024995539337396618
v 0.023494657129049308 0.08998967707157135 -0.04431840404868125
v 0.024158027023077018 0.08959928154945374 -0.04362888261675834
v 0.02262578532099724 0.05034922808408737 -0.0223273504525423
v 0.01969704404473305 0.05034930631518364 -0.024995539337396618
v -0.0179643277078867 0.0503491535782814 -0.02629723399877548
v -0.018661038950085643 0.050349004566669464 -0.02541166357696056
v -0.021156478673219684 0.050349049270153046 -0.023751543834805485
v -0.024066312238574035 0.05034910514950752 -0.020743815228343006
v -0.021156478673219684 0.050349049270153046 -0.023751543834805485
v -0.024393064901232726 0.050349004566669464 -0.019860528409481045
v -0.024393064901232726 0.050349004566669464 -0.019860528409481045
v -0.02668034471571446 0.050349000841379166 -0.016581462696194645
v -0.024066312238574035 0.05034910514950752 -0.020743815228343006
v -0.024066312238574035 0.05034910514950752 -0.020743815228343006
v -0.028380384668707855 0.050349000841379166 -0.014075024984776972
v -0.026316648349165923 0.05034929886460304 -0.017719551920890805
v -0.024066312238574035 0.05034910514950752 -0.020743815228343006
v -0.02668034471571446 0.050349000841379166 -0.016581462696194645
v -0.028380384668707855 0.050349000841379166 -0.014075024984776972
v 0.02884033881127835 0.0970454141497612 -0.04121305793523788
v 0.02978677116334439 0.09954854846000671 -0.04007394239306449
v 0.02935465797781945 0.09685561805963516 -0.03975629061460494
v 0.026642717421054847 0.09193979203701019 -0.0421084351837635
v 0.02523870952427388 0.05034947022795677 -0.019245740026235577
v 0.025744851678609855 0.09031936526298523 -0.04229305312037467
v 0.026642717421054847 0.09193979203701019 -0.0421084351837635
v 0.027416951954364784 0.05034926161170006 -0.01591382175683975
v 0.02523870952427388 0.05034947022795677 -0.019245740026235577
v -0.02170524746179581 0.050349004566669464 -0.022820079699158665
v -0.02668034471571446 0.050349000841379166 -0.016581462696194645
v -0.024393064901232726 0.050349004566669464 -0.019860528409481045
v -0.02170524746179581 0.050349004566669464 -0.022820079699158665
v -0.018661038950085643 0.050349004566669464 -0.02541166357696056
v -0.02668034471571446 0.050349000841379166 -0.016581462696194645
v -0.02170524746179581 0.050349004566669464 -0.022820079699158665
v -0.024393064901232726 0.050349004566669464 -0.019860528409481045
v -0.021156478673219684 0.050349049270153046 -0.023751543834805485
v -0.02170524746179581 0.050349004566669464 -0.022820079699158665
v -0.021156478673219684 0.050349049270153046 -0.023751543834805485
v -0.018661038950085643 0.050349004566669464 -0.02541166357696056
v -0.02670522220432759 0.09165992587804794 -0.04180192202329635
v -0.024066312238574035 0.05034910514950752 -0.020743815228343006
v -0.026316648349165923 0.05034929886460304 -0.017719551920890805
v 0.01817046478390694 0.12905824184417725 0.04994144663214683
v 0.02940062806010247 0.11360123753547668 0.04994144663214683
v 0.026101225987076766 0.12061285227537155 0.04994144290685653
v 0.031176548451185233 0.09980569034814835 0.04964983090758323
v 0.030459361150860793 0.05034949630498886 0.0075769592076539985
v 0.031240735203027732 0.05034903436899185 0.0036202042829245325
v 0.03150039911270142 0.05034961551427841 -0.00030385621357709164
v 0.0314648486673832 0.10272097587585449 0.04958785325288772
v 0.031240735203027732 0.05034903436899185 0.0036202042829245325
v 0.031240735203027732 0.05034903436899185 0.0036202042829245325
v 0.0314648486673832 0.10272097587585449 0.04958785325288772
v 0.031176548451185233 0.09980569034814835 0.04964983090758323
v 0.030637299641966827 0.09690495580434799 0.04966905713081359
v 0.030459361150860793 0.05034949630498886 0.0075769592076539985
v 0.031176548451185233 0.09980569034814835 0.04964983090758323
v 0.006972184870392086 0.13559851050376892 -0.02003538608551025
v 0.006825593300163748 0.13478465378284454 0.04962040856480598
v 0.009443758055567743 0.13408006727695465 0.04962418600916862
v 0.009443758055567743 0.13408006727695465 0.04962418600916862
v 0.011379881761968138 0.13279138505458832 0.04994144290685653
v 0.01198789291083813 0.13316217064857483 0.04961999505758285
v 0.021359125152230266 0.12829196453094482 -0.021857850253581997
v 0.019035842269659046 0.12911230325698853 0.04965078085660934
v 0.021241925656795505 0.1272987574338913 0.04958784952759742
v 0.007770994212478401 0.1353466808795929 -0.022619074210524556
v 0.0041867257095873365 0.13603833317756653 -0.022383946925401684
v 0.006972184870392086 0.13559851050376892 -0.02003538608551025
v 0.004209395963698626 0.134195938706398 -0.03774613514542579
v 0.007770994212478401 0.1353466808795929 -0.022619074210524556
v 0.007420855574309828 0.13359540700912476 -0.0376223362982273
v 0.0041867257095873365 0.13603833317756653 -0.022383946925401684
v 0.007770994212478401 0.1353466808795929 -0.022619074210524556
v 0.004209395963698626 0.134195938706398 -0.03774613514542579
v 0.004064396489411593 0.13527804613113403 0.049587864428758614
v 0.006825593300163748 0.13478465378284454 0.04962040856480598
v 0.006972184870392086 0.13559851050376892 -0.02003538608551025
v 0.0012818182585760953 0.13548444211483002 0.04966486617922782
v 0.004192709457129241 0.1350763440132141 0.04973629862070083
v 0.004064396489411593 0.13527804613113403 0.049587864428758614
v 0.004064396489411593 0.13527804613113403 0.049587864428758614
v 0.004192709457129241 0.1350763440132141 0.04973629862070083
v 0.006825593300163748 0.13478465378284454 0.04962040856480598
v 0.008162446320056917 0.1343054622411728 0.049723565578460686
v 0.009443758055567743 0.13408006727695465 0.04962418600916862
v 0.006825593300163748 0.13478465378284454 0.04962040856480598
v 0.011379881761968138 0.13279138505458832 0.04994144290685653
v 0.009443758055567743 0.13408006727695465 0.04962418600916862
v 0.008162446320056917 0.1343054622411728 0.049723565578460686
v 0.03148952871561051 0.11102348566055298 -0.026150172576308247
v 0.03074298985302449 0.11087917536497116 0.04958819225430488
v 0.03180173411965371 0.10934480279684067 -0.026474758982658383
v 0.031235687434673316 0.10784441977739334 0.049654301255941384
v 0.03180173411965371 0.10934480279684067 -0.026474758982658383
v 0.03074298985302449 0.11087917536497116 0.04958819225430488
v 0.025312453508377082 0.12099561095237732 -0.03781339153647422
v 0.027160232886672027 0.12140354514122009 -0.025972323492169377
v 0.025800237432122237 0.11989548057317734 -0.038962900638580315
v 0.0257541909813881 0.12354569882154465 -0.022996230050921437
v 0.025622123852372176 0.12358814477920532 -0.0254545547068119
v 0.0240303073078394 0.12555578351020813 -0.02494641579687595
v 0.025622123852372176 0.12358814477920532 -0.0254545547068119
v 0.0257541909813881 0.12354569882154465 -0.022996230050921437
v 0.027160232886672027 0.12140354514122009 -0.025972323492169377
v -0.00045631465036422025 0.13636067509651184 -0.019823962822556492
v -0.0013945485698059203 0.1354847401380539 0.04965746402740478
v 0.0012818182585760953 0.13548444211483002 0.04966486617922782
v -0.012038505636155609 0.1331411600112915 0.049620438367128365
v -0.009999096393585207 0.13477250933647156 -0.020240280777215954
v -0.013153687119483951 0.13356420397758484 -0.02054755203425884
v -0.00960306450724602 0.13398870825767517 0.049699660390615456
v -0.009999096393585207 0.13477250933647156 -0.020240280777215954
v -0.012038505636155609 0.1331411600112915 0.049620438367128365
v -0.00686195492744446 0.13478484749794006 0.049587842077016824
v -0.009999096393585207 0.13477250933647156 -0.020240280777215954
v -0.00960306450724602 0.13398870825767517 0.049699660390615456
v -0.00960306450724602 0.13398870825767517 0.049699660390615456
v -0.0058030164800584325 0.1348753422498703 0.04972382634878158
v -0.00686195492744446 0.13478484749794006 0.049587842077016824
v -0.0058030164800584325 0.1348753422498703 0.04972382634878158
v -0.00960306450724602 0.13398870825767517 0.049699660390615456
v -0.007688293699175121 0.1339910626411438 0.04994143545627593
v -0.011380492709577085 0.13279137015342712 0.04994143545627593
v -0.00960306450724602 0.13398870825767517 0.049699660390615456
v -0.012038505636155609 0.1331411600112915 0.049620438367128365
v -0.011380492709577085 0.13279137015342712 0.04994143545627593
v -0.007688293699175121 0.1339910626411438 0.04994143545627593
v -0.00960306450724602 0.13398870825767517 0.049699660390615456
v -0.031435120850801475 0.05034899711608887 0.0016103230882436035
v -0.03144782036542893 0.05034944787621498 -0.002105707768350839
v -0.030918955802917487 0.05034899711608887 -0.006429306231439113
v -0.031435120850801475 0.05034899711608887 0.0016103230882436035
v -0.030918959528207786 0.05034899711608887 0.0056135659106075755
v -0.031217886134982116 0.09989164024591446 0.04958783090114593
v -0.03222655877470971 0.10477873682975769 -0.027650957927107808
v -0.03144782036542893 0.05034944787621498 -0.002105707768350839
v -0.031435120850801475 0.05034899711608887 0.0016103230882436035
v -0.030799916014075286 0.05034899711608887 -0.005387328099459409
v -0.018661038950085643 0.050349004566669464 -0.02541166357696056
v -0.02928008139133454 0.05034899711608887 0.010367407463490961
v -0.030799916014075286 0.05034899711608887 -0.005387328099459409
v -0.030918955802917487 0.05034899711608887 -0.006429306231439113
v -0.018661038950085643 0.050349004566669464 -0.02541166357696056
v -0.030853245407342918 0.10210715234279633 0.04994142428040504
v -0.03143808618187905 0.10541130602359772 0.049657449126243584
v -0.03126947209239007 0.10127314925193787 0.04971086233854293
v -0.03126947209239007 0.10127314925193787 0.04971086233854293
v -0.030366666615009315 0.09825559705495834 0.04994142428040504
v -0.030853245407342918 0.10210715234279633 0.04994142428040504
v -0.031217886134982116 0.09989164024591446 0.04958783090114593
v -0.030719652771949775 0.09722821414470673 0.049657449126243584
v -0.03126947209239007 0.10127314925193787 0.04971086233854293
v -0.030719652771949775 0.09722821414470673 0.049657449126243584
v -0.030366666615009315 0.09825559705495834 0.04994142428040504
v -0.03126947209239007 0.10127314925193787 0.04971086233854293
v -0.030853247269988067 0.10598939657211304 0.04994142428040504
v -0.030853245407342918 0.10210715234279633 0.04994142428040504
v -0.027972081676125533 0.11721086502075195 0.049941428005695336
v -0.027972081676125533 0.11721086502075195 0.049941428005695336
v -0.030366672202944762 0.10984095185995102 0.04994142428040504
v -0.030853247269988067 0.10598939657211304 0.04994142428040504
v -0.030853247269988067 0.10598939657211304 0.04994142428040504
v -0.03143808618187905 0.10541130602359772 0.049657449126243584
v -0.030853245407342918 0.10210715234279633 0.04994142428040504
v -0.03143808618187905 0.10541130602359772 0.049657449126243584
v -0.030853247269988067 0.10598939657211304 0.04994142428040504
v -0.031216466799378402 0.1079995259642601 0.049660474061965935
v -0.030853247269988067 0.10598939657211304 0.04994142428040504
v -0.030366672202944762 0.10984095185995102 0.04994142428040504
v -0.031216466799378402 0.1079995259642601 0.049660474061965935
v -0.030697410926222808 0.11093800514936447 0.04966140538454055
v -0.031216466799378402 0.1079995259642601 0.049660474061965935
v -0.030366672202944762 0.10984095185995102 0.04994142428040504
v -0.030697410926222808 0.11093800514936447 0.04966140538454055
v -0.03151041269302369 0.1109531819820404 -0.026159411296248433
v -0.031216466799378402 0.1079995259642601 0.049660474061965935
v -0.029552334919571883 0.11446762830018997 0.04973071813583373
v -0.029401218518614776 0.1136012002825737 0.04994142428040504
v -0.027972081676125533 0.11721086502075195 0.049941428005695336
v -0.029401218518614776 0.1136012002825737 0.04994142428040504
v -0.030366672202944762 0.10984095185995102 0.04994142428040504
v -0.027972081676125533 0.11721086502075195 0.049941428005695336
v -0.030697410926222808 0.11093800514936447 0.04966140538454055
v -0.029401218518614776 0.1136012002825737 0.04994142428040504
v -0.029552334919571883 0.11446762830018997 0.04973071813583373
v -0.029401218518614776 0.1136012002825737 0.04994142428040504
v -0.030697410926222808 0.11093800514936447 0.04966140538454055
v -0.030366672202944762 0.10984095185995102 0.04994142428040504
v -0.006667295936495067 0.05034925416111946 0.03038625046610832
v -0.012033481150865558 0.07497263699769974 0.04965745657682418
v -0.010879107750952246 0.05034900829195976 0.029153550043702122
v -0.010879107750952246 0.05034900829195976 0.029153550043702122
v -0.012033481150865558 0.07497263699769974 0.04965745657682418
v -0.014406784437596801 0.07607787847518921 0.04966658726334571
v -0.02093402296304703 0.050349436700344086 0.023152042180299755
v -0.021252246573567394 0.08084170520305634 0.04965745285153388
v -0.023188073188066486 0.08273769915103912 0.049587842077016824
v -0.02093402296304703 0.050349436700344086 0.023152042180299755
v -0.01808338984847069 0.05034909397363663 0.025393119081854817
v -0.021252246573567394 0.08084170520305634 0.04965745285153388
v -0.024063531309366233 0.08387868851423264 0.04970509931445121
v -0.02093402296304703 0.050349436700344086 0.023152042180299755
v -0.023188073188066486 0.08273769915103912 0.049587842077016824
v -0.011380461044609548 0.07530524581670761 0.049941431730985635
v -0.012033481150865558 0.07497263699769974 0.04965745657682418
v -0.008075607009232046 0.0737084373831749 0.0497073121368885
v -0.014406784437596801 0.07607787847518921 0.04966658726334571
v -0.012033481150865558 0.07497263699769974 0.04965745657682418
v -0.011380461044609548 0.07530524581670761 0.049941431730985635
v -0.02838039211928845 0.050349000841379166 0.013259340077638624
v -0.029088420793414123 0.09206713736057281 0.04966398328542709
v -0.029919562861323364 0.05034923925995827 0.009415037930011748
v -0.029088420793414123 0.09206713736057281 0.04966398328542709
v -0.03003123030066491 0.09456398338079453 0.04958815872669219
v -0.029919562861323364 0.05034923925995827 0.009415037930011748
v -0.03003123030066491 0.09456398338079453 0.04958815872669219
v -0.029088420793414123 0.09206713736057281 0.04966398328542709
v -0.029893212020397193 0.09473532438278198 0.049736283719539635
v -0.029088420793414123 0.09206713736057281 0.04966398328542709
v -0.02940120920538903 0.09449537098407745 0.04994142428040504
v -0.029893212020397193 0.09473532438278198 0.049736283719539635
v -0.029088420793414123 0.09206713736057281 0.04966398328542709
v -0.02797206677496434 0.09088578075170517 0.049941428005695336
v -0.02940120920538903 0.09449537098407745 0.04994142428040504
v 0.006836775690317156 0.0733180120587349 0.04962418228387832
v 0.007687716744840147 0.07410559058189392 0.04994143918156623
v 0.004230693448334933 0.07286450266838074 0.04965659230947494
v 0.006836775690317156 0.0733180120587349 0.04962418228387832
v 0.004230693448334933 0.07286450266838074 0.04965659230947494
v 0.004867068026214839 0.05034905672073364 0.030718317255377766
v 0.001419785316102207 0.07258724421262741 0.04958784952759742
v 0.004230693448334933 0.07286450266838074 0.04965659230947494
v -0.00010657121310941878 0.07270678877830505 0.04973230138421058
v -0.00010657121310941878 0.07270678877830505 0.04973230138421058
v 0.0010167703730985524 0.05034903809428215 0.031072031706571576
v 0.001419785316102207 0.07258724421262741 0.04958784952759742
v 0.001419785316102207 0.07258724421262741 0.04958784952759742
v 0.0010167703730985524 0.05034903809428215 0.031072031706571576
v 0.004230693448334933 0.07286450266838074 0.04965659230947494
v 0.004867068026214839 0.05034905672073364 0.030718317255377766
v 0.0010167703730985524 0.05034903809428215 0.031072031706571576
v 0.001998712541535497 0.05034901574254036 0.03072763234376907
v -0.003874817397445441 0.07337812334299088 0.04994143545627593
v -2.71212030611423e-07 0.07313437014818192 0.04994143545627593
v 0.007687716744840147 0.07410559058189392 0.04994143918156623
v -2.71212030611423e-07 0.07313437014818192 0.04994143545627593
v 0.0038742749020457276 0.07337813079357147 0.04994143545627593
v 0.007687716744840147 0.07410559058189392 0.04994143918156623
v -2.71212030611423e-07 0.07313437014818192 0.04994143545627593
v -0.003874817397445441 0.07337812334299088 0.04994143545627593
v -0.00010657121310941878 0.07270678877830505 0.04973230138421058
v -0.00010657121310941878 0.07270678877830505 0.04973230138421058
v 0.0038742749020457276 0.07337813079357147 0.04994143545627593
v -2.71212030611423e-07 0.07313437014818192 0.04994143545627593
v -0.02653442136943341 0.08713287115097046 0.04965745285153388
v -0.024976311251521117 0.0848647803068161 0.04958817362785339
v -0.024063531309366233 0.08387868851423264 0.04970509931445121
v -0.006771367974579336 0.07329171150922775 0.049587838351726525
v -0.008075607009232046 0.0737084373831749 0.0497073121368885
v -0.006667295936495067 0.05034925416111946 0.03038625046610832
v -0.006771367974579336 0.07329171150922775 0.049587838351726525
v -0.006667295936495067 0.05034925416111946 0.03038625046610832
v -0.004098096862435342 0.07284893840551376 0.04965746030211448
v -0.006771367974579336 0.07329171150922775 0.049587838351726525
v -0.004098096862435342 0.07284893840551376 0.04965746030211448
v -0.008075607009232046 0.0737084373831749 0.0497073121368885
v -0.0013591244351118805 0.07258463650941849 0.049588181078433984
v -0.00010657121310941878 0.07270678877830505 0.04973230138421058
v -0.004098096862435342 0.07284893840551376 0.04965746030211448
v -0.002614588709548116 0.05034958943724632 0.030973479151725766
v -0.006667295936495067 0.05034925416111946 0.03038625046610832
v 0.0010167703730985524 0.05034903809428215 0.031072031706571576
v -0.002614588709548116 0.05034958943724632 0.030973479151725766
v -0.004098096862435342 0.07284893840551376 0.04965746030211448
v -0.006667295936495067 0.05034925416111946 0.03038625046610832
v -0.002614588709548116 0.05034958943724632 0.030973479151725766
v -0.0013591244351118805 0.07258463650941849 0.049588181078433984
v -0.004098096862435342 0.07284893840551376 0.04965746030211448
v -0.002614588709548116 0.05034958943724632 0.030973479151725766
v 0.0010167703730985524 0.05034903809428215 0.031072031706571576
v -0.00010657121310941878 0.07270678877830505 0.04973230138421058
v -0.00010657121310941878 0.07270678877830505 0.04973230138421058
v -0.0013591244351118805 0.07258463650941849 0.049588181078433984
v -0.002614588709548116 0.05034958943724632 0.030973479151725766
v 0.025588795542716987 0.05034903064370155 0.017441982403397557
v 0.024921681731939323 0.05034938454627991 0.018894447013735768
v 0.022579401731491092 0.05034920945763588 0.021576216444373127
v 0.025588795542716987 0.05034903064370155 0.017441982403397557
v 0.027667511254549033 0.05034944787621498 0.014662774279713629
v 0.024921681731939323 0.05034938454627991 0.018894447013735768
v 0.025588795542716987 0.05034903064370155 0.017441982403397557
v 0.027661299332976348 0.05034903064370155 0.014023149386048315
v 0.027667511254549033 0.05034944787621498 0.014662774279713629
v 0.029400637373328216 0.09449540823698044 0.04994144663214683
v 0.021161783486604694 0.08151302486658096 0.04994144290685653
v 0.023819334805011756 0.08434305340051651 0.04994144290685653
v 0.023206334561109546 0.0827963650226593 0.04965746775269508
v 0.02150080166757107 0.08107932657003403 0.04966607689857482
v 0.019646339118480686 0.05034923553466797 0.024222584441304203
v 0.019646339118480686 0.05034923553466797 0.024222584441304203
v 0.022579401731491092 0.05034920945763588 0.021576216444373127
v 0.023206334561109546 0.0827963650226593 0.04965746775269508
v 0.023206334561109546 0.0827963650226593 0.04965746775269508
v 0.025745481252670295 0.08607891201972961 0.04970733448863029
v 0.023819334805011756 0.08434305340051651 0.04994144290685653
v 0.023206334561109546 0.0827963650226593 0.04965746775269508
v 0.021161783486604694 0.08151302486658096 0.04994144290685653
v 0.02150080166757107 0.08107932657003403 0.04966607689857482
v 0.023206334561109546 0.0827963650226593 0.04965746775269508
v 0.023819334805011756 0.08434305340051651 0.04994144290685653
v 0.021161783486604694 0.08151302486658096 0.04994144290685653
v 0.025013100355863578 0.08491337299346924 0.04958785697817802
v 0.022579401731491092 0.05034920945763588 0.021576216444373127
v 0.024921681731939323 0.05034938454627991 0.018894447013735768
v 0.024921681731939323 0.05034938454627991 0.018894447013735768
v 0.025745481252670295 0.08607891201972961 0.04970733448863029
v 0.025013100355863578 0.08491337299346924 0.04958785697817802
v 0.025013100355863578 0.08491337299346924 0.04958785697817802
v 0.023206334561109546 0.0827963650226593 0.04965746775269508
v 0.022579401731491092 0.05034920945763588 0.021576216444373127
v 0.023206334561109546 0.0827963650226593 0.04965746775269508
v 0.025013100355863578 0.08491337299346924 0.04958785697817802
v 0.025745481252670295 0.08607891201972961 0.04970733448863029
v 0.026585629209876067 0.08716623485088348 0.04958785697817802
v 0.024921681731939323 0.05034938454627991 0.018894447013735768
v 0.027667511254549033 0.05034944787621498 0.014662774279713629
v 0.026585629209876067 0.08716623485088348 0.04958785697817802
v 0.025745481252670295 0.08607891201972961 0.04970733448863029
v 0.024921681731939323 0.05034938454627991 0.018894447013735768
v 0.027915989980101592 0.08952681720256805 0.04965746775269508
v 0.025745481252670295 0.08607891201972961 0.04970733448863029
v 0.026585629209876067 0.08716623485088348 0.04958785697817802
v 0.027667511254549033 0.05034944787621498 0.014662774279713629
v 0.029101172462105758 0.0920102596282959 0.049588181078433984
v 0.027915989980101592 0.08952681720256805 0.04965746775269508
v 0.027915989980101592 0.08952681720256805 0.04965746775269508
v 0.026585629209876067 0.08716623485088348 0.04958785697817802
v 0.027667511254549033 0.05034944787621498 0.014662774279713629
v 0.0166468657553196 0.050349414348602295 0.026342565193772313
v 0.0170202199369669 0.050349023193120956 0.025740154087543484
v 0.019646339118480686 0.05034923553466797 0.024222584441304203
v 0.011379913426935674 0.0753052607178688 0.04994143918156623
v 0.01817049272358418 0.07903841882944107 0.04994144290685653
v 0.007687716744840147 0.07410559058189392 0.04994143918156623
v 0.013297601602971557 0.05034926161170006 0.02815311029553413
v 0.0170202199369669 0.050349023193120956 0.025740154087543484
v 0.0166468657553196 0.050349414348602295 0.026342565193772313
v -0.0010570980375632646 0.08004593104124069 -0.046622741967439645
v -0.005401148926466704 0.081842340528965 -0.04685465618968009
v -0.0009574497817084195 0.08127737790346146 -0.04690322652459144
v -0.005156754050403834 0.08319032192230225 -0.046952430158853524
v 0.004836773034185172 0.08312825113534927 -0.04696767032146453
v -0.0009574497817084195 0.08127737790346146 -0.04690322652459144
v -0.0009574497817084195 0.08127737790346146 -0.04690322652459144
v -0.005401148926466704 0.081842340528965 -0.04685465618968009
v -0.005156754050403834 0.08319032192230225 -0.046952430158853524
v 0.0012608730467036369 0.07910223305225372 -0.0462811067700386
v 0.004947751294821502 0.07910088449716568 -0.046054244041442864
v 0.0025661545805633072 0.07791944593191147 -0.04561085626482963
v 0.0012608730467036369 0.07910223305225372 -0.0462811067700386
v 0.0025661545805633072 0.07791944593191147 -0.04561085626482963
v 0.001048129051923752 0.05034907907247543 -0.03188644349575042
v -0.0010570980375632646 0.08004593104124069 -0.046622741967439645
v 0.0012608730467036369 0.07910223305225372 -0.0462811067700386
v -0.0024337803479284052 0.07875190675258636 -0.04607900604605674
v 0.0012608730467036369 0.07910223305225372 -0.0462811067700386
v 0.001048129051923752 0.05034907907247543 -0.03188644349575042
v -0.0024337803479284052 0.07875190675258636 -0.04607900604605674
v 0.0073566744104027765 0.07966651767492294 -0.04601320251822471
v 0.009709164500236513 0.08045484125614166 -0.04595611244440078
v 0.0050148041918873796 0.05034911632537842 -0.03151448816061019
v 0.004947751294821502 0.07910088449716568 -0.046054244041442864
v 0.0073566744104027765 0.07966651767492294 -0.04601320251822471
v 0.0050148041918873796 0.05034911632537842 -0.03151448816061019
v 0.03208297118544579 0.10693220794200897 -0.02918760478496551
v 0.03180173411965371 0.10934480279684067 -0.026474758982658383
v 0.03212829679250718 0.10682062059640884 -0.027149604633450505
v 0.03208297118544579 0.10693220794200897 -0.02918760478496551
v 0.03212829679250718 0.10682062059640884 -0.027149604633450505
v 0.03222483396530152 0.10349584370851517 -0.02798018231987953
v 0.030105158686637885 0.10128717869520187 -0.03961073979735374
v 0.031823854893445976 0.09964118152856827 -0.031195873394608494
v 0.02978677116334439 0.09954854846000671 -0.04007394239306449
v 0.021704778075218204 0.05034903064370155 -0.02282006479799747
v 0.01969704404473305 0.05034930631518364 -0.024995539337396618
v 0.02262578532099724 0.05034922808408737 -0.0223273504525423
v 0.014594830572605137 0.08199650049209595 -0.045334678143262856
v 0.01766518503427506 0.08338652551174164 -0.04474448785185813
v 0.01280966401100159 0.05034913495182991 -0.029183164238929745
v 0.011338008567690851 0.07980815321207047 -0.045198585838079446
v 0.009051624685525896 0.05034910514950752 -0.03058250807225704
v 0.009709164500236513 0.08045484125614166 -0.04595611244440078
v 0.02884033881127835 0.0970454141497612 -0.04121305793523788
v 0.029051989316940315 0.10003582388162613 -0.04176258668303489
v 0.02978677116334439 0.09954854846000671 -0.04007394239306449
v 0.029051989316940315 0.10003582388162613 -0.04176258668303489
v 0.02884033881127835 0.0970454141497612 -0.04121305793523788
v 0.028068840503692634 0.0974121242761612 -0.042549639940261834
v 0.02469821088016034 0.08896581083536148 -0.04266279935836791
v 0.025744851678609855 0.09031936526298523 -0.04229305312037467
v 0.02262578532099724 0.05034922808408737 -0.0223273504525423
v 0.02262578532099724 0.05034922808408737 -0.0223273504525423
v 0.024158027023077018 0.08959928154945374 -0.04362888261675834
v 0.02469821088016034 0.08896581083536148 -0.04266279935836791
v 0.02469821088016034 0.08896581083536148 -0.04266279935836791
v 0.024158027023077018 0.08959928154945374 -0.04362888261675834
v 0.025744851678609855 0.09031936526298523 -0.04229305312037467
v 0.011872553266584877 0.08518917858600616 -0.04672195389866828
v 0.004836773034185172 0.08312825113534927 -0.04696767032146453
v 0.015709213912487033 0.08951547741889954 -0.04641232639551162
v 0.011872553266584877 0.08518917858600616 -0.04672195389866828
v 0.015709213912487033 0.08951547741889954 -0.04641232639551162
v 0.01541179604828358 0.0873180478811264 -0.04649402946233749
v 0.0073566744104027765 0.07966651767492294 -0.04601320251822471
v 0.008196906186640264 0.08135572075843811 -0.046519950032234185
v 0.009709164500236513 0.08045484125614166 -0.04595611244440078
v 0.012777962721884254 0.08198658376932144 -0.04591191187500953
v 0.011338008567690851 0.07980815321207047 -0.045198585838079446
v 0.009709164500236513 0.08045484125614166 -0.04595611244440078
v 0.009709164500236513 0.08045484125614166 -0.04595611244440078
v 0.008196906186640264 0.08135572075843811 -0.046519950032234185
v 0.012777962721884254 0.08198658376932144 -0.04591191187500953
v 0.012777962721884254 0.08198658376932144 -0.04591191187500953
v 0.008196906186640264 0.08135572075843811 -0.046519950032234185
v 0.011307816021144392 0.08302833139896393 -0.04651388898491859
v 0.012777962721884254 0.08198658376932144 -0.04591191187500953
v 0.014594830572605137 0.08199650049209595 -0.045334678143262856
v 0.009051624685525896 0.05034910514950752 -0.03058250807225704
v 0.012777962721884254 0.08198658376932144 -0.04591191187500953
v 0.009051624685525896 0.05034910514950752 -0.03058250807225704
v 0.011338008567690851 0.07980815321207047 -0.045198585838079446
v -2.3178317576366686e-07 0.05034901574254036 -0.03160743415355682
v -0.018661038950085643 0.050349004566669464 -0.02541166357696056
v -0.007914152927696707 0.05034901201725006 -0.030587062239646908
v -0.02670522220432759 0.09165992587804794 -0.04180192202329635
v -0.02542474120855332 0.09063828736543655 -0.04290283471345901
v -0.024066312238574035 0.05034910514950752 -0.020743815228343006
v 0.027620809152722366 0.09441497176885605 -0.042060948908329
v 0.02824931591749192 0.09405548870563507 -0.04063102230429649
v 0.027416951954364784 0.05034926161170006 -0.01591382175683975
v 0.026642717421054847 0.09193979203701019 -0.0421084351837635
v 0.027620809152722366 0.09441497176885605 -0.042060948908329
v 0.027416951954364784 0.05034926161170006 -0.01591382175683975
v 0.027620809152722366 0.09441497176885605 -0.042060948908329
v 0.02884033881127835 0.0970454141497612 -0.04121305793523788
v 0.02824931591749192 0.09405548870563507 -0.04063102230429649
v 0.028068840503692634 0.0974121242761612 -0.042549639940261834
v 0.02884033881127835 0.0970454141497612 -0.04121305793523788
v 0.027620809152722366 0.09441497176885605 -0.042060948908329
v -0.03201600536704064 0.10174348205327988 -0.03081116452813148
v -0.030084589496254928 0.10103237628936768 -0.03960664197802543
v -0.032094832509756095 0.10162381827831268 -0.030420485883951184
v -0.03201600536704064 0.10174348205327988 -0.03081116452813148
v -0.030237289145588882 0.10492370277643204 -0.039525803178548806
v -0.030084589496254928 0.10103237628936768 -0.03960664197802543
v -0.031997852027416236 0.10807786136865616 -0.026831684634089466
v -0.03210215643048287 0.10611309111118317 -0.029616245999932286
v -0.03222655877470971 0.10477873682975769 -0.027650957927107808
v 0.02958481945097447 0.11697304993867874 -0.02463741600513458
v 0.02906808070838452 0.11609920859336853 0.049657471477985375
v 0.030591739341616637 0.11432795971632004 -0.025321472436189648
v 0.024938730522990234 0.1232675090432167 0.04961998760700225
v 0.025989808142185218 0.12160572409629822 0.04972611740231513
v 0.026535769924521453 0.12100864201784134 0.049587838351726525
v 0.02782129310071469 0.11841067671775818 0.04973630234599113
v 0.025989808142185218 0.12160572409629822 0.04972611740231513
v 0.026101225987076766 0.12061285227537155 0.04994144290685653
v 0.02919724956154824 0.05034903064370155 0.01141295302659273
v 0.031240735203027732 0.05034903436899185 0.0036202042829245325
v 0.030459361150860793 0.05034949630498886 0.0075769592076539985
v 0.027661299332976348 0.05034903064370155 0.014023149386048315
v 0.02919724956154824 0.05034903064370155 0.01141295302659273
v 0.027667511254549033 0.05034944787621498 0.014662774279713629
v 0.02919724956154824 0.05034903064370155 0.01141295302659273
v 0.029101172462105758 0.0920102596282959 0.049588181078433984
v 0.027667511254549033 0.05034944787621498 0.014662774279713629
v 0.030366102233529098 0.09825563430786133 0.04994144663214683
v 0.029400637373328216 0.09449540823698044 0.04994144663214683
v 0.030637299641966827 0.09690495580434799 0.04966905713081359
v 0.031176548451185233 0.09980569034814835 0.04964983090758323
v 0.030852664262056358 0.10210718959569931 0.04994144663214683
v 0.030366102233529098 0.09825563430786133 0.04994144663214683
v 0.030366102233529098 0.09825563430786133 0.04994144663214683
v 0.030637299641966827 0.09690495580434799 0.04966905713081359
v 0.031176548451185233 0.09980569034814835 0.04964983090758323
v 0.023746309801936157 0.12595613300800323 -0.022431420162320134
v 0.0257541909813881 0.12354569882154465 -0.022996230050921437
v 0.0240303073078394 0.12555578351020813 -0.02494641579687595
v 0.021241925656795505 0.1272987574338913 0.04958784952759742
v 0.023193379864096645 0.1253143846988678 0.04965746775269508
v 0.023746309801936157 0.12595613300800323 -0.022431420162320134
v 0.023746309801936157 0.12595613300800323 -0.022431420162320134
v 0.021359125152230266 0.12829196453094482 -0.021857850253581997
v 0.021241925656795505 0.1272987574338913 0.04958784952759742
v 0.023746309801936157 0.12595613300800323 -0.022431420162320134
v 0.023193379864096645 0.1253143846988678 0.04965746775269508
v 0.024938730522990234 0.1232675090432167 0.04961998760700225
v 0.023746309801936157 0.12595613300800323 -0.022431420162320134
v 0.024938730522990234 0.1232675090432167 0.04961998760700225
v 0.0257541909813881 0.12354569882154465 -0.022996230050921437
v 0.02173208259046078 0.12788449227809906 -0.024386115372180935
v 0.023746309801936157 0.12595613300800323 -0.022431420162320134
v 0.0240303073078394 0.12555578351020813 -0.02494641579687595
v 0.02173208259046078 0.12788449227809906 -0.024386115372180935
v 0.021359125152230266 0.12829196453094482 -0.021857850253581997
v 0.023746309801936157 0.12595613300800323 -0.022431420162320134
v 0.03108267858624459 0.1126704066991806 -0.025660678744316098
v 0.03074298985302449 0.11087917536497116 0.04958819225430488
v 0.03148952871561051 0.11102348566055298 -0.026150172576308247
v 0.029960202053189285 0.11366666108369827 0.04966051504015922
v 0.02906808070838452 0.11609920859336853 0.049657471477985375
v 0.02940062806010247 0.11360123753547668 0.04994144663214683
v 0.03074298985302449 0.11087917536497116 0.04958819225430488
v 0.03108267858624459 0.1126704066991806 -0.025660678744316098
v 0.029960202053189285 0.11366666108369827 0.04966051504015922
v 0.02906808070838452 0.11609920859336853 0.049657471477985375
v 0.029960202053189285 0.11366666108369827 0.04966051504015922
v 0.030591739341616637 0.11432795971632004 -0.025321472436189648
v 0.029960202053189285 0.11366666108369827 0.04966051504015922
v 0.03108267858624459 0.1126704066991806 -0.025660678744316098
v 0.030591739341616637 0.11432795971632004 -0.025321472436189648
v 0.027196925133466728 0.11775385588407516 -0.03803405910730361
v 0.027537826448678977 0.11667393893003464 -0.03904250636696815
v 0.025800237432122237 0.11989548057317734 -0.038962900638580315
v 0.004064396489411593 0.13527804613113403 0.049587864428758614
v 0.0017587359761819248 0.13629572093486786 -0.01981091685593128
v 0.0012818182585760953 0.13548444211483002 0.04966486617922782
v 0.0017587359761819248 0.13629572093486786 -0.01981091685593128
v -0.00045631465036422025 0.13636067509651184 -0.019823962822556492
v 0.0012818182585760953 0.13548444211483002 0.04966486617922782
v -0.0058030164800584325 0.1348753422498703 0.04972382634878158
v -0.004098569042980672 0.13526563346385956 0.04962042346596717
v -0.00686195492744446 0.13478484749794006 0.049587842077016824
v -0.003874851856380702 0.13471855223178864 0.04994143918156623
v -0.0058030164800584325 0.1348753422498703 0.04972382634878158
v -0.007688293699175121 0.1339910626411438 0.04994143545627593
v -0.0013945485698059203 0.1354847401380539 0.04965746402740478
v -0.004098569042980672 0.13526563346385956 0.04962042346596717
v -0.003874851856380702 0.13471855223178864 0.04994143918156623
v -0.003874851856380702 0.13471855223178864 0.04994143918156623
v -0.004098569042980672 0.13526563346385956 0.04962042346596717
v -0.0058030164800584325 0.1348753422498703 0.04972382634878158
v -0.011380492709577085 0.13279137015342712 0.04994143545627593
v -0.003874851856380702 0.13471855223178864 0.04994143918156623
v -0.007688293699175121 0.1339910626411438 0.04994143545627593
v -0.026101816445589072 0.12061282247304916 0.049941428005695336
v -0.027881547808647163 0.11863744258880615 0.049655776470899575
v -0.027972081676125533 0.11721086502075195 0.049941428005695336
v -0.026101816445589072 0.12061282247304916 0.049941428005695336
v -0.02654844149947167 0.12097501754760742 0.049620412290096276
v -0.027881547808647163 0.11863744258880615 0.049655776470899575
v -0.02497081086039544 0.12319688498973846 0.04965745285153388
v -0.02654844149947167 0.12097501754760742 0.049620412290096276
v -0.026101816445589072 0.12061282247304916 0.049941428005695336
v -0.026101816445589072 0.12061282247304916 0.049941428005695336
v -0.023819917812943465 0.12375357747077942 0.049941428005695336
v -0.02497081086039544 0.12319688498973846 0.04965745285153388
v -0.0233099889010191 0.1251860409975052 0.04966046661138534
v -0.02497081086039544 0.12319688498973846 0.04965745285153388
v -0.023819917812943465 0.12375357747077942 0.049941428005695336
v -0.023819917812943465 0.12375357747077942 0.049941428005695336
v -0.021162362769246105 0.12658363580703735 0.049941428005695336
v -0.0233099889010191 0.1251860409975052 0.04966046661138534
v -0.02128764241933823 0.1272573322057724 0.04958816245198249
v -0.02112662419676781 0.1272038370370865 0.04972447082400321
v -0.019189989194273952 0.1290121078491211 0.04960756748914718
v -0.0233099889010191 0.1251860409975052 0.04966046661138534
v -0.02112662419676781 0.1272038370370865 0.04972447082400321
v -0.02128764241933823 0.1272573322057724 0.04958816245198249
v -0.02112662419676781 0.1272038370370865 0.04972447082400321
v -0.0233099889010191 0.1251860409975052 0.04966046661138534
v -0.021162362769246105 0.12658363580703735 0.049941428005695336
v -0.023819917812943465 0.12375357747077942 0.049941428005695336
v -0.026101816445589072 0.12061282247304916 0.049941428005695336
v -0.014893216080963615 0.1311383843421936 0.04994143545627593
v -0.014893216080963615 0.1311383843421936 0.04994143545627593
v -0.026101816445589072 0.12061282247304916 0.049941428005695336
v -0.027972081676125533 0.11721086502075195 0.049941428005695336
v -0.014893216080963615 0.1311383843421936 0.04994143545627593
v -0.003874851856380702 0.13471855223178864 0.04994143918156623
v -0.011380492709577085 0.13279137015342712 0.04994143545627593
v -0.02797206677496434 0.09088578075170517 0.049941428005695336
v -0.014893216080963615 0.1311383843421936 0.04994143545627593
v -0.027972081676125533 0.11721086502075195 0.049941428005695336
v 0.01817046478390694 0.12905824184417725 0.04994144663214683
v -0.003874851856380702 0.13471855223178864 0.04994143918156623
v -0.014893216080963615 0.1311383843421936 0.04994143545627593
v -0.014893216080963615 0.1311383843421936 0.04994143545627593
v -0.003874817397445441 0.07337812334299088 0.04994143545627593
v 0.01817046478390694 0.12905824184417725 0.04994144663214683
v -0.014893216080963615 0.1311383843421936 0.04994143545627593
v -0.02797206677496434 0.09088578075170517 0.049941428005695336
v -0.003874817397445441 0.07337812334299088 0.04994143545627593
v -0.0314626768231392 0.10265974700450897 0.04958815872669219
v -0.03126947209239007 0.10127314925193787 0.04971086233854293
v -0.03143808618187905 0.10541130602359772 0.049657449126243584
v -0.0314626768231392 0.10265974700450897 0.04958815872669219
v -0.031435120850801475 0.05034899711608887 0.0016103230882436035
v -0.031217886134982116 0.09989164024591446 0.04958783090114593
v -0.031217886134982116 0.09989164024591446 0.04958783090114593
v -0.03126947209239007 0.10127314925193787 0.04971086233854293
v -0.0314626768231392 0.10265974700450897 0.04958815872669219
v -0.0314626768231392 0.10265974700450897 0.04958815872669219
v -0.03143808618187905 0.10541130602359772 0.049657449126243584
v -0.03222655877470971 0.10477873682975769 -0.027650957927107808
v -0.03222655877470971 0.10477873682975769 -0.027650957927107808
v -0.031435120850801475 0.05034899711608887 0.0016103230882436035
v -0.0314626768231392 0.10265974700450897 0.04958815872669219
v -0.03151041269302369 0.1109531819820404 -0.026159411296248433
v -0.030697410926222808 0.11093800514936447 0.04966140538454055
v -0.03105913847684861 0.11277512460947037 -0.025639323517680165
v -0.001999216387048364 0.05034901201725006 0.03072763234376907
v 0.0010167703730985524 0.05034903809428215 0.031072031706571576
v -0.006667295936495067 0.05034925416111946 0.03038625046610832
v -0.001999216387048364 0.05034901201725006 0.03072763234376907
v 0.001998712541535497 0.05034901574254036 0.03072763234376907
v 0.0010167703730985524 0.05034903809428215 0.031072031706571576
v -0.010879107750952246 0.05034900829195976 0.029153550043702122
v -0.014934547245502475 0.05034920573234558 0.02733787707984447
v -0.01808338984847069 0.05034909397363663 0.025393119081854817
v -0.016882371157407764 0.07746239006519318 0.04958784580230712
v -0.018064580857753757 0.07843638211488724 0.04973234608769416
v -0.014934547245502475 0.05034920573234558 0.02733787707984447
v -0.018064580857753757 0.07843638211488724 0.04973234608769416
v -0.01808338984847069 0.05034909397363663 0.025393119081854817
v -0.014934547245502475 0.05034920573234558 0.02733787707984447
v -0.014934547245502475 0.05034920573234558 0.02733787707984447
v -0.014406784437596801 0.07607787847518921 0.04966658726334571
v -0.016882371157407764 0.07746239006519318 0.04958784580230712
v -0.014934547245502475 0.05034920573234558 0.02733787707984447
v -0.010879107750952246 0.05034900829195976 0.029153550043702122
v -0.014406784437596801 0.07607787847518921 0.04966658726334571
v -0.013537252321839336 0.05034900829195976 0.027701968327164646
v -0.010879107750952246 0.05034900829195976 0.029153550043702122
v -0.01808338984847069 0.05034909397363663 0.025393119081854817
v -0.02639968134462834 0.050349000841379166 0.016776263713836666
v -0.02838039211928845 0.050349000841379166 0.013259340077638624
v -0.02928008139133454 0.05034899711608887 0.010367407463490961
v -0.023985482752323158 0.050349000841379166 0.020011084154248234
v -0.024063531309366233 0.08387868851423264 0.04970509931445121
v -0.024976311251521117 0.0848647803068161 0.04958817362785339
v -0.023985482752323158 0.050349000841379166 0.020011084154248234
v -0.02093402296304703 0.050349436700344086 0.023152042180299755
v -0.024063531309366233 0.08387868851423264 0.04970509931445121
v -0.024976311251521117 0.0848647803068161 0.04958817362785339
v -0.02653442136943341 0.08713287115097046 0.04965745285153388
v -0.023985482752323158 0.050349000841379166 0.020011084154248234
v -0.02639968134462834 0.050349000841379166 0.016776263713836666
v -0.023985482752323158 0.050349000841379166 0.020011084154248234
v -0.02653442136943341 0.08713287115097046 0.04965745285153388
v -0.01808338984847069 0.05034909397363663 0.025393119081854817
v -0.02093402296304703 0.050349436700344086 0.023152042180299755
v -0.023985482752323158 0.050349000841379166 0.020011084154248234
v -0.023985482752323158 0.050349000841379166 0.020011084154248234
v -0.02022471278905869 0.050349004566669464 0.023348931223154065
v -0.01808338984847069 0.05034909397363663 0.025393119081854817
v -0.023985482752323158 0.050349000841379166 0.020011084154248234
v -0.02639968134462834 0.050349000841379166 0.016776263713836666
v -0.02928008139133454 0.05034899711608887 0.010367407463490961
v -0.007688260171562435 0.07410558313131332 0.049941431730985635
v -0.011380461044609548 0.07530524581670761 0.049941431730985635
v -0.008075607009232046 0.0737084373831749 0.0497073121368885
v -0.007688260171562435 0.07410558313131332 0.049941431730985635
v -0.003874817397445441 0.07337812334299088 0.04994143545627593
v -0.011380461044609548 0.07530524581670761 0.049941431730985635
v -0.008075607009232046 0.0737084373831749 0.0497073121368885
v -0.004098096862435342 0.07284893840551376 0.04965746030211448
v -0.007688260171562435 0.07410558313131332 0.049941431730985635
v -0.007688260171562435 0.07410558313131332 0.049941431730985635
v -0.004098096862435342 0.07284893840551376 0.04965746030211448
v -0.003874817397445441 0.07337812334299088 0.04994143545627593
v -0.014406784437596801 0.07607787847518921 0.04966658726334571
v -0.011380461044609548 0.07530524581670761 0.049941431730985635
v -0.014893186278641227 0.07695821672677994 0.049941431730985635
v -0.0181710459291935 0.07903839647769928 0.049941428005695336
v -0.018064580857753757 0.07843638211488724 0.04973234608769416
v -0.014893186278641227 0.07695821672677994 0.049941431730985635
v -0.018064580857753757 0.07843638211488724 0.04973234608769416
v -0.014406784437596801 0.07607787847518921 0.04966658726334571
v -0.014893186278641227 0.07695821672677994 0.049941431730985635
v -0.014893186278641227 0.07695821672677994 0.049941431730985635
v -0.021162338554859165 0.08151300251483917 0.049941428005695336
v -0.0181710459291935 0.07903839647769928 0.049941428005695336
v -0.003874817397445441 0.07337812334299088 0.04994143545627593
v -0.02797206677496434 0.09088578075170517 0.049941428005695336
v -0.014893186278641227 0.07695821672677994 0.049941431730985635
v -0.014893186278641227 0.07695821672677994 0.049941431730985635
v -0.011380461044609548 0.07530524581670761 0.049941431730985635
v -0.003874817397445441 0.07337812334299088 0.04994143545627593
v 0.008094000630080702 0.05034932866692543 0.03004243597388267
v 0.006836775690317156 0.0733180120587349 0.04962418228387832
v 0.004867068026214839 0.05034905672073364 0.030718317255377766
v 0.008094000630080702 0.05034932866692543 0.03004243597388267
v 0.013297601602971557 0.05034926161170006 0.02815311029553413
v 0.01205056626349688 0.07497996091842651 0.04965746402740478
v -0.02797206677496434 0.09088578075170517 0.049941428005695336
v -0.029088420793414123 0.09206713736057281 0.04966398328542709
v -0.02785435318946839 0.08942269533872604 0.04966648668050765
v -0.02785435318946839 0.08942269533872604 0.04966648668050765
v -0.02639968134462834 0.050349000841379166 0.016776263713836666
v -0.02653442136943341 0.08713287115097046 0.04965745285153388
v -0.02785435318946839 0.08942269533872604 0.04966648668050765
v -0.029088420793414123 0.09206713736057281 0.04966398328542709
v -0.02838039211928845 0.050349000841379166 0.013259340077638624
v -0.02785435318946839 0.08942269533872604 0.04966648668050765
v -0.02838039211928845 0.050349000841379166 0.013259340077638624
v -0.02639968134462834 0.050349000841379166 0.016776263713836666
v 0.02893259562551976 0.09199073910713196 0.049724489450454705
v 0.027915989980101592 0.08952681720256805 0.04965746775269508
v 0.029101172462105758 0.0920102596282959 0.049588181078433984
v 0.02610124461352826 0.08748380839824677 0.04994144290685653
v 0.023819334805011756 0.08434305340051651 0.04994144290685653
v 0.025745481252670295 0.08607891201972961 0.04970733448863029
v 0.027915989980101592 0.08952681720256805 0.04965746775269508
v 0.02610124461352826 0.08748380839824677 0.04994144290685653
v 0.025745481252670295 0.08607891201972961 0.04970733448863029
v 0.029400637373328216 0.09449540823698044 0.04994144663214683
v 0.023819334805011756 0.08434305340051651 0.04994144290685653
v 0.02610124461352826 0.08748380839824677 0.04994144290685653
v 0.02309612557291985 0.050349026918411255 0.020567672327160832
v 0.025588795542716987 0.05034903064370155 0.017441982403397557
v 0.022579401731491092 0.05034920945763588 0.021576216444373127
v 0.027661299332976348 0.05034903064370155 0.014023149386048315
v 0.025588795542716987 0.05034903064370155 0.017441982403397557
v 0.02309612557291985 0.050349026918411255 0.020567672327160832
v 0.02309612557291985 0.050349026918411255 0.020567672327160832
v 0.02919724956154824 0.05034903064370155 0.01141295302659273
v 0.027661299332976348 0.05034903064370155 0.014023149386048315
v 0.004867068026214839 0.05034905672073364 0.030718317255377766
v 0.001998712541535497 0.05034901574254036 0.03072763234376907
v 0.005963820032775404 0.05034901946783066 0.03021641261875629
v 0.014892636798322204 0.07695823162794113 0.04994143918156623
v 0.017713349312543872 0.07817722111940384 0.049731828272342675
v 0.01817049272358418 0.07903841882944107 0.04994144290685653
v 0.011379913426935674 0.0753052607178688 0.04994143918156623
v 0.014892636798322204 0.07695823162794113 0.04994143918156623
v 0.01817049272358418 0.07903841882944107 0.04994144290685653
v 0.01693348959088326 0.07749540358781815 0.04958816245198249
v 0.0166468657553196 0.050349414348602295 0.026342565193772313
v 0.017713349312543872 0.07817722111940384 0.049731828272342675
v 0.01693348959088326 0.07749540358781815 0.04958816245198249
v 0.013297601602971557 0.05034926161170006 0.02815311029553413
v 0.0166468657553196 0.050349414348602295 0.026342565193772313
v 0.03081945143640042 0.11341724544763565 -0.027872707694768902
v 0.03108267858624459 0.1126704066991806 -0.025660678744316098
v 0.03148952871561051 0.11102348566055298 -0.026150172576308247
v 0.03108267858624459 0.1126704066991806 -0.025660678744316098
v 0.03081945143640042 0.11341724544763565 -0.027872707694768902
v 0.030591739341616637 0.11432795971632004 -0.025321472436189648
v 0.03212766349315644 0.10375747084617615 -0.030312947928905484
v 0.03208297118544579 0.10693220794200897 -0.02918760478496551
v 0.03222483396530152 0.10349584370851517 -0.02798018231987953
v 0.030105158686637885 0.10128717869520187 -0.03961073979735374
v 0.030382405966520316 0.10258674621582031 -0.03864739835262298
v 0.031823854893445976 0.09964118152856827 -0.031195873394608494
v 0.030382405966520316 0.10258674621582031 -0.03864739835262298
v 0.030105158686637885 0.10128717869520187 -0.03961073979735374
v 0.030228801071643836 0.10440987348556519 -0.03953604400157928
v 0.02717690914869309 0.09848842769861221 -0.04368478804826736
v 0.02567912638187409 0.09565488249063492 -0.04436255991458892
v 0.02587490528821946 0.09877980500459671 -0.044588744640350335
v 0.02717690914869309 0.09848842769861221 -0.04368478804826736
v 0.02587490528821946 0.09877980500459671 -0.044588744640350335
v 0.027012325823307044 0.10077289491891861 -0.04398737102746963
v 0.02918237634003163 0.05034911632537842 -0.01226271968334913
v 0.02884033881127835 0.0970454141497612 -0.04121305793523788
v 0.02935465797781945 0.09685561805963516 -0.03975629061460494
v 0.02918237634003163 0.05034911632537842 -0.01226271968334913
v 0.027416951954364784 0.05034926161170006 -0.01591382175683975
v 0.02824931591749192 0.09405548870563507 -0.04063102230429649
v 0.02824931591749192 0.09405548870563507 -0.04063102230429649
v 0.02884033881127835 0.0970454141497612 -0.04121305793523788
v 0.02918237634003163 0.05034911632537842 -0.01226271968334913
v 0.01969704404473305 0.05034930631518364 -0.024995539337396618
v 0.018182059749960903 0.08338501304388046 -0.04441151767969131
v 0.023494657129049308 0.08998967707157135 -0.04431840404868125
v 0.018182059749960903 0.08338501304388046 -0.04441151767969131
v 0.01766518503427506 0.08338652551174164 -0.04474448785185813
v 0.023494657129049308 0.08998967707157135 -0.04431840404868125
v 0.01766518503427506 0.08338652551174164 -0.04474448785185813
v 0.022714685648679737 0.09056008607149124 -0.04497426748275756
v 0.023494657129049308 0.08998967707157135 -0.04431840404868125
v 0.022714685648679737 0.09056008607149124 -0.04497426748275756
v 0.024656491354107864 0.09323199093341827 -0.0445367619395256
v 0.023494657129049308 0.08998967707157135 -0.04431840404868125
v 0.01541179604828358 0.0873180478811264 -0.04649402946233749
v 0.020811777561903003 0.09166498482227325 -0.04587987437844276
v 0.015861118212342266 0.08573108166456223 -0.04624770209193229
v 0.011872553266584877 0.08518917858600616 -0.04672195389866828
v 0.007866773754358293 0.08253213763237 -0.046801511198282235
v 0.004836773034185172 0.08312825113534927 -0.04696767032146453
v 0.007866773754358293 0.08253213763237 -0.046801511198282235
v 0.011872553266584877 0.08518917858600616 -0.04672195389866828
v 0.011307816021144392 0.08302833139896393 -0.04651388898491859
v 0.011307816021144392 0.08302833139896393 -0.04651388898491859
v 0.008196906186640264 0.08135572075843811 -0.046519950032234185
v 0.007866773754358293 0.08253213763237 -0.046801511198282235
v 0.003501371946185828 0.08145906776189804 -0.046875283122062676
v 0.007866773754358293 0.08253213763237 -0.046801511198282235
v 0.008196906186640264 0.08135572075843811 -0.046519950032234185
v 0.003501371946185828 0.08145906776189804 -0.046875283122062676
v -0.0009574497817084195 0.08127737790346146 -0.04690322652459144
v 0.004836773034185172 0.08312825113534927 -0.04696767032146453
v 0.007866773754358293 0.08253213763237 -0.046801511198282235
v 0.003501371946185828 0.08145906776189804 -0.046875283122062676
v 0.004836773034185172 0.08312825113534927 -0.04696767032146453
v -2.3178317576366686e-07 0.05034901574254036 -0.03160743415355682
v -0.007914152927696707 0.05034901201725006 -0.030587062239646908
v -0.003989947494119407 0.05034901574254036 -0.03135133907198905
v -0.024739518761634834 0.09306622296571732 -0.0444597378373146
v -0.023835571482777602 0.08971681445837021 -0.04394406080245971
v -0.025638109073042877 0.09229006618261337 -0.043476913124322884
v -0.023835571482777602 0.08971681445837021 -0.04394406080245971
v -0.02542474120855332 0.09063828736543655 -0.04290283471345901
v -0.025638109073042877 0.09229006618261337 -0.043476913124322884
v -0.023835571482777602 0.08971681445837021 -0.04394406080245971
v -0.0179643277078867 0.0503491535782814 -0.02629723399877548
v -0.021156478673219684 0.050349049270153046 -0.023751543834805485
v 0.020922990515828136 0.09520643204450607 -0.045907393097877496
v 0.01795752346515656 0.12071261554956436 -0.043686367571353905
v 0.02347213029861451 0.10194399952888489 -0.04530972987413406
v 0.01795752346515656 0.12071261554956436 -0.043686367571353905
v 0.015646355226635936 0.12457388639450073 -0.043252680450677865
v 0.019387114793062214 0.12075698375701904 -0.043573740869760506
v 0.01795752346515656 0.12071261554956436 -0.043686367571353905
v 0.01008893456310034 0.12689338624477386 -0.04314566403627395
v 0.015646355226635936 0.12457388639450073 -0.043252680450677865
v -0.03215590491890908 0.10416683554649353 -0.030088931322097775
v -0.03222655877470971 0.10477873682975769 -0.027650957927107808
v -0.03210215643048287 0.10611309111118317 -0.029616245999932286
v -0.03215590491890908 0.10416683554649353 -0.030088931322097775
v -0.032187670469284065 0.10278264433145523 -0.028143286705017086
v -0.03222655877470971 0.10477873682975769 -0.027650957927107808
v -0.032094832509756095 0.10162381827831268 -0.030420485883951184
v -0.032187670469284065 0.10278264433145523 -0.028143286705017086
v -0.03215590491890908 0.10416683554649353 -0.030088931322097775
v -0.03215590491890908 0.10416683554649353 -0.030088931322097775
v -0.03201600536704064 0.10174348205327988 -0.03081116452813148
v -0.032094832509756095 0.10162381827831268 -0.030420485883951184
v -0.03215590491890908 0.10416683554649353 -0.030088931322097775
v -0.030237289145588882 0.10492370277643204 -0.039525803178548806
v -0.03201600536704064 0.10174348205327988 -0.03081116452813148
v -0.03215590491890908 0.10416683554649353 -0.030088931322097775
v -0.03210215643048287 0.10611309111118317 -0.029616245999932286
v -0.030237289145588882 0.10492370277643204 -0.039525803178548806
v -0.031557649374008186 0.11045374721288681 -0.02857827395200729
v -0.031997852027416236 0.10807786136865616 -0.026831684634089466
v -0.03151041269302369 0.1109531819820404 -0.026159411296248433
v -0.03151041269302369 0.1109531819820404 -0.026159411296248433
v -0.03105913847684861 0.11277512460947037 -0.025639323517680165
v -0.031557649374008186 0.11045374721288681 -0.02857827395200729
v 0.03036609664559365 0.109840989112854 0.04994144663214683
v 0.03085266239941121 0.10598943382501602 0.04994144663214683
v 0.031235687434673316 0.10784441977739334 0.049654301255941384
v 0.03143667802214623 0.10543044656515121 0.049657471477985375
v 0.031235687434673316 0.10784441977739334 0.049654301255941384
v 0.03085266239941121 0.10598943382501602 0.04994144663214683
v 0.03143667802214623 0.10543044656515121 0.049657471477985375
v 0.0314648486673832 0.10272097587585449 0.04958785325288772
v 0.03222483396530152 0.10349584370851517 -0.02798018231987953
v 0.03222483396530152 0.10349584370851517 -0.02798018231987953
v 0.03212829679250718 0.10682062059640884 -0.027149604633450505
v 0.03143667802214623 0.10543044656515121 0.049657471477985375
v 0.03143667802214623 0.10543044656515121 0.049657471477985375
v 0.03212829679250718 0.10682062059640884 -0.027149604633450505
v 0.031235687434673316 0.10784441977739334 0.049654301255941384
v 0.023819314315915115 0.1237536072731018 0.04994144290685653
v 0.026101225987076766 0.12061285227537155 0.04994144290685653
v 0.025989808142185218 0.12160572409629822 0.04972611740231513
v 0.023819314315915115 0.1237536072731018 0.04994144290685653
v 0.023193379864096645 0.1253143846988678 0.04965746775269508
v 0.021161759272217754 0.12658366560935974 0.04994144290685653
v 0.024938730522990234 0.1232675090432167 0.04961998760700225
v 0.023193379864096645 0.1253143846988678 0.04965746775269508
v 0.023819314315915115 0.1237536072731018 0.04994144290685653
v 0.023819314315915115 0.1237536072731018 0.04994144290685653
v 0.025989808142185218 0.12160572409629822 0.04972611740231513
v 0.024938730522990234 0.1232675090432167 0.04961998760700225
v 0.023819314315915115 0.1237536072731018 0.04994144290685653
v 0.021161759272217754 0.12658366560935974 0.04994144290685653
v 0.01817046478390694 0.12905824184417725 0.04994144663214683
v 0.026101225987076766 0.12061285227537155 0.04994144290685653
v 0.023819314315915115 0.1237536072731018 0.04994144290685653
v 0.01817046478390694 0.12905824184417725 0.04994144663214683
v 0.027971491217613227 0.11721089482307434 0.04994144290685653
v 0.026101225987076766 0.12061285227537155 0.04994144290685653
v 0.02940062806010247 0.11360123753547668 0.04994144663214683
v 0.027971491217613227 0.11721089482307434 0.04994144290685653
v 0.02782129310071469 0.11841067671775818 0.04973630234599113
v 0.026101225987076766 0.12061285227537155 0.04994144290685653
v 0.027971491217613227 0.11721089482307434 0.04994144290685653
v 0.02940062806010247 0.11360123753547668 0.04994144663214683
v 0.02906808070838452 0.11609920859336853 0.049657471477985375
v 0.02906808070838452 0.11609920859336853 0.049657471477985375
v 0.02782129310071469 0.11841067671775818 0.04973630234599113
v 0.027971491217613227 0.11721089482307434 0.04994144290685653
v 0.026535769924521453 0.12100864201784134 0.049587838351726525
v 0.025989808142185218 0.12160572409629822 0.04972611740231513
v 0.027927484363317497 0.11860337108373642 0.04958818852901458
v 0.027927484363317497 0.11860337108373642 0.04958818852901458
v 0.025989808142185218 0.12160572409629822 0.04972611740231513
v 0.02782129310071469 0.11841067671775818 0.04973630234599113
v 0.027927484363317497 0.11860337108373642 0.04958818852901458
v 0.02782129310071469 0.11841067671775818 0.04973630234599113
v 0.02906808070838452 0.11609920859336853 0.049657471477985375
v 0.027927484363317497 0.11860337108373642 0.04958818852901458
v 0.027514597401022918 0.12095977365970612 -0.023629786446690556
v 0.026535769924521453 0.12100864201784134 0.049587838351726525
v 0.02958481945097447 0.11697304993867874 -0.02463741600513458
v 0.027927484363317497 0.11860337108373642 0.04958818852901458
v 0.02906808070838452 0.11609920859336853 0.049657471477985375
v 0.028866758570075042 0.11849488317966461 -0.02421525306999683
v 0.027927484363317497 0.11860337108373642 0.04958818852901458
v 0.02958481945097447 0.11697304993867874 -0.02463741600513458
v 0.027927484363317497 0.11860337108373642 0.04958818852901458
v 0.028866758570075042 0.11849488317966461 -0.02421525306999683
v 0.027514597401022918 0.12095977365970612 -0.023629786446690556
v 0.029279587790369994 0.05034903064370155 0.010367426089942454
v 0.031240735203027732 0.05034903436899185 0.0036202042829245325
v 0.02919724956154824 0.05034903064370155 0.01141295302659273
v 0.029279587790369994 0.05034903064370155 0.010367426089942454
v 0.02309612557291985 0.050349026918411255 0.020567672327160832
v 0.0170202199369669 0.050349023193120956 0.025740154087543484
v 0.02919724956154824 0.05034903064370155 0.01141295302659273
v 0.02309612557291985 0.050349026918411255 0.020567672327160832
v 0.029279587790369994 0.05034903064370155 0.010367426089942454
v 0.030459361150860793 0.05034949630498886 0.0075769592076539985
v 0.030637299641966827 0.09690495580434799 0.04966905713081359
v 0.03001352027058602 0.0945950374007225 0.049657471477985375
v 0.03001352027058602 0.0945950374007225 0.049657471477985375
v 0.02919724956154824 0.05034903064370155 0.01141295302659273
v 0.030459361150860793 0.05034949630498886 0.0075769592076539985
v 0.029101172462105758 0.0920102596282959 0.049588181078433984
v 0.02919724956154824 0.05034903064370155 0.01141295302659273
v 0.03001352027058602 0.0945950374007225 0.049657471477985375
v 0.03001352027058602 0.0945950374007225 0.049657471477985375
v 0.02893259562551976 0.09199073910713196 0.049724489450454705
v 0.029101172462105758 0.0920102596282959 0.049588181078433984
v 0.03001352027058602 0.0945950374007225 0.049657471477985375
v 0.030637299641966827 0.09690495580434799 0.04966905713081359
v 0.029400637373328216 0.09449540823698044 0.04994144663214683
v 0.02893259562551976 0.09199073910713196 0.049724489450454705
v 0.03001352027058602 0.0945950374007225 0.049657471477985375
v 0.029400637373328216 0.09449540823698044 0.04994144663214683
v 0.012061792425811294 0.13294078409671783 0.049723517149686806
v 0.01198789291083813 0.13316217064857483 0.04961999505758285
v 0.011379881761968138 0.13279138505458832 0.04994144290685653
v 0.012061792425811294 0.13294078409671783 0.049723517149686806
v 0.014548140577971939 0.13197068870067596 0.049620438367128365
v 0.01198789291083813 0.13316217064857483 0.04961999505758285
v 0.014892606995999817 0.1311383992433548 0.04994144290685653
v 0.01571576483547688 0.13116160035133362 0.049723565578460686
v 0.014548140577971939 0.13197068870067596 0.049620438367128365
v 0.014892606995999817 0.1311383992433548 0.04994144290685653
v 0.011379881761968138 0.13279138505458832 0.04994144290685653
v 0.01817046478390694 0.12905824184417725 0.04994144663214683
v 0.014892606995999817 0.1311383992433548 0.04994144290685653
v 0.01817046478390694 0.12905824184417725 0.04994144663214683
v 0.01571576483547688 0.13116160035133362 0.049723565578460686
v 0.014892606995999817 0.1311383992433548 0.04994144290685653
v 0.012061792425811294 0.13294078409671783 0.049723517149686806
v 0.011379881761968138 0.13279138505458832 0.04994144290685653
v 0.014892606995999817 0.1311383992433548 0.04994144290685653
v 0.014548140577971939 0.13197068870067596 0.049620438367128365
v 0.012061792425811294 0.13294078409671783 0.049723517149686806
v 0.007420855574309828 0.13359540700912476 -0.0376223362982273
v 0.007770994212478401 0.1353466808795929 -0.022619074210524556
v 0.010323130525648596 0.13459061086177826 -0.022793287411332127
v 0.01109204348176718 0.13242492079734802 -0.03756184130907058
v 0.010323130525648596 0.13459061086177826 -0.022793287411332127
v 0.011980990879237655 0.13398002088069916 -0.022943401709198948
v -0.029094684869050987 0.11607387661933899 0.049624167382717126
v -0.029177570715546615 0.11788876354694366 -0.024436034262180325
v -0.030413249507546432 0.11488576233386993 -0.025169499218463894
v -0.029177570715546615 0.11788876354694366 -0.024436034262180325
v -0.029094684869050987 0.11607387661933899 0.049624167382717126
v -0.027881547808647163 0.11863744258880615 0.049655776470899575
v -0.029094684869050987 0.11607387661933899 0.049624167382717126
v -0.029552334919571883 0.11446762830018997 0.04973071813583373
v -0.027972081676125533 0.11721086502075195 0.049941428005695336
v -0.027881547808647163 0.11863744258880615 0.049655776470899575
v -0.029094684869050987 0.11607387661933899 0.049624167382717126
v -0.027972081676125533 0.11721086502075195 0.049941428005695336
v -0.030413249507546432 0.11488576233386993 -0.025169499218463894
v -0.029177570715546615 0.11788876354694366 -0.024436034262180325
v -0.029959067702293403 0.11588764190673828 -0.027274247258901593
v 0.025800237432122237 0.11989548057317734 -0.038962900638580315
v 0.027537826448678977 0.11667393893003464 -0.03904250636696815
v 0.026101512834429748 0.11853216588497162 -0.04019330814480781
v 0.013522505760192875 0.13076253235340118 -0.03959695249795913
v 0.01399627793580294 0.1309335082769394 -0.03854322060942649
v 0.01609842106699944 0.12927937507629395 -0.03966957330703735
v 0.011209839954972269 0.13133427500724792 -0.04039008915424346
v 0.010806635953485967 0.13198179006576538 -0.039537742733955376
v 0.013522505760192875 0.13076253235340118 -0.03959695249795913
v 0.011209839954972269 0.13133427500724792 -0.04039008915424346
v 0.007295142393559219 0.13308915495872498 -0.039557386189699166
v 0.010806635953485967 0.13198179006576538 -0.039537742733955376
v 0.01760364137589932 0.12442595511674881 -0.042877070605754845
v 0.019387114793062214 0.12075698375701904 -0.043573740869760506
v 0.015646355226635936 0.12457388639450073 -0.043252680450677865
v 0.021155960857868198 0.12403014302253723 -0.04123374447226524
v 0.018535476177930835 0.12531723082065582 -0.0420553795993328
v 0.01931942626833916 0.12608206272125244 -0.04086219146847724
v 0.021155960857868198 0.12403014302253723 -0.04123374447226524
v 0.01931942626833916 0.12608206272125244 -0.04086219146847724
v 0.020745407789945606 0.12558624148368835 -0.03985005617141723
v 0.025622123852372176 0.12358814477920532 -0.0254545547068119
v 0.023363837972283367 0.12360011786222458 -0.03776441887021064
v 0.0240303073078394 0.12555578351020813 -0.02494641579687595
v 0.023363837972283367 0.12360011786222458 -0.03776441887021064
v 0.021740846335887912 0.12513594329357147 -0.03882895782589912
v 0.0240303073078394 0.12555578351020813 -0.02494641579687595
v 0.02157174237072468 0.1255478858947754 -0.0377102680504322
v 0.02173208259046078 0.12788449227809906 -0.024386115372180935
v 0.0240303073078394 0.12555578351020813 -0.02494641579687595
v 0.0240303073078394 0.12555578351020813 -0.02494641579687595
v 0.021740846335887912 0.12513594329357147 -0.03882895782589912
v 0.02157174237072468 0.1255478858947754 -0.0377102680504322
v 0.018514603376388553 0.12754838168621063 -0.03975358232855796
v 0.020745407789945606 0.12558624148368835 -0.03985005617141723
v 0.01931942626833916 0.12608206272125244 -0.04086219146847724
v 0.018514603376388553 0.12754838168621063 -0.03975358232855796
v 0.016476651653647426 0.12829358875751495 -0.04076877608895301
v 0.01609842106699944 0.12927937507629395 -0.03966957330703735
v 0.018514603376388553 0.12754838168621063 -0.03975358232855796
v 0.01931942626833916 0.12608206272125244 -0.04086219146847724
v 0.016476651653647426 0.12829358875751495 -0.04076877608895301
v 0.0017587359761819248 0.13629572093486786 -0.01981091685593128
v 0.0038144835270941266 0.1361313909292221 -0.019903395324945446
v 0.0041867257095873365 0.13603833317756653 -0.022383946925401684
v 0.0038144835270941266 0.1361313909292221 -0.019903395324945446
v 0.0017587359761819248 0.13629572093486786 -0.01981091685593128
v 0.004064396489411593 0.13527804613113403 0.049587864428758614
v 0.0038144835270941266 0.1361313909292221 -0.019903395324945446
v 0.006972184870392086 0.13559851050376892 -0.02003538608551025
v 0.0041867257095873365 0.13603833317756653 -0.022383946925401684
v 0.0038144835270941266 0.1361313909292221 -0.019903395324945446
v 0.004064396489411593 0.13527804613113403 0.049587864428758614
v 0.006972184870392086 0.13559851050376892 -0.02003538608551025
v -0.01696618087589741 0.13057689368724823 0.04960376024246215
v -0.018721034750342373 0.13037925958633423 -0.021350326016545292
v -0.019189989194273952 0.1290121078491211 0.04960756748914718
v 0.0010010044788941743 0.1362866461277008 -0.02238211594521999
v 0.0017587359761819248 0.13629572093486786 -0.01981091685593128
v 0.0041867257095873365 0.13603833317756653 -0.022383946925401684
v 0.0010010044788941743 0.1362866461277008 -0.02238211594521999
v -0.00045631465036422025 0.13636067509651184 -0.019823962822556492
v 0.0017587359761819248 0.13629572093486786 -0.01981091685593128
v 0.004209395963698626 0.134195938706398 -0.03774613514542579
v 0.0010010044788941743 0.1362866461277008 -0.02238211594521999
v 0.0041867257095873365 0.13603833317756653 -0.022383946925401684
v 0.0010010044788941743 0.1362866461277008 -0.02238211594521999
v 0.004209395963698626 0.134195938706398 -0.03774613514542579
v 4.371977047412657e-05 0.1345328539609909 -0.036065883934497826
v -0.003752401331439615 0.13614331185817719 -0.019896766170859333
v -0.0013945485698059203 0.1354847401380539 0.04965746402740478
v -0.00045631465036422025 0.13636067509651184 -0.019823962822556492
v -0.003752401331439615 0.13614331185817719 -0.019896766170859333
v -0.004098569042980672 0.13526563346385956 0.04962042346596717
v -0.0013945485698059203 0.1354847401380539 0.04965746402740478
v -3.0609905365963646e-07 0.13496224582195282 0.04994143918156623
v 0.003874240443110467 0.13471855223178864 0.04994143918156623
v 0.0012818182585760953 0.13548444211483002 0.04966486617922782
v -0.0013945485698059203 0.1354847401380539 0.04965746402740478
v -3.0609905365963646e-07 0.13496224582195282 0.04994143918156623
v 0.0012818182585760953 0.13548444211483002 0.04966486617922782
v -0.003874851856380702 0.13471855223178864 0.04994143918156623
v -3.0609905365963646e-07 0.13496224582195282 0.04994143918156623
v -0.0013945485698059203 0.1354847401380539 0.04965746402740478
v 0.007687683217227461 0.1339910626411438 0.04994144290685653
v 0.01817046478390694 0.12905824184417725 0.04994144663214683
v 0.011379881761968138 0.13279138505458832 0.04994144290685653
v 0.007687683217227461 0.1339910626411438 0.04994144290685653
v -0.003874851856380702 0.13471855223178864 0.04994143918156623
v 0.01817046478390694 0.12905824184417725 0.04994144663214683
v 0.007687683217227461 0.1339910626411438 0.04994144290685653
v -3.0609905365963646e-07 0.13496224582195282 0.04994143918156623
v -0.003874851856380702 0.13471855223178864 0.04994143918156623
v 0.003874240443110467 0.13471855223178864 0.04994143918156623
v -3.0609905365963646e-07 0.13496224582195282 0.04994143918156623
v 0.007687683217227461 0.1339910626411438 0.04994144290685653
v 0.011379881761968138 0.13279138505458832 0.04994144290685653
v 0.008162446320056917 0.1343054622411728 0.049723565578460686
v 0.007687683217227461 0.1339910626411438 0.04994144290685653
v 0.004192709457129241 0.1350763440132141 0.04973629862070083
v 0.003874240443110467 0.13471855223178864 0.04994143918156623
v 0.007687683217227461 0.1339910626411438 0.04994144290685653
v 0.007687683217227461 0.1339910626411438 0.04994144290685653
v 0.006825593300163748 0.13478465378284454 0.04962040856480598
v 0.004192709457129241 0.1350763440132141 0.04973629862070083
v 0.007687683217227461 0.1339910626411438 0.04994144290685653
v 0.008162446320056917 0.1343054622411728 0.049723565578460686
v 0.006825593300163748 0.13478465378284454 0.04962040856480598
v -0.02573401294648648 0.12357352674007416 -0.023019080981612202
v -0.02497081086039544 0.12319688498973846 0.04965745285153388
v -0.0233099889010191 0.1251860409975052 0.04966046661138534
v -0.02573401294648648 0.12357352674007416 -0.023019080981612202
v -0.02654844149947167 0.12097501754760742 0.049620412290096276
v -0.02497081086039544 0.12319688498973846 0.04965745285153388
v -0.023628456518054015 0.12607558071613312 -0.022393384948372837
v -0.0233099889010191 0.1251860409975052 0.04966046661138534
v -0.02128764241933823 0.1272573322057724 0.04958816245198249
v -0.023628456518054015 0.12607558071613312 -0.022393384948372837
v -0.024498477578163154 0.1250021904706955 -0.02508606947958469
v -0.02573401294648648 0.12357352674007416 -0.023019080981612202
v -0.023628456518054015 0.12607558071613312 -0.022393384948372837
v -0.02573401294648648 0.12357352674007416 -0.023019080981612202
v -0.0233099889010191 0.1251860409975052 0.04966046661138534
v -0.01817107386887074 0.12905821204185486 0.049941431730985635
v -0.021162362769246105 0.12658363580703735 0.049941428005695336
v -0.023819917812943465 0.12375357747077942 0.049941428005695336
v -0.014893216080963615 0.1311383843421936 0.04994143545627593
v -0.01817107386887074 0.12905821204185486 0.049941431730985635
v -0.023819917812943465 0.12375357747077942 0.049941428005695336
v -0.019189989194273952 0.1290121078491211 0.04960756748914718
v -0.02112662419676781 0.1272038370370865 0.04972447082400321
v -0.01817107386887074 0.12905821204185486 0.049941431730985635
v -0.01817107386887074 0.12905821204185486 0.049941431730985635
v -0.02112662419676781 0.1272038370370865 0.04972447082400321
v -0.021162362769246105 0.12658363580703735 0.049941428005695336
v -0.014893216080963615 0.1311383843421936 0.04994143545627593
v -0.01441323105245829 0.13202060759067535 0.04965611174702644
v -0.01696618087589741 0.13057689368724823 0.04960376024246215
v -0.01441323105245829 0.13202060759067535 0.04965611174702644
v -0.011380492709577085 0.13279137015342712 0.04994143545627593
v -0.012038505636155609 0.1331411600112915 0.049620438367128365
v -0.01441323105245829 0.13202060759067535 0.04965611174702644
v -0.014893216080963615 0.1311383843421936 0.04994143545627593
v -0.011380492709577085 0.13279137015342712 0.04994143545627593
v -0.012038505636155609 0.1331411600112915 0.049620438367128365
v -0.013153687119483951 0.13356420397758484 -0.02054755203425884
v -0.01441323105245829 0.13202060759067535 0.04965611174702644
v -0.006667295936495067 0.05034925416111946 0.03038625046610832
v -0.010879107750952246 0.05034900829195976 0.029153550043702122
v -0.005964323878288271 0.05034901201725006 0.030216408893465992
v -0.005964323878288271 0.05034901201725006 0.030216408893465992
v -0.001999216387048364 0.05034901201725006 0.03072763234376907
v -0.006667295936495067 0.05034925416111946 0.03038625046610832
v -0.005964323878288271 0.05034901201725006 0.030216408893465992
v -0.010879107750952246 0.05034900829195976 0.029153550043702122
v -0.001999216387048364 0.05034901201725006 0.03072763234376907
v -0.02928008139133454 0.05034899711608887 0.010367407463490961
v -0.001999216387048364 0.05034901201725006 0.03072763234376907
v -0.023096624761819843 0.050349000841379166 0.020567657425999638
v -0.023096624761819843 0.050349000841379166 0.020567657425999638
v -0.023985482752323158 0.050349000841379166 0.020011084154248234
v -0.02928008139133454 0.05034899711608887 0.010367407463490961
v -0.02610179781913758 0.08748377859592438 0.049941428005695336
v -0.014893186278641227 0.07695821672677994 0.049941431730985635
v -0.02797206677496434 0.09088578075170517 0.049941428005695336
v -0.02610179781913758 0.08748377859592438 0.049941428005695336
v -0.02653442136943341 0.08713287115097046 0.04965745285153388
v -0.024063531309366233 0.08387868851423264 0.04970509931445121
v -0.02797206677496434 0.09088578075170517 0.049941428005695336
v -0.02785435318946839 0.08942269533872604 0.04966648668050765
v -0.02610179781913758 0.08748377859592438 0.049941428005695336
v -0.02610179781913758 0.08748377859592438 0.049941428005695336
v -0.02785435318946839 0.08942269533872604 0.04966648668050765
v -0.02653442136943341 0.08713287115097046 0.04965745285153388
v 0.009499095380306246 0.07405490428209305 0.04966833814978599
v 0.008094000630080702 0.05034932866692543 0.03004243597388267
v 0.01205056626349688 0.07497996091842651 0.04965746402740478
v 0.008094000630080702 0.05034932866692543 0.03004243597388267
v 0.009499095380306246 0.07405490428209305 0.04966833814978599
v 0.006836775690317156 0.0733180120587349 0.04962418228387832
v 0.006836775690317156 0.0733180120587349 0.04962418228387832
v 0.009499095380306246 0.07405490428209305 0.04966833814978599
v 0.007687716744840147 0.07410559058189392 0.04994143918156623
v 0.009499095380306246 0.07405490428209305 0.04966833814978599
v 0.011379913426935674 0.0753052607178688 0.04994143918156623
v 0.007687716744840147 0.07410559058189392 0.04994143918156623
v 0.009499095380306246 0.07405490428209305 0.04966833814978599
v 0.01205056626349688 0.07497996091842651 0.04965746402740478
v 0.011379913426935674 0.0753052607178688 0.04994143918156623
v 0.02797150611877442 0.09088581055402756 0.04994144290685653
v 0.027915989980101592 0.08952681720256805 0.04965746775269508
v 0.02893259562551976 0.09199073910713196 0.049724489450454705
v 0.02797150611877442 0.09088581055402756 0.04994144290685653
v 0.02610124461352826 0.08748380839824677 0.04994144290685653
v 0.027915989980101592 0.08952681720256805 0.04965746775269508
v 0.02797150611877442 0.09088581055402756 0.04994144290685653
v 0.02893259562551976 0.09199073910713196 0.049724489450454705
v 0.029400637373328216 0.09449540823698044 0.04994144663214683
v 0.029400637373328216 0.09449540823698044 0.04994144663214683
v 0.02610124461352826 0.08748380839824677 0.04994144290685653
v 0.02797150611877442 0.09088581055402756 0.04994144290685653
v 0.020224211737513546 0.050349026918411255 0.02334894612431526
v 0.022579401731491092 0.05034920945763588 0.021576216444373127
v 0.019646339118480686 0.05034923553466797 0.024222584441304203
v 0.020224211737513546 0.050349026918411255 0.02334894612431526
v 0.02309612557291985 0.050349026918411255 0.020567672327160832
v 0.022579401731491092 0.05034920945763588 0.021576216444373127
v 0.0170202199369669 0.050349023193120956 0.025740154087543484
v 0.020224211737513546 0.050349026918411255 0.02334894612431526
v 0.019646339118480686 0.05034923553466797 0.024222584441304203
v 0.02309612557291985 0.050349026918411255 0.020567672327160832
v 0.020224211737513546 0.050349026918411255 0.02334894612431526
v 0.0170202199369669 0.050349023193120956 0.025740154087543484
v 0.009830997325479986 0.05034901946783066 0.029202267527580258
v 0.005963820032775404 0.05034901946783066 0.03021641261875629
v 0.001998712541535497 0.05034901574254036 0.03072763234376907
v 0.004867068026214839 0.05034905672073364 0.030718317255377766
v 0.005963820032775404 0.05034901946783066 0.03021641261875629
v 0.009830997325479986 0.05034901946783066 0.029202267527580258
v -0.001999216387048364 0.05034901201725006 0.03072763234376907
v 0.009830997325479986 0.05034901946783066 0.029202267527580258
v 0.001998712541535497 0.05034901574254036 0.03072763234376907
v 0.009830997325479986 0.05034901946783066 0.029202267527580258
v -0.001999216387048364 0.05034901201725006 0.03072763234376907
v 0.0170202199369669 0.050349023193120956 0.025740154087543484
v 0.009830997325479986 0.05034901946783066 0.029202267527580258
v 0.008094000630080702 0.05034932866692543 0.03004243597388267
v 0.004867068026214839 0.05034905672073364 0.030718317255377766
v 0.009830997325479986 0.05034901946783066 0.029202267527580258
v 0.013297601602971557 0.05034926161170006 0.02815311029553413
v 0.008094000630080702 0.05034932866692543 0.03004243597388267
v 0.014211673289537433 0.07597720623016357 0.049659505486488335
v 0.011379913426935674 0.0753052607178688 0.04994143918156623
v 0.01205056626349688 0.07497996091842651 0.04965746402740478
v 0.014211673289537433 0.07597720623016357 0.049659505486488335
v 0.014892636798322204 0.07695823162794113 0.04994143918156623
v 0.011379913426935674 0.0753052607178688 0.04994143918156623
v 0.01205056626349688 0.07497996091842651 0.04965746402740478
v 0.013297601602971557 0.05034926161170006 0.02815311029553413
v 0.014211673289537433 0.07597720623016357 0.049659505486488335
v 0.014211673289537433 0.07597720623016357 0.049659505486488335
v 0.013297601602971557 0.05034926161170006 0.02815311029553413
v 0.01693348959088326 0.07749540358781815 0.04958816245198249
v 0.017713349312543872 0.07817722111940384 0.049731828272342675
v 0.014892636798322204 0.07695823162794113 0.04994143918156623
v 0.014211673289537433 0.07597720623016357 0.049659505486488335
v 0.014211673289537433 0.07597720623016357 0.049659505486488335
v 0.01693348959088326 0.07749540358781815 0.04958816245198249
v 0.017713349312543872 0.07817722111940384 0.049731828272342675
v -0.02186919189989567 0.09601324051618576 -0.04578283801674842
v -0.023111173883080486 0.10158462822437286 -0.04535511508584022
v -0.01820585317909718 0.09161178767681122 -0.04621645063161849
v -0.02409371547400952 0.10044615715742111 -0.04528025165200233
v -0.02186919189989567 0.09601324051618576 -0.04578283801674842
v -0.023397501558065418 0.09594246745109558 -0.04546582698822021
v -0.023111173883080486 0.10158462822437286 -0.04535511508584022
v -0.02186919189989567 0.09601324051618576 -0.04578283801674842
v -0.02409371547400952 0.10044615715742111 -0.04528025165200233
v 0.029631070792675025 0.11671596765518188 -0.02708259969949722
v 0.028866758570075042 0.11849488317966461 -0.02421525306999683
v 0.02958481945097447 0.11697304993867874 -0.02463741600513458
v 0.029631070792675025 0.11671596765518188 -0.02708259969949722
v 0.02958481945097447 0.11697304993867874 -0.02463741600513458
v 0.030591739341616637 0.11432795971632004 -0.025321472436189648
v 0.029631070792675025 0.11671596765518188 -0.02708259969949722
v 0.030591739341616637 0.11432795971632004 -0.025321472436189648
v 0.03081945143640042 0.11341724544763565 -0.027872707694768902
v 0.027537826448678977 0.11667393893003464 -0.03904250636696815
v 0.027196925133466728 0.11775385588407516 -0.03803405910730361
v 0.029631070792675025 0.11671596765518188 -0.02708259969949722
v 0.029631070792675025 0.11671596765518188 -0.02708259969949722
v 0.02861250005662442 0.11449015885591507 -0.03801246359944343
v 0.027537826448678977 0.11667393893003464 -0.03904250636696815
v 0.02861250005662442 0.11449015885591507 -0.03801246359944343
v 0.029631070792675025 0.11671596765518188 -0.02708259969949722
v 0.03081945143640042 0.11341724544763565 -0.027872707694768902
v 0.03159849718213082 0.11022882163524628 -0.02862943150103092
v 0.03081945143640042 0.11341724544763565 -0.027872707694768902
v 0.03148952871561051 0.11102348566055298 -0.026150172576308247
v 0.03159849718213082 0.11022882163524628 -0.02862943150103092
v 0.03148952871561051 0.11102348566055298 -0.026150172576308247
v 0.03180173411965371 0.10934480279684067 -0.026474758982658383
v 0.03159849718213082 0.11022882163524628 -0.02862943150103092
v 0.03180173411965371 0.10934480279684067 -0.026474758982658383
v 0.03208297118544579 0.10693220794200897 -0.02918760478496551
v 0.030228801071643836 0.10440987348556519 -0.03953604400157928
v 0.03212766349315644 0.10375747084617615 -0.030312947928905484
v 0.03209388256072999 0.10161466151475906 -0.030399629846215245
v 0.03209388256072999 0.10161466151475906 -0.030399629846215245
v 0.030382405966520316 0.10258674621582031 -0.03864739835262298
v 0.030228801071643836 0.10440987348556519 -0.03953604400157928
v 0.030382405966520316 0.10258674621582031 -0.03864739835262298
v 0.03209388256072999 0.10161466151475906 -0.030399629846215245
v 0.031823854893445976 0.09964118152856827 -0.031195873394608494
v 0.03222483396530152 0.10349584370851517 -0.02798018231987953
v 0.03150039911270142 0.05034961551427841 -0.00030385621357709164
v 0.03209388256072999 0.10161466151475906 -0.030399629846215245
v 0.03209388256072999 0.10161466151475906 -0.030399629846215245
v 0.03212766349315644 0.10375747084617615 -0.030312947928905484
v 0.03222483396530152 0.10349584370851517 -0.02798018231987953
v 0.028372079133987434 0.10021961480379105 -0.042700607329607
v 0.029051989316940315 0.10003582388162613 -0.04176258668303489
v 0.028068840503692634 0.0974121242761612 -0.042549639940261834
v 0.028068840503692634 0.0974121242761612 -0.042549639940261834
v 0.02717690914869309 0.09848842769861221 -0.04368478804826736
v 0.028372079133987434 0.10021961480379105 -0.042700607329607
v 0.024656491354107864 0.09323199093341827 -0.0445367619395256
v 0.022714685648679737 0.09056008607149124 -0.04497426748275756
v 0.023485314100980766 0.09422290325164795 -0.045299876481294625
v 0.02567912638187409 0.09565488249063492 -0.04436255991458892
v 0.024656491354107864 0.09323199093341827 -0.0445367619395256
v 0.023485314100980766 0.09422290325164795 -0.045299876481294625
v 0.025613697245717056 0.09227793663740158 -0.04349779337644576
v 0.027620809152722366 0.09441497176885605 -0.042060948908329
v 0.026642717421054847 0.09193979203701019 -0.0421084351837635
v 0.025613697245717056 0.09227793663740158 -0.04349779337644576
v 0.025744851678609855 0.09031936526298523 -0.04229305312037467
v 0.024158027023077018 0.08959928154945374 -0.04362888261675834
v 0.025613697245717056 0.09227793663740158 -0.04349779337644576
v 0.026642717421054847 0.09193979203701019 -0.0421084351837635
v 0.025744851678609855 0.09031936526298523 -0.04229305312037467
v 0.025613697245717056 0.09227793663740158 -0.04349779337644576
v 0.024158027023077018 0.08959928154945374 -0.04362888261675834
v 0.023494657129049308 0.08998967707157135 -0.04431840404868125
v 0.023494657129049308 0.08998967707157135 -0.04431840404868125
v 0.024656491354107864 0.09323199093341827 -0.0445367619395256
v 0.025613697245717056 0.09227793663740158 -0.04349779337644576
v 0.011707948520779611 0.050349023193120956 -0.02932731248438358
v 0.009051624685525896 0.05034910514950752 -0.03058250807225704
v 0.01280966401100159 0.05034913495182991 -0.029183164238929745
v 0.01280966401100159 0.05034913495182991 -0.029183164238929745
v 0.01766518503427506 0.08338652551174164 -0.04474448785185813
v 0.0163212213665247 0.05034908652305603 -0.02735348045825958
v 0.0163212213665247 0.05034908652305603 -0.02735348045825958
v 0.011707948520779611 0.050349023193120956 -0.02932731248438358
v 0.01280966401100159 0.05034913495182991 -0.029183164238929745
v 0.011707948520779611 0.050349023193120956 -0.02932731248438358
v 0.0163212213665247 0.05034908652305603 -0.02735348045825958
v 0.015309951268136505 0.050349026918411255 -0.02759265340864658
v 0.0163212213665247 0.05034908652305603 -0.02735348045825958
v 0.018182059749960903 0.08338501304388046 -0.04441151767969131
v 0.01969704404473305 0.05034930631518364 -0.024995539337396618
v 0.01766518503427506 0.08338652551174164 -0.04474448785185813
v 0.018182059749960903 0.08338501304388046 -0.04441151767969131
v 0.0163212213665247 0.05034908652305603 -0.02735348045825958
v 0.021861048415303234 0.09114877134561539 -0.045490343123674386
v 0.015861118212342266 0.08573108166456223 -0.04624770209193229
v 0.020811777561903003 0.09166498482227325 -0.04587987437844276
v 0.023485314100980766 0.09422290325164795 -0.045299876481294625
v 0.021861048415303234 0.09114877134561539 -0.045490343123674386
v 0.020811777561903003 0.09166498482227325 -0.04587987437844276
v 0.021861048415303234 0.09114877134561539 -0.045490343123674386
v 0.023485314100980766 0.09422290325164795 -0.045299876481294625
v 0.022714685648679737 0.09056008607149124 -0.04497426748275756
v 0.01372937019914389 0.0844578668475151 -0.046418052166700356
v 0.012777962721884254 0.08198658376932144 -0.04591191187500953
v 0.011307816021144392 0.08302833139896393 -0.04651388898491859
v 0.011872553266584877 0.08518917858600616 -0.04672195389866828
v 0.01372937019914389 0.0844578668475151 -0.046418052166700356
v 0.011307816021144392 0.08302833139896393 -0.04651388898491859
v 0.01372937019914389 0.0844578668475151 -0.046418052166700356
v 0.011872553266584877 0.08518917858600616 -0.04672195389866828
v 0.01541179604828358 0.0873180478811264 -0.04649402946233749
v 0.015861118212342266 0.08573108166456223 -0.04624770209193229
v 0.01372937019914389 0.0844578668475151 -0.046418052166700356
v 0.01541179604828358 0.0873180478811264 -0.04649402946233749
v 0.014594830572605137 0.08199650049209595 -0.045334678143262856
v 0.012777962721884254 0.08198658376932144 -0.04591191187500953
v 0.016671532765030864 0.08432293683290482 -0.0456283576786518
v 0.016671532765030864 0.08432293683290482 -0.0456283576786518
v 0.01766518503427506 0.08338652551174164 -0.04474448785185813
v 0.014594830572605137 0.08199650049209595 -0.045334678143262856
v 0.012777962721884254 0.08198658376932144 -0.04591191187500953
v 0.01372937019914389 0.0844578668475151 -0.046418052166700356
v 0.016671532765030864 0.08432293683290482 -0.0456283576786518
v 0.016671532765030864 0.08432293683290482 -0.0456283576786518
v 0.01372937019914389 0.0844578668475151 -0.046418052166700356
v 0.015861118212342266 0.08573108166456223 -0.04624770209193229
v 0.016671532765030864 0.08432293683290482 -0.0456283576786518
v 0.022714685648679737 0.09056008607149124 -0.04497426748275756
v 0.01766518503427506 0.08338652551174164 -0.04474448785185813
v 0.016671532765030864 0.08432293683290482 -0.0456283576786518
v 0.021861048415303234 0.09114877134561539 -0.045490343123674386
v 0.022714685648679737 0.09056008607149124 -0.04497426748275756
v 0.021861048415303234 0.09114877134561539 -0.045490343123674386
v 0.016671532765030864 0.08432293683290482 -0.0456283576786518
v 0.015861118212342266 0.08573108166456223 -0.04624770209193229
v 0.01541179604828358 0.0873180478811264 -0.04649402946233749
v 0.015709213912487033 0.08951547741889954 -0.04641232639551162
v 0.019880387932062153 0.09192544221878052 -0.0460825003683567
v 0.019880387932062153 0.09192544221878052 -0.0460825003683567
v 0.015709213912487033 0.08951547741889954 -0.04641232639551162
v 0.020922990515828136 0.09520643204450607 -0.045907393097877496
v 0.019880387932062153 0.09192544221878052 -0.0460825003683567
v 0.020811777561903003 0.09166498482227325 -0.04587987437844276
v 0.01541179604828358 0.0873180478811264 -0.04649402946233749
v 0.003621188225224615 0.0802784115076065 -0.046604432165622704
v 0.003501371946185828 0.08145906776189804 -0.046875283122062676
v 0.008196906186640264 0.08135572075843811 -0.046519950032234185
v 0.003621188225224615 0.0802784115076065 -0.046604432165622704
v 0.0073566744104027765 0.07966651767492294 -0.04601320251822471
v 0.004947751294821502 0.07910088449716568 -0.046054244041442864
v 0.003621188225224615 0.0802784115076065 -0.046604432165622704
v 0.008196906186640264 0.08135572075843811 -0.046519950032234185
v 0.0073566744104027765 0.07966651767492294 -0.04601320251822471
v 0.004947751294821502 0.07910088449716568 -0.046054244041442864
v 0.0012608730467036369 0.07910223305225372 -0.0462811067700386
v 0.003621188225224615 0.0802784115076065 -0.046604432165622704
v 0.003621188225224615 0.0802784115076065 -0.046604432165622704
v 0.0012608730467036369 0.07910223305225372 -0.0462811067700386
v -0.0010570980375632646 0.08004593104124069 -0.046622741967439645
v -0.0010570980375632646 0.08004593104124069 -0.046622741967439645
v -0.0009574497817084195 0.08127737790346146 -0.04690322652459144
v 0.003621188225224615 0.0802784115076065 -0.046604432165622704
v 0.003501371946185828 0.08145906776189804 -0.046875283122062676
v 0.003621188225224615 0.0802784115076065 -0.046604432165622704
v -0.0009574497817084195 0.08127737790346146 -0.04690322652459144
v 0.004195783752948047 0.13390766084194183 -0.03894009813666343
v -0.004218673799186946 0.13359801471233368 -0.039671245962381356
v -0.004199857357889415 0.13390426337718964 -0.038939163088798516
v 0.006862255278974773 0.13357922434806824 -0.0384509265422821
v 0.007295142393559219 0.13308915495872498 -0.039557386189699166
v 0.004195783752948047 0.13390766084194183 -0.03894009813666343
v 0.006862255278974773 0.13357922434806824 -0.0384509265422821
v 0.004195783752948047 0.13390766084194183 -0.03894009813666343
v 0.004209395963698626 0.134195938706398 -0.03774613514542579
v 0.006862255278974773 0.13357922434806824 -0.0384509265422821
v 0.004209395963698626 0.134195938706398 -0.03774613514542579
v 0.007420855574309828 0.13359540700912476 -0.0376223362982273
v 0.007295142393559219 0.13308915495872498 -0.039557386189699166
v 0.004100355785340072 0.13347779214382172 -0.03989062830805778
v 0.004195783752948047 0.13390766084194183 -0.03894009813666343
v 0.004100355785340072 0.13347779214382172 -0.03989062830805778
v -0.004218673799186946 0.13359801471233368 -0.039671245962381356
v 0.004195783752948047 0.13390766084194183 -0.03894009813666343
v -0.018170548602938656 0.0832744836807251 -0.044368825852870934
v -0.014570202678442005 0.050349216908216476 -0.0283364076167345
v -0.0179643277078867 0.0503491535782814 -0.02629723399877548
v -0.018170548602938656 0.0832744836807251 -0.044368825852870934
v -0.0179643277078867 0.0503491535782814 -0.02629723399877548
v -0.023835571482777602 0.08971681445837021 -0.04394406080245971
v -0.015310420654714111 0.05034900829195976 -0.027592664584517475
v -0.007914152927696707 0.05034901201725006 -0.030587062239646908
v -0.018661038950085643 0.050349004566669464 -0.02541166357696056
v -0.015310420654714111 0.05034900829195976 -0.027592664584517475
v -0.018661038950085643 0.050349004566669464 -0.02541166357696056
v -0.0179643277078867 0.0503491535782814 -0.02629723399877548
v -0.015310420654714111 0.05034900829195976 -0.027592664584517475
v -0.0179643277078867 0.0503491535782814 -0.02629723399877548
v -0.014570202678442005 0.050349216908216476 -0.0283364076167345
v -0.011929883621633056 0.08143240213394165 -0.0458838902413845
v -0.006877389736473562 0.0503491535782814 -0.031147286295890805
v -0.010981776751577856 0.050349604338407516 -0.029917262494564053
v -0.011708407662808897 0.05034901201725006 -0.029327319934964177
v -0.006877389736473562 0.0503491535782814 -0.031147286295890805
v -0.007914152927696707 0.05034901201725006 -0.030587062239646908
v -0.015310420654714111 0.05034900829195976 -0.027592664584517475
v -0.011708407662808897 0.05034901201725006 -0.029327319934964177
v -0.007914152927696707 0.05034901201725006 -0.030587062239646908
v -0.011708407662808897 0.05034901201725006 -0.029327319934964177
v -0.015310420654714111 0.05034900829195976 -0.027592664584517475
v -0.014570202678442005 0.050349216908216476 -0.0283364076167345
v -0.011708407662808897 0.05034901201725006 -0.029327319934964177
v -0.014570202678442005 0.050349216908216476 -0.0283364076167345
v -0.010981776751577856 0.050349604338407516 -0.029917262494564053
v -0.010981776751577856 0.050349604338407516 -0.029917262494564053
v -0.006877389736473562 0.0503491535782814 -0.031147286295890805
v -0.011708407662808897 0.05034901201725006 -0.029327319934964177
v -0.003031207015737892 0.050349101424217224 -0.03175623714923858
v -0.0024337803479284052 0.07875190675258636 -0.04607900604605674
v 0.001048129051923752 0.05034907907247543 -0.03188644349575042
v 0.001048129051923752 0.05034907907247543 -0.03188644349575042
v -2.3178317576366686e-07 0.05034901574254036 -0.03160743415355682
v -0.003031207015737892 0.050349101424217224 -0.03175623714923858
v -2.3178317576366686e-07 0.05034901574254036 -0.03160743415355682
v -0.003989947494119407 0.05034901574254036 -0.03135133907198905
v -0.003031207015737892 0.050349101424217224 -0.03175623714923858
v -0.003031207015737892 0.050349101424217224 -0.03175623714923858
v -0.003989947494119407 0.05034901574254036 -0.03135133907198905
v -0.007914152927696707 0.05034901201725006 -0.030587062239646908
v -0.003031207015737892 0.050349101424217224 -0.03175623714923858
v -0.007914152927696707 0.05034901201725006 -0.030587062239646908
v -0.006877389736473562 0.0503491535782814 -0.031147286295890805
v -0.025919070467352874 0.09634879976511002 -0.044316124171018594
v -0.023952430114150054 0.09496569633483887 -0.045201808214187615
v -0.024739518761634834 0.09306622296571732 -0.0444597378373146
v -0.024344047531485564 0.08921470493078232 -0.043214917182922356
v -0.023835571482777602 0.08971681445837021 -0.04394406080245971
v -0.021156478673219684 0.050349049270153046 -0.023751543834805485
v -0.024344047531485564 0.08921470493078232 -0.043214917182922356
v -0.02542474120855332 0.09063828736543655 -0.04290283471345901
v -0.023835571482777602 0.08971681445837021 -0.04394406080245971
v -0.024066312238574035 0.05034910514950752 -0.020743815228343006
v -0.024344047531485564 0.08921470493078232 -0.043214917182922356
v -0.021156478673219684 0.050349049270153046 -0.023751543834805485
v -0.024344047531485564 0.08921470493078232 -0.043214917182922356
v -0.024066312238574035 0.05034910514950752 -0.020743815228343006
v -0.02542474120855332 0.09063828736543655 -0.04290283471345901
v -0.029430799186229713 0.09988842904567719 -0.041041485965251916
v -0.029383612796664245 0.09740621596574783 -0.040078584104776376
v -0.030084589496254928 0.10103237628936768 -0.03960664197802543
v -0.021169271320104602 0.11677341163158417 -0.04401372000575065
v -0.018714440986514095 0.12152445316314697 -0.04351242259144782
v -0.01274867728352547 0.1259949654340744 -0.043202664703130715
v -0.023201929405331615 0.1116594448685646 -0.04444024339318275
v -0.023111173883080486 0.10158462822437286 -0.04535511508584022
v -0.02461469918489457 0.10753361880779266 -0.044674269855022423
v -0.023201929405331615 0.1116594448685646 -0.04444024339318275
v -0.021169271320104602 0.11677341163158417 -0.04401372000575065
v -0.023111173883080486 0.10158462822437286 -0.04535511508584022
v -0.02003954723477364 0.12133059650659561 -0.04326904565095901
v -0.018714440986514095 0.12152445316314697 -0.04351242259144782
v -0.022694999352097515 0.11695283651351929 -0.043686971068382256
v -0.022694999352097515 0.11695283651351929 -0.043686971068382256
v -0.018714440986514095 0.12152445316314697 -0.04351242259144782
v -0.021169271320104602 0.11677341163158417 -0.04401372000575065
v -0.013028503395617012 0.11913671344518661 -0.043822415173053735
v -0.021169271320104602 0.11677341163158417 -0.04401372000575065
v -0.01274867728352547 0.1259949654340744 -0.043202664703130715
v -0.03196144476532937 0.10775061696767807 -0.029229804873466488
v -0.03210215643048287 0.10611309111118317 -0.029616245999932286
v -0.031997852027416236 0.10807786136865616 -0.026831684634089466
v -0.03196144476532937 0.10775061696767807 -0.029229804873466488
v -0.031997852027416236 0.10807786136865616 -0.026831684634089466
v -0.031557649374008186 0.11045374721288681 -0.02857827395200729
v -0.02239756286144257 0.11965158581733704 -0.04296308383345603
v -0.02107527479529381 0.12194529175758362 -0.04263577610254287
v -0.02003954723477364 0.12133059650659561 -0.04326904565095901
v -0.02003954723477364 0.12133059650659561 -0.04326904565095901
v -0.022694999352097515 0.11695283651351929 -0.043686971068382256
v -0.02239756286144257 0.11965158581733704 -0.04296308383345603
v -0.02239756286144257 0.11965158581733704 -0.04296308383345603
v -0.022694999352097515 0.11695283651351929 -0.043686971068382256
v -0.023875836282968528 0.11696147918701172 -0.0432063266634941
v 0.02851065620779992 0.11905815452337265 -0.026518190279603
v 0.027160232886672027 0.12140354514122009 -0.025972323492169377
v 0.027514597401022918 0.12095977365970612 -0.023629786446690556
v 0.027514597401022918 0.12095977365970612 -0.023629786446690556
v 0.028866758570075042 0.11849488317966461 -0.02421525306999683
v 0.02851065620779992 0.11905815452337265 -0.026518190279603
v 0.029631070792675025 0.11671596765518188 -0.02708259969949722
v 0.02851065620779992 0.11905815452337265 -0.026518190279603
v 0.028866758570075042 0.11849488317966461 -0.02421525306999683
v 0.02851065620779992 0.11905815452337265 -0.026518190279603
v 0.029631070792675025 0.11671596765518188 -0.02708259969949722
v 0.027196925133466728 0.11775385588407516 -0.03803405910730361
v 0.025800237432122237 0.11989548057317734 -0.038962900638580315
v 0.027160232886672027 0.12140354514122009 -0.025972323492169377
v 0.02851065620779992 0.11905815452337265 -0.026518190279603
v 0.02851065620779992 0.11905815452337265 -0.026518190279603
v 0.027196925133466728 0.11775385588407516 -0.03803405910730361
v 0.025800237432122237 0.11989548057317734 -0.038962900638580315
v 0.031235687434673316 0.10784441977739334 0.049654301255941384
v 0.03074298985302449 0.11087917536497116 0.04958819225430488
v 0.030616091564297683 0.11076657474040985 0.049724489450454705
v 0.030616091564297683 0.11076657474040985 0.049724489450454705
v 0.03036609664559365 0.109840989112854 0.04994144663214683
v 0.031235687434673316 0.10784441977739334 0.049654301255941384
v 0.03074298985302449 0.11087917536497116 0.04958819225430488
v 0.029960202053189285 0.11366666108369827 0.04966051504015922
v 0.030616091564297683 0.11076657474040985 0.049724489450454705
v 0.03036609664559365 0.109840989112854 0.04994144663214683
v 0.030616091564297683 0.11076657474040985 0.049724489450454705
v 0.02940062806010247 0.11360123753547668 0.04994144663214683
v 0.030616091564297683 0.11076657474040985 0.049724489450454705
v 0.029960202053189285 0.11366666108369827 0.04966051504015922
v 0.02940062806010247 0.11360123753547668 0.04994144663214683
v 0.031311668455600745 0.10261347889900208 0.049724489450454705
v 0.03085266239941121 0.10598943382501602 0.04994144663214683
v 0.030852664262056358 0.10210718959569931 0.04994144663214683
v 0.031311668455600745 0.10261347889900208 0.049724489450454705
v 0.03143667802214623 0.10543044656515121 0.049657471477985375
v 0.03085266239941121 0.10598943382501602 0.04994144663214683
v 0.0314648486673832 0.10272097587585449 0.04958785325288772
v 0.03143667802214623 0.10543044656515121 0.049657471477985375
v 0.031311668455600745 0.10261347889900208 0.049724489450454705
v 0.031311668455600745 0.10261347889900208 0.049724489450454705
v 0.031176548451185233 0.09980569034814835 0.04964983090758323
v 0.0314648486673832 0.10272097587585449 0.04958785325288772
v 0.031311668455600745 0.10261347889900208 0.049724489450454705
v 0.030852664262056358 0.10210718959569931 0.04994144663214683
v 0.031176548451185233 0.09980569034814835 0.04964983090758323
v 0.01689475774765015 0.13061249256134033 0.04962417483329772
v 0.014548140577971939 0.13197068870067596 0.049620438367128365
v 0.01571576483547688 0.13116160035133362 0.049723565578460686
v 0.01689475774765015 0.13061249256134033 0.04962417483329772
v 0.01817046478390694 0.12905824184417725 0.04994144663214683
v 0.019035842269659046 0.12911230325698853 0.04965078085660934
v 0.01689475774765015 0.13061249256134033 0.04962417483329772
v 0.01571576483547688 0.13116160035133362 0.049723565578460686
v 0.01817046478390694 0.12905824184417725 0.04994144663214683
v 0.014548140577971939 0.13197068870067596 0.049620438367128365
v 0.013008729554712776 0.13363231718540192 -0.020531868562102314
v 0.01198789291083813 0.13316217064857483 0.04961999505758285
v 0.01985190995037556 0.12945593893527985 -0.024015575647354123
v 0.021359125152230266 0.12829196453094482 -0.021857850253581997
v 0.02173208259046078 0.12788449227809906 -0.024386115372180935
v 0.013885677792131904 0.1311599314212799 -0.037628650665283196
v 0.016268633306026462 0.12982632219791412 -0.03745864331722259
v 0.01399627793580294 0.1309335082769394 -0.03854322060942649
v 0.007420855574309828 0.13359540700912476 -0.0376223362982273
v 0.010323130525648596 0.13459061086177826 -0.022793287411332127
v 0.010612727142870428 0.1324653923511505 -0.03847918659448623
v 0.010612727142870428 0.1324653923511505 -0.03847918659448623
v 0.010323130525648596 0.13459061086177826 -0.022793287411332127
v 0.01109204348176718 0.13242492079734802 -0.03756184130907058
v 0.010612727142870428 0.1324653923511505 -0.03847918659448623
v 0.006862255278974773 0.13357922434806824 -0.0384509265422821
v 0.007420855574309828 0.13359540700912476 -0.0376223362982273
v 0.010806635953485967 0.13198179006576538 -0.039537742733955376
v 0.007295142393559219 0.13308915495872498 -0.039557386189699166
v 0.010612727142870428 0.1324653923511505 -0.03847918659448623
v 0.007295142393559219 0.13308915495872498 -0.039557386189699166
v 0.006862255278974773 0.13357922434806824 -0.0384509265422821
v 0.010612727142870428 0.1324653923511505 -0.03847918659448623
v 0.01399627793580294 0.1309335082769394 -0.03854322060942649
v 0.013522505760192875 0.13076253235340118 -0.03959695249795913
v 0.010612727142870428 0.1324653923511505 -0.03847918659448623
v 0.010612727142870428 0.1324653923511505 -0.03847918659448623
v 0.013522505760192875 0.13076253235340118 -0.03959695249795913
v 0.010806635953485967 0.13198179006576538 -0.039537742733955376
v 0.010612727142870428 0.1324653923511505 -0.03847918659448623
v 0.013885677792131904 0.1311599314212799 -0.037628650665283196
v 0.01399627793580294 0.1309335082769394 -0.03854322060942649
v 0.013885677792131904 0.1311599314212799 -0.037628650665283196
v 0.010612727142870428 0.1324653923511505 -0.03847918659448623
v 0.01109204348176718 0.13242492079734802 -0.03756184130907058
v 0.010286924429237844 0.1346822828054428 -0.020229157060384747
v 0.007770994212478401 0.1353466808795929 -0.022619074210524556
v 0.006972184870392086 0.13559851050376892 -0.02003538608551025
v 0.010286924429237844 0.1346822828054428 -0.020229157060384747
v 0.010323130525648596 0.13459061086177826 -0.022793287411332127
v 0.007770994212478401 0.1353466808795929 -0.022619074210524556
v 0.006972184870392086 0.13559851050376892 -0.02003538608551025
v 0.009443758055567743 0.13408006727695465 0.04962418600916862
v 0.010286924429237844 0.1346822828054428 -0.020229157060384747
v 0.010286924429237844 0.1346822828054428 -0.020229157060384747
v 0.009443758055567743 0.13408006727695465 0.04962418600916862
v 0.01198789291083813 0.13316217064857483 0.04961999505758285
v 0.01198789291083813 0.13316217064857483 0.04961999505758285
v 0.013008729554712776 0.13363231718540192 -0.020531868562102314
v 0.010286924429237844 0.1346822828054428 -0.020229157060384747
v 0.010286924429237844 0.1346822828054428 -0.020229157060384747
v 0.011980990879237655 0.13398002088069916 -0.022943401709198948
v 0.010323130525648596 0.13459061086177826 -0.022793287411332127
v 0.010286924429237844 0.1346822828054428 -0.020229157060384747
v 0.013008729554712776 0.13363231718540192 -0.020531868562102314
v 0.011980990879237655 0.13398002088069916 -0.022943401709198948
v -0.02317856624722481 0.12355724722146988 -0.038799609988927834
v -0.024498477578163154 0.1250021904706955 -0.02508606947958469
v -0.02185832150280476 0.1252528727054596 -0.03794097900390624
v -0.02317856624722481 0.12355724722146988 -0.038799609988927834
v -0.02185832150280476 0.1252528727054596 -0.03794097900390624
v -0.021056780591607097 0.12575416266918182 -0.038975883275270455
v -0.03004018962383271 0.11350420117378235 0.04958815872669219
v -0.029094684869050987 0.11607387661933899 0.049624167382717126
v -0.030413249507546432 0.11488576233386993 -0.025169499218463894
v -0.03004018962383271 0.11350420117378235 0.04958815872669219
v -0.030413249507546432 0.11488576233386993 -0.025169499218463894
v -0.03105913847684861 0.11277512460947037 -0.025639323517680165
v -0.03004018962383271 0.11350420117378235 0.04958815872669219
v -0.03105913847684861 0.11277512460947037 -0.025639323517680165
v -0.030697410926222808 0.11093800514936447 0.04966140538454055
v -0.03004018962383271 0.11350420117378235 0.04958815872669219
v -0.030697410926222808 0.11093800514936447 0.04966140538454055
v -0.029552334919571883 0.11446762830018997 0.04973071813583373
v -0.029552334919571883 0.11446762830018997 0.04973071813583373
v -0.029094684869050987 0.11607387661933899 0.049624167382717126
v -0.03004018962383271 0.11350420117378235 0.04958815872669219
v 0.007155025843530895 0.13254520297050476 -0.04052212461829185
v 0.011209839954972269 0.13133427500724792 -0.04039008915424346
v 0.010363561101257803 0.13114362955093384 -0.04101712629199027
v 0.011209839954972269 0.13133427500724792 -0.04039008915424346
v 0.007155025843530895 0.13254520297050476 -0.04052212461829185
v 0.007295142393559219 0.13308915495872498 -0.039557386189699166
v 0.007155025843530895 0.13254520297050476 -0.04052212461829185
v 0.004168156534433366 0.13305291533470154 -0.04054989665746688
v 0.004100355785340072 0.13347779214382172 -0.03989062830805778
v 0.007155025843530895 0.13254520297050476 -0.04052212461829185
v 0.004100355785340072 0.13347779214382172 -0.03989062830805778
v 0.007295142393559219 0.13308915495872498 -0.039557386189699166
v 0.015445841476321224 0.12625330686569214 -0.04270780831575393
v 0.015646355226635936 0.12457388639450073 -0.043252680450677865
v 0.012513713911175731 0.12746845185756683 -0.04283167421817779
v 0.015445841476321224 0.12625330686569214 -0.04270780831575393
v 0.01760364137589932 0.12442595511674881 -0.042877070605754845
v 0.015646355226635936 0.12457388639450073 -0.043252680450677865
v 0.012513713911175731 0.12746845185756683 -0.04283167421817779
v 0.013580956496298317 0.1280754655599594 -0.042317438870668404
v 0.015445841476321224 0.12625330686569214 -0.04270780831575393
v 0.01984064839780331 0.12223707139492035 -0.043019510805606835
v 0.021613636985421184 0.1197531446814537 -0.04325877875089645
v 0.019387114793062214 0.12075698375701904 -0.043573740869760506
v 0.019387114793062214 0.12075698375701904 -0.043573740869760506
v 0.01760364137589932 0.12442595511674881 -0.042877070605754845
v 0.01984064839780331 0.12223707139492035 -0.043019510805606835
v 0.021740846335887912 0.12513594329357147 -0.03882895782589912
v 0.022757299244403843 0.1234222799539566 -0.03995656967163085
v 0.020745407789945606 0.12558624148368835 -0.03985005617141723
v 0.022757299244403843 0.1234222799539566 -0.03995656967163085
v 0.021155960857868198 0.12403014302253723 -0.04123374447226524
v 0.020745407789945606 0.12558624148368835 -0.03985005617141723
v 0.014629209414124492 0.12965813279151917 -0.04043172299861907
v 0.011209839954972269 0.13133427500724792 -0.04039008915424346
v 0.013522505760192875 0.13076253235340118 -0.03959695249795913
v 0.014629209414124492 0.12965813279151917 -0.04043172299861907
v 0.013522505760192875 0.13076253235340118 -0.03959695249795913
v 0.01609842106699944 0.12927937507629395 -0.03966957330703735
v 0.016476651653647426 0.12829358875751495 -0.04076877608895301
v 0.014629209414124492 0.12965813279151917 -0.04043172299861907
v 0.01609842106699944 0.12927937507629395 -0.03966957330703735
v 0.019022699445486072 0.12762726843357086 -0.03868403658270835
v 0.021740846335887912 0.12513594329357147 -0.03882895782589912
v 0.020745407789945606 0.12558624148368835 -0.03985005617141723
v 0.018514603376388553 0.12754838168621063 -0.03975358232855796
v 0.019022699445486072 0.12762726843357086 -0.03868403658270835
v 0.020745407789945606 0.12558624148368835 -0.03985005617141723
v -0.015989359468221668 0.132126584649086 -0.020902704447507855
v -0.018721034750342373 0.13037925958633423 -0.021350326016545292
v -0.01696618087589741 0.13057689368724823 0.04960376024246215
v -0.015989359468221668 0.132126584649086 -0.020902704447507855
v -0.01441323105245829 0.13202060759067535 0.04965611174702644
v -0.013153687119483951 0.13356420397758484 -0.02054755203425884
v -0.01441323105245829 0.13202060759067535 0.04965611174702644
v -0.015989359468221668 0.132126584649086 -0.020902704447507855
v -0.01696618087589741 0.13057689368724823 0.04960376024246215
v -0.010979680344462396 0.1343737095594406 -0.022849209606647488
v -0.009999096393585207 0.13477250933647156 -0.020240280777215954
v -0.007788402028381826 0.13534583151340485 -0.022607780992984768
v -0.010979680344462396 0.1343737095594406 -0.022849209606647488
v -0.013153687119483951 0.13356420397758484 -0.02054755203425884
v -0.009999096393585207 0.13477250933647156 -0.020240280777215954
v -0.0017188192578032617 0.13624419271945953 -0.022395517677068707
v -0.00045631465036422025 0.13636067509651184 -0.019823962822556492
v 0.0010010044788941743 0.1362866461277008 -0.02238211594521999
v -0.0017188192578032617 0.13624419271945953 -0.022395517677068707
v -0.003752401331439615 0.13614331185817719 -0.019896766170859333
v -0.00045631465036422025 0.13636067509651184 -0.019823962822556492
v -0.0017188192578032617 0.13624419271945953 -0.022395517677068707
v 0.0010010044788941743 0.1362866461277008 -0.02238211594521999
v 4.371977047412657e-05 0.1345328539609909 -0.036065883934497826
v -0.00686195492744446 0.13478484749794006 0.049587842077016824
v -0.004098569042980672 0.13526563346385956 0.04962042346596717
v -0.00684908824041486 0.1356247067451477 -0.020029291510581967
v -0.004098569042980672 0.13526563346385956 0.04962042346596717
v -0.003752401331439615 0.13614331185817719 -0.019896766170859333
v -0.00684908824041486 0.1356247067451477 -0.020029291510581967
v -0.00684908824041486 0.1356247067451477 -0.020029291510581967
v -0.009999096393585207 0.13477250933647156 -0.020240280777215954
v -0.00686195492744446 0.13478484749794006 0.049587842077016824
v -0.00684908824041486 0.1356247067451477 -0.020029291510581967
v -0.007788402028381826 0.13534583151340485 -0.022607780992984768
v -0.009999096393585207 0.13477250933647156 -0.020240280777215954
v -0.01793637685477734 0.1297113299369812 0.04973028600215911
v -0.01696618087589741 0.13057689368724823 0.04960376024246215
v -0.019189989194273952 0.1290121078491211 0.04960756748914718
v -0.019189989194273952 0.1290121078491211 0.04960756748914718
v -0.01817107386887074 0.12905821204185486 0.049941431730985635
v -0.01793637685477734 0.1297113299369812 0.04973028600215911
v -0.01793637685477734 0.1297113299369812 0.04973028600215911
v -0.014893216080963615 0.1311383843421936 0.04994143545627593
v -0.01696618087589741 0.13057689368724823 0.04960376024246215
v -0.01793637685477734 0.1297113299369812 0.04973028600215911
v -0.01817107386887074 0.12905821204185486 0.049941431730985635
v -0.014893216080963615 0.1311383843421936 0.04994143545627593
v -0.009831500239670278 0.05034900829195976 0.02920226007699966
v -0.001999216387048364 0.05034901201725006 0.03072763234376907
v -0.010879107750952246 0.05034900829195976 0.029153550043702122
v -0.009831500239670278 0.05034900829195976 0.02920226007699966
v -0.023096624761819843 0.050349000841379166 0.020567657425999638
v -0.001999216387048364 0.05034901201725006 0.03072763234376907
v -0.021162338554859165 0.08151300251483917 0.049941428005695336
v -0.014893186278641227 0.07695821672677994 0.049941431730985635
v -0.023819897323846824 0.08434302359819412 0.049941428005695336
v -0.02610179781913758 0.08748377859592438 0.049941428005695336
v -0.023819897323846824 0.08434302359819412 0.049941428005695336
v -0.014893186278641227 0.07695821672677994 0.049941431730985635
v -0.024063531309366233 0.08387868851423264 0.04970509931445121
v -0.021162338554859165 0.08151300251483917 0.049941428005695336
v -0.023819897323846824 0.08434302359819412 0.049941428005695336
v -0.023819897323846824 0.08434302359819412 0.049941428005695336
v -0.02610179781913758 0.08748377859592438 0.049941428005695336
v -0.024063531309366233 0.08387868851423264 0.04970509931445121
v 0.0170202199369669 0.050349023193120956 0.025740154087543484
v 0.013297601602971557 0.05034926161170006 0.02815311029553413
v 0.013536745682358745 0.050349023193120956 0.027701975777745243
v 0.013536745682358745 0.050349023193120956 0.027701975777745243
v 0.009830997325479986 0.05034901946783066 0.029202267527580258
v 0.0170202199369669 0.050349023193120956 0.025740154087543484
v 0.009830997325479986 0.05034901946783066 0.029202267527580258
v 0.013536745682358745 0.050349023193120956 0.027701975777745243
v 0.013297601602971557 0.05034926161170006 0.02815311029553413
v -0.024516684934496887 0.10409966111183167 -0.044984724372625344
v -0.02461469918489457 0.10753361880779266 -0.044674269855022423
v -0.023111173883080486 0.10158462822437286 -0.04535511508584022
v -0.023111173883080486 0.10158462822437286 -0.04535511508584022
v -0.02409371547400952 0.10044615715742111 -0.04528025165200233
v -0.024516684934496887 0.10409966111183167 -0.044984724372625344
v -0.024516684934496887 0.10409966111183167 -0.044984724372625344
v -0.026064809411764152 0.10516776144504547 -0.04441405087709426
v -0.02461469918489457 0.10753361880779266 -0.044674269855022423
v 0.026101512834429748 0.11853216588497162 -0.04019330814480781
v 0.026754688471555717 0.11690278351306915 -0.0406157337129116
v 0.024633210152387626 0.1194060891866684 -0.04151013493537902
v 0.026754688471555717 0.11690278351306915 -0.0406157337129116
v 0.025509217754006393 0.11673381179571152 -0.0422137826681137
v 0.024633210152387626 0.1194060891866684 -0.04151013493537902
v 0.026754688471555717 0.11690278351306915 -0.0406157337129116
v 0.026101512834429748 0.11853216588497162 -0.04019330814480781
v 0.027537826448678977 0.11667393893003464 -0.03904250636696815
v 0.02984773740172387 0.10279718041419983 -0.04060563445091247
v 0.030105158686637885 0.10128717869520187 -0.03961073979735374
v 0.02978677116334439 0.09954854846000671 -0.04007394239306449
v 0.029051989316940315 0.10003582388162613 -0.04176258668303489
v 0.02984773740172387 0.10279718041419983 -0.04060563445091247
v 0.02978677116334439 0.09954854846000671 -0.04007394239306449
v 0.030105158686637885 0.10128717869520187 -0.03961073979735374
v 0.02984773740172387 0.10279718041419983 -0.04060563445091247
v 0.030228801071643836 0.10440987348556519 -0.03953604400157928
v 0.02984773740172387 0.10279718041419983 -0.04060563445091247
v 0.02984320558607579 0.10574574023485184 -0.04047951847314834
v 0.030228801071643836 0.10440987348556519 -0.03953604400157928
v 0.02984320558607579 0.10574574023485184 -0.04047951847314834
v 0.030078683048486717 0.10723896324634552 -0.03940095752477645
v 0.030228801071643836 0.10440987348556519 -0.03953604400157928
v 0.030078683048486717 0.10723896324634552 -0.03940095752477645
v 0.03212766349315644 0.10375747084617615 -0.030312947928905484
v 0.030228801071643836 0.10440987348556519 -0.03953604400157928
v 0.03208297118544579 0.10693220794200897 -0.02918760478496551
v 0.03212766349315644 0.10375747084617615 -0.030312947928905484
v 0.030078683048486717 0.10723896324634552 -0.03940095752477645
v 0.025292325764894492 0.10406515747308731 -0.04477638751268386
v 0.024689890444278724 0.10001187026500702 -0.04512778297066688
v 0.02347213029861451 0.10194399952888489 -0.04530972987413406
v 0.029340419918298728 0.10291945934295654 -0.04161617532372474
v 0.029051989316940315 0.10003582388162613 -0.04176258668303489
v 0.028372079133987434 0.10021961480379105 -0.042700607329607
v 0.029340419918298728 0.10291945934295654 -0.04161617532372474
v 0.02984773740172387 0.10279718041419983 -0.04060563445091247
v 0.029051989316940315 0.10003582388162613 -0.04176258668303489
v 0.02984320558607579 0.10574574023485184 -0.04047951847314834
v 0.02984773740172387 0.10279718041419983 -0.04060563445091247
v 0.029340419918298728 0.10291945934295654 -0.04161617532372474
v 0.02272276394069195 0.09603472799062729 -0.04564093425869941
v 0.023485314100980766 0.09422290325164795 -0.045299876481294625
v 0.020811777561903003 0.09166498482227325 -0.04587987437844276
v 0.02272276394069195 0.09603472799062729 -0.04564093425869941
v 0.020811777561903003 0.09166498482227325 -0.04587987437844276
v 0.019880387932062153 0.09192544221878052 -0.0460825003683567
v 0.02272276394069195 0.09603472799062729 -0.04564093425869941
v 0.019880387932062153 0.09192544221878052 -0.0460825003683567
v 0.020922990515828136 0.09520643204450607 -0.045907393097877496
v 0.02272276394069195 0.09603472799062729 -0.04564093425869941
v 0.020922990515828136 0.09520643204450607 -0.045907393097877496
v 0.02347213029861451 0.10194399952888489 -0.04530972987413406
v 0.02272276394069195 0.09603472799062729 -0.04564093425869941
v 0.02347213029861451 0.10194399952888489 -0.04530972987413406
v 0.024689890444278724 0.10001187026500702 -0.04512778297066688
v 0.024538464844226844 0.09666945785284042 -0.04508836567401885
v 0.024689890444278724 0.10001187026500702 -0.04512778297066688
v 0.02587490528821946 0.09877980500459671 -0.044588744640350335
v 0.024538464844226844 0.09666945785284042 -0.04508836567401885
v 0.02587490528821946 0.09877980500459671 -0.044588744640350335
v 0.02567912638187409 0.09565488249063492 -0.04436255991458892
v 0.02567912638187409 0.09565488249063492 -0.04436255991458892
v 0.023485314100980766 0.09422290325164795 -0.045299876481294625
v 0.024538464844226844 0.09666945785284042 -0.04508836567401885
v 0.024538464844226844 0.09666945785284042 -0.04508836567401885
v 0.02272276394069195 0.09603472799062729 -0.04564093425869941
v 0.024689890444278724 0.10001187026500702 -0.04512778297066688
v 0.02272276394069195 0.09603472799062729 -0.04564093425869941
v 0.024538464844226844 0.09666945785284042 -0.04508836567401885
v 0.023485314100980766 0.09422290325164795 -0.045299876481294625
v 0.027620809152722366 0.09441497176885605 -0.042060948908329
v 0.026772931218147285 0.09529905021190643 -0.04341836646199226
v 0.028068840503692634 0.0974121242761612 -0.042549639940261834
v 0.025613697245717056 0.09227793663740158 -0.04349779337644576
v 0.026772931218147285 0.09529905021190643 -0.04341836646199226
v 0.027620809152722366 0.09441497176885605 -0.042060948908329
v 0.02717690914869309 0.09848842769861221 -0.04368478804826736
v 0.026772931218147285 0.09529905021190643 -0.04341836646199226
v 0.02567912638187409 0.09565488249063492 -0.04436255991458892
v 0.026772931218147285 0.09529905021190643 -0.04341836646199226
v 0.02717690914869309 0.09848842769861221 -0.04368478804826736
v 0.028068840503692634 0.0974121242761612 -0.042549639940261834
v 0.026772931218147285 0.09529905021190643 -0.04341836646199226
v 0.024656491354107864 0.09323199093341827 -0.0445367619395256
v 0.02567912638187409 0.09565488249063492 -0.04436255991458892
v 0.026772931218147285 0.09529905021190643 -0.04341836646199226
v 0.025613697245717056 0.09227793663740158 -0.04349779337644576
v 0.024656491354107864 0.09323199093341827 -0.0445367619395256
v 0.0050148041918873796 0.05034911632537842 -0.03151448816061019
v 0.009051624685525896 0.05034910514950752 -0.03058250807225704
v 0.007913688197731973 0.050349023193120956 -0.03058705851435661
v 0.011707948520779611 0.050349023193120956 -0.02932731248438358
v 0.007913688197731973 0.050349023193120956 -0.03058705851435661
v 0.009051624685525896 0.05034910514950752 -0.03058250807225704
v 0.018660577014088634 0.050349026918411255 -0.025411652401089665
v 0.011707948520779611 0.050349023193120956 -0.02932731248438358
v 0.015309951268136505 0.050349026918411255 -0.02759265340864658
v 0.0163212213665247 0.05034908652305603 -0.02735348045825958
v 0.018660577014088634 0.050349026918411255 -0.025411652401089665
v 0.015309951268136505 0.050349026918411255 -0.02759265340864658
v 0.01969704404473305 0.05034930631518364 -0.024995539337396618
v 0.021704778075218204 0.05034903064370155 -0.02282006479799747
v 0.018660577014088634 0.050349026918411255 -0.025411652401089665
v 0.018660577014088634 0.050349026918411255 -0.025411652401089665
v 0.0163212213665247 0.05034908652305603 -0.02735348045825958
v 0.01969704404473305 0.05034930631518364 -0.024995539337396618
v -2.3178317576366686e-07 0.05034901574254036 -0.03160743415355682
v 0.011707948520779611 0.050349023193120956 -0.02932731248438358
v 0.018660577014088634 0.050349026918411255 -0.025411652401089665
v 0.010738372802734377 0.13007591664791107 -0.04186050221323966
v 0.013580956496298317 0.1280754655599594 -0.042317438870668404
v 0.010284042917191984 0.1291992962360382 -0.04248403012752532
v 0.010284042917191984 0.1291992962360382 -0.04248403012752532
v 0.013580956496298317 0.1280754655599594 -0.042317438870668404
v 0.012513713911175731 0.12746845185756683 -0.04283167421817779
v -0.003403753740713001 0.1276068389415741 -0.04308149963617324
v -0.01274867728352547 0.1259949654340744 -0.043202664703130715
v -0.004122237209230662 0.129363551735878 -0.042895190417766564
v -0.003403753740713001 0.1276068389415741 -0.04308149963617324
v -0.013028503395617012 0.11913671344518661 -0.043822415173053735
v -0.01274867728352547 0.1259949654340744 -0.043202664703130715
v -0.00773400627076626 0.1289871633052826 -0.042855590581893914
v -0.004122237209230662 0.129363551735878 -0.042895190417766564
v -0.01274867728352547 0.1259949654340744 -0.043202664703130715
v -0.004122237209230662 0.129363551735878 -0.042895190417766564
v -0.00773400627076626 0.1289871633052826 -0.042855590581893914
v -0.004204779863357545 0.13055354356765747 -0.04252009838819503
v 0.004101199563592673 0.1296331137418747 -0.04282694682478904
v -0.004204779863357545 0.13055354356765747 -0.04252009838819503
v 0.004187339451164008 0.13098497688770294 -0.04233006387948989
v 0.004101199563592673 0.1296331137418747 -0.04282694682478904
v -0.004122237209230662 0.129363551735878 -0.042895190417766564
v -0.004204779863357545 0.13055354356765747 -0.04252009838819503
v 0.004168156534433366 0.13305291533470154 -0.04054989665746688
v 0.007155025843530895 0.13254520297050476 -0.04052212461829185
v 0.00417290022596717 0.132501021027565 -0.04119517654180526
v 0.00417290022596717 0.132501021027565 -0.04119517654180526
v -0.00435093091800809 0.13279548287391663 -0.04088300094008445
v 0.004168156534433366 0.13305291533470154 -0.04054989665746688
v 0.00417290022596717 0.132501021027565 -0.04119517654180526
v -0.004249604884535075 0.13215947151184082 -0.041510898619890206
v -0.00435093091800809 0.13279548287391663 -0.04088300094008445
v -0.004421679768711329 0.1314355731010437 -0.042053680866956704
v 0.004187339451164008 0.13098497688770294 -0.04233006387948989
v -0.004204779863357545 0.13055354356765747 -0.04252009838819503
v -0.017598558217287067 0.08360795676708221 -0.0448925457894802
v -0.014570202678442005 0.050349216908216476 -0.0283364076167345
v -0.018170548602938656 0.0832744836807251 -0.044368825852870934
v -0.017598558217287067 0.08360795676708221 -0.0448925457894802
v -0.010981776751577856 0.050349604338407516 -0.029917262494564053
v -0.014570202678442005 0.050349216908216476 -0.0283364076167345
v -0.007294302806258203 0.07964790612459183 -0.04601411893963813
v -0.003031207015737892 0.050349101424217224 -0.03175623714923858
v -0.006877389736473562 0.0503491535782814 -0.031147286295890805
v -0.013212407939136032 0.08407106250524521 -0.04642928764224052
v -0.016428850591182712 0.08496885746717453 -0.045909840613603585
v -0.015522837638854984 0.08659736067056656 -0.04643531516194343
v -0.011952913366258148 0.08529514819383621 -0.046717874705791466
v -0.013212407939136032 0.08407106250524521 -0.04642928764224052
v -0.015522837638854984 0.08659736067056656 -0.04643531516194343
v -0.020225178450345997 0.09180837869644165 -0.04601924866437911
v -0.02186919189989567 0.09601324051618576 -0.04578283801674842
v -0.01820585317909718 0.09161178767681122 -0.04621645063161849
v -0.02186919189989567 0.09601324051618576 -0.04578283801674842
v -0.020225178450345997 0.09180837869644165 -0.04601924866437911
v -0.023397501558065418 0.09594246745109558 -0.04546582698822021
v -0.02527661062777043 0.099677175283432 -0.04491730034351348
v -0.023952430114150054 0.09496569633483887 -0.045201808214187615
v -0.025919070467352874 0.09634879976511002 -0.044316124171018594
v -0.023397501558065418 0.09594246745109558 -0.04546582698822021
v -0.023952430114150054 0.09496569633483887 -0.045201808214187615
v -0.02527661062777043 0.099677175283432 -0.04491730034351348
v -0.02527661062777043 0.099677175283432 -0.04491730034351348
v -0.02409371547400952 0.10044615715742111 -0.04528025165200233
v -0.023397501558065418 0.09594246745109558 -0.04546582698822021
v -0.02527661062777043 0.099677175283432 -0.04491730034351348
v -0.02640855126082898 0.10143173485994339 -0.044379044324159615
v -0.026064809411764152 0.10516776144504547 -0.04441405087709426
v -0.02527661062777043 0.099677175283432 -0.04491730034351348
v -0.024516684934496887 0.10409966111183167 -0.044984724372625344
v -0.02409371547400952 0.10044615715742111 -0.04528025165200233
v -0.024516684934496887 0.10409966111183167 -0.044984724372625344
v -0.02527661062777043 0.099677175283432 -0.04491730034351348
v -0.026064809411764152 0.10516776144504547 -0.04441405087709426
v -0.017089409753680233 0.08428042382001877 -0.04542144387960433
v -0.017598558217287067 0.08360795676708221 -0.0448925457894802
v -0.02323781326413155 0.0900098979473114 -0.04446520283818244
v -0.02323781326413155 0.0900098979473114 -0.04446520283818244
v -0.023835571482777602 0.08971681445837021 -0.04394406080245971
v -0.024739518761634834 0.09306622296571732 -0.0444597378373146
v -0.02323781326413155 0.0900098979473114 -0.04446520283818244
v -0.018170548602938656 0.0832744836807251 -0.044368825852870934
v -0.023835571482777602 0.08971681445837021 -0.04394406080245971
v -0.02323781326413155 0.0900098979473114 -0.04446520283818244
v -0.017598558217287067 0.08360795676708221 -0.0448925457894802
v -0.018170548602938656 0.0832744836807251 -0.044368825852870934
v -0.03073543123900891 0.11367729306221008 -0.027820017188787457
v -0.031557649374008186 0.11045374721288681 -0.02857827395200729
v -0.03105913847684861 0.11277512460947037 -0.025639323517680165
v -0.029959067702293403 0.11588764190673828 -0.027274247258901593
v -0.027706870809197433 0.11668479442596436 -0.038183297961950295
v -0.03073543123900891 0.11367729306221008 -0.027820017188787457
v -0.03073543123900891 0.11367729306221008 -0.027820017188787457
v -0.03105913847684861 0.11277512460947037 -0.025639323517680165
v -0.030413249507546432 0.11488576233386993 -0.025169499218463894
v -0.030413249507546432 0.11488576233386993 -0.025169499218463894
v -0.029959067702293403 0.11588764190673828 -0.027274247258901593
v -0.03073543123900891 0.11367729306221008 -0.027820017188787457
v -0.029430799186229713 0.09988842904567719 -0.041041485965251916
v -0.02883111126720906 0.09698549658060074 -0.041201192885637276
v -0.029383612796664245 0.09740621596574783 -0.040078584104776376
v -0.02883111126720906 0.09698549658060074 -0.041201192885637276
v -0.028267474845051772 0.09408099949359894 -0.04060428217053413
v -0.028380384668707855 0.050349000841379166 -0.014075024984776972
v -0.02883111126720906 0.09698549658060074 -0.041201192885637276
v -0.028380384668707855 0.050349000841379166 -0.014075024984776972
v -0.02989510633051396 0.050349000841379166 -0.010333613492548464
v -0.02989510633051396 0.050349000841379166 -0.010333613492548464
v -0.029383612796664245 0.09740621596574783 -0.040078584104776376
v -0.02883111126720906 0.09698549658060074 -0.041201192885637276
v -0.030237289145588882 0.10492370277643204 -0.039525803178548806
v -0.029720799997448928 0.10283289849758148 -0.040918715298175805
v -0.030084589496254928 0.10103237628936768 -0.03960664197802543
v -0.029720799997448928 0.10283289849758148 -0.040918715298175805
v -0.029430799186229713 0.09988842904567719 -0.041041485965251916
v -0.030084589496254928 0.10103237628936768 -0.03960664197802543
v -0.029720799997448928 0.10283289849758148 -0.040918715298175805
v -0.028806982561945922 0.10161899775266647 -0.04231875389814376
v -0.029430799186229713 0.09988842904567719 -0.041041485965251916
v -0.027901869267225272 0.10579663515090942 -0.04317366704344749
v -0.028939248993992812 0.10580043494701385 -0.04206107556819915
v -0.028411680832505233 0.1086723729968071 -0.04219425842165946
v -0.023875836282968528 0.11696147918701172 -0.0432063266634941
v -0.022694999352097515 0.11695283651351929 -0.043686971068382256
v -0.02429302781820298 0.11274463683366776 -0.04405857622623443
v -0.02429302781820298 0.11274463683366776 -0.04405857622623443
v -0.023201929405331615 0.1116594448685646 -0.04444024339318275
v -0.02461469918489457 0.10753361880779266 -0.044674269855022423
v -0.021169271320104602 0.11677341163158417 -0.04401372000575065
v -0.023201929405331615 0.1116594448685646 -0.04444024339318275
v -0.02429302781820298 0.11274463683366776 -0.04405857622623443
v -0.02429302781820298 0.11274463683366776 -0.04405857622623443
v -0.022694999352097515 0.11695283651351929 -0.043686971068382256
v -0.021169271320104602 0.11677341163158417 -0.04401372000575065
v -0.023111173883080486 0.10158462822437286 -0.04535511508584022
v -0.021169271320104602 0.11677341163158417 -0.04401372000575065
v -0.01468371041119099 0.11716272681951523 -0.04399375244975089
v -0.01468371041119099 0.11716272681951523 -0.04399375244975089
v -0.013028503395617012 0.11913671344518661 -0.043822415173053735
v -0.023111173883080486 0.10158462822437286 -0.04535511508584022
v -0.013028503395617012 0.11913671344518661 -0.043822415173053735
v -0.01468371041119099 0.11716272681951523 -0.04399375244975089
v -0.021169271320104602 0.11677341163158417 -0.04401372000575065
v 0.01008893456310034 0.12689338624477386 -0.04314566403627395
v 0.01795752346515656 0.12071261554956436 -0.043686367571353905
v 0.0032682283781468877 0.12749767303466797 -0.04309912770986556
v -0.003403753740713001 0.1276068389415741 -0.04308149963617324
v 0.0032682283781468877 0.12749767303466797 -0.04309912770986556
v -0.013028503395617012 0.11913671344518661 -0.043822415173053735
v 0.0032682283781468877 0.12749767303466797 -0.04309912770986556
v -0.003403753740713001 0.1276068389415741 -0.04308149963617324
v -0.004122237209230662 0.129363551735878 -0.042895190417766564
v -0.023111173883080486 0.10158462822437286 -0.04535511508584022
v -0.013028503395617012 0.11913671344518661 -0.043822415173053735
v 0.0032682283781468877 0.12749767303466797 -0.04309912770986556
v 0.0032682283781468877 0.12749767303466797 -0.04309912770986556
v 0.004101199563592673 0.1296331137418747 -0.04282694682478904
v 0.01008893456310034 0.12689338624477386 -0.04314566403627395
v -0.004122237209230662 0.129363551735878 -0.042895190417766564
v 0.004101199563592673 0.1296331137418747 -0.04282694682478904
v 0.0032682283781468877 0.12749767303466797 -0.04309912770986556
v 0.016157364472746853 0.1269625574350357 -0.04208943992853164
v 0.015445841476321224 0.12625330686569214 -0.04270780831575393
v 0.013580956496298317 0.1280754655599594 -0.042317438870668404
v 0.018535476177930835 0.12531723082065582 -0.0420553795993328
v 0.01760364137589932 0.12442595511674881 -0.042877070605754845
v 0.016157364472746853 0.1269625574350357 -0.04208943992853164
v 0.015445841476321224 0.12625330686569214 -0.04270780831575393
v 0.016157364472746853 0.1269625574350357 -0.04208943992853164
v 0.01760364137589932 0.12442595511674881 -0.042877070605754845
v -0.0284133329987526 0.11924803256988525 -0.026466539129614827
v -0.026035163551568992 0.11986568570137024 -0.03785161674022674
v -0.02655677869915963 0.11857876181602478 -0.039021439850330346
v -0.026035163551568992 0.11986568570137024 -0.03785161674022674
v -0.0284133329987526 0.11924803256988525 -0.026466539129614827
v -0.0275794304907322 0.12071793526411057 -0.0261194072663784
v -0.024498477578163154 0.1250021904706955 -0.02508606947958469
v -0.02317856624722481 0.12355724722146988 -0.038799609988927834
v -0.026079608127474792 0.12300413101911545 -0.025575045496225354
v -0.026079608127474792 0.12300413101911545 -0.025575045496225354
v -0.02317856624722481 0.12355724722146988 -0.038799609988927834
v -0.024176293984055526 0.1225760281085968 -0.037818007171154015
v -0.026079608127474792 0.12300413101911545 -0.025575045496225354
v -0.02573401294648648 0.12357352674007416 -0.023019080981612202
v -0.024498477578163154 0.1250021904706955 -0.02508606947958469
v -0.02751539275050164 0.12095212191343307 -0.02366569451987743
v -0.027881547808647163 0.11863744258880615 0.049655776470899575
v -0.02654844149947167 0.12097501754760742 0.049620412290096276
v -0.02751539275050164 0.12095212191343307 -0.02366569451987743
v -0.029177570715546615 0.11788876354694366 -0.024436034262180325
v -0.027881547808647163 0.11863744258880615 0.049655776470899575
v -0.02751539275050164 0.12095212191343307 -0.02366569451987743
v -0.0284133329987526 0.11924803256988525 -0.026466539129614827
v -0.029177570715546615 0.11788876354694366 -0.024436034262180325
v -0.0275794304907322 0.12071793526411057 -0.0261194072663784
v -0.0284133329987526 0.11924803256988525 -0.026466539129614827
v -0.02751539275050164 0.12095212191343307 -0.02366569451987743
v -0.02751539275050164 0.12095212191343307 -0.02366569451987743
v -0.026079608127474792 0.12300413101911545 -0.025575045496225354
v -0.0275794304907322 0.12071793526411057 -0.0261194072663784
v -0.03210215643048287 0.10611309111118317 -0.029616245999932286
v -0.03019844554364682 0.1079910472035408 -0.03821602463722228
v -0.030237289145588882 0.10492370277643204 -0.039525803178548806
v -0.03196144476532937 0.10775061696767807 -0.029229804873466488
v -0.03019844554364682 0.1079910472035408 -0.03821602463722228
v -0.03210215643048287 0.10611309111118317 -0.029616245999932286
v -0.024709019809961326 0.11773814260959625 -0.04237575083971023
v -0.02239756286144257 0.11965158581733704 -0.04296308383345603
v -0.023875836282968528 0.11696147918701172 -0.0432063266634941
v 0.01985190995037556 0.12945593893527985 -0.024015575647354123
v 0.01891567744314671 0.13024158775806427 -0.02132128737866878
v 0.021359125152230266 0.12829196453094482 -0.021857850253581997
v 0.01891567744314671 0.13024158775806427 -0.02132128737866878
v 0.019035842269659046 0.12911230325698853 0.04965078085660934
v 0.021359125152230266 0.12829196453094482 -0.021857850253581997
v 0.01891567744314671 0.13024158775806427 -0.02132128737866878
v 0.01689475774765015 0.13061249256134033 0.04962417483329772
v 0.019035842269659046 0.12911230325698853 0.04965078085660934
v 0.01891567744314671 0.13024158775806427 -0.02132128737866878
v 0.017497170716524128 0.13120999932289124 -0.02110004238784313
v 0.01689475774765015 0.13061249256134033 0.04962417483329772
v 0.017497170716524128 0.13120999932289124 -0.02110004238784313
v 0.01891567744314671 0.13024158775806427 -0.02132128737866878
v 0.017631715163588527 0.13105055689811707 -0.023652466014027592
v 0.017631715163588527 0.13105055689811707 -0.023652466014027592
v 0.01891567744314671 0.13024158775806427 -0.02132128737866878
v 0.01985190995037556 0.12945593893527985 -0.024015575647354123
v 0.017631715163588527 0.13105055689811707 -0.023652466014027592
v 0.01985190995037556 0.12945593893527985 -0.024015575647354123
v 0.016268633306026462 0.12982632219791412 -0.03745864331722259
v 0.017631715163588527 0.13105055689811707 -0.023652466014027592
v 0.016268633306026462 0.12982632219791412 -0.03745864331722259
v 0.013885677792131904 0.1311599314212799 -0.037628650665283196
v 0.02021506801247597 0.12335625290870667 -0.04233425483107566
v 0.01760364137589932 0.12442595511674881 -0.042877070605754845
v 0.018535476177930835 0.12531723082065582 -0.0420553795993328
v 0.02021506801247597 0.12335625290870667 -0.04233425483107566
v 0.01984064839780331 0.12223707139492035 -0.043019510805606835
v 0.01760364137589932 0.12442595511674881 -0.042877070605754845
v 0.018535476177930835 0.12531723082065582 -0.0420553795993328
v 0.021155960857868198 0.12403014302253723 -0.04123374447226524
v 0.02021506801247597 0.12335625290870667 -0.04233425483107566
v 0.023363837972283367 0.12360011786222458 -0.03776441887021064
v 0.02408865280449391 0.12240318208932877 -0.03887312114238738
v 0.021740846335887912 0.12513594329357147 -0.03882895782589912
v 0.02408865280449391 0.12240318208932877 -0.03887312114238738
v 0.022757299244403843 0.1234222799539566 -0.03995656967163085
v 0.021740846335887912 0.12513594329357147 -0.03882895782589912
v 0.02408865280449391 0.12240318208932877 -0.03887312114238738
v 0.025312453508377082 0.12099561095237732 -0.03781339153647422
v 0.025800237432122237 0.11989548057317734 -0.038962900638580315
v 0.02408865280449391 0.12240318208932877 -0.03887312114238738
v 0.023363837972283367 0.12360011786222458 -0.03776441887021064
v 0.025622123852372176 0.12358814477920532 -0.0254545547068119
v 0.027160232886672027 0.12140354514122009 -0.025972323492169377
v 0.025312453508377082 0.12099561095237732 -0.03781339153647422
v 0.02408865280449391 0.12240318208932877 -0.03887312114238738
v 0.02408865280449391 0.12240318208932877 -0.03887312114238738
v 0.025622123852372176 0.12358814477920532 -0.0254545547068119
v 0.027160232886672027 0.12140354514122009 -0.025972323492169377
v 0.02454978227615357 0.12106189876794815 -0.040070831775665276
v 0.026101512834429748 0.11853216588497162 -0.04019330814480781
v 0.024633210152387626 0.1194060891866684 -0.04151013493537902
v 0.022757299244403843 0.1234222799539566 -0.03995656967163085
v 0.02408865280449391 0.12240318208932877 -0.03887312114238738
v 0.02454978227615357 0.12106189876794815 -0.040070831775665276
v 0.025800237432122237 0.11989548057317734 -0.038962900638580315
v 0.026101512834429748 0.11853216588497162 -0.04019330814480781
v 0.02454978227615357 0.12106189876794815 -0.040070831775665276
v 0.02454978227615357 0.12106189876794815 -0.040070831775665276
v 0.02408865280449391 0.12240318208932877 -0.03887312114238738
v 0.025800237432122237 0.11989548057317734 -0.038962900638580315
v 0.014140651561319832 0.12884201109409332 -0.04158570617437362
v 0.014629209414124492 0.12965813279151917 -0.04043172299861907
v 0.016476651653647426 0.12829358875751495 -0.04076877608895301
v 0.014140651561319832 0.12884201109409332 -0.04158570617437362
v 0.016157364472746853 0.1269625574350357 -0.04208943992853164
v 0.013580956496298317 0.1280754655599594 -0.042317438870668404
v 0.014140651561319832 0.12884201109409332 -0.04158570617437362
v 0.013580956496298317 0.1280754655599594 -0.042317438870668404
v 0.010738372802734377 0.13007591664791107 -0.04186050221323966
v 0.01950243301689625 0.1274608075618744 -0.03775021061301231
v 0.02157174237072468 0.1255478858947754 -0.0377102680504322
v 0.021740846335887912 0.12513594329357147 -0.03882895782589912
v 0.021740846335887912 0.12513594329357147 -0.03882895782589912
v 0.019022699445486072 0.12762726843357086 -0.03868403658270835
v 0.01950243301689625 0.1274608075618744 -0.03775021061301231
v 0.01950243301689625 0.1274608075618744 -0.03775021061301231
v 0.02173208259046078 0.12788449227809906 -0.024386115372180935
v 0.02157174237072468 0.1255478858947754 -0.0377102680504322
v 0.01950243301689625 0.1274608075618744 -0.03775021061301231
v 0.01985190995037556 0.12945593893527985 -0.024015575647354123
v 0.02173208259046078 0.12788449227809906 -0.024386115372180935
v 0.01950243301689625 0.1274608075618744 -0.03775021061301231
v 0.016268633306026462 0.12982632219791412 -0.03745864331722259
v 0.01985190995037556 0.12945593893527985 -0.024015575647354123
v 0.016571160405874256 0.12941865622997284 -0.038608413189649575
v 0.018514603376388553 0.12754838168621063 -0.03975358232855796
v 0.01609842106699944 0.12927937507629395 -0.03966957330703735
v 0.016571160405874256 0.12941865622997284 -0.038608413189649575
v 0.019022699445486072 0.12762726843357086 -0.03868403658270835
v 0.018514603376388553 0.12754838168621063 -0.03975358232855796
v 0.01399627793580294 0.1309335082769394 -0.03854322060942649
v 0.016268633306026462 0.12982632219791412 -0.03745864331722259
v 0.016571160405874256 0.12941865622997284 -0.038608413189649575
v 0.016571160405874256 0.12941865622997284 -0.038608413189649575
v 0.01609842106699944 0.12927937507629395 -0.03966957330703735
v 0.01399627793580294 0.1309335082769394 -0.03854322060942649
v 0.01950243301689625 0.1274608075618744 -0.03775021061301231
v 0.016571160405874256 0.12941865622997284 -0.038608413189649575
v 0.016268633306026462 0.12982632219791412 -0.03745864331722259
v 0.016571160405874256 0.12941865622997284 -0.038608413189649575
v 0.01950243301689625 0.1274608075618744 -0.03775021061301231
v 0.019022699445486072 0.12762726843357086 -0.03868403658270835
v -0.017448162660002712 0.1283586621284485 -0.039712086319923394
v -0.014956885948777202 0.12998007237911224 -0.03963337838649749
v -0.01575580053031445 0.12862037122249603 -0.04092665016651153
v -0.024498477578163154 0.1250021904706955 -0.02508606947958469
v -0.023628456518054015 0.12607558071613312 -0.022393384948372837
v -0.02282500453293324 0.1268244981765747 -0.024661278352141377
v -0.02185832150280476 0.1252528727054596 -0.03794097900390624
v -0.024498477578163154 0.1250021904706955 -0.02508606947958469
v -0.02282500453293324 0.1268244981765747 -0.024661278352141377
v -0.019935194402933124 0.12946656346321106 -0.021501144394278523
v -0.019189989194273952 0.1290121078491211 0.04960756748914718
v -0.018721034750342373 0.13037925958633423 -0.021350326016545292
v -0.02149351499974728 0.12817025184631348 -0.02188722416758537
v -0.023628456518054015 0.12607558071613312 -0.022393384948372837
v -0.02128764241933823 0.1272573322057724 0.04958816245198249
v -0.02149351499974728 0.12817025184631348 -0.02188722416758537
v -0.019935194402933124 0.12946656346321106 -0.021501144394278523
v -0.021294584497809414 0.1282578706741333 -0.024308869615197178
v -0.02149351499974728 0.12817025184631348 -0.02188722416758537
v -0.02282500453293324 0.1268244981765747 -0.024661278352141377
v -0.023628456518054015 0.12607558071613312 -0.022393384948372837
v -0.021294584497809414 0.1282578706741333 -0.024308869615197178
v -0.02282500453293324 0.1268244981765747 -0.024661278352141377
v -0.02149351499974728 0.12817025184631348 -0.02188722416758537
v -0.02149351499974728 0.12817025184631348 -0.02188722416758537
v -0.02128764241933823 0.1272573322057724 0.04958816245198249
v -0.019189989194273952 0.1290121078491211 0.04960756748914718
v -0.019189989194273952 0.1290121078491211 0.04960756748914718
v -0.019935194402933124 0.12946656346321106 -0.021501144394278523
v -0.02149351499974728 0.12817025184631348 -0.02188722416758537
v -0.00973300449550152 0.13290956616401672 -0.037602689117193215
v -0.007788402028381826 0.13534583151340485 -0.022607780992984768
v -0.007062838878482582 0.13370521366596222 -0.037375312298536294
v -0.00973300449550152 0.13290956616401672 -0.037602689117193215
v -0.010979680344462396 0.1343737095594406 -0.022849209606647488
v -0.007788402028381826 0.13534583151340485 -0.022607780992984768
v -0.014326200820505623 0.1329483687877655 -0.02318407781422138
v -0.015989359468221668 0.132126584649086 -0.020902704447507855
v -0.013153687119483951 0.13356420397758484 -0.02054755203425884
v -0.013153687119483951 0.13356420397758484 -0.02054755203425884
v -0.010979680344462396 0.1343737095594406 -0.022849209606647488
v -0.014326200820505623 0.1329483687877655 -0.02318407781422138
v -0.014956885948777202 0.12998007237911224 -0.03963337838649749
v -0.013204381801187996 0.1300903856754303 -0.040860489010810845
v -0.01575580053031445 0.12862037122249603 -0.04092665016651153
v -0.00416697794571519 0.13418681919574738 -0.037807665765285485
v -0.0017188192578032617 0.13624419271945953 -0.022395517677068707
v 4.371977047412657e-05 0.1345328539609909 -0.036065883934497826
v -0.00416697794571519 0.13418681919574738 -0.037807665765285485
v 4.371977047412657e-05 0.1345328539609909 -0.036065883934497826
v 0.004209395963698626 0.134195938706398 -0.03774613514542579
v -0.00416697794571519 0.13418681919574738 -0.037807665765285485
v 0.004209395963698626 0.134195938706398 -0.03774613514542579
v 0.004195783752948047 0.13390766084194183 -0.03894009813666343
v 0.004195783752948047 0.13390766084194183 -0.03894009813666343
v -0.004199857357889415 0.13390426337718964 -0.038939163088798516
v -0.00416697794571519 0.13418681919574738 -0.037807665765285485
v -0.003752401331439615 0.13614331185817719 -0.019896766170859333
v -0.0017188192578032617 0.13624419271945953 -0.022395517677068707
v -0.004447100684046746 0.13598471879959106 -0.022482380270957943
v -0.00684908824041486 0.1356247067451477 -0.020029291510581967
v -0.004447100684046746 0.13598471879959106 -0.022482380270957943
v -0.007788402028381826 0.13534583151340485 -0.022607780992984768
v -0.004447100684046746 0.13598471879959106 -0.022482380270957943
v -0.00684908824041486 0.1356247067451477 -0.020029291510581967
v -0.003752401331439615 0.13614331185817719 -0.019896766170859333
v -0.0017188192578032617 0.13624419271945953 -0.022395517677068707
v -0.00416697794571519 0.13418681919574738 -0.037807665765285485
v -0.004447100684046746 0.13598471879959106 -0.022482380270957943
v -0.007062838878482582 0.13370521366596222 -0.037375312298536294
v -0.007788402028381826 0.13534583151340485 -0.022607780992984768
v -0.004447100684046746 0.13598471879959106 -0.022482380270957943
v -0.004447100684046746 0.13598471879959106 -0.022482380270957943
v -0.00416697794571519 0.13418681919574738 -0.037807665765285485
v -0.007062838878482582 0.13370521366596222 -0.037375312298536294
v -0.017020717263221744 0.050349004566669464 0.02574014291167259
v -0.009831500239670278 0.05034900829195976 0.02920226007699966
v -0.010879107750952246 0.05034900829195976 0.029153550043702122
v -0.017020717263221744 0.050349004566669464 0.02574014291167259
v -0.023096624761819843 0.050349000841379166 0.020567657425999638
v -0.009831500239670278 0.05034900829195976 0.02920226007699966
v -0.010879107750952246 0.05034900829195976 0.029153550043702122
v -0.013537252321839336 0.05034900829195976 0.027701968327164646
v -0.017020717263221744 0.050349004566669464 0.02574014291167259
v -0.02022471278905869 0.050349004566669464 0.023348931223154065
v -0.023985482752323158 0.050349000841379166 0.020011084154248234
v -0.017020717263221744 0.050349004566669464 0.02574014291167259
v -0.017020717263221744 0.050349004566669464 0.02574014291167259
v -0.023985482752323158 0.050349000841379166 0.020011084154248234
v -0.023096624761819843 0.050349000841379166 0.020567657425999638
v -0.017020717263221744 0.050349004566669464 0.02574014291167259
v -0.013537252321839336 0.05034900829195976 0.027701968327164646
v -0.01808338984847069 0.05034909397363663 0.025393119081854817
v -0.01808338984847069 0.05034909397363663 0.025393119081854817
v -0.02022471278905869 0.050349004566669464 0.023348931223154065
v -0.017020717263221744 0.050349004566669464 0.02574014291167259
v 0.02252222411334515 0.11719755083322525 -0.04367518797516822
v 0.019387114793062214 0.12075698375701904 -0.043573740869760506
v 0.021613636985421184 0.1197531446814537 -0.04325877875089645
v 0.024633210152387626 0.1194060891866684 -0.04151013493537902
v 0.025509217754006393 0.11673381179571152 -0.0422137826681137
v 0.023488994687795646 0.11889652162790298 -0.04268275946378707
v 0.02712232433259488 0.11140812933444977 -0.042792081832885735
v 0.025947581976652152 0.1113806888461113 -0.04360807314515113
v 0.025518704205751426 0.11387377977371216 -0.0432649552822113
v 0.02712232433259488 0.11140812933444977 -0.042792081832885735
v 0.026893056929111488 0.1080191358923912 -0.043654471635818475
v 0.025947581976652152 0.1113806888461113 -0.04360807314515113
v 0.027855584397912032 0.1024559810757637 -0.043377246707677834
v 0.027592616155743606 0.10590554028749466 -0.04340692609548568
v 0.02842132560908795 0.10585664957761765 -0.04266845434904098
v 0.027855584397912032 0.1024559810757637 -0.043377246707677834
v 0.02717690914869309 0.09848842769861221 -0.04368478804826736
v 0.027012325823307044 0.10077289491891861 -0.04398737102746963
v 0.027855584397912032 0.1024559810757637 -0.043377246707677834
v 0.028372079133987434 0.10021961480379105 -0.042700607329607
v 0.02717690914869309 0.09848842769861221 -0.04368478804826736
v 0.02427125163376332 0.10511177033185959 -0.04494869709014892
v 0.02347213029861451 0.10194399952888489 -0.04530972987413406
v 0.02443524450063706 0.10857222229242325 -0.04461299628019332
v 0.02427125163376332 0.10511177033185959 -0.04494869709014892
v 0.025292325764894492 0.10406515747308731 -0.04477638751268386
v 0.02347213029861451 0.10194399952888489 -0.04530972987413406
v 0.02443524450063706 0.10857222229242325 -0.04461299628019332
v 0.025292325764894492 0.10406515747308731 -0.04477638751268386
v 0.02427125163376332 0.10511177033185959 -0.04494869709014892
v 0.024689890444278724 0.10001187026500702 -0.04512778297066688
v 0.02575416676700116 0.10146763175725937 -0.04470184445381164
v 0.02587490528821946 0.09877980500459671 -0.044588744640350335
v 0.025292325764894492 0.10406515747308731 -0.04477638751268386
v 0.02575416676700116 0.10146763175725937 -0.04470184445381164
v 0.024689890444278724 0.10001187026500702 -0.04512778297066688
v 0.027012325823307044 0.10077289491891861 -0.04398737102746963
v 0.02587490528821946 0.09877980500459671 -0.044588744640350335
v 0.02575416676700116 0.10146763175725937 -0.04470184445381164
v 0.029340419918298728 0.10291945934295654 -0.04161617532372474
v 0.029341084882617004 0.10581642389297485 -0.04146668314933776
v 0.02984320558607579 0.10574574023485184 -0.04047951847314834
v 0.003989484161138535 0.05034901946783066 -0.03135133907198905
v 0.001048129051923752 0.05034907907247543 -0.03188644349575042
v 0.0050148041918873796 0.05034911632537842 -0.03151448816061019
v 0.0050148041918873796 0.05034911632537842 -0.03151448816061019
v 0.007913688197731973 0.050349023193120956 -0.03058705851435661
v 0.003989484161138535 0.05034901946783066 -0.03135133907198905
v 0.003989484161138535 0.05034901946783066 -0.03135133907198905
v -2.3178317576366686e-07 0.05034901574254036 -0.03160743415355682
v 0.001048129051923752 0.05034907907247543 -0.03188644349575042
v 0.003989484161138535 0.05034901946783066 -0.03135133907198905
v 0.011707948520779611 0.050349023193120956 -0.02932731248438358
v -2.3178317576366686e-07 0.05034901574254036 -0.03160743415355682
v 0.003989484161138535 0.05034901946783066 -0.03135133907198905
v 0.007913688197731973 0.050349023193120956 -0.03058705851435661
v 0.011707948520779611 0.050349023193120956 -0.02932731248438358
v -2.3178317576366686e-07 0.05034901574254036 -0.03160743415355682
v 0.018660577014088634 0.050349026918411255 -0.025411652401089665
v 0.028529066592454917 0.05034903064370155 -0.013036930002272127
v 0.028529066592454917 0.05034903064370155 -0.013036930002272127
v -0.018661038950085643 0.050349004566669464 -0.02541166357696056
v -2.3178317576366686e-07 0.05034901574254036 -0.03160743415355682
v 0.028529066592454917 0.05034903064370155 -0.013036930002272127
v -0.02928008139133454 0.05034899711608887 0.010367407463490961
v -0.018661038950085643 0.050349004566669464 -0.02541166357696056
v 0.028529066592454917 0.05034903064370155 -0.013036930002272127
v -0.001999216387048364 0.05034901201725006 0.03072763234376907
v -0.02928008139133454 0.05034899711608887 0.010367407463490961
v 0.0170202199369669 0.050349023193120956 0.025740154087543484
v -0.001999216387048364 0.05034901201725006 0.03072763234376907
v 0.028529066592454917 0.05034903064370155 -0.013036930002272127
v 0.028529066592454917 0.05034903064370155 -0.013036930002272127
v 0.029279587790369994 0.05034903064370155 0.010367426089942454
v 0.0170202199369669 0.050349023193120956 0.025740154087543484
v 0.006893774494528772 0.12984512746334076 -0.04262074083089828
v 0.004101199563592673 0.1296331137418747 -0.04282694682478904
v 0.004187339451164008 0.13098497688770294 -0.04233006387948989
v -0.011718671768903734 0.12794971466064453 -0.042791213840246194
v -0.00773400627076626 0.1289871633052826 -0.042855590581893914
v -0.01274867728352547 0.1259949654340744 -0.043202664703130715
v -0.015540271997451786 0.12714938819408417 -0.04223622009158134
v -0.018089482560753826 0.12692266702651978 -0.04103121161460876
v -0.01575580053031445 0.12862037122249603 -0.04092665016651153
v -0.018089482560753826 0.12692266702651978 -0.04103121161460876
v -0.017448162660002712 0.1283586621284485 -0.039712086319923394
v -0.01575580053031445 0.12862037122249603 -0.04092665016651153
v -0.018089482560753826 0.12692266702651978 -0.04103121161460876
v -0.020201859995722774 0.12501849234104156 -0.04116586595773696
v -0.019765188917517666 0.1264866143465042 -0.0398229956626892
v -0.018089482560753826 0.12692266702651978 -0.04103121161460876
v -0.019765188917517666 0.1264866143465042 -0.0398229956626892
v -0.017448162660002712 0.1283586621284485 -0.039712086319923394
v -0.02003954723477364 0.12133059650659561 -0.04326904565095901
v -0.02107527479529381 0.12194529175758362 -0.04263577610254287
v -0.0190182700753212 0.12385882437229156 -0.04263417795300483
v -0.007834453135728838 0.13222657144069672 -0.040710423141717904
v -0.010654039680957796 0.13188783824443817 -0.039856363087892525
v -0.008111935108900072 0.13286474347114563 -0.03954707458615302
v 0.007052509579807522 0.1318511664867401 -0.04132509976625442
v 0.00417290022596717 0.132501021027565 -0.04119517654180526
v 0.007155025843530895 0.13254520297050476 -0.04052212461829185
v 0.007052509579807522 0.1318511664867401 -0.04132509976625442
v 0.010363561101257803 0.13114362955093384 -0.04101712629199027
v 0.010738372802734377 0.13007591664791107 -0.04186050221323966
v 0.007052509579807522 0.1318511664867401 -0.04132509976625442
v 0.007155025843530895 0.13254520297050476 -0.04052212461829185
v 0.010363561101257803 0.13114362955093384 -0.04101712629199027
v 0.004187339451164008 0.13098497688770294 -0.04233006387948989
v -0.004421679768711329 0.1314355731010437 -0.042053680866956704
v 0.00413785967975855 0.13175620138645172 -0.041853908449411385
v 0.00413785967975855 0.13175620138645172 -0.041853908449411385
v -0.004421679768711329 0.1314355731010437 -0.042053680866956704
v -0.004249604884535075 0.13215947151184082 -0.041510898619890206
v 0.00417290022596717 0.132501021027565 -0.04119517654180526
v 0.00413785967975855 0.13175620138645172 -0.041853908449411385
v -0.004249604884535075 0.13215947151184082 -0.041510898619890206
v 0.00413785967975855 0.13175620138645172 -0.041853908449411385
v 0.00417290022596717 0.132501021027565 -0.04119517654180526
v 0.007052509579807522 0.1318511664867401 -0.04132509976625442
v -0.007450767792761328 0.13041569292545319 -0.04231274500489234
v -0.011718671768903734 0.12794971466064453 -0.042791213840246194
v -0.010216110385954382 0.13006635010242462 -0.04200398549437522
v -0.011718671768903734 0.12794971466064453 -0.042791213840246194
v -0.007450767792761328 0.13041569292545319 -0.04231274500489234
v -0.00773400627076626 0.1289871633052826 -0.042855590581893914
v -0.00773400627076626 0.1289871633052826 -0.042855590581893914
v -0.007450767792761328 0.13041569292545319 -0.04231274500489234
v -0.004204779863357545 0.13055354356765747 -0.04252009838819503
v -0.007450767792761328 0.13041569292545319 -0.04231274500489234
v -0.004421679768711329 0.1314355731010437 -0.042053680866956704
v -0.004204779863357545 0.13055354356765747 -0.04252009838819503
v -0.014147855341434482 0.08269169181585312 -0.04580439627170562
v -0.017598558217287067 0.08360795676708221 -0.0448925457894802
v -0.017089409753680233 0.08428042382001877 -0.04542144387960433
v -0.014147855341434482 0.08269169181585312 -0.04580439627170562
v -0.017089409753680233 0.08428042382001877 -0.04542144387960433
v -0.016428850591182712 0.08496885746717453 -0.045909840613603585
v -0.013212407939136032 0.08407106250524521 -0.04642928764224052
v -0.014147855341434482 0.08269169181585312 -0.04580439627170562
v -0.016428850591182712 0.08496885746717453 -0.045909840613603585
v -0.014147855341434482 0.08269169181585312 -0.04580439627170562
v -0.013212407939136032 0.08407106250524521 -0.04642928764224052
v -0.011929883621633056 0.08143240213394165 -0.0458838902413845
v -0.014147855341434482 0.08269169181585312 -0.04580439627170562
v -0.011929883621633056 0.08143240213394165 -0.0458838902413845
v -0.010981776751577856 0.050349604338407516 -0.029917262494564053
v -0.006877389736473562 0.0503491535782814 -0.031147286295890805
v -0.011929883621633056 0.08143240213394165 -0.0458838902413845
v -0.009649516083300115 0.08043038845062256 -0.0459572784602642
v -0.009649516083300115 0.08043038845062256 -0.0459572784602642
v -0.007294302806258203 0.07964790612459183 -0.04601411893963813
v -0.006877389736473562 0.0503491535782814 -0.031147286295890805
v -0.0024337803479284052 0.07875190675258636 -0.04607900604605674
v -0.003031207015737892 0.050349101424217224 -0.03175623714923858
v -0.004882008768618108 0.07908792048692703 -0.046054821461439126
v -0.004882008768618108 0.07908792048692703 -0.046054821461439126
v -0.003031207015737892 0.050349101424217224 -0.03175623714923858
v -0.007294302806258203 0.07964790612459183 -0.04601411893963813
v -0.015213115140795711 0.08818462491035461 -0.046520896255969994
v -0.011952913366258148 0.08529514819383621 -0.046717874705791466
v -0.015522837638854984 0.08659736067056656 -0.04643531516194343
v -0.015213115140795711 0.08818462491035461 -0.046520896255969994
v -0.020225178450345997 0.09180837869644165 -0.04601924866437911
v -0.01820585317909718 0.09161178767681122 -0.04621645063161849
v -0.020225178450345997 0.09180837869644165 -0.04601924866437911
v -0.015213115140795711 0.08818462491035461 -0.046520896255969994
v -0.015522837638854984 0.08659736067056656 -0.04643531516194343
v -0.015213115140795711 0.08818462491035461 -0.046520896255969994
v -0.005156754050403834 0.08319032192230225 -0.046952430158853524
v -0.011952913366258148 0.08529514819383621 -0.046717874705791466
v -0.009713768959045412 0.08321097493171692 -0.04673909023404121
v -0.013212407939136032 0.08407106250524521 -0.04642928764224052
v -0.011952913366258148 0.08529514819383621 -0.046717874705791466
v -0.009713768959045412 0.08321097493171692 -0.04673909023404121
v -0.005156754050403834 0.08319032192230225 -0.046952430158853524
v -0.005401148926466704 0.081842340528965 -0.04685465618968009
v -0.009713768959045412 0.08321097493171692 -0.04673909023404121
v -0.011952913366258148 0.08529514819383621 -0.046717874705791466
v -0.005156754050403834 0.08319032192230225 -0.046952430158853524
v -0.021321872249245647 0.09141893684864044 -0.04570817202329635
v -0.015522837638854984 0.08659736067056656 -0.04643531516194343
v -0.016428850591182712 0.08496885746717453 -0.045909840613603585
v -0.021321872249245647 0.09141893684864044 -0.04570817202329635
v -0.020225178450345997 0.09180837869644165 -0.04601924866437911
v -0.015522837638854984 0.08659736067056656 -0.04643531516194343
v -0.021321872249245647 0.09141893684864044 -0.04570817202329635
v -0.023952430114150054 0.09496569633483887 -0.045201808214187615
v -0.023397501558065418 0.09594246745109558 -0.04546582698822021
v -0.020225178450345997 0.09180837869644165 -0.04601924866437911
v -0.021321872249245647 0.09141893684864044 -0.04570817202329635
v -0.023397501558065418 0.09594246745109558 -0.04546582698822021
v -0.02527661062777043 0.099677175283432 -0.04491730034351348
v -0.026646066457033164 0.09890705347061157 -0.044128511101007455
v -0.02640855126082898 0.10143173485994339 -0.044379044324159615
v -0.026646066457033164 0.09890705347061157 -0.044128511101007455
v -0.02527661062777043 0.099677175283432 -0.04491730034351348
v -0.025919070467352874 0.09634879976511002 -0.044316124171018594
v -0.026646066457033164 0.09890705347061157 -0.044128511101007455
v -0.02774405665695668 0.10170132666826248 -0.04345172643661498
v -0.02640855126082898 0.10143173485994339 -0.044379044324159615
v -0.028411680832505233 0.1086723729968071 -0.04219425842165946
v -0.028939248993992812 0.10580043494701385 -0.04206107556819915
v -0.02905863337218762 0.1086876317858696 -0.0413154549896717
v -0.02891527488827706 0.11298386752605438 -0.03920460492372512
v -0.029486943036317832 0.11163648217916489 -0.03811856731772422
v -0.031557649374008186 0.11045374721288681 -0.02857827395200729
v -0.02891527488827706 0.11298386752605438 -0.03920460492372512
v -0.031557649374008186 0.11045374721288681 -0.02857827395200729
v -0.03073543123900891 0.11367729306221008 -0.027820017188787457
v -0.026783969253301627 0.09533078968524933 -0.04341488704085349
v -0.024739518761634834 0.09306622296571732 -0.0444597378373146
v -0.025638109073042877 0.09229006618261337 -0.043476913124322884
v -0.026783969253301627 0.09533078968524933 -0.04341488704085349
v -0.025919070467352874 0.09634879976511002 -0.044316124171018594
v -0.024739518761634834 0.09306622296571732 -0.0444597378373146
v -0.02883111126720906 0.09698549658060074 -0.041201192885637276
v -0.027392728254199035 0.0937805026769638 -0.042086690664291375
v -0.028267474845051772 0.09408099949359894 -0.04060428217053413
v -0.027392728254199035 0.0937805026769638 -0.042086690664291375
v -0.02670522220432759 0.09165992587804794 -0.04180192202329635
v -0.026316648349165923 0.05034929886460304 -0.017719551920890805
v -0.026316648349165923 0.05034929886460304 -0.017719551920890805
v -0.028380384668707855 0.050349000841379166 -0.014075024984776972
v -0.027392728254199035 0.0937805026769638 -0.042086690664291375
v -0.028380384668707855 0.050349000841379166 -0.014075024984776972
v -0.028267474845051772 0.09408099949359894 -0.04060428217053413
v -0.027392728254199035 0.0937805026769638 -0.042086690664291375
v -0.027392728254199035 0.0937805026769638 -0.042086690664291375
v -0.026783969253301627 0.09533078968524933 -0.04341488704085349
v -0.025638109073042877 0.09229006618261337 -0.043476913124322884
v -0.027392728254199035 0.0937805026769638 -0.042086690664291375
v -0.025638109073042877 0.09229006618261337 -0.043476913124322884
v -0.02542474120855332 0.09063828736543655 -0.04290283471345901
v -0.027392728254199035 0.0937805026769638 -0.042086690664291375
v -0.02542474120855332 0.09063828736543655 -0.04290283471345901
v -0.02670522220432759 0.09165992587804794 -0.04180192202329635
v -0.02836932428181172 0.09877519309520721 -0.042486522346734994
v -0.029430799186229713 0.09988842904567719 -0.041041485965251916
v -0.028806982561945922 0.10161899775266647 -0.04231875389814376
v -0.02836932428181172 0.09877519309520721 -0.042486522346734994
v -0.02883111126720906 0.09698549658060074 -0.041201192885637276
v -0.029430799186229713 0.09988842904567719 -0.041041485965251916
v -0.02972030825912953 0.10576707124710083 -0.04077811166644096
v -0.029720799997448928 0.10283289849758148 -0.040918715298175805
v -0.030237289145588882 0.10492370277643204 -0.039525803178548806
v -0.030237289145588882 0.10492370277643204 -0.039525803178548806
v -0.029547072947025306 0.10868337005376816 -0.04035243391990661
v -0.02972030825912953 0.10576707124710083 -0.04077811166644096
v -0.02972030825912953 0.10576707124710083 -0.04077811166644096
v -0.02905863337218762 0.1086876317858696 -0.0413154549896717
v -0.028939248993992812 0.10580043494701385 -0.04206107556819915
v -0.02905863337218762 0.1086876317858696 -0.0413154549896717
v -0.02972030825912953 0.10576707124710083 -0.04077811166644096
v -0.029547072947025306 0.10868337005376816 -0.04035243391990661
v -0.028806982561945922 0.10161899775266647 -0.04231875389814376
v -0.029720799997448928 0.10283289849758148 -0.040918715298175805
v -0.028920616954565055 0.1038515567779541 -0.042210068553686135
v -0.027901869267225272 0.10579663515090942 -0.04317366704344749
v -0.028920616954565055 0.1038515567779541 -0.042210068553686135
v -0.028939248993992812 0.10580043494701385 -0.04206107556819915
v -0.028920616954565055 0.1038515567779541 -0.042210068553686135
v -0.02972030825912953 0.10576707124710083 -0.04077811166644096
v -0.028939248993992812 0.10580043494701385 -0.04206107556819915
v -0.02972030825912953 0.10576707124710083 -0.04077811166644096
v -0.028920616954565055 0.1038515567779541 -0.042210068553686135
v -0.029720799997448928 0.10283289849758148 -0.040918715298175805
v -0.026844402775168426 0.1086447611451149 -0.04359661787748336
v -0.026064809411764152 0.10516776144504547 -0.04441405087709426
v -0.02691039629280568 0.10402331501245499 -0.044030729681253426
v -0.02691039629280568 0.10402331501245499 -0.044030729681253426
v -0.027901869267225272 0.10579663515090942 -0.04317366704344749
v -0.026844402775168426 0.1086447611451149 -0.04359661787748336
v -0.02691039629280568 0.10402331501245499 -0.044030729681253426
v -0.026064809411764152 0.10516776144504547 -0.04441405087709426
v -0.02640855126082898 0.10143173485994339 -0.044379044324159615
v -0.02640855126082898 0.10143173485994339 -0.044379044324159615
v -0.02774405665695668 0.10170132666826248 -0.04345172643661498
v -0.02691039629280568 0.10402331501245499 -0.044030729681253426
v -0.027664413675665862 0.10857082903385162 -0.04298244044184684
v -0.027901869267225272 0.10579663515090942 -0.04317366704344749
v -0.028411680832505233 0.1086723729968071 -0.04219425842165946
v -0.027664413675665862 0.10857082903385162 -0.04298244044184684
v -0.026844402775168426 0.1086447611451149 -0.04359661787748336
v -0.027901869267225272 0.10579663515090942 -0.04317366704344749
v -0.028411680832505233 0.1086723729968071 -0.04219425842165946
v -0.027153499424457557 0.11130321025848389 -0.042793899774551385
v -0.027664413675665862 0.10857082903385162 -0.04298244044184684
v -0.027664413675665862 0.10857082903385162 -0.04298244044184684
v -0.027153499424457557 0.11130321025848389 -0.042793899774551385
v -0.026844402775168426 0.1086447611451149 -0.04359661787748336
v -0.025700986385345466 0.11017443239688873 -0.04396706819534301
v -0.02429302781820298 0.11274463683366776 -0.04405857622623443
v -0.02461469918489457 0.10753361880779266 -0.044674269855022423
v -0.025700986385345466 0.11017443239688873 -0.04396706819534301
v -0.02461469918489457 0.10753361880779266 -0.044674269855022423
v -0.026064809411764152 0.10516776144504547 -0.04441405087709426
v -0.025700986385345466 0.11017443239688873 -0.04396706819534301
v -0.026064809411764152 0.10516776144504547 -0.04441405087709426
v -0.026844402775168426 0.1086447611451149 -0.04359661787748336
v 0.017132464796304706 0.09124287217855453 -0.04626409336924552
v 0.0032682283781468877 0.12749767303466797 -0.04309912770986556
v 0.01795752346515656 0.12071261554956436 -0.043686367571353905
v 0.017132464796304706 0.09124287217855453 -0.04626409336924552
v 0.020922990515828136 0.09520643204450607 -0.045907393097877496
v 0.015709213912487033 0.08951547741889954 -0.04641232639551162
v 0.017132464796304706 0.09124287217855453 -0.04626409336924552
v 0.01795752346515656 0.12071261554956436 -0.043686367571353905
v 0.020922990515828136 0.09520643204450607 -0.045907393097877496
v 0.017132464796304706 0.09124287217855453 -0.04626409336924552
v 0.015709213912487033 0.08951547741889954 -0.04641232639551162
v 0.004836773034185172 0.08312825113534927 -0.04696767032146453
v 0.018535476177930835 0.12531723082065582 -0.0420553795993328
v 0.016157364472746853 0.1269625574350357 -0.04208943992853164
v 0.017324421554803852 0.12723910808563232 -0.04125895723700523
v 0.017324421554803852 0.12723910808563232 -0.04125895723700523
v 0.01931942626833916 0.12608206272125244 -0.04086219146847724
v 0.018535476177930835 0.12531723082065582 -0.0420553795993328
v 0.017324421554803852 0.12723910808563232 -0.04125895723700523
v 0.016476651653647426 0.12829358875751495 -0.04076877608895301
v 0.01931942626833916 0.12608206272125244 -0.04086219146847724
v 0.017324421554803852 0.12723910808563232 -0.04125895723700523
v 0.014140651561319832 0.12884201109409332 -0.04158570617437362
v 0.016476651653647426 0.12829358875751495 -0.04076877608895301
v 0.017324421554803852 0.12723910808563232 -0.04125895723700523
v 0.016157364472746853 0.1269625574350357 -0.04208943992853164
v 0.014140651561319832 0.12884201109409332 -0.04158570617437362
v -0.02930818125605584 0.11742375046014786 -0.02691484801471233
v -0.029959067702293403 0.11588764190673828 -0.027274247258901593
v -0.029177570715546615 0.11788876354694366 -0.024436034262180325
v -0.0284133329987526 0.11924803256988525 -0.026466539129614827
v -0.02930818125605584 0.11742375046014786 -0.02691484801471233
v -0.029177570715546615 0.11788876354694366 -0.024436034262180325
v -0.02930818125605584 0.11742375046014786 -0.02691484801471233
v -0.027706870809197433 0.11668479442596436 -0.038183297961950295
v -0.029959067702293403 0.11588764190673828 -0.027274247258901593
v -0.02930818125605584 0.11742375046014786 -0.02691484801471233
v -0.02655677869915963 0.11857876181602478 -0.039021439850330346
v -0.027706870809197433 0.11668479442596436 -0.038183297961950295
v -0.02930818125605584 0.11742375046014786 -0.02691484801471233
v -0.0284133329987526 0.11924803256988525 -0.026466539129614827
v -0.02655677869915963 0.11857876181602478 -0.039021439850330346
v -0.02500176057219506 0.12113051116466522 -0.038924224674701684
v -0.026035163551568992 0.11986568570137024 -0.03785161674022674
v -0.0275794304907322 0.12071793526411057 -0.0261194072663784
v -0.02500176057219506 0.12113051116466522 -0.038924224674701684
v -0.026079608127474792 0.12300413101911545 -0.025575045496225354
v -0.024176293984055526 0.1225760281085968 -0.037818007171154015
v -0.026079608127474792 0.12300413101911545 -0.025575045496225354
v -0.02500176057219506 0.12113051116466522 -0.038924224674701684
v -0.0275794304907322 0.12071793526411057 -0.0261194072663784
v -0.02500176057219506 0.12113051116466522 -0.038924224674701684
v -0.024176293984055526 0.1225760281085968 -0.037818007171154015
v -0.02317856624722481 0.12355724722146988 -0.038799609988927834
v -0.02317856624722481 0.12355724722146988 -0.038799609988927834
v -0.024257045239210136 0.12149873375892639 -0.04006319865584373
v -0.02500176057219506 0.12113051116466522 -0.038924224674701684
v -0.02500176057219506 0.12113051116466522 -0.038924224674701684
v -0.02655677869915963 0.11857876181602478 -0.039021439850330346
v -0.026035163551568992 0.11986568570137024 -0.03785161674022674
v -0.02654844149947167 0.12097501754760742 0.049620412290096276
v -0.02573401294648648 0.12357352674007416 -0.023019080981612202
v -0.026387577876448638 0.12264078855514526 -0.02316937409341335
v -0.026387577876448638 0.12264078855514526 -0.02316937409341335
v -0.02751539275050164 0.12095212191343307 -0.02366569451987743
v -0.02654844149947167 0.12097501754760742 0.049620412290096276
v -0.02573401294648648 0.12357352674007416 -0.023019080981612202
v -0.026079608127474792 0.12300413101911545 -0.025575045496225354
v -0.026387577876448638 0.12264078855514526 -0.02316937409341335
v -0.02751539275050164 0.12095212191343307 -0.02366569451987743
v -0.026387577876448638 0.12264078855514526 -0.02316937409341335
v -0.026079608127474792 0.12300413101911545 -0.025575045496225354
v -0.029812283813953407 0.10925693809986115 -0.039347589015960686
v -0.029547072947025306 0.10868337005376816 -0.04035243391990661
v -0.030237289145588882 0.10492370277643204 -0.039525803178548806
v -0.03019844554364682 0.1079910472035408 -0.03821602463722228
v -0.029812283813953407 0.10925693809986115 -0.039347589015960686
v -0.030237289145588882 0.10492370277643204 -0.039525803178548806
v -0.02891527488827706 0.11298386752605438 -0.03920460492372512
v -0.029812283813953407 0.10925693809986115 -0.039347589015960686
v -0.029486943036317832 0.11163648217916489 -0.03811856731772422
v -0.029486943036317832 0.11163648217916489 -0.03811856731772422
v -0.029812283813953407 0.10925693809986115 -0.039347589015960686
v -0.031557649374008186 0.11045374721288681 -0.02857827395200729
v -0.029812283813953407 0.10925693809986115 -0.039347589015960686
v -0.03196144476532937 0.10775061696767807 -0.029229804873466488
v -0.031557649374008186 0.11045374721288681 -0.02857827395200729
v -0.029812283813953407 0.10925693809986115 -0.039347589015960686
v -0.03019844554364682 0.1079910472035408 -0.03821602463722228
v -0.03196144476532937 0.10775061696767807 -0.029229804873466488
v 0.011980990879237655 0.13398002088069916 -0.022943401709198948
v 0.013008729554712776 0.13363231718540192 -0.020531868562102314
v 0.01448625419288874 0.13286197185516357 -0.02321868203580379
v 0.01448625419288874 0.13286197185516357 -0.02321868203580379
v 0.017631715163588527 0.13105055689811707 -0.023652466014027592
v 0.013885677792131904 0.1311599314212799 -0.037628650665283196
v 0.01448625419288874 0.13286197185516357 -0.02321868203580379
v 0.01109204348176718 0.13242492079734802 -0.03756184130907058
v 0.011980990879237655 0.13398002088069916 -0.022943401709198948
v 0.01448625419288874 0.13286197185516357 -0.02321868203580379
v 0.013885677792131904 0.1311599314212799 -0.037628650665283196
v 0.01109204348176718 0.13242492079734802 -0.03756184130907058
v -0.02655677869915963 0.11857876181602478 -0.039021439850330346
v -0.02500176057219506 0.12113051116466522 -0.038924224674701684
v -0.026126764714717872 0.11841073632240295 -0.0402834340929985
v -0.026126764714717872 0.11841073632240295 -0.0402834340929985
v -0.02500176057219506 0.12113051116466522 -0.038924224674701684
v -0.024257045239210136 0.12149873375892639 -0.04006319865584373
v -0.021970888599753383 0.12430372089147568 -0.039938133209943764
v -0.02317856624722481 0.12355724722146988 -0.038799609988927834
v -0.021056780591607097 0.12575416266918182 -0.038975883275270455
v -0.021970888599753383 0.12430372089147568 -0.039938133209943764
v -0.024257045239210136 0.12149873375892639 -0.04006319865584373
v -0.02317856624722481 0.12355724722146988 -0.038799609988927834
v -0.021056780591607097 0.12575416266918182 -0.038975883275270455
v -0.019765188917517666 0.1264866143465042 -0.0398229956626892
v -0.021970888599753383 0.12430372089147568 -0.039938133209943764
v -0.021970888599753383 0.12430372089147568 -0.039938133209943764
v -0.019765188917517666 0.1264866143465042 -0.0398229956626892
v -0.020201859995722774 0.12501849234104156 -0.04116586595773696
v -0.02215524017810822 0.12290852516889572 -0.04128363355994224
v -0.021970888599753383 0.12430372089147568 -0.039938133209943764
v -0.020201859995722774 0.12501849234104156 -0.04116586595773696
v -0.02215524017810822 0.12290852516889572 -0.04128363355994224
v -0.024257045239210136 0.12149873375892639 -0.04006319865584373
v -0.021970888599753383 0.12430372089147568 -0.039938133209943764
v 0.014629209414124492 0.12965813279151917 -0.04043172299861907
v 0.012569354847073558 0.13019229471683502 -0.041064281016588204
v 0.011209839954972269 0.13133427500724792 -0.04039008915424346
v 0.014140651561319832 0.12884201109409332 -0.04158570617437362
v 0.012569354847073558 0.13019229471683502 -0.041064281016588204
v 0.014629209414124492 0.12965813279151917 -0.04043172299861907
v 0.011209839954972269 0.13133427500724792 -0.04039008915424346
v 0.012569354847073558 0.13019229471683502 -0.041064281016588204
v 0.010363561101257803 0.13114362955093384 -0.04101712629199027
v 0.012569354847073558 0.13019229471683502 -0.041064281016588204
v 0.010738372802734377 0.13007591664791107 -0.04186050221323966
v 0.010363561101257803 0.13114362955093384 -0.04101712629199027
v 0.012569354847073558 0.13019229471683502 -0.041064281016588204
v 0.014140651561319832 0.12884201109409332 -0.04158570617437362
v 0.010738372802734377 0.13007591664791107 -0.04186050221323966
v -0.018986335024237636 0.13011892139911652 -0.02386572770774364
v -0.019935194402933124 0.12946656346321106 -0.021501144394278523
v -0.018721034750342373 0.13037925958633423 -0.021350326016545292
v -0.018986335024237636 0.13011892139911652 -0.02386572770774364
v -0.021294584497809414 0.1282578706741333 -0.024308869615197178
v -0.019935194402933124 0.12946656346321106 -0.021501144394278523
v -0.016262665390968326 0.12962302565574646 -0.038587510585784905
v -0.01664991118013859 0.12955886125564575 -0.03765119612216949
v -0.014216462150216106 0.13099996745586395 -0.03755586221814155
v -0.014956885948777202 0.12998007237911224 -0.03963337838649749
v -0.017448162660002712 0.1283586621284485 -0.039712086319923394
v -0.016262665390968326 0.12962302565574646 -0.038587510585784905
v -0.02185832150280476 0.1252528727054596 -0.03794097900390624
v -0.01901858858764172 0.1278582066297531 -0.037612326443195336
v -0.021056780591607097 0.12575416266918182 -0.038975883275270455
v -0.021294584497809414 0.1282578706741333 -0.024308869615197178
v -0.018986335024237636 0.13011892139911652 -0.02386572770774364
v -0.01901858858764172 0.1278582066297531 -0.037612326443195336
v -0.01901858858764172 0.1278582066297531 -0.037612326443195336
v -0.018986335024237636 0.13011892139911652 -0.02386572770774364
v -0.01664991118013859 0.12955886125564575 -0.03765119612216949
v -0.02282500453293324 0.1268244981765747 -0.024661278352141377
v -0.01901858858764172 0.1278582066297531 -0.037612326443195336
v -0.02185832150280476 0.1252528727054596 -0.03794097900390624
v -0.01901858858764172 0.1278582066297531 -0.037612326443195336
v -0.02282500453293324 0.1268244981765747 -0.024661278352141377
v -0.021294584497809414 0.1282578706741333 -0.024308869615197178
v -0.012319177389144901 0.13134467601776123 -0.039567124098539345
v -0.010654039680957796 0.13188783824443817 -0.039856363087892525
v -0.013204381801187996 0.1300903856754303 -0.040860489010810845
v -0.012319177389144901 0.13134467601776123 -0.039567124098539345
v -0.013204381801187996 0.1300903856754303 -0.040860489010810845
v -0.014956885948777202 0.12998007237911224 -0.03963337838649749
v -0.013614355586469177 0.13112814724445343 -0.03854305297136306
v -0.012319177389144901 0.13134467601776123 -0.039567124098539345
v -0.014956885948777202 0.12998007237911224 -0.03963337838649749
v -0.013614355586469177 0.13112814724445343 -0.03854305297136306
v -0.016262665390968326 0.12962302565574646 -0.038587510585784905
v -0.014216462150216106 0.13099996745586395 -0.03755586221814155
v -0.014956885948777202 0.12998007237911224 -0.03963337838649749
v -0.016262665390968326 0.12962302565574646 -0.038587510585784905
v -0.013614355586469177 0.13112814724445343 -0.03854305297136306
v -0.010979680344462396 0.1343737095594406 -0.022849209606647488
v -0.00973300449550152 0.13290956616401672 -0.037602689117193215
v -0.011804378591477874 0.13206462562084198 -0.03813937678933143
v -0.011804378591477874 0.13206462562084198 -0.03813937678933143
v -0.014326200820505623 0.1329483687877655 -0.02318407781422138
v -0.010979680344462396 0.1343737095594406 -0.022849209606647488
v -0.011804378591477874 0.13206462562084198 -0.03813937678933143
v -0.012319177389144901 0.13134467601776123 -0.039567124098539345
v -0.013614355586469177 0.13112814724445343 -0.03854305297136306
v -0.014326200820505623 0.1329483687877655 -0.02318407781422138
v -0.011804378591477874 0.13206462562084198 -0.03813937678933143
v -0.014216462150216106 0.13099996745586395 -0.03755586221814155
v -0.011804378591477874 0.13206462562084198 -0.03813937678933143
v -0.013614355586469177 0.13112814724445343 -0.03854305297136306
v -0.014216462150216106 0.13099996745586395 -0.03755586221814155
v -0.011804378591477874 0.13206462562084198 -0.03813937678933143
v -0.010654039680957796 0.13188783824443817 -0.039856363087892525
v -0.012319177389144901 0.13134467601776123 -0.039567124098539345
v -0.007062838878482582 0.13370521366596222 -0.037375312298536294
v -0.00416697794571519 0.13418681919574738 -0.037807665765285485
v -0.006510996725410225 0.1336551159620285 -0.03845397382974624
v -0.006510996725410225 0.1336551159620285 -0.03845397382974624
v -0.00416697794571519 0.13418681919574738 -0.037807665765285485
v -0.004199857357889415 0.13390426337718964 -0.038939163088798516
v -0.013238468207418922 0.12910519540309906 -0.04175652936100959
v -0.015540271997451786 0.12714938819408417 -0.04223622009158134
v -0.01575580053031445 0.12862037122249603 -0.04092665016651153
v -0.013204381801187996 0.1300903856754303 -0.040860489010810845
v -0.013238468207418922 0.12910519540309906 -0.04175652936100959
v -0.01575580053031445 0.12862037122249603 -0.04092665016651153
v 0.02221133559942246 0.11482282727956772 -0.044160407036542886
v 0.019387114793062214 0.12075698375701904 -0.043573740869760506
v 0.02252222411334515 0.11719755083322525 -0.04367518797516822
v 0.02221133559942246 0.11482282727956772 -0.044160407036542886
v 0.01795752346515656 0.12071261554956436 -0.043686367571353905
v 0.019387114793062214 0.12075698375701904 -0.043573740869760506
v 0.01795752346515656 0.12071261554956436 -0.043686367571353905
v 0.02221133559942246 0.11482282727956772 -0.044160407036542886
v 0.02347213029861451 0.10194399952888489 -0.04530972987413406
v 0.02221133559942246 0.11482282727956772 -0.044160407036542886
v 0.02443524450063706 0.10857222229242325 -0.04461299628019332
v 0.02347213029861451 0.10194399952888489 -0.04530972987413406
v 0.025931857526302345 0.10776077210903168 -0.044210620224475854
v 0.025947581976652152 0.1113806888461113 -0.04360807314515113
v 0.026893056929111488 0.1080191358923912 -0.043654471635818475
v 0.025931857526302345 0.10776077210903168 -0.044210620224475854
v 0.025292325764894492 0.10406515747308731 -0.04477638751268386
v 0.02443524450063706 0.10857222229242325 -0.04461299628019332
v 0.024328183382749564 0.11275758594274521 -0.04404634609818458
v 0.02443524450063706 0.10857222229242325 -0.04461299628019332
v 0.02221133559942246 0.11482282727956772 -0.044160407036542886
v 0.024328183382749564 0.11275758594274521 -0.04404634609818458
v 0.02221133559942246 0.11482282727956772 -0.044160407036542886
v 0.02252222411334515 0.11719755083322525 -0.04367518797516822
v 0.024328183382749564 0.11275758594274521 -0.04404634609818458
v 0.025931857526302345 0.10776077210903168 -0.044210620224475854
v 0.02443524450063706 0.10857222229242325 -0.04461299628019332
v 0.025931857526302345 0.10776077210903168 -0.044210620224475854
v 0.024328183382749564 0.11275758594274521 -0.04404634609818458
v 0.025947581976652152 0.1113806888461113 -0.04360807314515113
v 0.025518704205751426 0.11387377977371216 -0.0432649552822113
v 0.025947581976652152 0.1113806888461113 -0.04360807314515113
v 0.024328183382749564 0.11275758594274521 -0.04404634609818458
v 0.025518704205751426 0.11387377977371216 -0.0432649552822113
v 0.024328183382749564 0.11275758594274521 -0.04404634609818458
v 0.02403207495808602 0.11661092936992645 -0.04324184358119964
v 0.02403207495808602 0.11661092936992645 -0.04324184358119964
v 0.024328183382749564 0.11275758594274521 -0.04404634609818458
v 0.02252222411334515 0.11719755083322525 -0.04367518797516822
v 0.025509217754006393 0.11673381179571152 -0.0422137826681137
v 0.025518704205751426 0.11387377977371216 -0.0432649552822113
v 0.02403207495808602 0.11661092936992645 -0.04324184358119964
v 0.02403207495808602 0.11661092936992645 -0.04324184358119964
v 0.023488994687795646 0.11889652162790298 -0.04268275946378707
v 0.025509217754006393 0.11673381179571152 -0.0422137826681137
v 0.02403207495808602 0.11661092936992645 -0.04324184358119964
v 0.02252222411334515 0.11719755083322525 -0.04367518797516822
v 0.021613636985421184 0.1197531446814537 -0.04325877875089645
v 0.023488994687795646 0.11889652162790298 -0.04268275946378707
v 0.02403207495808602 0.11661092936992645 -0.04324184358119964
v 0.021613636985421184 0.1197531446814537 -0.04325877875089645
v 0.021959306672215465 0.12119465321302414 -0.042513817548751824
v 0.02021506801247597 0.12335625290870667 -0.04233425483107566
v 0.021155960857868198 0.12403014302253723 -0.04123374447226524
v 0.021959306672215465 0.12119465321302414 -0.042513817548751824
v 0.023488994687795646 0.11889652162790298 -0.04268275946378707
v 0.021613636985421184 0.1197531446814537 -0.04325877875089645
v 0.021959306672215465 0.12119465321302414 -0.042513817548751824
v 0.021613636985421184 0.1197531446814537 -0.04325877875089645
v 0.01984064839780331 0.12223707139492035 -0.043019510805606835
v 0.02021506801247597 0.12335625290870667 -0.04233425483107566
v 0.021959306672215465 0.12119465321302414 -0.042513817548751824
v 0.01984064839780331 0.12223707139492035 -0.043019510805606835
v 0.02712232433259488 0.11140812933444977 -0.042792081832885735
v 0.027917407453060157 0.1087680235505104 -0.0427333116531372
v 0.026893056929111488 0.1080191358923912 -0.043654471635818475
v 0.027917407453060157 0.1087680235505104 -0.0427333116531372
v 0.027592616155743606 0.10590554028749466 -0.04340692609548568
v 0.026893056929111488 0.1080191358923912 -0.043654471635818475
v 0.02842132560908795 0.10585664957761765 -0.04266845434904098
v 0.027592616155743606 0.10590554028749466 -0.04340692609548568
v 0.027917407453060157 0.1087680235505104 -0.0427333116531372
v 0.028449611738324172 0.10323876142501831 -0.04278884083032607
v 0.029340419918298728 0.10291945934295654 -0.04161617532372474
v 0.028372079133987434 0.10021961480379105 -0.042700607329607
v 0.028449611738324172 0.10323876142501831 -0.04278884083032607
v 0.028372079133987434 0.10021961480379105 -0.042700607329607
v 0.027855584397912032 0.1024559810757637 -0.043377246707677834
v 0.028449611738324172 0.10323876142501831 -0.04278884083032607
v 0.027855584397912032 0.1024559810757637 -0.043377246707677834
v 0.02842132560908795 0.10585664957761765 -0.04266845434904098
v 0.02842132560908795 0.10585664957761765 -0.04266845434904098
v 0.029341084882617004 0.10581642389297485 -0.04146668314933776
v 0.028449611738324172 0.10323876142501831 -0.04278884083032607
v 0.028449611738324172 0.10323876142501831 -0.04278884083032607
v 0.029341084882617004 0.10581642389297485 -0.04146668314933776
v 0.029340419918298728 0.10291945934295654 -0.04161617532372474
v 0.028529066592454917 0.05034903064370155 -0.013036930002272127
v 0.03124073892831803 0.05034903436899185 -0.00443590385839343
v 0.029279587790369994 0.05034903064370155 0.010367426089942454
v 0.029279587790369994 0.05034903064370155 0.010367426089942454
v 0.03124073892831803 0.05034903436899185 -0.00443590385839343
v 0.031240735203027732 0.05034903436899185 0.0036202042829245325
v 0.03150039911270142 0.05034961551427841 -0.00030385621357709164
v 0.031240735203027732 0.05034903436899185 0.0036202042829245325
v 0.03124073892831803 0.05034903436899185 -0.00443590385839343
v 0.03124073892831803 0.05034903436899185 -0.00443590385839343
v 0.03209388256072999 0.10161466151475906 -0.030399629846215245
v 0.03150039911270142 0.05034961551427841 -0.00030385621357709164
v 0.031823854893445976 0.09964118152856827 -0.031195873394608494
v 0.03209388256072999 0.10161466151475906 -0.030399629846215245
v 0.03124073892831803 0.05034903436899185 -0.00443590385839343
v 0.024392589926719672 0.05034903064370155 -0.01986051350831985
v 0.018660577014088634 0.050349026918411255 -0.025411652401089665
v 0.021704778075218204 0.05034903064370155 -0.02282006479799747
v 0.024392589926719672 0.05034903064370155 -0.01986051350831985
v 0.021704778075218204 0.05034903064370155 -0.02282006479799747
v 0.02262578532099724 0.05034922808408737 -0.0223273504525423
v 0.02262578532099724 0.05034922808408737 -0.0223273504525423
v 0.02523870952427388 0.05034947022795677 -0.019245740026235577
v 0.024392589926719672 0.05034903064370155 -0.01986051350831985
v 0.027416951954364784 0.05034926161170006 -0.01591382175683975
v 0.024392589926719672 0.05034903064370155 -0.01986051350831985
v 0.02523870952427388 0.05034947022795677 -0.019245740026235577
v 0.008803681470453741 0.1285988837480545 -0.04289188981056213
v 0.01008893456310034 0.12689338624477386 -0.04314566403627395
v 0.004101199563592673 0.1296331137418747 -0.04282694682478904
v 0.008803681470453741 0.1285988837480545 -0.04289188981056213
v 0.004101199563592673 0.1296331137418747 -0.04282694682478904
v 0.006893774494528772 0.12984512746334076 -0.04262074083089828
v 0.015646355226635936 0.12457388639450073 -0.043252680450677865
v 0.01008893456310034 0.12689338624477386 -0.04314566403627395
v 0.008803681470453741 0.1285988837480545 -0.04289188981056213
v 0.008803681470453741 0.1285988837480545 -0.04289188981056213
v 0.012513713911175731 0.12746845185756683 -0.04283167421817779
v 0.015646355226635936 0.12457388639450073 -0.043252680450677865
v 0.008803681470453741 0.1285988837480545 -0.04289188981056213
v 0.010284042917191984 0.1291992962360382 -0.04248403012752532
v 0.012513713911175731 0.12746845185756683 -0.04283167421817779
v 0.008803681470453741 0.1285988837480545 -0.04289188981056213
v 0.006893774494528772 0.12984512746334076 -0.04262074083089828
v 0.010284042917191984 0.1291992962360382 -0.04248403012752532
v -0.0191827304661274 0.12478001415729523 -0.04204591736197471
v -0.018089482560753826 0.12692266702651978 -0.04103121161460876
v -0.015540271997451786 0.12714938819408417 -0.04223622009158134
v -0.020201859995722774 0.12501849234104156 -0.04116586595773696
v -0.018089482560753826 0.12692266702651978 -0.04103121161460876
v -0.0191827304661274 0.12478001415729523 -0.04204591736197471
v -0.0191827304661274 0.12478001415729523 -0.04204591736197471
v -0.0190182700753212 0.12385882437229156 -0.04263417795300483
v -0.02107527479529381 0.12194529175758362 -0.04263577610254287
v -0.02215524017810822 0.12290852516889572 -0.04128363355994224
v -0.0191827304661274 0.12478001415729523 -0.04204591736197471
v -0.02107527479529381 0.12194529175758362 -0.04263577610254287
v -0.0191827304661274 0.12478001415729523 -0.04204591736197471
v -0.02215524017810822 0.12290852516889572 -0.04128363355994224
v -0.020201859995722774 0.12501849234104156 -0.04116586595773696
v -0.016317946836352352 0.12491554021835327 -0.04303028434514999
v -0.018714440986514095 0.12152445316314697 -0.04351242259144782
v -0.02003954723477364 0.12133059650659561 -0.04326904565095901
v -0.0190182700753212 0.12385882437229156 -0.04263417795300483
v -0.016317946836352352 0.12491554021835327 -0.04303028434514999
v -0.02003954723477364 0.12133059650659561 -0.04326904565095901
v -0.01274867728352547 0.1259949654340744 -0.043202664703130715
v -0.018714440986514095 0.12152445316314697 -0.04351242259144782
v -0.016317946836352352 0.12491554021835327 -0.04303028434514999
v -0.016317946836352352 0.12491554021835327 -0.04303028434514999
v -0.011718671768903734 0.12794971466064453 -0.042791213840246194
v -0.01274867728352547 0.1259949654340744 -0.043202664703130715
v -0.015540271997451786 0.12714938819408417 -0.04223622009158134
v -0.011718671768903734 0.12794971466064453 -0.042791213840246194
v -0.016317946836352352 0.12491554021835327 -0.04303028434514999
v -0.010216110385954382 0.13006635010242462 -0.04200398549437522
v -0.013238468207418922 0.12910519540309906 -0.04175652936100959
v -0.010509885847568514 0.1310730278491974 -0.04103408753871917
v -0.010509885847568514 0.1310730278491974 -0.04103408753871917
v -0.013238468207418922 0.12910519540309906 -0.04175652936100959
v -0.013204381801187996 0.1300903856754303 -0.040860489010810845
v -0.010509885847568514 0.1310730278491974 -0.04103408753871917
v -0.013204381801187996 0.1300903856754303 -0.040860489010810845
v -0.010654039680957796 0.13188783824443817 -0.039856363087892525
v -0.010509885847568514 0.1310730278491974 -0.04103408753871917
v -0.010654039680957796 0.13188783824443817 -0.039856363087892525
v -0.007834453135728838 0.13222657144069672 -0.040710423141717904
v 0.004168156534433366 0.13305291533470154 -0.04054989665746688
v -0.00435093091800809 0.13279548287391663 -0.04088300094008445
v -0.004203850869089366 0.13319620490074158 -0.040345832705497735
v -0.004203850869089366 0.13319620490074158 -0.040345832705497735
v 0.004100355785340072 0.13347779214382172 -0.03989062830805778
v 0.004168156534433366 0.13305291533470154 -0.04054989665746688
v -0.004218673799186946 0.13359801471233368 -0.039671245962381356
v 0.004100355785340072 0.13347779214382172 -0.03989062830805778
v -0.004203850869089366 0.13319620490074158 -0.040345832705497735
v -0.006036633625626566 0.13325585424900055 -0.0397626906633377
v -0.007834453135728838 0.13222657144069672 -0.040710423141717904
v -0.008111935108900072 0.13286474347114563 -0.03954707458615302
v -0.006036633625626566 0.13325585424900055 -0.0397626906633377
v -0.008111935108900072 0.13286474347114563 -0.03954707458615302
v -0.006510996725410225 0.1336551159620285 -0.03845397382974624
v -0.004218673799186946 0.13359801471233368 -0.039671245962381356
v -0.004203850869089366 0.13319620490074158 -0.040345832705497735
v -0.006036633625626566 0.13325585424900055 -0.0397626906633377
v -0.006036633625626566 0.13325585424900055 -0.0397626906633377
v -0.004199857357889415 0.13390426337718964 -0.038939163088798516
v -0.004218673799186946 0.13359801471233368 -0.039671245962381356
v -0.006036633625626566 0.13325585424900055 -0.0397626906633377
v -0.006510996725410225 0.1336551159620285 -0.03845397382974624
v -0.004199857357889415 0.13390426337718964 -0.038939163088798516
v -0.007834453135728838 0.13222657144069672 -0.040710423141717904
v -0.006036633625626566 0.13325585424900055 -0.0397626906633377
v -0.00435093091800809 0.13279548287391663 -0.04088300094008445
v -0.006036633625626566 0.13325585424900055 -0.0397626906633377
v -0.004203850869089366 0.13319620490074158 -0.040345832705497735
v -0.00435093091800809 0.13279548287391663 -0.04088300094008445
v 0.007320342119783165 0.13076983392238617 -0.042102407664060586
v 0.007052509579807522 0.1318511664867401 -0.04132509976625442
v 0.010738372802734377 0.13007591664791107 -0.04186050221323966
v 0.007320342119783165 0.13076983392238617 -0.042102407664060586
v 0.00413785967975855 0.13175620138645172 -0.041853908449411385
v 0.007052509579807522 0.1318511664867401 -0.04132509976625442
v 0.010738372802734377 0.13007591664791107 -0.04186050221323966
v 0.010284042917191984 0.1291992962360382 -0.04248403012752532
v 0.007320342119783165 0.13076983392238617 -0.042102407664060586
v 0.010284042917191984 0.1291992962360382 -0.04248403012752532
v 0.006893774494528772 0.12984512746334076 -0.04262074083089828
v 0.007320342119783165 0.13076983392238617 -0.042102407664060586
v 0.007320342119783165 0.13076983392238617 -0.042102407664060586
v 0.006893774494528772 0.12984512746334076 -0.04262074083089828
v 0.004187339451164008 0.13098497688770294 -0.04233006387948989
v 0.004187339451164008 0.13098497688770294 -0.04233006387948989
v 0.00413785967975855 0.13175620138645172 -0.041853908449411385
v 0.007320342119783165 0.13076983392238617 -0.042102407664060586
v -0.007086711004376413 0.13161012530326843 -0.04153070971369743
v -0.00435093091800809 0.13279548287391663 -0.04088300094008445
v -0.004249604884535075 0.13215947151184082 -0.041510898619890206
v -0.007086711004376413 0.13161012530326843 -0.04153070971369743
v -0.007834453135728838 0.13222657144069672 -0.040710423141717904
v -0.00435093091800809 0.13279548287391663 -0.04088300094008445
v -0.004249604884535075 0.13215947151184082 -0.041510898619890206
v -0.004421679768711329 0.1314355731010437 -0.042053680866956704
v -0.007086711004376413 0.13161012530326843 -0.04153070971369743
v -0.004421679768711329 0.1314355731010437 -0.042053680866956704
v -0.007450767792761328 0.13041569292545319 -0.04231274500489234
v -0.007086711004376413 0.13161012530326843 -0.04153070971369743
v -0.007086711004376413 0.13161012530326843 -0.04153070971369743
v -0.007450767792761328 0.13041569292545319 -0.04231274500489234
v -0.010216110385954382 0.13006635010242462 -0.04200398549437522
v -0.010216110385954382 0.13006635010242462 -0.04200398549437522
v -0.010509885847568514 0.1310730278491974 -0.04103408753871917
v -0.007086711004376413 0.13161012530326843 -0.04153070971369743
v -0.007086711004376413 0.13161012530326843 -0.04153070971369743
v -0.010509885847568514 0.1310730278491974 -0.04103408753871917
v -0.007834453135728838 0.13222657144069672 -0.040710423141717904
v -0.010981776751577856 0.050349604338407516 -0.029917262494564053
v -0.017598558217287067 0.08360795676708221 -0.0448925457894802
v -0.014949128031730655 0.08132638037204742 -0.044795561581850045
v -0.014949128031730655 0.08132638037204742 -0.044795561581850045
v -0.014147855341434482 0.08269169181585312 -0.04580439627170562
v -0.010981776751577856 0.050349604338407516 -0.029917262494564053
v -0.014147855341434482 0.08269169181585312 -0.04580439627170562
v -0.014949128031730655 0.08132638037204742 -0.044795561581850045
v -0.017598558217287067 0.08360795676708221 -0.0448925457894802
v -0.023111173883080486 0.10158462822437286 -0.04535511508584022
v -0.01573973894119263 0.08947964757680893 -0.04641510918736457
v -0.01820585317909718 0.09161178767681122 -0.04621645063161849
v -0.01573973894119263 0.08947964757680893 -0.04641510918736457
v -0.015213115140795711 0.08818462491035461 -0.046520896255969994
v -0.01820585317909718 0.09161178767681122 -0.04621645063161849
v -0.01573973894119263 0.08947964757680893 -0.04641510918736457
v 0.004836773034185172 0.08312825113534927 -0.04696767032146453
v -0.005156754050403834 0.08319032192230225 -0.046952430158853524
v -0.01573973894119263 0.08947964757680893 -0.04641510918736457
v -0.005156754050403834 0.08319032192230225 -0.046952430158853524
v -0.015213115140795711 0.08818462491035461 -0.046520896255969994
v -0.005709622986614705 0.08066118508577347 -0.04657459631562232
v -0.009713768959045412 0.08321097493171692 -0.04673909023404121
v -0.005401148926466704 0.081842340528965 -0.04685465618968009
v -0.005709622986614705 0.08066118508577347 -0.04657459631562232
v -0.004882008768618108 0.07908792048692703 -0.046054821461439126
v -0.007294302806258203 0.07964790612459183 -0.04601411893963813
v -0.005709622986614705 0.08066118508577347 -0.04657459631562232
v -0.005401148926466704 0.081842340528965 -0.04685465618968009
v -0.0010570980375632646 0.08004593104124069 -0.046622741967439645
v -0.005709622986614705 0.08066118508577347 -0.04657459631562232
v -0.0010570980375632646 0.08004593104124069 -0.046622741967439645
v -0.0024337803479284052 0.07875190675258636 -0.04607900604605674
v -0.004882008768618108 0.07908792048692703 -0.046054821461439126
v -0.005709622986614705 0.08066118508577347 -0.04657459631562232
v -0.0024337803479284052 0.07875190675258636 -0.04607900604605674
v -0.010183390229940416 0.08209637552499771 -0.046455547213554375
v -0.009649516083300115 0.08043038845062256 -0.0459572784602642
v -0.011929883621633056 0.08143240213394165 -0.0458838902413845
v -0.011929883621633056 0.08143240213394165 -0.0458838902413845
v -0.013212407939136032 0.08407106250524521 -0.04642928764224052
v -0.010183390229940416 0.08209637552499771 -0.046455547213554375
v -0.013212407939136032 0.08407106250524521 -0.04642928764224052
v -0.009713768959045412 0.08321097493171692 -0.04673909023404121
v -0.010183390229940416 0.08209637552499771 -0.046455547213554375
v -0.009713768959045412 0.08321097493171692 -0.04673909023404121
v -0.005709622986614705 0.08066118508577347 -0.04657459631562232
v -0.010183390229940416 0.08209637552499771 -0.046455547213554375
v -0.010183390229940416 0.08209637552499771 -0.046455547213554375
v -0.007294302806258203 0.07964790612459183 -0.04601411893963813
v -0.009649516083300115 0.08043038845062256 -0.0459572784602642
v -0.010183390229940416 0.08209637552499771 -0.046455547213554375
v -0.005709622986614705 0.08066118508577347 -0.04657459631562232
v -0.007294302806258203 0.07964790612459183 -0.04601411893963813
v -0.022335056215524677 0.09079161286354065 -0.045214910060167306
v -0.016428850591182712 0.08496885746717453 -0.045909840613603585
v -0.017089409753680233 0.08428042382001877 -0.04542144387960433
v -0.022335056215524677 0.09079161286354065 -0.045214910060167306
v -0.021321872249245647 0.09141893684864044 -0.04570817202329635
v -0.016428850591182712 0.08496885746717453 -0.045909840613603585
v -0.017089409753680233 0.08428042382001877 -0.04542144387960433
v -0.02323781326413155 0.0900098979473114 -0.04446520283818244
v -0.022335056215524677 0.09079161286354065 -0.045214910060167306
v -0.022335056215524677 0.09079161286354065 -0.045214910060167306
v -0.02323781326413155 0.0900098979473114 -0.04446520283818244
v -0.024739518761634834 0.09306622296571732 -0.0444597378373146
v -0.024739518761634834 0.09306622296571732 -0.0444597378373146
v -0.023952430114150054 0.09496569633483887 -0.045201808214187615
v -0.022335056215524677 0.09079161286354065 -0.045214910060167306
v -0.021321872249245647 0.09141893684864044 -0.04570817202329635
v -0.022335056215524677 0.09079161286354065 -0.045214910060167306
v -0.023952430114150054 0.09496569633483887 -0.045201808214187615
v -0.02882413566112519 0.11386210471391678 -0.03799385204911231
v -0.03073543123900891 0.11367729306221008 -0.027820017188787457
v -0.027706870809197433 0.11668479442596436 -0.038183297961950295
v -0.02882413566112519 0.11386210471391678 -0.03799385204911231
v -0.02891527488827706 0.11298386752605438 -0.03920460492372512
v -0.03073543123900891 0.11367729306221008 -0.027820017188787457
v -0.027844186872243888 0.11569361388683319 -0.03946301341056823
v -0.02818927541375161 0.1137114092707634 -0.040446128696203225
v -0.02891527488827706 0.11298386752605438 -0.03920460492372512
v -0.027844186872243888 0.11569361388683319 -0.03946301341056823
v -0.027706870809197433 0.11668479442596436 -0.038183297961950295
v -0.02655677869915963 0.11857876181602478 -0.039021439850330346
v -0.027844186872243888 0.11569361388683319 -0.03946301341056823
v -0.02882413566112519 0.11386210471391678 -0.03799385204911231
v -0.027706870809197433 0.11668479442596436 -0.038183297961950295
v -0.02882413566112519 0.11386210471391678 -0.03799385204911231
v -0.027844186872243888 0.11569361388683319 -0.03946301341056823
v -0.02891527488827706 0.11298386752605438 -0.03920460492372512
v -0.02655677869915963 0.11857876181602478 -0.039021439850330346
v -0.026126764714717872 0.11841073632240295 -0.0402834340929985
v -0.027844186872243888 0.11569361388683319 -0.03946301341056823
v -0.028830200433731086 0.111671082675457 -0.04049063101410865
v -0.02891527488827706 0.11298386752605438 -0.03920460492372512
v -0.02818927541375161 0.1137114092707634 -0.040446128696203225
v -0.028830200433731086 0.111671082675457 -0.04049063101410865
v -0.02905863337218762 0.1086876317858696 -0.0413154549896717
v -0.029547072947025306 0.10868337005376816 -0.04035243391990661
v -0.029812283813953407 0.10925693809986115 -0.039347589015960686
v -0.028830200433731086 0.111671082675457 -0.04049063101410865
v -0.029547072947025306 0.10868337005376816 -0.04035243391990661
v -0.028830200433731086 0.111671082675457 -0.04049063101410865
v -0.029812283813953407 0.10925693809986115 -0.039347589015960686
v -0.02891527488827706 0.11298386752605438 -0.03920460492372512
v -0.028806982561945922 0.10161899775266647 -0.04231875389814376
v -0.02774405665695668 0.10170132666826248 -0.04345172643661498
v -0.02758531272411347 0.09896271675825119 -0.043363049626350396
v -0.02758531272411347 0.09896271675825119 -0.043363049626350396
v -0.02836932428181172 0.09877519309520721 -0.042486522346734994
v -0.028806982561945922 0.10161899775266647 -0.04231875389814376
v -0.026646066457033164 0.09890705347061157 -0.044128511101007455
v -0.02758531272411347 0.09896271675825119 -0.043363049626350396
v -0.02774405665695668 0.10170132666826248 -0.04345172643661498
v -0.02758531272411347 0.09896271675825119 -0.043363049626350396
v -0.026646066457033164 0.09890705347061157 -0.044128511101007455
v -0.025919070467352874 0.09634879976511002 -0.044316124171018594
v -0.025919070467352874 0.09634879976511002 -0.044316124171018594
v -0.026783969253301627 0.09533078968524933 -0.04341488704085349
v -0.02758531272411347 0.09896271675825119 -0.043363049626350396
v -0.026783969253301627 0.09533078968524933 -0.04341488704085349
v -0.027392728254199035 0.0937805026769638 -0.042086690664291375
v -0.02766882814466954 0.09604406356811523 -0.042646467685699456
v -0.02766882814466954 0.09604406356811523 -0.042646467685699456
v -0.02758531272411347 0.09896271675825119 -0.043363049626350396
v -0.026783969253301627 0.09533078968524933 -0.04341488704085349
v -0.02758531272411347 0.09896271675825119 -0.043363049626350396
v -0.02766882814466954 0.09604406356811523 -0.042646467685699456
v -0.02836932428181172 0.09877519309520721 -0.042486522346734994
v -0.02766882814466954 0.09604406356811523 -0.042646467685699456
v -0.027392728254199035 0.0937805026769638 -0.042086690664291375
v -0.02883111126720906 0.09698549658060074 -0.041201192885637276
v -0.02883111126720906 0.09698549658060074 -0.041201192885637276
v -0.02836932428181172 0.09877519309520721 -0.042486522346734994
v -0.02766882814466954 0.09604406356811523 -0.042646467685699456
v -0.027897380292415626 0.10379625856876373 -0.04330559074878692
v -0.02691039629280568 0.10402331501245499 -0.044030729681253426
v -0.02774405665695668 0.10170132666826248 -0.04345172643661498
v -0.027901869267225272 0.10579663515090942 -0.04317366704344749
v -0.02691039629280568 0.10402331501245499 -0.044030729681253426
v -0.027897380292415626 0.10379625856876373 -0.04330559074878692
v -0.027897380292415626 0.10379625856876373 -0.04330559074878692
v -0.028920616954565055 0.1038515567779541 -0.042210068553686135
v -0.027901869267225272 0.10579663515090942 -0.04317366704344749
v -0.027897380292415626 0.10379625856876373 -0.04330559074878692
v -0.02774405665695668 0.10170132666826248 -0.04345172643661498
v -0.028806982561945922 0.10161899775266647 -0.04231875389814376
v -0.028806982561945922 0.10161899775266647 -0.04231875389814376
v -0.028920616954565055 0.1038515567779541 -0.042210068553686135
v -0.027897380292415626 0.10379625856876373 -0.04330559074878692
v -0.026844402775168426 0.1086447611451149 -0.04359661787748336
v -0.027153499424457557 0.11130321025848389 -0.042793899774551385
v -0.0253979116678238 0.1138254776597023 -0.04334539920091628
v -0.0253979116678238 0.1138254776597023 -0.04334539920091628
v -0.025700986385345466 0.11017443239688873 -0.04396706819534301
v -0.026844402775168426 0.1086447611451149 -0.04359661787748336
v -0.023875836282968528 0.11696147918701172 -0.0432063266634941
v -0.02429302781820298 0.11274463683366776 -0.04405857622623443
v -0.0253979116678238 0.1138254776597023 -0.04334539920091628
v -0.02429302781820298 0.11274463683366776 -0.04405857622623443
v -0.025700986385345466 0.11017443239688873 -0.04396706819534301
v -0.0253979116678238 0.1138254776597023 -0.04334539920091628
v -0.0253979116678238 0.1138254776597023 -0.04334539920091628
v -0.024709019809961326 0.11773814260959625 -0.04237575083971023
v -0.023875836282968528 0.11696147918701172 -0.0432063266634941
v -0.0253979116678238 0.1138254776597023 -0.04334539920091628
v -0.02567106671631337 0.11634203046560287 -0.042246159166097634
v -0.024709019809961326 0.11773814260959625 -0.04237575083971023
v 0.017497170716524128 0.13120999932289124 -0.02110004238784313
v 0.017631715163588527 0.13105055689811707 -0.023652466014027592
v 0.015940660610795025 0.13215337693691254 -0.02091003023087978
v 0.01448625419288874 0.13286197185516357 -0.02321868203580379
v 0.015940660610795025 0.13215337693691254 -0.02091003023087978
v 0.017631715163588527 0.13105055689811707 -0.023652466014027592
v 0.015940660610795025 0.13215337693691254 -0.02091003023087978
v 0.01448625419288874 0.13286197185516357 -0.02321868203580379
v 0.013008729554712776 0.13363231718540192 -0.020531868562102314
v 0.014548140577971939 0.13197068870067596 0.049620438367128365
v 0.01689475774765015 0.13061249256134033 0.04962417483329772
v 0.015940660610795025 0.13215337693691254 -0.02091003023087978
v 0.015940660610795025 0.13215337693691254 -0.02091003023087978
v 0.01689475774765015 0.13061249256134033 0.04962417483329772
v 0.017497170716524128 0.13120999932289124 -0.02110004238784313
v 0.015940660610795025 0.13215337693691254 -0.02091003023087978
v 0.013008729554712776 0.13363231718540192 -0.020531868562102314
v 0.014548140577971939 0.13197068870067596 0.049620438367128365
v -0.024017501622438438 0.12070458382368088 -0.041175473481416695
v -0.024257045239210136 0.12149873375892639 -0.04006319865584373
v -0.02215524017810822 0.12290852516889572 -0.04128363355994224
v -0.024017501622438438 0.12070458382368088 -0.041175473481416695
v -0.026126764714717872 0.11841073632240295 -0.0402834340929985
v -0.024257045239210136 0.12149873375892639 -0.04006319865584373
v -0.016712874174118045 0.1316184252500534 -0.023506984114646908
v -0.014326200820505623 0.1329483687877655 -0.02318407781422138
v -0.014216462150216106 0.13099996745586395 -0.03755586221814155
v -0.016712874174118045 0.1316184252500534 -0.023506984114646908
v -0.014216462150216106 0.13099996745586395 -0.03755586221814155
v -0.01664991118013859 0.12955886125564575 -0.03765119612216949
v -0.01664991118013859 0.12955886125564575 -0.03765119612216949
v -0.018986335024237636 0.13011892139911652 -0.02386572770774364
v -0.016712874174118045 0.1316184252500534 -0.023506984114646908
v -0.016712874174118045 0.1316184252500534 -0.023506984114646908
v -0.015989359468221668 0.132126584649086 -0.020902704447507855
v -0.014326200820505623 0.1329483687877655 -0.02318407781422138
v -0.018721034750342373 0.13037925958633423 -0.021350326016545292
v -0.015989359468221668 0.132126584649086 -0.020902704447507855
v -0.016712874174118045 0.1316184252500534 -0.023506984114646908
v -0.016712874174118045 0.1316184252500534 -0.023506984114646908
v -0.018986335024237636 0.13011892139911652 -0.02386572770774364
v -0.018721034750342373 0.13037925958633423 -0.021350326016545292
v -0.018677581101655964 0.12790679931640625 -0.038663320243358605
v -0.019765188917517666 0.1264866143465042 -0.0398229956626892
v -0.021056780591607097 0.12575416266918182 -0.038975883275270455
v -0.018677581101655964 0.12790679931640625 -0.038663320243358605
v -0.021056780591607097 0.12575416266918182 -0.038975883275270455
v -0.01901858858764172 0.1278582066297531 -0.037612326443195336
v -0.018677581101655964 0.12790679931640625 -0.038663320243358605
v -0.017448162660002712 0.1283586621284485 -0.039712086319923394
v -0.019765188917517666 0.1264866143465042 -0.0398229956626892
v -0.018677581101655964 0.12790679931640625 -0.038663320243358605
v -0.016262665390968326 0.12962302565574646 -0.038587510585784905
v -0.017448162660002712 0.1283586621284485 -0.039712086319923394
v -0.018677581101655964 0.12790679931640625 -0.038663320243358605
v -0.01664991118013859 0.12955886125564575 -0.03765119612216949
v -0.016262665390968326 0.12962302565574646 -0.038587510585784905
v -0.018677581101655964 0.12790679931640625 -0.038663320243358605
v -0.01901858858764172 0.1278582066297531 -0.037612326443195336
v -0.01664991118013859 0.12955886125564575 -0.03765119612216949
v -0.009416189044713976 0.13286463916301727 -0.038472753018140786
v -0.008111935108900072 0.13286474347114563 -0.03954707458615302
v -0.010654039680957796 0.13188783824443817 -0.039856363087892525
v -0.011804378591477874 0.13206462562084198 -0.03813937678933143
v -0.009416189044713976 0.13286463916301727 -0.038472753018140786
v -0.010654039680957796 0.13188783824443817 -0.039856363087892525
v -0.009416189044713976 0.13286463916301727 -0.038472753018140786
v -0.011804378591477874 0.13206462562084198 -0.03813937678933143
v -0.00973300449550152 0.13290956616401672 -0.037602689117193215
v -0.009416189044713976 0.13286463916301727 -0.038472753018140786
v -0.006510996725410225 0.1336551159620285 -0.03845397382974624
v -0.008111935108900072 0.13286474347114563 -0.03954707458615302
v -0.009416189044713976 0.13286463916301727 -0.038472753018140786
v -0.00973300449550152 0.13290956616401672 -0.037602689117193215
v -0.007062838878482582 0.13370521366596222 -0.037375312298536294
v -0.007062838878482582 0.13370521366596222 -0.037375312298536294
v -0.006510996725410225 0.1336551159620285 -0.03845397382974624
v -0.009416189044713976 0.13286463916301727 -0.038472753018140786
v -0.012447894550859932 0.12871330976486206 -0.04226443916559219
v -0.011718671768903734 0.12794971466064453 -0.042791213840246194
v -0.015540271997451786 0.12714938819408417 -0.04223622009158134
v -0.012447894550859932 0.12871330976486206 -0.04226443916559219
v -0.015540271997451786 0.12714938819408417 -0.04223622009158134
v -0.013238468207418922 0.12910519540309906 -0.04175652936100959
v -0.011718671768903734 0.12794971466064453 -0.042791213840246194
v -0.012447894550859932 0.12871330976486206 -0.04226443916559219
v -0.010216110385954382 0.13006635010242462 -0.04200398549437522
v -0.012447894550859932 0.12871330976486206 -0.04226443916559219
v -0.013238468207418922 0.12910519540309906 -0.04175652936100959
v -0.010216110385954382 0.13006635010242462 -0.04200398549437522
v 0.026673214510083205 0.104164719581604 -0.04416802152991294
v 0.02575416676700116 0.10146763175725937 -0.04470184445381164
v 0.025292325764894492 0.10406515747308731 -0.04477638751268386
v 0.026673214510083205 0.104164719581604 -0.04416802152991294
v 0.025292325764894492 0.10406515747308731 -0.04477638751268386
v 0.025931857526302345 0.10776077210903168 -0.044210620224475854
v 0.027012325823307044 0.10077289491891861 -0.04398737102746963
v 0.02575416676700116 0.10146763175725937 -0.04470184445381164
v 0.026673214510083205 0.104164719581604 -0.04416802152991294
v 0.026893056929111488 0.1080191358923912 -0.043654471635818475
v 0.027592616155743606 0.10590554028749466 -0.04340692609548568
v 0.026673214510083205 0.104164719581604 -0.04416802152991294
v 0.026673214510083205 0.104164719581604 -0.04416802152991294
v 0.025931857526302345 0.10776077210903168 -0.044210620224475854
v 0.026893056929111488 0.1080191358923912 -0.043654471635818475
v 0.026673214510083205 0.104164719581604 -0.04416802152991294
v 0.027855584397912032 0.1024559810757637 -0.043377246707677834
v 0.027012325823307044 0.10077289491891861 -0.04398737102746963
v 0.027592616155743606 0.10590554028749466 -0.04340692609548568
v 0.027855584397912032 0.1024559810757637 -0.043377246707677834
v 0.026673214510083205 0.104164719581604 -0.04416802152991294
v 0.023025296628475193 0.12179131805896759 -0.04136326536536216
v 0.021959306672215465 0.12119465321302414 -0.042513817548751824
v 0.021155960857868198 0.12403014302253723 -0.04123374447226524
v 0.021155960857868198 0.12403014302253723 -0.04123374447226524
v 0.022757299244403843 0.1234222799539566 -0.03995656967163085
v 0.023025296628475193 0.12179131805896759 -0.04136326536536216
v 0.024633210152387626 0.1194060891866684 -0.04151013493537902
v 0.023488994687795646 0.11889652162790298 -0.04268275946378707
v 0.023025296628475193 0.12179131805896759 -0.04136326536536216
v 0.021959306672215465 0.12119465321302414 -0.042513817548751824
v 0.023025296628475193 0.12179131805896759 -0.04136326536536216
v 0.023488994687795646 0.11889652162790298 -0.04268275946378707
v 0.023025296628475193 0.12179131805896759 -0.04136326536536216
v 0.02454978227615357 0.12106189876794815 -0.040070831775665276
v 0.024633210152387626 0.1194060891866684 -0.04151013493537902
v 0.022757299244403843 0.1234222799539566 -0.03995656967163085
v 0.02454978227615357 0.12106189876794815 -0.040070831775665276
v 0.023025296628475193 0.12179131805896759 -0.04136326536536216
v 0.026754688471555717 0.11690278351306915 -0.0406157337129116
v 0.02681080251932145 0.11418232321739197 -0.04212626069784164
v 0.025509217754006393 0.11673381179571152 -0.0422137826681137
v 0.02681080251932145 0.11418232321739197 -0.04212626069784164
v 0.025518704205751426 0.11387377977371216 -0.0432649552822113
v 0.025509217754006393 0.11673381179571152 -0.0422137826681137
v 0.02681080251932145 0.11418232321739197 -0.04212626069784164
v 0.02712232433259488 0.11140812933444977 -0.042792081832885735
v 0.025518704205751426 0.11387377977371216 -0.0432649552822113
v 0.029052883386611945 0.10871537029743195 -0.04131567478179931
v 0.029341084882617004 0.10581642389297485 -0.04146668314933776
v 0.02842132560908795 0.10585664957761765 -0.04266845434904098
v 0.027917407453060157 0.1087680235505104 -0.0427333116531372
v 0.029052883386611945 0.10871537029743195 -0.04131567478179931
v 0.02842132560908795 0.10585664957761765 -0.04266845434904098
v 0.030469147488474853 0.05034903436899185 -0.00839782878756523
v 0.028529066592454917 0.05034903064370155 -0.013036930002272127
v 0.02918237634003163 0.05034911632537842 -0.01226271968334913
v 0.030469147488474853 0.05034903436899185 -0.00839782878756523
v 0.03124073892831803 0.05034903436899185 -0.00443590385839343
v 0.028529066592454917 0.05034903064370155 -0.013036930002272127
v 0.02935465797781945 0.09685561805963516 -0.03975629061460494
v 0.02978677116334439 0.09954854846000671 -0.04007394239306449
v 0.030469147488474853 0.05034903436899185 -0.00839782878756523
v 0.030469147488474853 0.05034903436899185 -0.00839782878756523
v 0.02918237634003163 0.05034911632537842 -0.01226271968334913
v 0.02935465797781945 0.09685561805963516 -0.03975629061460494
v 0.030469147488474853 0.05034903436899185 -0.00839782878756523
v 0.02978677116334439 0.09954854846000671 -0.04007394239306449
v 0.031823854893445976 0.09964118152856827 -0.031195873394608494
v 0.031823854893445976 0.09964118152856827 -0.031195873394608494
v 0.03124073892831803 0.05034903436899185 -0.00443590385839343
v 0.030469147488474853 0.05034903436899185 -0.00839782878756523
v 0.026679871603846557 0.05034903064370155 -0.016581444069743153
v 0.028529066592454917 0.05034903064370155 -0.013036930002272127
v 0.018660577014088634 0.050349026918411255 -0.025411652401089665
v 0.018660577014088634 0.050349026918411255 -0.025411652401089665
v 0.024392589926719672 0.05034903064370155 -0.01986051350831985
v 0.026679871603846557 0.05034903064370155 -0.016581444069743153
v 0.026679871603846557 0.05034903064370155 -0.016581444069743153
v 0.024392589926719672 0.05034903064370155 -0.01986051350831985
v 0.027416951954364784 0.05034926161170006 -0.01591382175683975
v 0.027416951954364784 0.05034926161170006 -0.01591382175683975
v 0.02918237634003163 0.05034911632537842 -0.01226271968334913
v 0.026679871603846557 0.05034903064370155 -0.016581444069743153
v 0.028529066592454917 0.05034903064370155 -0.013036930002272127
v 0.026679871603846557 0.05034903064370155 -0.016581444069743153
v 0.02918237634003163 0.05034911632537842 -0.01226271968334913
v -0.016968173906207088 0.12571218609809875 -0.04249580949544906
v -0.0191827304661274 0.12478001415729523 -0.04204591736197471
v -0.015540271997451786 0.12714938819408417 -0.04223622009158134
v -0.0191827304661274 0.12478001415729523 -0.04204591736197471
v -0.016968173906207088 0.12571218609809875 -0.04249580949544906
v -0.0190182700753212 0.12385882437229156 -0.04263417795300483
v -0.015540271997451786 0.12714938819408417 -0.04223622009158134
v -0.016317946836352352 0.12491554021835327 -0.04303028434514999
v -0.016968173906207088 0.12571218609809875 -0.04249580949544906
v -0.016968173906207088 0.12571218609809875 -0.04249580949544906
v -0.016317946836352352 0.12491554021835327 -0.04303028434514999
v -0.0190182700753212 0.12385882437229156 -0.04263417795300483
v -0.012781891971826557 0.09075360745191574 -0.046306062489747994
v 0.0032682283781468877 0.12749767303466797 -0.04309912770986556
v 0.017132464796304706 0.09124287217855453 -0.04626409336924552
v -0.023111173883080486 0.10158462822437286 -0.04535511508584022
v 0.0032682283781468877 0.12749767303466797 -0.04309912770986556
v -0.012781891971826557 0.09075360745191574 -0.046306062489747994
v -0.012781891971826557 0.09075360745191574 -0.046306062489747994
v -0.01573973894119263 0.08947964757680893 -0.04641510918736457
v -0.023111173883080486 0.10158462822437286 -0.04535511508584022
v -0.012781891971826557 0.09075360745191574 -0.046306062489747994
v 0.017132464796304706 0.09124287217855453 -0.04626409336924552
v 0.004836773034185172 0.08312825113534927 -0.04696767032146453
v 0.004836773034185172 0.08312825113534927 -0.04696767032146453
v -0.01573973894119263 0.08947964757680893 -0.04641510918736457
v -0.012781891971826557 0.09075360745191574 -0.046306062489747994
v -0.02633673697710038 0.11408523470163345 -0.04260191693902015
v -0.0272998046129942 0.11416182667016983 -0.04158973321318626
v -0.02567106671631337 0.11634203046560287 -0.042246159166097634
v -0.027153499424457557 0.11130321025848389 -0.042793899774551385
v -0.0272998046129942 0.11416182667016983 -0.04158973321318626
v -0.02633673697710038 0.11408523470163345 -0.04260191693902015
v -0.02633673697710038 0.11408523470163345 -0.04260191693902015
v -0.02567106671631337 0.11634203046560287 -0.042246159166097634
v -0.0253979116678238 0.1138254776597023 -0.04334539920091628
v -0.02633673697710038 0.11408523470163345 -0.04260191693902015
v -0.0253979116678238 0.1138254776597023 -0.04334539920091628
v -0.027153499424457557 0.11130321025848389 -0.042793899774551385
v -0.02708768658339978 0.11576151847839355 -0.04093308746814727
v -0.02567106671631337 0.11634203046560287 -0.042246159166097634
v -0.0272998046129942 0.11416182667016983 -0.04158973321318626
v -0.02708768658339978 0.11576151847839355 -0.04093308746814727
v -0.0272998046129942 0.11416182667016983 -0.04158973321318626
v -0.02818927541375161 0.1137114092707634 -0.040446128696203225
v -0.027844186872243888 0.11569361388683319 -0.03946301341056823
v -0.02708768658339978 0.11576151847839355 -0.04093308746814727
v -0.02818927541375161 0.1137114092707634 -0.040446128696203225
v -0.02708768658339978 0.11576151847839355 -0.04093308746814727
v -0.027844186872243888 0.11569361388683319 -0.03946301341056823
v -0.026126764714717872 0.11841073632240295 -0.0402834340929985
v -0.02810007333755494 0.11148907989263535 -0.04174333810806274
v -0.027153499424457557 0.11130321025848389 -0.042793899774551385
v -0.028411680832505233 0.1086723729968071 -0.04219425842165946
v -0.02810007333755494 0.11148907989263535 -0.04174333810806274
v -0.0272998046129942 0.11416182667016983 -0.04158973321318626
v -0.027153499424457557 0.11130321025848389 -0.042793899774551385
v -0.028411680832505233 0.1086723729968071 -0.04219425842165946
v -0.02905863337218762 0.1086876317858696 -0.0413154549896717
v -0.02810007333755494 0.11148907989263535 -0.04174333810806274
v -0.028830200433731086 0.111671082675457 -0.04049063101410865
v -0.02810007333755494 0.11148907989263535 -0.04174333810806274
v -0.02905863337218762 0.1086876317858696 -0.0413154549896717
v -0.02810007333755494 0.11148907989263535 -0.04174333810806274
v -0.02818927541375161 0.1137114092707634 -0.040446128696203225
v -0.0272998046129942 0.11416182667016983 -0.04158973321318626
v -0.02810007333755494 0.11148907989263535 -0.04174333810806274
v -0.028830200433731086 0.111671082675457 -0.04049063101410865
v -0.02818927541375161 0.1137114092707634 -0.040446128696203225
v -0.023244822397828106 0.12023551017045975 -0.04218707233667373
v -0.024017501622438438 0.12070458382368088 -0.041175473481416695
v -0.02215524017810822 0.12290852516889572 -0.04128363355994224
v -0.023244822397828106 0.12023551017045975 -0.04218707233667373
v -0.02215524017810822 0.12290852516889572 -0.04128363355994224
v -0.02107527479529381 0.12194529175758362 -0.04263577610254287
v -0.023244822397828106 0.12023551017045975 -0.04218707233667373
v -0.02107527479529381 0.12194529175758362 -0.04263577610254287
v -0.02239756286144257 0.11965158581733704 -0.04296308383345603
v -0.024709019809961326 0.11773814260959625 -0.04237575083971023
v -0.023244822397828106 0.12023551017045975 -0.04218707233667373
v -0.02239756286144257 0.11965158581733704 -0.04296308383345603
v -0.026126764714717872 0.11841073632240295 -0.0402834340929985
v -0.024017501622438438 0.12070458382368088 -0.041175473481416695
v -0.025504592806100852 0.11824105679988861 -0.041326053440570824
v -0.02708768658339978 0.11576151847839355 -0.04093308746814727
v -0.025504592806100852 0.11824105679988861 -0.041326053440570824
v -0.02567106671631337 0.11634203046560287 -0.042246159166097634
v -0.025504592806100852 0.11824105679988861 -0.041326053440570824
v -0.02708768658339978 0.11576151847839355 -0.04093308746814727
v -0.026126764714717872 0.11841073632240295 -0.0402834340929985
v -0.025504592806100852 0.11824105679988861 -0.041326053440570824
v -0.024709019809961326 0.11773814260959625 -0.04237575083971023
v -0.02567106671631337 0.11634203046560287 -0.042246159166097634
v -0.025504592806100852 0.11824105679988861 -0.041326053440570824
v -0.023244822397828106 0.12023551017045975 -0.04218707233667373
v -0.024709019809961326 0.11773814260959625 -0.04237575083971023
v -0.024017501622438438 0.12070458382368088 -0.041175473481416695
v -0.023244822397828106 0.12023551017045975 -0.04218707233667373
v -0.025504592806100852 0.11824105679988861 -0.041326053440570824
v 0.028873609378933913 0.11312925070524216 -0.03917993232607841
v 0.02861250005662442 0.11449015885591507 -0.03801246359944343
v 0.03081945143640042 0.11341724544763565 -0.027872707694768902
v 0.028873609378933913 0.11312925070524216 -0.03917993232607841
v 0.027537826448678977 0.11667393893003464 -0.03904250636696815
v 0.02861250005662442 0.11449015885591507 -0.03801246359944343
v 0.03159849718213082 0.11022882163524628 -0.02862943150103092
v 0.028873609378933913 0.11312925070524216 -0.03917993232607841
v 0.03081945143640042 0.11341724544763565 -0.027872707694768902
v 0.028873609378933913 0.11312925070524216 -0.03917993232607841
v 0.03159849718213082 0.11022882163524628 -0.02862943150103092
v 0.029708651825785644 0.11078029125928879 -0.03814179077744483
v 0.02954468876123429 0.10869579762220383 -0.04035170376300811
v 0.02984320558607579 0.10574574023485184 -0.04047951847314834
v 0.029341084882617004 0.10581642389297485 -0.04146668314933776
v 0.029052883386611945 0.10871537029743195 -0.04131567478179931
v 0.02954468876123429 0.10869579762220383 -0.04035170376300811
v 0.029341084882617004 0.10581642389297485 -0.04146668314933776
v 0.02954468876123429 0.10869579762220383 -0.04035170376300811
v 0.030078683048486717 0.10723896324634552 -0.03940095752477645
v 0.02984320558607579 0.10574574023485184 -0.04047951847314834
v 0.02954468876123429 0.10869579762220383 -0.04035170376300811
v 0.029052883386611945 0.10871537029743195 -0.04131567478179931
v 0.02895596437156201 0.11160606145858765 -0.04022401198744773
v 0.028294930234551437 0.11156769096851349 -0.041474156081676476
v 0.027917407453060157 0.1087680235505104 -0.0427333116531372
v 0.02712232433259488 0.11140812933444977 -0.042792081832885735
v 0.028294930234551437 0.11156769096851349 -0.041474156081676476
v 0.029052883386611945 0.10871537029743195 -0.04131567478179931
v 0.027917407453060157 0.1087680235505104 -0.0427333116531372
v 0.02681080251932145 0.11418232321739197 -0.04212626069784164
v 0.028294930234551437 0.11156769096851349 -0.041474156081676476
v 0.02712232433259488 0.11140812933444977 -0.042792081832885735
v 0.029052883386611945 0.10871537029743195 -0.04131567478179931
v 0.028294930234551437 0.11156769096851349 -0.041474156081676476
v 0.02895596437156201 0.11160606145858765 -0.04022401198744773
v 0.029630374163389213 0.11017325520515442 -0.039290312677621834
v 0.02954468876123429 0.10869579762220383 -0.04035170376300811
v 0.02895596437156201 0.11160606145858765 -0.04022401198744773
v 0.029630374163389213 0.11017325520515442 -0.039290312677621834
v 0.028873609378933913 0.11312925070524216 -0.03917993232607841
v 0.029708651825785644 0.11078029125928879 -0.03814179077744483
v 0.02895596437156201 0.11160606145858765 -0.04022401198744773
v 0.028873609378933913 0.11312925070524216 -0.03917993232607841
v 0.029630374163389213 0.11017325520515442 -0.039290312677621834
v 0.030078683048486717 0.10723896324634552 -0.03940095752477645
v 0.02954468876123429 0.10869579762220383 -0.04035170376300811
v 0.029630374163389213 0.11017325520515442 -0.039290312677621834
v 0.03208297118544579 0.10693220794200897 -0.02918760478496551
v 0.030078683048486717 0.10723896324634552 -0.03940095752477645
v 0.029630374163389213 0.11017325520515442 -0.039290312677621834
v 0.029630374163389213 0.11017325520515442 -0.039290312677621834
v 0.03159849718213082 0.11022882163524628 -0.02862943150103092
v 0.03208297118544579 0.10693220794200897 -0.02918760478496551
v 0.03159849718213082 0.11022882163524628 -0.02862943150103092
v 0.029630374163389213 0.11017325520515442 -0.039290312677621834
v 0.029708651825785644 0.11078029125928879 -0.03814179077744483
v 0.028294930234551437 0.11156769096851349 -0.041474156081676476
v 0.02781971730291844 0.1144571378827095 -0.04067400097846984
v 0.02895596437156201 0.11160606145858765 -0.04022401198744773
v 0.02781971730291844 0.1144571378827095 -0.04067400097846984
v 0.028873609378933913 0.11312925070524216 -0.03917993232607841
v 0.02895596437156201 0.11160606145858765 -0.04022401198744773
v 0.02781971730291844 0.1144571378827095 -0.04067400097846984
v 0.02681080251932145 0.11418232321739197 -0.04212626069784164
v 0.026754688471555717 0.11690278351306915 -0.0406157337129116
v 0.02781971730291844 0.1144571378827095 -0.04067400097846984
v 0.028294930234551437 0.11156769096851349 -0.041474156081676476
v 0.02681080251932145 0.11418232321739197 -0.04212626069784164
v 0.02781971730291844 0.1144571378827095 -0.04067400097846984
v 0.026754688471555717 0.11690278351306915 -0.0406157337129116
v 0.027537826448678977 0.11667393893003464 -0.03904250636696815
v 0.027537826448678977 0.11667393893003464 -0.03904250636696815
v 0.028873609378933913 0.11312925070524216 -0.03917993232607841
v 0.02781971730291844 0.1144571378827095 -0.04067400097846984
v -0.030799916014075286 0.05034899711608887 -0.005387328099459409
v -0.031435120850801475 0.05034899711608887 0.0016103230882436035
v -0.030918955802917487 0.05034899711608887 -0.006429306231439113
v -0.02928008139133454 0.05034899711608887 0.010367407463490961
v -0.030918959528207786 0.05034899711608887 0.0056135659106075755
v -0.030799916014075286 0.05034899711608887 -0.005387328099459409
v -0.030918959528207786 0.05034899711608887 0.0056135659106075755
v -0.031435120850801475 0.05034899711608887 0.0016103230882436035
v -0.030799916014075286 0.05034899711608887 -0.005387328099459409
v 0.03036609664559365 0.109840989112854 0.04994144663214683
v 0.02940062806010247 0.11360123753547668 0.04994144663214683
v 0.01817046478390694 0.12905824184417725 0.04994144663214683
v 0.03036609664559365 0.109840989112854 0.04994144663214683
v 0.01817046478390694 0.12905824184417725 0.04994144663214683
v 0.029400637373328216 0.09449540823698044 0.04994144663214683
v 0.030852664262056358 0.10210718959569931 0.04994144663214683
v 0.03085266239941121 0.10598943382501602 0.04994144663214683
v 0.03036609664559365 0.109840989112854 0.04994144663214683
v 0.03036609664559365 0.109840989112854 0.04994144663214683
v 0.030366102233529098 0.09825563430786133 0.04994144663214683
v 0.030852664262056358 0.10210718959569931 0.04994144663214683
v 0.03036609664559365 0.109840989112854 0.04994144663214683
v 0.029400637373328216 0.09449540823698044 0.04994144663214683
v 0.030366102233529098 0.09825563430786133 0.04994144663214683
usemtl DefaultMaterial
f 1 2 3
f 4 5 6
f 7 8 9
f 10 11 12
f 13 14 15
f 16 17 18
f 19 20 21
f 22 23 24
f 25 26 27
f 28 29 30
f 31 32 33
f 34 35 36
f 37 38 39
f 40 41 42
f 43 44 45
f 46 47 48
f 49 50 51
f 52 53 54
f 55 56 57
f 58 59 60
f 61 62 63
f 64 65 66
f 67 68 69
f 70 71 72
f 73 74 75
f 76 77 78
f 79 80 81
f 82 83 84
f 85 86 87
f 88 89 90
f 91 92 93
f 94 95 96
f 97 98 99
f 100 101 102
f 103 104 105
f 106 107 108
f 109 110 111
f 112 113 114
f 115 116 117
f 118 119 120
f 121 122 123
f 124 125 126
f 127 128 129
f 130 131 132
f 133 134 135
f 136 137 138
f 139 140 141
f 142 143 144
f 145 146 147
f 148 149 150
f 151 152 153
f 154 155 156
f 157 158 159
f 160 161 162
f 163 164 165
f 166 167 168
f 169 170 171
f 172 173 174
f 175 176 177
f 178 179 180
f 181 182 183
f 184 185 186
f 187 188 189
f 190 191 192
f 193 194 195
f 196 197 198
f 199 200 201
f 202 203 204
f 205 206 207
f 208 209 210
f 211 212 213
f 214 215 216
f 217 218 219
f 220 221 222
f 223 224 225
f 226 227 228
f 229 230 231
f 232 233 234
f 235 236 237
f 238 239 240
f 241 242 243
f 244 245 246
f 247 248 249
f 250 251 252
f 253 254 255
f 256 257 258
f 259 260 261
f 262 263 264
f 265 266 267
f 268 269 270
f 271 272 273
f 274 275 276
f 277 278 279
f 280 281 282
f 283 284 285
f 286 287 288
f 289 290 291
f 292 293 294
f 295 296 297
f 298 299 300
f 301 302 303
f 304 305 306
f 307 308 309
f 310 311 312
f 313 314 315
f 316 317 318
f 319 320 321
f 322 323 324
f 325 326 327
f 328 329 330
f 331 332 333
f 334 335 336
f 337 338 339
f 340 341 342
f 343 344 345
f 346 347 348
f 349 350 351
f 352 353 354
f 355 356 357
f 358 359 360
f 361 362 363
f 364 365 366
f 367 368 369
f 370 371 372
f 373 374 375
f 376 377 378
f 379 380 381
f 382 383 384
f 385 386 387
f 388 389 390
f 391 392 393
f 394 395 396
f 397 398 399
f 400 401 402
f 403 404 405
f 406 407 408
f 409 410 411
f 412 413 414
f 415 416 417
f 418 419 420
f 421 422 423
f 424 425 426
f 427 428 429
f 430 431 432
f 433 434 435
f 436 437 438
f 439 440 441
f 442 443 444
f 445 446 447
f 448 449 450
f 451 452 453
f 454 455 456
f 457 458 459
f 460 461 462
f 463 464 465
f 466 467 468
f 469 470 471
f 472 473 474
f 475 476 477
f 478 479 480
f 481 482 483
f 484 485 486
f 487 488 489
f 490 491 492
f 493 494 495
f 496 497 498
f 499 500 501
f 502 503 504
f 505 506 507
f 508 509 510
f 511 512 513
f 514 515 516
f 517 518 519
f 520 521 522
f 523 524 525
f 526 527 528
f 529 530 531
f 532 533 534
f 535 536 537
f 538 539 540
f 541 542 543
f 544 545 546
f 547 548 549
f 550 551 552
f 553 554 555
f 556 557 558
f 559 560 561
f 562 563 564
f 565 566 567
f 568 569 570
f 571 572 573
f 574 575 576
f 577 578 579
f 580 581 582
f 583 584 585
f 586 587 588
f 589 590 591
f 592 593 594
f 595 596 597
f 598 599 600
f 601 602 603
f 604 605 606
f 607 608 609
f 610 611 612
f 613 614 615
f 616 617 618
f 619 620 621
f 622 623 624
f 625 626 627
f 628 629 630
f 631 632 633
f 634 635 636
f 637 638 639
f 640 641 642
f 643 644 645
f 646 647 648
f 649 650 651
f 652 653 654
f 655 656 657
f 658 659 660
f 661 662 663
f 664 665 666
f 667 668 669
f 670 671 672
f 673 674 675
f 676 677 678
f 679 680 681
f 682 683 684
f 685 686 687
f 688 689 690
f 691 692 693
f 694 695 696
f 697 698 699
f 700 701 702
f 703 704 705
f 706 707 708
f 709 710 711
f 712 713 714
f 715 716 717
f 718 719 720
f 721 722 723
f 724 725 726
f 727 728 729
f 730 731 732
f 733 734 735
f 736 737 738
f 739 740 741
f 742 743 744
f 745 746 747
f 748 749 750
f 751 752 753
f 754 755 756
f 757 758 759
f 760 761 762
f 763 764 765
f 766 767 768
f 769 770 771
f 772 773 774
f 775 776 777
f 778 779 780
f 781 782 783
f 784 785 786
f 787 788 789
f 790 791 792
f 793 794 795
f 796 797 798
f 799 800 801
f 802 803 804
f 805 806 807
f 808 809 810
f 811 812 813
f 814 815 816
f 817 818 819
f 820 821 822
f 823 824 825
f 826 827 828
f 829 830 831
f 832 833 834
f 835 836 837
f 838 839 840
f 841 842 843
f 844 845 846
f 847 848 849
f 850 851 852
f 853 854 855
f 856 857 858
f 859 860 861
f 862 863 864
f 865 866 867
f 868 869 870
f 871 872 873
f 874 875 876
f 877 878 879
f 880 881 882
f 883 884 885
f 886 887 888
f 889 890 891
f 892 893 894
f 895 896 897
f 898 899 900
f 901 902 903
f 904 905 906
f 907 908 909
f 910 911 912
f 913 914 915
f 916 917 918
f 919 920 921
f 922 923 924
f 925 926 927
f 928 929 930
f 931 932 933
f 934 935 936
f 937 938 939
f 940 941 942
f 943 944 945
f 946 947 948
f 949 950 951
f 952 953 954
f 955 956 957
f 958 959 960
f 961 962 963
f 964 965 966
f 967 968 969
f 970 971 972
f 973 974 975
f 976 977 978
f 979 980 981
f 982 983 984
f 985 986 987
f 988 989 990
f 991 992 993
f 994 995 996
f 997 998 999
f 1000 1001 1002
f 1003 1004 1005
f 1006 1007 1008
f 1009 1010 1011
f 1012 1013 1014
f 1015 1016 1017
f 1018 1019 1020
f 1021 1022 1023
f 1024 1025 1026
f 1027 1028 1029
f 1030 1031 1032
f 1033 1034 1035
f 1036 1037 1038
f 1039 1040 1041
f 1042 1043 1044
f 1045 1046 1047
f 1048 1049 1050
f 1051 1052 1053
f 1054 1055 1056
f 1057 1058 1059
f 1060 1061 1062
f 1063 1064 1065
f 1066 1067 1068
f 1069 1070 1071
f 1072 1073 1074
f 1075 1076 1077
f 1078 1079 1080
f 1081 1082 1083
f 1084 1085 1086
f 1087 1088 1089
f 1090 1091 1092
f 1093 1094 1095
f 1096 1097 1098
f 1099 1100 1101
f 1102 1103 1104
f 1105 1106 1107
f 1108 1109 1110
f 1111 1112 1113
f 1114 1115 1116
f 1117 1118 1119
f 1120 1121 1122
f 1123 1124 1125
f 1126 1127 1128
f 1129 1130 1131
f 1132 1133 1134
f 1135 1136 1137
f 1138 1139 1140
f 1141 1142 1143
f 1144 1145 1146
f 1147 1148 1149
f 1150 1151 1152
f 1153 1154 1155
f 1156 1157 1158
f 1159 1160 1161
f 1162 1163 1164
f 1165 1166 1167
f 1168 1169 1170
f 1171 1172 1173
f 1174 1175 1176
f 1177 1178 1179
f 1180 1181 1182
f 1183 1184 1185
f 1186 1187 1188
f 1189 1190 1191
f 1192 1193 1194
f 1195 1196 1197
f 1198 1199 1200
f 1201 1202 1203
f 1204 1205 1206
f 1207 1208 1209
f 1210 1211 1212
f 1213 1214 1215
f 1216 1217 1218
f 1219 1220 1221
f 1222 1223 1224
f 1225 1226 1227
f 1228 1229 1230
f 1231 1232 1233
f 1234 1235 1236
f 1237 1238 1239
f 1240 1241 1242
f 1243 1244 1245
f 1246 1247 1248
f 1249 1250 1251
f 1252 1253 1254
f 1255 1256 1257
f 1258 1259 1260
f 1261 1262 1263
f 1264 1265 1266
f 1267 1268 1269
f 1270 1271 1272
f 1273 1274 1275
f 1276 1277 1278
f 1279 1280 1281
f 1282 1283 1284
f 1285 1286 1287
f 1288 1289 1290
f 1291 1292 1293
f 1294 1295 1296
f 1297 1298 1299
f 1300 1301 1302
f 1303 1304 1305
f 1306 1307 1308
f 1309 1310 1311
f 1312 1313 1314
f 1315 1316 1317
f 1318 1319 1320
f 1321 1322 1323
f 1324 1325 1326
f 1327 1328 1329
f 1330 1331 1332
f 1333 1334 1335
f 1336 1337 1338
f 1339 1340 1341
f 1342 1343 1344
f 1345 1346 1347
f 1348 1349 1350
f 1351 1352 1353
f 1354 1355 1356
f 1357 1358 1359
f 1360 1361 1362
f 1363 1364 1365
f 1366 1367 1368
f 1369 1370 1371
f 1372 1373 1374
f 1375 1376 1377
f 1378 1379 1380
f 1381 1382 1383
f 1384 1385 1386
f 1387 1388 1389
f 1390 1391 1392
f 1393 1394 1395
f 1396 1397 1398
f 1399 1400 1401
f 1402 1403 1404
f 1405 1406 1407
f 1408 1409 1410
f 1411 1412 1413
f 1414 1415 1416
f 1417 1418 1419
f 1420 1421 1422
f 1423 1424 1425
f 1426 1427 1428
f 1429 1430 1431
f 1432 1433 1434
f 1435 1436 1437
f 1438 1439 1440
f 1441 1442 1443
f 1444 1445 1446
f 1447 1448 1449
f 1450 1451 1452
f 1453 1454 1455
f 1456 1457 1458
f 1459 1460 1461
f 1462 1463 1464
f 1465 1466 1467
f 1468 1469 1470
f 1471 1472 1473
f 1474 1475 1476
f 1477 1478 1479
f 1480 1481 1482
f 1483 1484 1485
f 1486 1487 1488
f 1489 1490 1491
f 1492 1493 1494
f 1495 1496 1497
f 1498 1499 1500
f 1501 1502 1503
f 1504 1505 1506
f 1507 1508 1509
f 1510 1511 1512
f 1513 1514 1515
f 1516 1517 1518
f 1519 1520 1521
f 1522 1523 1524
f 1525 1526 1527
f 1528 1529 1530
f 1531 1532 1533
f 1534 1535 1536
f 1537 1538 1539
f 1540 1541 1542
f 1543 1544 1545
f 1546 1547 1548
f 1549 1550 1551
f 1552 1553 1554
f 1555 1556 1557
f 1558 1559 1560
f 1561 1562 1563
f 1564 1565 1566
f 1567 1568 1569
f 1570 1571 1572
f 1573 1574 1575
f 1576 1577 1578
f 1579 1580 1581
f 1582 1583 1584
f 1585 1586 1587
f 1588 1589 1590
f 1591 1592 1593
f 1594 1595 1596
f 1597 1598 1599
f 1600 1601 1602
f 1603 1604 1605
f 1606 1607 1608
f 1609 1610 1611
f 1612 1613 1614
f 1615 1616 1617
f 1618 1619 1620
f 1621 1622 1623
f 1624 1625 1626
f 1627 1628 1629
f 1630 1631 1632
f 1633 1634 1635
f 1636 1637 1638
f 1639 1640 1641
f 1642 1643 1644
f 1645 1646 1647
f 1648 1649 1650
f 1651 1652 1653
f 1654 1655 1656
f 1657 1658 1659
f 1660 1661 1662
f 1663 1664 1665
f 1666 1667 1668
f 1669 1670 1671
f 1672 1673 1674
f 1675 1676 1677
f 1678 1679 1680
f 1681 1682 1683
f 1684 1685 1686
f 1687 1688 1689
f 1690 1691 1692
f 1693 1694 1695
f 1696 1697 1698
f 1699 1700 1701
f 1702 1703 1704
f 1705 1706 1707
f 1708 1709 1710
f 1711 1712 1713
f 1714 1715 1716
f 1717 1718 1719
f 1720 1721 1722
f 1723 1724 1725
f 1726 1727 1728
f 1729 1730 1731
f 1732 1733 1734
f 1735 1736 1737
f 1738 1739 1740
f 1741 1742 1743
f 1744 1745 1746
f 1747 1748 1749
f 1750 1751 1752
f 1753 1754 1755
f 1756 1757 1758
f 1759 1760 1761
f 1762 1763 1764
f 1765 1766 1767
f 1768 1769 1770
f 1771 1772 1773
f 1774 1775 1776
f 1777 1778 1779
f 1780 1781 1782
f 1783 1784 1785
f 1786 1787 1788
f 1789 1790 1791
f 1792 1793 1794
f 1795 1796 1797
f 1798 1799 1800
f 1801 1802 1803
f 1804 1805 1806
f 1807 1808 1809
f 1810 1811 1812
f 1813 1814 1815
f 1816 1817 1818
f 1819 1820 1821
f 1822 1823 1824
f 1825 1826 1827
f 1828 1829 1830
f 1831 1832 1833
f 1834 1835 1836
f 1837 1838 1839
f 1840 1841 1842
f 1843 1844 1845
f 1846 1847 1848
f 1849 1850 1851
f 1852 1853 1854
f 1855 1856 1857
f 1858 1859 1860
f 1861 1862 1863
f 1864 1865 1866
f 1867 1868 1869
f 1870 1871 1872
f 1873 1874 1875
f 1876 1877 1878
f 1879 1880 1881
f 1882 1883 1884
f 1885 1886 1887
f 1888 1889 1890
f 1891 1892 1893
f 1894 1895 1896
f 1897 1898 1899
f 1900 1901 1902
f 1903 1904 1905
f 1906 1907 1908
f 1909 1910 1911
f 1912 1913 1914
f 1915 1916 1917
f 1918 1919 1920
f 1921 1922 1923
f 1924 1925 1926
f 1927 1928 1929
f 1930 1931 1932
f 1933 1934 1935
f 1936 1937 1938
f 1939 1940 1941
f 1942 1943 1944
f 1945 1946 1947
f 1948 1949 1950
f 1951 1952 1953
f 1954 1955 1956
f 1957 1958 1959
f 1960 1961 1962
f 1963 1964 1965
f 1966 1967 1968
f 1969 1970 1971
f 1972 1973 1974
f 1975 1976 1977
f 1978 1979 1980
f 1981 1982 1983
f 1984 1985 1986
f 1987 1988 1989
f 1990 1991 1992
f 1993 1994 1995
f 1996 1997 1998
f 1999 2000 2001
f 2002 2003 2004
f 2005 2006 2007
f 2008 2009 2010
f 2011 2012 2013
f 2014 2015 2016
f 2017 2018 2019
f 2020 2021 2022
f 2023 2024 2025
f 2026 2027 2028
f 2029 2030 2031
f 2032 2033 2034
f 2035 2036 2037
f 2038 2039 2040
f 2041 2042 2043
f 2044 2045 2046
f 2047 2048 2049
f 2050 2051 2052
f 2053 2054 2055
f 2056 2057 2058
f 2059 2060 2061
f 2062 2063 2064
f 2065 2066 2067
f 2068 2069 2070
f 2071 2072 2073
f 2074 2075 2076
f 2077 2078 2079
f 2080 2081 2082
f 2083 2084 2085
f 2086 2087 2088
f 2089 2090 2091
f 2092 2093 2094
f 2095 2096 2097
f 2098 2099 2100
f 2101 2102 2103
f 2104 2105 2106
f 2107 2108 2109
f 2110 2111 2112
f 2113 2114 2115
f 2116 2117 2118
f 2119 2120 2121
f 2122 2123 2124
f 2125 2126 2127
f 2128 2129 2130
f 2131 2132 2133
f 2134 2135 2136
f 2137 2138 2139
f 2140 2141 2142
f 2143 2144 2145
f 2146 2147 2148
f 2149 2150 2151
f 2152 2153 2154
f 2155 2156 2157
f 2158 2159 2160
f 2161 2162 2163
f 2164 2165 2166
f 2167 2168 2169
f 2170 2171 2172
f 2173 2174 2175
f 2176 2177 2178
f 2179 2180 2181
f 2182 2183 2184
f 2185 2186 2187
f 2188 2189 2190
f 2191 2192 2193
f 2194 2195 2196
f 2197 2198 2199
f 2200 2201 2202
f 2203 2204 2205
f 2206 2207 2208
f 2209 2210 2211
f 2212 2213 2214
f 2215 2216 2217
f 2218 2219 2220
f 2221 2222 2223
f 2224 2225 2226
f 2227 2228 2229
f 2230 2231 2232
f 2233 2234 2235
f 2236 2237 2238
f 2239 2240 2241
f 2242 2243 2244
f 2245 2246 2247
f 2248 2249 2250
f 2251 2252 2253
f 2254 2255 2256
f 2257 2258 2259
f 2260 2261 2262
f 2263 2264 2265
f 2266 2267 2268
f 2269 2270 2271
f 2272 2273 2274
f 2275 2276 2277
f 2278 2279 2280
f 2281 2282 2283
f 2284 2285 2286
f 2287 2288 2289
f 2290 2291 2292
f 2293 2294 2295
f 2296 2297 2298
f 2299 2300 2301
f 2302 2303 2304
f 2305 2306 2307
f 2308 2309 2310
f 2311 2312 2313
f 2314 2315 2316
f 2317 2318 2319
f 2320 2321 2322
f 2323 2324 2325
f 2326 2327 2328
f 2329 2330 2331
f 2332 2333 2334
f 2335 2336 2337
f 2338 2339 2340
f 2341 2342 2343
f 2344 2345 2346
f 2347 2348 2349
f 2350 2351 2352
f 2353 2354 2355
f 2356 2357 2358
f 2359 2360 2361
f 2362 2363 2364
f 2365 2366 2367
f 2368 2369 2370
f 2371 2372 2373
f 2374 2375 2376
f 2377 2378 2379
f 2380 2381 2382
f 2383 2384 2385
f 2386 2387 2388
f 2389 2390 2391
f 2392 2393 2394
f 2395 2396 2397
f 2398 2399 2400
f 2401 2402 2403
f 2404 2405 2406
f 2407 2408 2409
f 2410 2411 2412
f 2413 2414 2415
f 2416 2417 2418
f 2419 2420 2421
f 2422 2423 2424
f 2425 2426 2427
f 2428 2429 2430
f 2431 2432 2433
f 2434 2435 2436
f 2437 2438 2439
f 2440 2441 2442
f 2443 2444 2445
f 2446 2447 2448
f 2449 2450 2451
f 2452 2453 2454
f 2455 2456 2457
f 2458 2459 2460
f 2461 2462 2463
f 2464 2465 2466
f 2467 2468 2469
f 2470 2471 2472
f 2473 2474 2475
f 2476 2477 2478
f 2479 2480 2481
f 2482 2483 2484
f 2485 2486 2487
f 2488 2489 2490
f 2491 2492 2493
f 2494 2495 2496
f 2497 2498 2499
f 2500 2501 2502
f 2503 2504 2505
f 2506 2507 2508
f 2509 2510 2511
f 2512 2513 2514
f 2515 2516 2517
f 2518 2519 2520
f 2521 2522 2523
f 2524 2525 2526
f 2527 2528 2529
f 2530 2531 2532
f 2533 2534 2535
f 2536 2537 2538
f 2539 2540 2541
f 2542 2543 2544
f 2545 2546 2547
f 2548 2549 2550
f 2551 2552 2553
f 2554 2555 2556
f 2557 2558 2559
f 2560 2561 2562
f 2563 2564 2565
f 2566 2567 2568
f 2569 2570 2571
f 2572 2573 2574
f 2575 2576 2577
f 2578 2579 2580
f 2581 2582 2583
f 2584 2585 2586
f 2587 2588 2589
f 2590 2591 2592
f 2593 2594 2595
f 2596 2597 2598
f 2599 2600 2601
f 2602 2603 2604
f 2605 2606 2607
f 2608 2609 2610
f 2611 2612 2613
f 2614 2615 2616
f 2617 2618 2619
f 2620 2621 2622
f 2623 2624 2625
f 2626 2627 2628
f 2629 2630 2631
f 2632 2633 2634
f 2635 2636 2637
f 2638 2639 2640
f 2641 2642 2643
f 2644 2645 2646
f 2647 2648 2649
f 2650 2651 2652
f 2653 2654 2655
f 2656 2657 2658
f 2659 2660 2661
f 2662 2663 2664
f 2665 2666 2667
f 2668 2669 2670
f 2671 2672 2673
f 2674 2675 2676
f 2677 2678 2679
f 2680 2681 2682
f 2683 2684 2685
f 2686 2687 2688
f 2689 2690 2691
f 2692 2693 2694
f 2695 2696 2697
f 2698 2699 2700
f 2701 2702 2703
f 2704 2705 2706
f 2707 2708 2709
f 2710 2711 2712
f 2713 2714 2715
f 2716 2717 2718
f 2719 2720 2721
f 2722 2723 2724
f 2725 2726 2727
f 2728 2729 2730
f 2731 2732 2733
f 2734 2735 2736
f 2737 2738 2739
f 2740 2741 2742
f 2743 2744 2745
f 2746 2747 2748
f 2749 2750 2751
f 2752 2753 2754
f 2755 2756 2757
f 2758 2759 2760
f 2761 2762 2763
f 2764 2765 2766
f 2767 2768 2769
f 2770 2771 2772
f 2773 2774 2775
f 2776 2777 2778
f 2779 2780 2781
f 2782 2783 2784
f 2785 2786 2787
f 2788 2789 2790
f 2791 2792 2793
f 2794 2795 2796
f 2797 2798 2799
f 2800 2801 2802
f 2803 2804 2805
f 2806 2807 2808
f 2809 2810 2811
f 2812 2813 2814
f 2815 2816 2817
f 2818 2819 2820
f 2821 2822 2823
f 2824 2825 2826
f 2827 2828 2829
f 2830 2831 2832
f 2833 2834 2835
f 2836 2837 2838
f 2839 2840 2841
f 2842 2843 2844
f 2845 2846 2847
f 2848 2849 2850
f 2851 2852 2853
f 2854 2855 2856
f 2857 2858 2859
f 2860 2861 2862
f 2863 2864 2865
f 2866 2867 2868
f 2869 2870 2871
f 2872 2873 2874
f 2875 2876 2877
f 2878 2879 2880
f 2881 2882 2883
f 2884 2885 2886
f 2887 2888 2889
f 2890 2891 2892
f 2893 2894 2895
f 2896 2897 2898
f 2899 2900 2901
f 2902 2903 2904
f 2905 2906 2907
f 2908 2909 2910
f 2911 2912 2913
f 2914 2915 2916
f 2917 2918 2919
f 2920 2921 2922
f 2923 2924 2925
f 2926 2927 2928
f 2929 2930 2931
f 2932 2933 2934
f 2935 2936 2937
f 2938 2939 2940
f 2941 2942 2943
f 2944 2945 2946
f 2947 2948 2949
f 2950 2951 2952
f 2953 2954 2955
f 2956 2957 2958
f 2959 2960 2961
f 2962 2963 2964
f 2965 2966 2967
f 2968 2969 2970
f 2971 2972 2973
f 2974 2975 2976
f 2977 2978 2979
f 2980 2981 2982
f 2983 2984 2985
f 2986 2987 2988
f 2989 2990 2991
f 2992 2993 2994
f 2995 2996 2997
f 2998 2999 3000
f 3001 3002 3003
f 3004 3005 3006
f 3007 3008 3009
f 3010 3011 3012
f 3013 3014 3015
f 3016 3017 3018
f 3019 3020 3021
f 3022 3023 3024
f 3025 3026 3027
f 3028 3029 3030
f 3031 3032 3033
f 3034 3035 3036
f 3037 3038 3039
f 3040 3041 3042
f 3043 3044 3045
f 3046 3047 3048
f 3049 3050 3051
f 3052 3053 3054
f 3055 3056 3057
f 3058 3059 3060
f 3061 3062 3063
f 3064 3065 3066
f 3067 3068 3069
f 3070 3071 3072
f 3073 3074 3075
f 3076 3077 3078
f 3079 3080 3081
f 3082 3083 3084
f 3085 3086 3087
f 3088 3089 3090
f 3091 3092 3093
f 3094 3095 3096
f 3097 3098 3099
f 3100 3101 3102
f 3103 3104 3105
f 3106 3107 3108
f 3109 3110 3111
f 3112 3113 3114
f 3115 3116 3117
f 3118 3119 3120
f 3121 3122 3123
f 3124 3125 3126
f 3127 3128 3129
f 3130 3131 3132
f 3133 3134 3135
f 3136 3137 3138
f 3139 3140 3141
f 3142 3143 3144
f 3145 3146 3147
f 3148 3149 3150
f 3151 3152 3153
f 3154 3155 3156
f 3157 3158 3159
f 3160 3161 3162
f 3163 3164 3165
f 3166 3167 3168
f 3169 3170 3171
f 3172 3173 3174
f 3175 3176 3177
f 3178 3179 3180
f 3181 3182 3183
f 3184 3185 3186
f 3187 3188 3189
f 3190 3191 3192
f 3193 3194 3195
f 3196 3197 3198
f 3199 3200 3201
f 3202 3203 3204
f 3205 3206 3207
f 3208 3209 3210
f 3211 3212 3213
f 3214 3215 3216
f 3217 3218 3219
f 3220 3221 3222
f 3223 3224 3225
f 3226 3227 3228
f 3229 3230 3231
f 3232 3233 3234
f 3235 3236 3237
f 3238 3239 3240
f 3241 3242 3243
f 3244 3245 3246
f 3247 3248 3249
f 3250 3251 3252
f 3253 3254 3255
f 3256 3257 3258
f 3259 3260 3261
f 3262 3263 3264
f 3265 3266 3267
f 3268 3269 3270
f 3271 3272 3273
f 3274 3275 3276
f 3277 3278 3279
f 3280 3281 3282
f 3283 3284 3285
f 3286 3287 3288
f 3289 3290 3291
f 3292 3293 3294
f 3295 3296 3297
f 3298 3299 3300
f 3301 3302 3303
f 3304 3305 3306
f 3307 3308 3309
f 3310 3311 3312
f 3313 3314 3315
f 3316 3317 3318
f 3319 3320 3321
f 3322 3323 3324
f 3325 3326 3327
f 3328 3329 3330
f 3331 3332 3333
f 3334 3335 3336
f 3337 3338 3339
f 3340 3341 3342
f 3343 3344 3345
f 3346 3347 3348
f 3349 3350 3351
f 3352 3353 3354
f 3355 3356 3357
f 3358 3359 3360
f 3361 3362 3363
f 3364 3365 3366
f 3367 3368 3369
f 3370 3371 3372
f 3373 3374 3375
f 3376 3377 3378
f 3379 3380 3381
f 3382 3383 3384
f 3385 3386 3387
f 3388 3389 3390
f 3391 3392 3393
f 3394 3395 3396
f 3397 3398 3399
f 3400 3401 3402
f 3403 3404 3405
f 3406 3407 3408
f 3409 3410 3411
f 3412 3413 3414
f 3415 3416 3417
f 3418 3419 3420
f 3421 3422 3423
f 3424 3425 3426
f 3427 3428 3429
f 3430 3431 3432
f 3433 3434 3435
f 3436 3437 3438
f 3439 3440 3441
f 3442 3443 3444
f 3445 3446 3447
f 3448 3449 3450
f 3451 3452 3453
f 3454 3455 3456
f 3457 3458 3459
f 3460 3461 3462
f 3463 3464 3465
f 3466 3467 3468
f 3469 3470 3471
f 3472 3473 3474
f 3475 3476 3477
f 3478 3479 3480
f 3481 3482 3483
f 3484 3485 3486
f 3487 3488 3489
f 3490 3491 3492
f 3493 3494 3495
f 3496 3497 3498
f 3499 3500 3501
f 3502 3503 3504
f 3505 3506 3507
f 3508 3509 3510
f 3511 3512 3513
f 3514 3515 3516
f 3517 3518 3519
f 3520 3521 3522
f 3523 3524 3525
f 3526 3527 3528
f 3529 3530 3531
f 3532 3533 3534
f 3535 3536 3537
f 3538 3539 3540
f 3541 3542 3543
f 3544 3545 3546
f 3547 3548 3549
f 3550 3551 3552
f 3553 3554 3555
f 3556 3557 3558
f 3559 3560 3561
f 3562 3563 3564
f 3565 3566 3567
f 3568 3569 3570
f 3571 3572 3573
f 3574 3575 3576
f 3577 3578 3579
f 3580 3581 3582
f 3583 3584 3585
f 3586 3587 3588
f 3589 3590 3591
f 3592 3593 3594
f 3595 3596 3597
f 3598 3599 3600
f 3601 3602 3603
f 3604 3605 3606
f 3607 3608 3609
f 3610 3611 3612
f 3613 3614 3615
f 3616 3617 3618
f 3619 3620 3621
f 3622 3623 3624
f 3625 3626 3627
f 3628 3629 3630
f 3631 3632 3633
f 3634 3635 3636
f 3637 3638 3639
f 3640 3641 3642
f 3643 3644 3645
f 3646 3647 3648
f 3649 3650 3651
f 3652 3653 3654
f 3655 3656 3657
f 3658 3659 3660
f 3661 3662 3663
f 3664 3665 3666
f 3667 3668 3669
f 3670 3671 3672
f 3673 3674 3675
f 3676 3677 3678
f 3679 3680 3681
f 3682 3683 3684
f 3685 3686 3687
f 3688 3689 3690
f 3691 3692 3693
f 3694 3695 3696
f 3697 3698 3699
f 3700 3701 3702
f 3703 3704 3705
f 3706 3707 3708
f 3709 3710 3711
f 3712 3713 3714
f 3715 3716 3717
f 3718 3719 3720
f 3721 3722 3723
f 3724 3725 3726
f 3727 3728 3729
f 3730 3731 3732
f 3733 3734 3735
f 3736 3737 3738
f 3739 3740 3741
f 3742 3743 3744
f 3745 3746 3747
f 3748 3749 3750
f 3751 3752 3753
f 3754 3755 3756
f 3757 3758 3759
f 3760 3761 3762
f 3763 3764 3765
f 3766 3767 3768
f 3769 3770 3771
f 3772 3773 3774
f 3775 3776 3777
f 3778 3779 3780
f 3781 3782 3783
f 3784 3785 3786
f 3787 3788 3789
f 3790 3791 3792
f 3793 3794 3795
f 3796 3797 3798
f 3799 3800 3801
f 3802 3803 3804
f 3805 3806 3807
f 3808 3809 3810
