mtllib wrist_2_link_collisions_wrist2_mesh.mtl
v -0.021369615569710735 -0.022997187450528145 0.049941424280405065
v -0.024296039715409286 -0.019938267767429352 0.049941375851631185
v -0.00977576430886984 -0.029846929013729095 0.04994080588221552
v -0.00977576430886984 -0.029846929013729095 0.04994080588221552
v -0.018638649955391887 -0.02525193616747856 0.049941424280405065
v -0.021369615569710735 -0.022997187450528145 0.049941424280405065
v -0.019369775429368023 -0.04179632291197777 0.06289641559123996
v -0.024296039715409286 -0.019938267767429352 0.049941375851631185
v -0.021369615569710735 -0.022997187450528145 0.049941424280405065
v -0.028067067265510566 0.05006949231028557 0.07065584510564807
v -0.02732950448989869 0.050447676330804825 0.07015118002891543
v -0.02614783868193627 0.05014267936348915 0.06738387793302539
v 0.031492549926042564 -0.000694543996360153 0.049941450357437155
v 0.03127299621701241 -0.00407493207603693 0.04994145408272745
v -0.00977576430886984 -0.029846929013729095 0.04994080588221552
v 0.0320795699954033 -0.030055347830057144 0.08236805349588398
v 0.03160184249281884 -0.031044812873005867 0.07913711667060856
v 0.03127299621701241 -0.00407493207603693 0.04994145408272745
v 0.0320795699954033 -0.030055347830057144 0.08236805349588398
v 0.031492549926042564 -0.000694543996360153 0.049941450357437155
v 0.03222354501485825 -0.027546169236302376 0.08444066345691685
v 0.0320795699954033 -0.030055347830057144 0.08236805349588398
v 0.03127299621701241 -0.00407493207603693 0.04994145408272745
v 0.031492549926042564 -0.000694543996360153 0.049941450357437155
v 0.030366102233529098 -0.005744333378970623 0.04994144290685656
v -0.00977576430886984 -0.029846929013729095 0.04994080588221552
v 0.03127299621701241 -0.00407493207603693 0.04994145408272745
v 0.030366102233529098 -0.005744333378970623 0.04994144290685656
v 0.026619695127010352 -0.016709821298718452 0.04994142055511477
v -0.00977576430886984 -0.029846929013729095 0.04994080588221552
v 0.03127299621701241 -0.00407493207603693 0.04994145408272745
v 0.026619695127010352 -0.016709821298718452 0.04994142055511477
v 0.030366102233529098 -0.005744333378970623 0.04994144290685656
v 0.004748747218400241 -0.04651644453406334 0.06416286528110507
v -0.01564835943281651 -0.045991167426109314 0.0703188553452492
v -0.007321050856262447 -0.04645839333534241 0.06483689695596698
v -0.01505668926984072 -0.027571940794587135 0.04994311183691027
v -0.018638649955391887 -0.02525193616747856 0.049941424280405065
v -0.00977576430886984 -0.029846929013729095 0.04994080588221552
v -0.018638649955391887 -0.02525193616747856 0.049941424280405065
v -0.012193805538117889 -0.04159940406680107 0.05809514969587329
v -0.01418049912899733 -0.04153316095471382 0.05904894322156909
v -0.01418049912899733 -0.04153316095471382 0.05904894322156909
v -0.021369615569710735 -0.022997187450528145 0.049941424280405065
v -0.018638649955391887 -0.02525193616747856 0.049941424280405065
v -0.0218709409236908 -0.04095541685819626 0.06484586745500567
v -0.023235347121953968 -0.04095412790775299 0.0664411932229996
v -0.024296039715409286 -0.019938267767429352 0.049941375851631185
v -0.024296039715409286 -0.019938267767429352 0.049941375851631185
v -0.019369775429368023 -0.04179632291197777 0.06289641559123996
v -0.0218709409236908 -0.04095541685819626 0.06484586745500567
v -0.027028510347008712 -0.01606159657239914 0.049941375851631185
v -0.00977576430886984 -0.029846929013729095 0.04994080588221552
v -0.024296039715409286 -0.019938267767429352 0.049941375851631185
v -0.027028510347008712 -0.01606159657239914 0.049941375851631185
v -0.024839062243700034 -0.04088402912020683 0.06860560923814776
v -0.026107806712389 -0.040348779410123825 0.07025747001171115
v -0.027028510347008712 -0.01606159657239914 0.049941375851631185
v -0.024296039715409286 -0.019938267767429352 0.049941375851631185
v -0.023235347121953968 -0.04095412790775299 0.0664411932229996
v -0.023235347121953968 -0.04095412790775299 0.0664411932229996
v -0.024839062243700034 -0.04088402912020683 0.06860560923814776
v -0.027028510347008712 -0.01606159657239914 0.049941375851631185
v -0.02879063785076142 0.050447676330804825 0.07324739545583728
v -0.023433784022927288 0.05044768005609512 0.06453278660774234
v -0.02732950448989869 0.050447676330804825 0.07015118002891543
v -0.02879063785076142 0.050447676330804825 0.07324739545583728
v -0.029902294278144843 0.050447676330804825 0.07648557424545291
v -0.023433784022927288 0.05044768005609512 0.06453278660774234
v -0.02732950448989869 0.050447676330804825 0.07015118002891543
v -0.029105395078659065 0.05013419687747955 0.07296288013458255
v -0.02879063785076142 0.050447676330804825 0.07324739545583728
v -0.02879063785076142 0.050447676330804825 0.07324739545583728
v -0.029696555808186538 0.05020435154438019 0.07490282505750659
v -0.029902294278144843 0.050447676330804825 0.07648557424545291
v -0.02879063785076142 0.050447676330804825 0.07324739545583728
v -0.029105395078659065 0.05013419687747955 0.07296288013458255
v -0.029696555808186538 0.05020435154438019 0.07490282505750659
v -0.02732950448989869 0.050447676330804825 0.07015118002891543
v -0.02553663961589337 0.050447676330804825 0.06723453849554065
v -0.02614783868193627 0.05014267936348915 0.06738387793302539
v -0.02553663961589337 0.050447676330804825 0.06723453849554065
v -0.023433784022927288 0.05044768005609512 0.06453278660774234
v -0.02614783868193627 0.05014267936348915 0.06738387793302539
v -0.02553663961589337 0.050447676330804825 0.06723453849554065
v -0.02732950448989869 0.050447676330804825 0.07015118002891543
v -0.023433784022927288 0.05044768005609512 0.06453278660774234
v 0.019754441455006603 0.050447702407836914 0.1089279875159264
v 0.02647261507809163 0.05044770613312721 0.10121389478445057
v 0.030322028324007995 0.05044770985841751 0.0917364284396172
v -3.387622768968868e-07 0.05044769123196602 0.11644058674573904
v 0.014030822552740577 0.050447698682546616 0.11266734451055532
v 0.019754441455006603 0.050447702407836914 0.1089279875159264
v 0.019754441455006603 0.050447702407836914 0.1089279875159264
v 0.030322028324007995 0.05044770985841751 0.0917364284396172
v -3.387622768968868e-07 0.05044769123196602 0.11644058674573904
v 0.02452178858220578 0.050447702407836914 0.10402745753526692
v 0.023181553930044178 0.05010172724723816 0.106246329843998
v 0.024809516966342933 0.0500691793859005 0.10433915257453923
v 0.030885543674230583 0.05044770985841751 0.08152256906032566
v 0.030724368989467628 0.05012563243508339 0.07800095528364184
v 0.030322032049298293 0.05044770985841751 0.07814566045999531
v 0.026243738830089576 0.050101231783628464 0.10233598202466969
v 0.02452178858220578 0.050447702407836914 0.10402745753526692
v 0.024809516966342933 0.0500691793859005 0.10433915257453923
v 0.026243738830089576 0.050101231783628464 0.10233598202466969
v 0.02647261507809163 0.05044770613312721 0.10121389478445057
v 0.02452178858220578 0.050447702407836914 0.10402745753526692
v -0.013985303230583671 0.05014050006866455 0.11315973848104482
v -0.00923630502074957 0.05011282488703728 0.11505642533302313
v -0.012482814490795139 0.05044768378138542 0.11339821666479116
v -0.0059576444327831286 0.05044768750667572 0.11543909460306173
v -0.00923630502074957 0.05011282488703728 0.11505642533302313
v -0.00563569599762559 0.05006951466202736 0.11592569202184683
v -0.02732950448989869 0.050447676330804825 0.07015118002891543
v -0.028067067265510566 0.05006949231028557 0.07065584510564807
v -0.027822371572256095 0.050207819789648056 0.0705186948180199
v -0.027822371572256095 0.050207819789648056 0.0705186948180199
v -0.029105395078659065 0.05013419687747955 0.07296288013458255
v -0.02732950448989869 0.050447676330804825 0.07015118002891543
v -0.027822371572256095 0.050207819789648056 0.0705186948180199
v -0.028067067265510566 0.05006949231028557 0.07065584510564807
v -0.029105395078659065 0.05013419687747955 0.07296288013458255
v 0.03222354501485825 -0.027546169236302376 0.08444066345691685
v 0.031492549926042564 -0.000694543996360153 0.049941450357437155
v 0.031474646180868156 0.05009286105632782 0.08395884186029438
v 0.031474646180868156 0.05009286105632782 0.08395884186029438
v 0.031492549926042564 -0.000694543996360153 0.049941450357437155
v 0.031395763158798225 0.002938175108283758 0.04994145408272745
v 0.031474646180868156 0.05009286105632782 0.08395884186029438
v 0.030885543674230583 0.05044770985841751 0.08152256906032566
v 0.031074140220880515 0.05044770985841751 0.08494104444980626
v 0.026472626253962524 0.05044770613312721 0.06866817921400073
v 0.028317654505372054 0.050138700753450394 0.07116389274597171
v 0.026422485709190376 0.050118159502744675 0.06782951951026919
v 0.0320795699954033 -0.030055347830057144 0.08236805349588398
v 0.030194649472832687 -0.03917568922042847 0.08352897316217427
v 0.03160184249281884 -0.031044812873005867 0.07913711667060856
v 0.030700961127877242 -0.007084633689373732 0.04994146898388865
v 0.029656920582056052 -0.01054319180548191 0.04994150251150133
v 0.026619695127010352 -0.016709821298718452 0.04994142055511477
v 0.03127299621701241 -0.00407493207603693 0.04994145408272745
v 0.03160184249281884 -0.031044812873005867 0.07913711667060856
v 0.030700961127877242 -0.007084633689373732 0.04994146898388865
v 0.03160184249281884 -0.031044812873005867 0.07913711667060856
v 0.031035268679261215 -0.03161196410655975 0.07669357955455783
v 0.030700961127877242 -0.007084633689373732 0.04994146898388865
v 0.030700961127877242 -0.007084633689373732 0.04994146898388865
v 0.031035268679261215 -0.03161196410655975 0.07669357955455783
v 0.029562450945377357 -0.03894529864192009 0.07835458219051365
v 0.02821898832917214 -0.013885614462196827 0.049941714853048345
v 0.026619695127010352 -0.016709821298718452 0.04994142055511477
v 0.029656920582056052 -0.01054319180548191 0.04994150251150133
v 0.020300112664699558 -0.023939769715070724 0.04994143918156626
v 0.026619695127010352 -0.016709821298718452 0.04994142055511477
v 0.022616192698478702 -0.02177034504711628 0.04994172975420954
v 0.013473584316670898 -0.0423312708735466 0.05917778611183169
v 0.016682690009474758 -0.026602409780025482 0.04994146525859835
v 0.020300112664699558 -0.023939769715070724 0.04994143918156626
v 0.020300112664699558 -0.023939769715070724 0.04994143918156626
v 0.016682690009474758 -0.026602409780025482 0.04994146525859835
v -0.00977576430886984 -0.029846929013729095 0.04994080588221552
v 0.026619695127010352 -0.016709821298718452 0.04994142055511477
v 0.020300112664699558 -0.023939769715070724 0.04994143918156626
v -0.00977576430886984 -0.029846929013729095 0.04994080588221552
v -0.0023930964525789027 -0.03136572614312172 0.049941521137952825
v -0.00977576430886984 -0.029846929013729095 0.04994080588221552
v 0.004437352996319533 -0.031121814623475075 0.049941547214984915
v 0.0034874193370342263 -0.042049214243888855 0.05589380487799647
v 0.01016565226018429 -0.029739035293459892 0.0499420650303364
v 0.007024358026683332 -0.041632309556007385 0.05628905817866328
v 0.020300112664699558 -0.023939769715070724 0.04994143918156626
v 0.015051768161356453 -0.043062493205070496 0.06071879342198375
v 0.013473584316670898 -0.0423312708735466 0.05917778611183169
v -0.0015430905623361473 -0.04655859246850014 0.06345667690038684
v 0.004748747218400241 -0.04651644453406334 0.06416286528110507
v -0.007321050856262447 -0.04645839333534241 0.06483689695596698
v 0.012451071292161945 -0.045953940600156784 0.07072199136018756
v -0.01564835943281651 -0.045991167426109314 0.0703188553452492
v 0.004748747218400241 -0.04651644453406334 0.06416286528110507
v -0.021851936355233196 -0.043857548385858536 0.0946934744715691
v -0.016972441226243976 -0.04307686910033226 0.10342390835285191
v -0.021966688334941867 -0.0435028076171875 0.09752650558948521
v -0.012103291228413585 -0.04309467226266861 0.0591232664883137
v -0.01418049912899733 -0.04153316095471382 0.05904894322156909
v -0.012193805538117889 -0.04159940406680107 0.05809514969587329
v -0.016625287011265758 -0.04152132198214531 0.06055674329400065
v -0.021369615569710735 -0.022997187450528145 0.049941424280405065
v -0.01418049912899733 -0.04153316095471382 0.05904894322156909
v -0.01591266877949238 -0.043059609830379486 0.06128942221403125
v -0.017433546483516697 -0.04296080395579338 0.062308009713888196
v -0.016625287011265758 -0.04152132198214531 0.06055674329400065
v -0.016625287011265758 -0.04152132198214531 0.06055674329400065
v -0.019369775429368023 -0.04179632291197777 0.06289641559123996
v -0.021369615569710735 -0.022997187450528145 0.049941424280405065
v -0.016625287011265758 -0.04152132198214531 0.06055674329400065
v -0.017433546483516697 -0.04296080395579338 0.062308009713888196
v -0.019369775429368023 -0.04179632291197777 0.06289641559123996
v -0.02493280917406083 -0.04166529327630997 0.06952548772096637
v -0.026107806712389 -0.040348779410123825 0.07025747001171115
v -0.024839062243700034 -0.04088402912020683 0.06860560923814776
v -0.02493280917406083 -0.04166529327630997 0.06952548772096637
v -0.024839062243700034 -0.04088402912020683 0.06860560923814776
v -0.023235347121953968 -0.04095412790775299 0.0664411932229996
v -0.023235347121953968 -0.04095412790775299 0.0664411932229996
v -0.0218709409236908 -0.04095541685819626 0.06484586745500567
v -0.01892505213618279 -0.04272569343447685 0.06334701180458072
v -0.01892505213618279 -0.04272569343447685 0.06334701180458072
v -0.0218709409236908 -0.04095541685819626 0.06484586745500567
v -0.019369775429368023 -0.04179632291197777 0.06289641559123996
v -0.01892505213618279 -0.04272569343447685 0.06334701180458072
v -0.019369775429368023 -0.04179632291197777 0.06289641559123996
v -0.017433546483516697 -0.04296080395579338 0.062308009713888196
v -0.01564835943281651 -0.045991167426109314 0.0703188553452492
v -0.011818018741905693 -0.046294305473566055 0.06612897664308551
v -0.007321050856262447 -0.04645839333534241 0.06483689695596698
v -0.012849425897002224 0.028756681829690933 0.04994286224246027
v -0.001619519898667932 0.050103068351745605 0.05348061025142672
v -0.010058709420263769 0.02987607941031456 0.049942344427108785
v -0.02614783868193627 0.05014267936348915 0.06738387793302539
v -0.023433784022927288 0.05044768005609512 0.06453278660774234
v -0.023990957066416747 0.050101712346076965 0.06455074250698092
v -0.029696555808186538 0.05020435154438019 0.07490282505750659
v -0.029105395078659065 0.05013419687747955 0.07296288013458255
v -0.029948482289910323 0.05006910115480423 0.07519816607236865
v -0.029902294278144843 0.050447676330804825 0.07648557424545291
v -0.029696555808186538 0.05020435154438019 0.07490282505750659
v -0.029948482289910323 0.05006910115480423 0.07519816607236865
v -0.029160689562559135 -0.01188322901725769 0.04994143173098566
v -0.027028510347008712 -0.01606159657239914 0.049941375851631185
v -0.026107806712389 -0.040348779410123825 0.07025747001171115
v -0.006252027582377197 0.05013881251215935 0.054077286273241064
v -0.002566427923738957 0.05044769123196602 0.05397269129753115
v -0.001619519898667932 0.050103068351745605 0.05348061025142672
v 0.016995787620544437 0.050447698682546616 0.11095556616783148
v 0.019754441455006603 0.050447702407836914 0.1089279875159264
v 0.014030822552740577 0.050447698682546616 0.11266734451055532
v 0.02452178858220578 0.050447702407836914 0.10402745753526692
v 0.02647261507809163 0.05044770613312721 0.10121389478445057
v 0.022273296490311626 0.050447702407836914 0.10660912096500401
v 0.02647261507809163 0.05044770613312721 0.10121389478445057
v 0.019754441455006603 0.050447702407836914 0.1089279875159264
v 0.022273296490311626 0.050447702407836914 0.10660912096500401
v 0.022273296490311626 0.050447702407836914 0.10660912096500401
v 0.023181553930044178 0.05010172724723816 0.106246329843998
v 0.02452178858220578 0.050447702407836914 0.10402745753526692
v 0.022273296490311626 0.050447702407836914 0.10660912096500401
v 0.019754441455006603 0.050447702407836914 0.1089279875159264
v 0.02048350311815739 0.05010702833533287 0.10887889564037327
v 0.0076279928907752054 0.05044769495725632 0.11506470292806631
v 0.014030822552740577 0.050447698682546616 0.11266734451055532
v -3.387622768968868e-07 0.05044769123196602 0.11644058674573904
v 0.0321093536913395 -0.02920919843018055 0.08688355237245564
v 0.03222354501485825 -0.027546169236302376 0.08444066345691685
v 0.03213628008961678 -0.02674824185669422 0.0875141024589539
v -0.007269772235304119 -0.019626760855317116 0.11642217636108404
v -0.00563569599762559 0.05006951466202736 0.11592569202184683
v -0.00923630502074957 0.05011282488703728 0.11505642533302313
v -0.0157499872148037 0.04366737976670265 0.1122205331921578
v -0.01807159557938576 0.05011584609746933 0.110741637647152
v -0.016182841733098034 -0.020502544939517975 0.11290302872657781
v -0.0157499872148037 0.04366737976670265 0.1122205331921578
v -0.013985303230583671 0.05014050006866455 0.11315973848104482
v -0.01807159557938576 0.05011584609746933 0.110741637647152
v -0.016182841733098034 -0.020502544939517975 0.11290302872657781
v -0.013985303230583671 0.05014050006866455 0.11315973848104482
v -0.0157499872148037 0.04366737976670265 0.1122205331921578
v -0.011045278981328012 0.043947767466306686 0.1144408136606217
v -0.010334151796996595 -0.019841358065605164 0.11555533111095434
v -0.00923630502074957 0.05011282488703728 0.11505642533302313
v -0.011045278981328012 0.043947767466306686 0.1144408136606217
v -0.00923630502074957 0.05011282488703728 0.11505642533302313
v -0.013985303230583671 0.05014050006866455 0.11315973848104482
v -0.015537573955953125 0.05044768005609512 0.11185234040021902
v -0.013985303230583671 0.05014050006866455 0.11315973848104482
v -0.012482814490795139 0.05044768378138542 0.11339821666479116
v -0.015537573955953125 0.05044768005609512 0.11185234040021902
v -0.012482814490795139 0.05044768378138542 0.11339821666479116
v -0.01840373314917088 0.05044768005609512 0.10997976362705236
v -0.013985303230583671 0.05014050006866455 0.11315973848104482
v -0.015537573955953125 0.05044768005609512 0.11185234040021902
v -0.01807159557938576 0.05011584609746933 0.110741637647152
v -0.015537573955953125 0.05044768005609512 0.11185234040021902
v -0.01840373314917088 0.05044768005609512 0.10997976362705236
v -0.01807159557938576 0.05011584609746933 0.110741637647152
v -0.009276527911424639 0.05044768378138542 0.11459870636463171
v -0.012482814490795139 0.05044768378138542 0.11339821666479116
v -0.00923630502074957 0.05011282488703728 0.11505642533302313
v -0.009276527911424639 0.05044768378138542 0.11459870636463171
v -0.00923630502074957 0.05011282488703728 0.11505642533302313
v -0.0059576444327831286 0.05044768750667572 0.11543909460306173
v -0.009276527911424639 0.05044768378138542 0.11459870636463171
v -0.0059576444327831286 0.05044768750667572 0.11543909460306173
v -0.012482814490795139 0.05044768378138542 0.11339821666479116
v -0.005048351362347604 0.050204429775476456 0.11588679254055029
v -0.00563569599762559 0.05006951466202736 0.11592569202184683
v -3.387622768968868e-07 0.05044769123196602 0.11644058674573904
v -0.005048351362347604 0.050204429775476456 0.11588679254055029
v -3.387622768968868e-07 0.05044769123196602 0.11644058674573904
v -0.0059576444327831286 0.05044768750667572 0.11543909460306173
v -0.005048351362347604 0.050204429775476456 0.11588679254055029
v -0.0059576444327831286 0.05044768750667572 0.11543909460306173
v -0.00563569599762559 0.05006951466202736 0.11592569202184683
v -0.027329513803124435 0.050447676330804825 0.0997308120131493
v -0.027043839916586883 0.05020414665341377 0.10082408040761952
v -0.025536650791764266 0.050447676330804825 0.10264746099710469
v -0.027675472199916847 0.05009862780570984 0.09998908638954167
v -0.027043839916586883 0.05020414665341377 0.10082408040761952
v -0.027329513803124435 0.050447676330804825 0.0997308120131493
v -0.031027613207697875 0.050447672605514526 0.08322920650243763
v -0.031027613207697875 0.050447672605514526 0.08665286004543309
v -0.029902294278144843 0.050447676330804825 0.07648557424545291
v -0.031027613207697875 0.050447672605514526 0.08665286004543309
v -0.028790645301342017 0.050447676330804825 0.09663467109203343
v -0.029902294278144843 0.050447676330804825 0.07648557424545291
v -0.031027613207697875 0.050447672605514526 0.08665286004543309
v -0.030650990083813674 0.050447672605514526 0.09005571156740193
v -0.028790645301342017 0.050447676330804825 0.09663467109203343
v -0.030990069732069976 0.05005478486418724 0.09068610519170765
v -0.03145392611622811 -0.02560754306614399 0.09211704134941105
v -0.030047437176108367 0.05013468861579895 0.09430683404207234
v -0.02990229986608029 0.050447672605514526 0.0933964923024178
v -0.028790645301342017 0.050447676330804825 0.09663467109203343
v -0.030650990083813674 0.050447672605514526 0.09005571156740193
v -0.02990229986608029 0.050447672605514526 0.0933964923024178
v -0.030047437176108367 0.05013468861579895 0.09430683404207234
v -0.028790645301342017 0.050447676330804825 0.09663467109203343
v -0.02916663140058518 0.05013420805335045 0.09676926583051686
v -0.028790645301342017 0.050447676330804825 0.09663467109203343
v -0.030047437176108367 0.05013468861579895 0.09430683404207234
v -0.027675472199916847 0.05009862780570984 0.09998908638954167
v -0.027329513803124435 0.050447676330804825 0.0997308120131493
v -0.02916663140058518 0.05013420805335045 0.09676926583051686
v -0.02916663140058518 0.05013420805335045 0.09676926583051686
v -0.027329513803124435 0.050447676330804825 0.0997308120131493
v -0.028790645301342017 0.050447676330804825 0.09663467109203343
v -0.02916663140058518 0.05013420805335045 0.09676926583051686
v -0.029072409495711334 -0.02391814813017845 0.09899774193763737
v -0.027675472199916847 0.05009862780570984 0.09998908638954167
v -0.02916663140058518 0.05013420805335045 0.09676926583051686
v -0.030047437176108367 0.05013468861579895 0.09430683404207234
v -0.03019873052835465 -0.024563463404774666 0.09633567184209828
v -0.03019873052835465 -0.024563463404774666 0.09633567184209828
v -0.029072409495711334 -0.02391814813017845 0.09899774193763737
v -0.02916663140058518 0.05013420805335045 0.09676926583051686
v 0.03129441663622857 0.05010170489549637 0.08148356527090077
v 0.031395763158798225 0.002938175108283758 0.04994145408272745
v 0.030724368989467628 0.05012563243508339 0.07800095528364184
v 0.03129441663622857 0.05010170489549637 0.08148356527090077
v 0.031474646180868156 0.05009286105632782 0.08395884186029438
v 0.031395763158798225 0.002938175108283758 0.04994145408272745
v 0.030724368989467628 0.05012563243508339 0.07800095528364184
v 0.030885543674230583 0.05044770985841751 0.08152256906032566
v 0.03129441663622857 0.05010170489549637 0.08148356527090077
v 0.030885543674230583 0.05044770985841751 0.08152256906032566
v 0.031474646180868156 0.05009286105632782 0.08395884186029438
v 0.03129441663622857 0.05010170489549637 0.08148356527090077
v 0.026422485709190376 0.050118159502744675 0.06782951951026919
v 0.028317654505372054 0.050138700753450394 0.07116389274597171
v 0.03013232536613942 0.009209267795085907 0.049941450357437155
v 0.028317654505372054 0.050138700753450394 0.07116389274597171
v 0.029661051928997047 0.050134703516960144 0.0744171962141991
v 0.03013232536613942 0.009209267795085907 0.049941450357437155
v 0.030322032049298293 0.05044770985841751 0.07814566045999531
v 0.030724368989467628 0.05012563243508339 0.07800095528364184
v 0.029390446841716773 0.05044770985841751 0.07485114783048633
v 0.029390446841716773 0.05044770985841751 0.07485114783048633
v 0.030724368989467628 0.05012563243508339 0.07800095528364184
v 0.029661051928997047 0.050134703516960144 0.0744171962141991
v 0.00762801291421056 0.050447698682546616 0.05481740832328799
v -0.002566427923738957 0.05044769123196602 0.05397269129753115
v -0.009276508353650572 0.05044768750667572 0.055283401161432294
v 0.00762801291421056 0.050447698682546616 0.05481740832328799
v -0.028790645301342017 0.050447676330804825 0.09663467109203343
v 0.030322028324007995 0.05044770985841751 0.0917364284396172
v 0.030322028324007995 0.05044770985841751 0.0917364284396172
v 0.029390446841716773 0.05044770985841751 0.07485114783048633
v 0.00762801291421056 0.050447698682546616 0.05481740832328799
v 0.021793128922581676 0.050204187631607056 0.06238729879260066
v 0.019898103550076488 0.050053875893354416 0.06052747741341594
v 0.01965470984578133 0.050217125564813614 0.060537412762641934
v 0.021793128922581676 0.050204187631607056 0.06238729879260066
v 0.01965470984578133 0.050217125564813614 0.060537412762641934
v 0.019754456356167797 0.050447702407836914 0.06095410883426669
v 0.02227331139147282 0.05044770613312721 0.06327286362648013
v 0.021793128922581676 0.050204187631607056 0.06238729879260066
v 0.019754456356167797 0.050447702407836914 0.06095410883426669
v 0.02342004701495171 0.05013862997293472 0.06392476707696917
v 0.021793128922581676 0.050204187631607056 0.06238729879260066
v 0.02227331139147282 0.05044770613312721 0.06327286362648013
v 0.02227331139147282 0.05044770613312721 0.06327286362648013
v 0.00762801291421056 0.050447698682546616 0.05481740832328799
v 0.029390446841716773 0.05044770985841751 0.07485114783048633
v 0.024521799758076675 0.05044770613312721 0.06585468351840976
v 0.026472626253962524 0.05044770613312721 0.06866817921400073
v 0.026422485709190376 0.050118159502744675 0.06782951951026919
v 0.02227331139147282 0.05044770613312721 0.06327286362648013
v 0.024521799758076675 0.05044770613312721 0.06585468351840976
v 0.02342004701495171 0.05013862997293472 0.06392476707696917
v 0.024521799758076675 0.05044770613312721 0.06585468351840976
v 0.029390446841716773 0.05044770985841751 0.07485114783048633
v 0.026472626253962524 0.05044770613312721 0.06866817921400073
v 0.024521799758076675 0.05044770613312721 0.06585468351840976
v 0.02227331139147282 0.05044770613312721 0.06327286362648013
v 0.029390446841716773 0.05044770985841751 0.07485114783048633
v 0.030194649472832687 -0.03917568922042847 0.08352897316217427
v 0.029883207753300674 -0.039305634796619415 0.08049537241458897
v 0.03160184249281884 -0.031044812873005867 0.07913711667060856
v 0.029883207753300674 -0.039305634796619415 0.08049537241458897
v 0.029562450945377357 -0.03894529864192009 0.07835458219051365
v 0.031035268679261215 -0.03161196410655975 0.07669357955455783
v 0.029883207753300674 -0.039305634796619415 0.08049537241458897
v 0.031035268679261215 -0.03161196410655975 0.07669357955455783
v 0.03160184249281884 -0.031044812873005867 0.07913711667060856
v 0.029562450945377357 -0.03894529864192009 0.07835458219051365
v 0.029883207753300674 -0.039305634796619415 0.08049537241458897
v 0.02912814542651177 -0.04005445912480354 0.07780566066503528
v 0.02912814542651177 -0.04005445912480354 0.07780566066503528
v 0.030700961127877242 -0.007084633689373732 0.04994146898388865
v 0.029562450945377357 -0.03894529864192009 0.07835458219051365
v 0.029400637373328216 -0.009504570625722408 0.04994144290685656
v 0.026619695127010352 -0.016709821298718452 0.04994142055511477
v 0.03127299621701241 -0.00407493207603693 0.04994145408272745
v 0.03127299621701241 -0.00407493207603693 0.04994145408272745
v 0.030700961127877242 -0.007084633689373732 0.04994146898388865
v 0.029400637373328216 -0.009504570625722408 0.04994144290685656
v 0.029400637373328216 -0.009504570625722408 0.04994144290685656
v 0.030700961127877242 -0.007084633689373732 0.04994146898388865
v 0.026619695127010352 -0.016709821298718452 0.04994142055511477
v 0.02483909763395787 -0.040910374373197556 0.06863396614789966
v 0.023388691246509555 -0.04098564386367798 0.0666838884353638
v 0.026619695127010352 -0.016709821298718452 0.04994142055511477
v 0.024905888363718993 -0.04176553711295128 0.06960747390985492
v 0.023388691246509555 -0.04098564386367798 0.0666838884353638
v 0.02483909763395787 -0.040910374373197556 0.06863396614789966
v 0.02483909763395787 -0.040910374373197556 0.06863396614789966
v 0.026619695127010352 -0.016709821298718452 0.04994142055511477
v 0.02821898832917214 -0.013885614462196827 0.049941714853048345
v 0.024438947439193733 -0.019738763570785522 0.049941837787628195
v 0.022616192698478702 -0.02177034504711628 0.04994172975420954
v 0.026619695127010352 -0.016709821298718452 0.04994142055511477
v 0.015099144540727142 -0.04610445350408554 0.06891337782144549
v 0.019059814512729648 -0.04574532434344292 0.0728377774357796
v 0.01685600355267525 -0.04584389925003052 0.07191856205463412
v 0.012451071292161945 -0.045953940600156784 0.07072199136018756
v 0.015099144540727142 -0.04610445350408554 0.06891337782144549
v 0.01685600355267525 -0.04584389925003052 0.07191856205463412
v 0.015099144540727142 -0.04610445350408554 0.06891337782144549
v 0.012451071292161945 -0.045953940600156784 0.07072199136018756
v 0.004748747218400241 -0.04651644453406334 0.06416286528110507
v 0.023348409682512287 -0.044797345995903015 0.08392919600009922
v 0.01685600355267525 -0.04584389925003052 0.07191856205463412
v 0.019059814512729648 -0.04574532434344292 0.0728377774357796
v 0.023348409682512287 -0.044797345995903015 0.08392919600009922
v 0.012451071292161945 -0.045953940600156784 0.07072199136018756
v 0.01685600355267525 -0.04584389925003052 0.07191856205463412
v 0.015826145187020305 -0.045852962881326675 0.06693545728921893
v 0.016366520896553997 -0.04549338296055794 0.06586189568042758
v 0.020841618999838833 -0.04543785750865936 0.07253661751747134
v 0.024333199486136443 -0.04284311830997467 0.07018301635980609
v 0.023388691246509555 -0.04098564386367798 0.0666838884353638
v 0.024905888363718993 -0.04176553711295128 0.06960747390985492
v 0.01489263586699963 -0.027041753754019737 0.04994143545627596
v -0.00977576430886984 -0.029846929013729095 0.04994080588221552
v 0.016682690009474758 -0.026602409780025482 0.04994146525859835
v 0.003874274669215084 -0.030621841549873352 0.04994143173098566
v 0.004437352996319533 -0.031121814623475075 0.049941547214984915
v -0.00977576430886984 -0.029846929013729095 0.04994080588221552
v 0.003874274669215084 -0.030621841549873352 0.04994143173098566
v -0.00977576430886984 -0.029846929013729095 0.04994080588221552
v 0.007687716744840147 -0.0298943892121315 0.04994143545627596
v 0.003874274669215084 -0.030621841549873352 0.04994143173098566
v 0.007687716744840147 -0.0298943892121315 0.04994143545627596
v 0.004437352996319533 -0.031121814623475075 0.049941547214984915
v 0.01236427947878838 -0.04157120734453201 0.0581365302205086
v 0.016682690009474758 -0.026602409780025482 0.04994146525859835
v 0.013473584316670898 -0.0423312708735466 0.05917778611183169
v 0.01236427947878838 -0.04157120734453201 0.0581365302205086
v 0.009741702117025854 -0.04160613939166069 0.05708631500601771
v 0.016682690009474758 -0.026602409780025482 0.04994146525859835
v 0.013005988672375682 -0.028589114546775818 0.049942396581172964
v 0.01016565226018429 -0.029739035293459892 0.0499420650303364
v 0.016682690009474758 -0.026602409780025482 0.04994146525859835
v 0.007024358026683332 -0.041632309556007385 0.05628905817866328
v 0.01016565226018429 -0.029739035293459892 0.0499420650303364
v 0.013005988672375682 -0.028589114546775818 0.049942396581172964
v 0.013005988672375682 -0.028589114546775818 0.049942396581172964
v 0.016682690009474758 -0.026602409780025482 0.04994146525859835
v 0.009741702117025854 -0.04160613939166069 0.05708631500601771
v 0.013005988672375682 -0.028589114546775818 0.049942396581172964
v 0.009741702117025854 -0.04160613939166069 0.05708631500601771
v 0.007024358026683332 -0.041632309556007385 0.05628905817866328
v 0.004437352996319533 -0.031121814623475075 0.049941547214984915
v 0.007687716744840147 -0.0298943892121315 0.04994143545627596
v 0.0113799124956131 -0.02869471348822117 0.04994143545627596
v 0.0113799124956131 -0.02869471348822117 0.04994143545627596
v 0.01016565226018429 -0.029739035293459892 0.0499420650303364
v 0.004437352996319533 -0.031121814623475075 0.049941547214984915
v 0.016682690009474758 -0.026602409780025482 0.04994146525859835
v 0.01016565226018429 -0.029739035293459892 0.0499420650303364
v 0.0113799124956131 -0.02869471348822117 0.04994143545627596
v 0.0113799124956131 -0.02869471348822117 0.04994143545627596
v 0.01489263586699963 -0.027041753754019737 0.04994143545627596
v 0.016682690009474758 -0.026602409780025482 0.04994146525859835
v 0.0113799124956131 -0.02869471348822117 0.04994143545627596
v 0.007687716744840147 -0.0298943892121315 0.04994143545627596
v -0.00977576430886984 -0.029846929013729095 0.04994080588221552
v 0.0113799124956131 -0.02869471348822117 0.04994143545627596
v -0.00977576430886984 -0.029846929013729095 0.04994080588221552
v 0.01489263586699963 -0.027041753754019737 0.04994143545627596
v 0.006820383947342636 -0.03065660037100315 0.049942005425691625
v 0.004437352996319533 -0.031121814623475075 0.049941547214984915
v 0.01016565226018429 -0.029739035293459892 0.0499420650303364
v 0.0034874193370342263 -0.042049214243888855 0.05589380487799647
v 0.006820383947342636 -0.03065660037100315 0.049942005425691625
v 0.01016565226018429 -0.029739035293459892 0.0499420650303364
v 0.018772613257169727 -0.04318938031792641 0.06376781314611438
v 0.023388691246509555 -0.04098564386367798 0.0666838884353638
v 0.024333199486136443 -0.04284311830997467 0.07018301635980609
v 0.013780575245618824 -0.04572336748242378 0.06434074789285663
v 0.015826145187020305 -0.045852962881326675 0.06693545728921893
v 0.012765082530677322 -0.04616966471076012 0.06568280607461932
v 0.015826145187020305 -0.045852962881326675 0.06693545728921893
v 0.013780575245618824 -0.04572336748242378 0.06434074789285663
v 0.016366520896553997 -0.04549338296055794 0.06586189568042758
v 0.013780575245618824 -0.04572336748242378 0.06434074789285663
v 0.0171204898506403 -0.04483339190483093 0.06477002054452899
v 0.016366520896553997 -0.04549338296055794 0.06586189568042758
v 0.013780575245618824 -0.04572336748242378 0.06434074789285663
v 0.013344576582312587 -0.04495066776871681 0.06213027983903888
v 0.0171204898506403 -0.04483339190483093 0.06477002054452899
v -0.010775751434266569 -0.0452837236225605 0.061347048729658155
v -0.01330581866204739 -0.04442008212208748 0.06125016137957576
v -0.010328954085707666 -0.044750507920980453 0.06021847203373912
v -0.03196289762854577 -0.028836611658334732 0.08855519443750386
v -0.030063446611166007 -0.03903793543577194 0.08813136816024784
v -0.029876150190830238 -0.03801969066262245 0.09067747741937641
v -0.029876150190830238 -0.03801969066262245 0.09067747741937641
v -0.030063446611166007 -0.03903793543577194 0.08813136816024784
v -0.029543921351432807 -0.03918202221393585 0.09109230339527134
v -0.029543921351432807 -0.03918202221393585 0.09109230339527134
v -0.030063446611166007 -0.03903793543577194 0.08813136816024784
v -0.029555024579167373 -0.04016859829425812 0.088962234556675
v -0.018965190276503566 -0.020945336669683456 0.111101545393467
v -0.016182841733098034 -0.020502544939517975 0.11290302872657781
v -0.01807159557938576 0.05011584609746933 0.110741637647152
v -0.018965190276503566 -0.020945336669683456 0.111101545393467
v -0.017577150836586956 -0.023203618824481964 0.11198115348815924
v -0.016182841733098034 -0.020502544939517975 0.11290302872657781
v -0.021046498790383342 0.05044768005609512 0.10780329257249836
v -0.027329513803124435 0.050447676330804825 0.0997308120131493
v -0.025536650791764266 0.050447676330804825 0.10264746099710469
v -0.027329513803124435 0.050447676330804825 0.0997308120131493
v -0.021046498790383342 0.05044768005609512 0.10780329257249836
v -0.028790645301342017 0.050447676330804825 0.09663467109203343
v -0.021046498790383342 0.05044768005609512 0.10780329257249836
v -0.01840373314917088 0.05044768005609512 0.10997976362705236
v -0.012482814490795139 0.05044768378138542 0.11339821666479116
v -0.021046498790383342 0.05044768005609512 0.10780329257249836
v -0.0059576444327831286 0.05044768750667572 0.11543909460306173
v -3.387622768968868e-07 0.05044769123196602 0.11644058674573904
v -0.012482814490795139 0.05044768378138542 0.11339821666479116
v -0.0059576444327831286 0.05044768750667572 0.11543909460306173
v -0.021046498790383342 0.05044768005609512 0.10780329257249836
v -3.387622768968868e-07 0.05044769123196602 0.11644058674573904
v 0.030322028324007995 0.05044770985841751 0.0917364284396172
v -0.021046498790383342 0.05044768005609512 0.10780329257249836
v -0.021046498790383342 0.05044768005609512 0.10780329257249836
v 0.030322028324007995 0.05044770985841751 0.0917364284396172
v -0.028790645301342017 0.050447676330804825 0.09663467109203343
v -0.025753056630492217 0.05013466998934746 0.10303375869989399
v -0.025536650791764266 0.050447676330804825 0.10264746099710469
v -0.027043839916586883 0.05020414665341377 0.10082408040761952
v -0.025753056630492217 0.05013466998934746 0.10303375869989399
v -0.027043839916586883 0.05020414665341377 0.10082408040761952
v -0.027675472199916847 0.05009862780570984 0.09998908638954167
v -0.013862526044249538 -0.04308638721704483 0.0600196644663811
v -0.01418049912899733 -0.04153316095471382 0.05904894322156909
v -0.012103291228413585 -0.04309467226266861 0.0591232664883137
v -0.01591266877949238 -0.043059609830379486 0.06128942221403125
v -0.016625287011265758 -0.04152132198214531 0.06055674329400065
v -0.013862526044249538 -0.04308638721704483 0.0600196644663811
v -0.013862526044249538 -0.04308638721704483 0.0600196644663811
v -0.016625287011265758 -0.04152132198214531 0.06055674329400065
v -0.01418049912899733 -0.04153316095471382 0.05904894322156909
v -0.013862526044249538 -0.04308638721704483 0.0600196644663811
v -0.01330581866204739 -0.04442008212208748 0.06125016137957576
v -0.01591266877949238 -0.043059609830379486 0.06128942221403125
v -0.010251241736114027 -0.04240623861551285 0.057773903012275724
v -0.012103291228413585 -0.04309467226266861 0.0591232664883137
v -0.012193805538117889 -0.04159940406680107 0.05809514969587329
v -0.010251241736114027 -0.04240623861551285 0.057773903012275724
v -0.007631644140928985 -0.04162945970892906 0.05645434185862544
v -0.0075210528448224085 -0.043201301246881485 0.05748509243130687
v -0.010251241736114027 -0.04240623861551285 0.057773903012275724
v -0.01505668926984072 -0.027571940794587135 0.04994311183691027
v -0.007631644140928985 -0.04162945970892906 0.05645434185862544
v -0.010251241736114027 -0.04240623861551285 0.057773903012275724
v -0.012193805538117889 -0.04159940406680107 0.05809514969587329
v -0.018638649955391887 -0.02525193616747856 0.049941424280405065
v -0.01505668926984072 -0.027571940794587135 0.04994311183691027
v -0.010251241736114027 -0.04240623861551285 0.057773903012275724
v -0.018638649955391887 -0.02525193616747856 0.049941424280405065
v -0.01563292741775513 -0.044289663434028625 0.06259750574827197
v -0.01591266877949238 -0.043059609830379486 0.06128942221403125
v -0.01330581866204739 -0.04442008212208748 0.06125016137957576
v -0.01563292741775513 -0.044289663434028625 0.06259750574827197
v -0.017433546483516697 -0.04296080395579338 0.062308009713888196
v -0.01591266877949238 -0.043059609830379486 0.06128942221403125
v -0.01416378747671843 -0.04532917961478233 0.06348332017660144
v -0.01758142560720444 -0.044455233961343765 0.06448510289192202
v -0.01563292741775513 -0.044289663434028625 0.06259750574827197
v -0.01416378747671843 -0.04532917961478233 0.06348332017660144
v -0.01330581866204739 -0.04442008212208748 0.06125016137957576
v -0.010775751434266569 -0.0452837236225605 0.061347048729658155
v -0.01416378747671843 -0.04532917961478233 0.06348332017660144
v -0.01563292741775513 -0.044289663434028625 0.06259750574827197
v -0.01330581866204739 -0.04442008212208748 0.06125016137957576
v -0.006291697733104231 -0.030794112011790276 0.0499418191611767
v -0.00977576430886984 -0.029846929013729095 0.04994080588221552
v -0.0023930964525789027 -0.03136572614312172 0.049941521137952825
v -0.012444940395653251 -0.028838912025094032 0.049943145364522955
v -0.01505668926984072 -0.027571940794587135 0.04994311183691027
v -0.00977576430886984 -0.029846929013729095 0.04994080588221552
v -0.012444940395653251 -0.028838912025094032 0.049943145364522955
v -0.00977576430886984 -0.029846929013729095 0.04994080588221552
v -0.007631644140928985 -0.04162945970892906 0.05645434185862544
v -0.012444940395653251 -0.028838912025094032 0.049943145364522955
v -0.007631644140928985 -0.04162945970892906 0.05645434185862544
v -0.01505668926984072 -0.027571940794587135 0.04994311183691027
v -0.018081838265061382 -0.043856505304574966 0.0639554709196091
v -0.01892505213618279 -0.04272569343447685 0.06334701180458072
v -0.017433546483516697 -0.04296080395579338 0.062308009713888196
v -0.01892505213618279 -0.04272569343447685 0.06334701180458072
v -0.018081838265061382 -0.043856505304574966 0.0639554709196091
v -0.01867594197392464 -0.04338758438825607 0.06395476311445239
v -0.017433546483516697 -0.04296080395579338 0.062308009713888196
v -0.01563292741775513 -0.044289663434028625 0.06259750574827197
v -0.018081838265061382 -0.043856505304574966 0.0639554709196091
v -0.018081838265061382 -0.043856505304574966 0.0639554709196091
v -0.01563292741775513 -0.044289663434028625 0.06259750574827197
v -0.01758142560720444 -0.044455233961343765 0.06448510289192202
v -0.007321050856262447 -0.04645839333534241 0.06483689695596698
v -0.011818018741905693 -0.046294305473566055 0.06612897664308551
v -0.007789429277181627 -0.04636795073747635 0.06340241432189944
v -0.007789429277181627 -0.04636795073747635 0.06340241432189944
v -0.012407815083861354 -0.0460207499563694 0.06439475715160373
v -0.008197228424251081 -0.04608532413840294 0.06224836409091952
v -0.007789429277181627 -0.04636795073747635 0.06340241432189944
v -0.011818018741905693 -0.046294305473566055 0.06612897664308551
v -0.012407815083861354 -0.0460207499563694 0.06439475715160373
v -0.018403716385364536 0.05044768378138542 0.059902358800172834
v -0.009276508353650572 0.05044768750667572 0.055283401161432294
v -0.015537556260824207 0.05044768378138542 0.05802976712584498
v -0.018403716385364536 0.05044768378138542 0.059902358800172834
v 0.00762801291421056 0.050447698682546616 0.05481740832328799
v -0.009276508353650572 0.05044768750667572 0.055283401161432294
v -0.018403716385364536 0.05044768378138542 0.059902358800172834
v -0.023433784022927288 0.05044768005609512 0.06453278660774234
v -0.029902294278144843 0.050447676330804825 0.07648557424545291
v -0.028790645301342017 0.050447676330804825 0.09663467109203343
v -0.018403716385364536 0.05044768378138542 0.059902358800172834
v -0.029902294278144843 0.050447676330804825 0.07648557424545291
v 0.00762801291421056 0.050447698682546616 0.05481740832328799
v -0.018403716385364536 0.05044768378138542 0.059902358800172834
v -0.028790645301342017 0.050447676330804825 0.09663467109203343
v -0.021335517987608913 0.05010208487510681 0.06175521388649943
v -0.023990957066416747 0.050101712346076965 0.06455074250698092
v -0.023433784022927288 0.05044768005609512 0.06453278660774234
v -0.030650986358523376 0.050447672605514526 0.07982635498046879
v -0.031027613207697875 0.050447672605514526 0.08322920650243763
v -0.029902294278144843 0.050447676330804825 0.07648557424545291
v -0.03148365020751954 0.044294573366642 0.08618712425231938
v -0.032214283943176276 -0.027154766023159027 0.08587308973073964
v -0.03140561282634736 0.050101667642593384 0.08718246966600422
v -0.03214101493358613 -0.027972351759672165 0.08282133191823964
v -0.03215194866061211 -0.029863908886909485 0.0840622335672379
v -0.032214283943176276 -0.027154766023159027 0.08587308973073964
v -0.031027613207697875 0.050447672605514526 0.08322920650243763
v -0.030650986358523376 0.050447672605514526 0.07982635498046879
v -0.0314626768231392 0.05011064559221268 0.08335633575916294
v -0.03140561282634736 0.050101667642593384 0.08718246966600422
v -0.031027613207697875 0.050447672605514526 0.08665286004543309
v -0.0314626768231392 0.05011064559221268 0.08335633575916294
v -0.0314626768231392 0.05011064559221268 0.08335633575916294
v -0.031027613207697875 0.050447672605514526 0.08665286004543309
v -0.031027613207697875 0.050447672605514526 0.08322920650243763
v -0.0314626768231392 0.05011064559221268 0.08335633575916294
v -0.03148365020751954 0.044294573366642 0.08618712425231938
v -0.03140561282634736 0.050101667642593384 0.08718246966600422
v -0.032214283943176276 -0.027154766023159027 0.08587308973073964
v -0.03148365020751954 0.044294573366642 0.08618712425231938
v -0.0314626768231392 0.05011064559221268 0.08335633575916294
v -0.03172238916158677 -0.030952703207731247 0.08004280179739003
v -0.03009471110999585 -0.03918914869427681 0.08207594603300099
v -0.03198118507862092 -0.030413631349802017 0.08175471425056462
v -0.029160689562559135 -0.01188322901725769 0.04994143173098566
v -0.028370082378387458 -0.03978944197297096 0.07490040361881259
v -0.03073458746075631 -0.006982775870710611 0.04994152858853342
v -0.005957624409347774 0.05044768750667572 0.05444289371371271
v -0.009276508353650572 0.05044768750667572 0.055283401161432294
v -0.002566427923738957 0.05044769123196602 0.05397269129753115
v -0.006252027582377197 0.05013881251215935 0.054077286273241064
v -0.005957624409347774 0.05044768750667572 0.05444289371371271
v -0.002566427923738957 0.05044769123196602 0.05397269129753115
v -0.005957624409347774 0.05044768750667572 0.05444289371371271
v -0.006252027582377197 0.05013881251215935 0.054077286273241064
v -0.009276508353650572 0.05044768750667572 0.055283401161432294
v 0.017643468454480175 0.05010167509317398 0.11101806908845907
v 0.02048350311815739 0.05010702833533287 0.10887889564037327
v 0.019754441455006603 0.050447702407836914 0.1089279875159264
v 0.017643468454480175 0.05010167509317398 0.11101806908845907
v 0.019754441455006603 0.050447702407836914 0.1089279875159264
v 0.016995787620544437 0.050447698682546616 0.11095556616783148
v 0.021961171180009845 0.050200436264276505 0.10732491314411167
v 0.02048350311815739 0.05010702833533287 0.10887889564037327
v 0.023181553930044178 0.05010172724723816 0.106246329843998
v 0.021961171180009845 0.050200436264276505 0.10732491314411167
v 0.022273296490311626 0.050447702407836914 0.10660912096500401
v 0.02048350311815739 0.05010702833533287 0.10887889564037327
v 0.023181553930044178 0.05010172724723816 0.106246329843998
v 0.022273296490311626 0.050447702407836914 0.10660912096500401
v 0.021961171180009845 0.050200436264276505 0.10732491314411167
v 0.004267850425094367 0.05044769123196602 0.11572100222110754
v 0.0076279928907752054 0.05044769495725632 0.11506470292806631
v -3.387622768968868e-07 0.05044769123196602 0.11644058674573904
v 0.004267850425094367 0.05044769123196602 0.11572100222110754
v 0.006544993724673988 0.05008509010076523 0.11574299633502966
v 0.0076279928907752054 0.05044769495725632 0.11506470292806631
v 0.004267850425094367 0.05044769123196602 0.11572100222110754
v -3.387622768968868e-07 0.05044769123196602 0.11644058674573904
v 0.004149514716118575 0.05010123550891876 0.11615178734064108
v 0.004267850425094367 0.05044769123196602 0.11572100222110754
v 0.004149514716118575 0.05010123550891876 0.11615178734064108
v 0.006544993724673988 0.05008509010076523 0.11574299633502966
v 0.0016073147999122743 0.050118133425712585 0.11637958884239202
v 0.004149514716118575 0.05010123550891876 0.11615178734064108
v -3.387622768968868e-07 0.05044769123196602 0.11644058674573904
v 0.004149514716118575 0.05010123550891876 0.11615178734064108
v 0.0016073147999122743 0.050118133425712585 0.11637958884239202
v 0.002752093365415931 -0.019448282197117805 0.11712933331727987
v 0.002752093365415931 -0.019448282197117805 0.11712933331727987
v -3.387622768968868e-07 0.05044769123196602 0.11644058674573904
v 0.0014902444090694193 -0.01932600326836109 0.11717768013477331
v 0.002752093365415931 -0.019448282197117805 0.11712933331727987
v 0.0016073147999122743 0.050118133425712585 0.11637958884239202
v -3.387622768968868e-07 0.05044769123196602 0.11644058674573904
v 0.010078703053295614 0.050110653042793274 0.11478240787982946
v 0.0076279928907752054 0.05044769495725632 0.11506470292806631
v 0.006544993724673988 0.05008509010076523 0.11574299633502966
v 0.031074140220880515 0.05044770985841751 0.08494104444980626
v 0.030885541811585433 0.05044770985841751 0.08835951983928685
v 0.03137751296162606 0.05010192468762398 0.08778711408376698
v 0.03137751296162606 0.05010192468762398 0.08778711408376698
v 0.030885541811585433 0.05044770985841751 0.08835951983928685
v 0.03091805055737496 0.05020478367805481 0.09001918882131581
v 0.03137751296162606 0.05010192468762398 0.08778711408376698
v 0.03213628008961678 -0.02674824185669422 0.0875141024589539
v 0.03222354501485825 -0.027546169236302376 0.08444066345691685
v 0.03222354501485825 -0.027546169236302376 0.08444066345691685
v 0.031474646180868156 0.05009286105632782 0.08395884186029438
v 0.03137751296162606 0.05010192468762398 0.08778711408376698
v 0.031782269477844245 -0.02604091539978981 0.09044430404901509
v 0.03213628008961678 -0.02674824185669422 0.0875141024589539
v 0.03137751296162606 0.05010192468762398 0.08778711408376698
v 0.024809516966342933 0.0500691793859005 0.10433915257453923
v 0.023181553930044178 0.05010172724723816 0.106246329843998
v 0.024655183777213104 -0.02223631925880909 0.10580983757972721
v 0.02809493243694306 0.05008980259299278 0.09919417649507527
v 0.02647261507809163 0.05044770613312721 0.10121389478445057
v 0.026243738830089576 0.050101231783628464 0.10233598202466969
v 0.0321464166045189 -0.029631558805704117 0.08524477481842045
v 0.0320795699954033 -0.030055347830057144 0.08236805349588398
v 0.03222354501485825 -0.027546169236302376 0.08444066345691685
v 0.03222354501485825 -0.027546169236302376 0.08444066345691685
v 0.0321093536913395 -0.02920919843018055 0.08688355237245564
v 0.0321464166045189 -0.029631558805704117 0.08524477481842045
v 0.031948279589414603 -0.028766682371497154 0.0887551456689835
v 0.03213628008961678 -0.02674824185669422 0.0875141024589539
v 0.031782269477844245 -0.02604091539978981 0.09044430404901509
v 0.031948279589414603 -0.028766682371497154 0.0887551456689835
v 0.0321093536913395 -0.02920919843018055 0.08688355237245564
v 0.03213628008961678 -0.02674824185669422 0.0875141024589539
v -0.010334151796996595 -0.019841358065605164 0.11555533111095434
v -0.008924611844122412 -0.01963314600288868 0.1159567460417748
v -0.00923630502074957 0.05011282488703728 0.11505642533302313
v -0.008924611844122412 -0.01963314600288868 0.1159567460417748
v -0.007269772235304119 -0.019626760855317116 0.11642217636108404
v -0.00923630502074957 0.05011282488703728 0.11505642533302313
v -0.008924611844122412 -0.01963314600288868 0.1159567460417748
v -0.010334151796996595 -0.019841358065605164 0.11555533111095434
v -0.007898138836026193 -0.022187918424606323 0.11620867252349859
v -0.007898138836026193 -0.022187918424606323 0.11620867252349859
v -0.007269772235304119 -0.019626760855317116 0.11642217636108404
v -0.008924611844122412 -0.01963314600288868 0.1159567460417748
v -0.002215323736891151 0.05008639022707939 0.11637470126152044
v -3.387622768968868e-07 0.05044769123196602 0.11644058674573904
v -0.00563569599762559 0.05006951466202736 0.11592569202184683
v -0.030990069732069976 0.05005478486418724 0.09068610519170765
v -0.031105244532227523 0.050203587859869 0.08893513679504399
v -0.03140561282634736 0.050101667642593384 0.08718246966600422
v -0.031105244532227523 0.050203587859869 0.08893513679504399
v -0.030990069732069976 0.05005478486418724 0.09068610519170765
v -0.030650990083813674 0.050447672605514526 0.09005571156740193
v -0.031105244532227523 0.050203587859869 0.08893513679504399
v -0.031027613207697875 0.050447672605514526 0.08665286004543309
v -0.03140561282634736 0.050101667642593384 0.08718246966600422
v -0.031105244532227523 0.050203587859869 0.08893513679504399
v -0.030650990083813674 0.050447672605514526 0.09005571156740193
v -0.031027613207697875 0.050447672605514526 0.08665286004543309
v -0.030666125938296325 -0.024862097576260567 0.0949172899127007
v -0.03019873052835465 -0.024563463404774666 0.09633567184209828
v -0.030047437176108367 0.05013468861579895 0.09430683404207234
v -0.030666125938296325 -0.024862097576260567 0.0949172899127007
v -0.030047437176108367 0.05013468861579895 0.09430683404207234
v -0.03145392611622811 -0.02560754306614399 0.09211704134941105
v -0.032000448554754264 -0.026420144364237785 0.0889472290873528
v -0.03145392611622811 -0.02560754306614399 0.09211704134941105
v -0.030990069732069976 0.05005478486418724 0.09068610519170765
v -0.032000448554754264 -0.026420144364237785 0.0889472290873528
v -0.03140561282634736 0.050101667642593384 0.08718246966600422
v -0.032214283943176276 -0.027154766023159027 0.08587308973073964
v -0.032000448554754264 -0.026420144364237785 0.0889472290873528
v -0.030990069732069976 0.05005478486418724 0.09068610519170765
v -0.03140561282634736 0.050101667642593384 0.08718246966600422
v -0.030666125938296325 -0.024862097576260567 0.0949172899127007
v -0.03046523220837117 -0.027175117284059525 0.0953883454203606
v -0.03019873052835465 -0.024563463404774666 0.09633567184209828
v -0.030483432114124305 0.05020243674516678 0.09227201342582707
v -0.030990069732069976 0.05005478486418724 0.09068610519170765
v -0.030047437176108367 0.05013468861579895 0.09430683404207234
v -0.030047437176108367 0.05013468861579895 0.09430683404207234
v -0.02990229986608029 0.050447672605514526 0.0933964923024178
v -0.030483432114124305 0.05020243674516678 0.09227201342582707
v -0.030990069732069976 0.05005478486418724 0.09068610519170765
v -0.030483432114124305 0.05020243674516678 0.09227201342582707
v -0.030650990083813674 0.050447672605514526 0.09005571156740193
v -0.030483432114124305 0.05020243674516678 0.09227201342582707
v -0.02990229986608029 0.050447672605514526 0.0933964923024178
v -0.030650990083813674 0.050447672605514526 0.09005571156740193
v 0.02746704407036305 0.015388287603855133 0.04994159936904909
v 0.02342004701495171 0.05013862997293472 0.06392476707696917
v 0.028924372047185905 0.012481536716222763 0.04994149133563044
v 0.026422485709190376 0.050118159502744675 0.06782951951026919
v 0.03013232536613942 0.009209267795085907 0.049941450357437155
v 0.028924372047185905 0.012481536716222763 0.04994149133563044
v 0.030994003638625152 0.005865809973329306 0.049941446632146856
v 0.03013232536613942 0.009209267795085907 0.049941450357437155
v 0.029661051928997047 0.050134703516960144 0.0744171962141991
v 0.030724368989467628 0.05012563243508339 0.07800095528364184
v 0.031395763158798225 0.002938175108283758 0.04994145408272745
v 0.030994003638625152 0.005865809973329306 0.049941446632146856
v 0.030994003638625152 0.005865809973329306 0.049941446632146856
v 0.029661051928997047 0.050134703516960144 0.0744171962141991
v 0.030724368989467628 0.05012563243508339 0.07800095528364184
v 0.031492549926042564 -0.000694543996360153 0.049941450357437155
v 0.030994003638625152 0.005865809973329306 0.049941446632146856
v 0.031395763158798225 0.002938175108283758 0.04994145408272745
v 0.030994003638625152 0.005865809973329306 0.049941446632146856
v 0.031492549926042564 -0.000694543996360153 0.049941450357437155
v -0.00977576430886984 -0.029846929013729095 0.04994080588221552
v 0.028102092444896705 0.05044770613312721 0.07167919725179675
v 0.029661051928997047 0.050134703516960144 0.0744171962141991
v 0.028317654505372054 0.050138700753450394 0.07116389274597171
v 0.028102092444896705 0.05044770613312721 0.07167919725179675
v 0.029390446841716773 0.05044770985841751 0.07485114783048633
v 0.029661051928997047 0.050134703516960144 0.0744171962141991
v 0.028317654505372054 0.050138700753450394 0.07116389274597171
v 0.026472626253962524 0.05044770613312721 0.06866817921400073
v 0.028102092444896705 0.05044770613312721 0.07167919725179675
v 0.028102092444896705 0.05044770613312721 0.07167919725179675
v 0.026472626253962524 0.05044770613312721 0.06866817921400073
v 0.029390446841716773 0.05044770985841751 0.07485114783048633
v 0.02746704407036305 0.015388287603855133 0.04994159936904909
v 0.017900450155138973 0.05010121688246727 0.05903934314846995
v 0.019898103550076488 0.050053875893354416 0.06052747741341594
v 0.017900450155138973 0.05010121688246727 0.05903934314846995
v 0.01965470984578133 0.050217125564813614 0.060537412762641934
v 0.019898103550076488 0.050053875893354416 0.06052747741341594
v 0.019754456356167797 0.050447702407836914 0.06095410883426669
v 0.01965470984578133 0.050217125564813614 0.060537412762641934
v 0.017900450155138973 0.05010121688246727 0.05903934314846995
v 0.0069125262089073675 0.05013466626405716 0.05423661321401598
v 0.00762801291421056 0.050447698682546616 0.05481740832328799
v 0.010613208636641504 0.050114694982767105 0.055282186716794995
v 0.010613208636641504 0.050114694982767105 0.055282186716794995
v 0.020300166681408886 0.02403641678392887 0.04994143918156626
v 0.0069125262089073675 0.05013466626405716 0.05423661321401598
v -0.0062967543490231054 0.030880609527230263 0.04994190111756327
v -0.010058709420263769 0.02987607941031456 0.049942344427108785
v -0.001619519898667932 0.050103068351745605 0.05348061025142672
v 0.021730110049247745 0.05005376413464546 0.06214283406734469
v 0.02746704407036305 0.015388287603855133 0.04994159936904909
v 0.019898103550076488 0.050053875893354416 0.06052747741341594
v 0.021730110049247745 0.05005376413464546 0.06214283406734469
v 0.019898103550076488 0.050053875893354416 0.06052747741341594
v 0.021793128922581676 0.050204187631607056 0.06238729879260066
v 0.021730110049247745 0.05005376413464546 0.06214283406734469
v 0.02342004701495171 0.05013862997293472 0.06392476707696917
v 0.02746704407036305 0.015388287603855133 0.04994159936904909
v 0.021730110049247745 0.05005376413464546 0.06214283406734469
v 0.021793128922581676 0.050204187631607056 0.06238729879260066
v 0.02342004701495171 0.05013862997293472 0.06392476707696917
v 0.029557442292571075 -0.04029429331421852 0.08074136078357701
v 0.029883207753300674 -0.039305634796619415 0.08049537241458897
v 0.030194649472832687 -0.03917568922042847 0.08352897316217427
v 0.029557442292571075 -0.04029429331421852 0.08074136078357701
v 0.02912814542651177 -0.04005445912480354 0.07780566066503528
v 0.029883207753300674 -0.039305634796619415 0.08049537241458897
v 0.029349904507398612 -0.04102161154150963 0.08667962998151783
v 0.029336042702198036 -0.04118834808468819 0.0837858691811562
v 0.02979820221662522 -0.0401068739593029 0.08708309382200245
v 0.029349904507398612 -0.04102161154150963 0.08667962998151783
v 0.02867869287729264 -0.04193093627691269 0.08673112839460377
v 0.029336042702198036 -0.04118834808468819 0.0837858691811562
v 0.027868561446666724 -0.042655907571315765 0.07982429116964344
v 0.026995835825800903 -0.043446965515613556 0.08001890778541569
v 0.02660015597939492 -0.043386392295360565 0.07730751484632495
v 0.02741427533328534 -0.04250911995768547 0.07697075605392459
v 0.027868561446666724 -0.042655907571315765 0.07982429116964344
v 0.02660015597939492 -0.043386392295360565 0.07730751484632495
v 0.028308300301432616 -0.042476240545511246 0.08261720836162571
v 0.029049824923276908 -0.041315432637929916 0.08086068928241734
v 0.029336042702198036 -0.04118834808468819 0.0837858691811562
v 0.028308300301432616 -0.042476240545511246 0.08261720836162571
v 0.027868561446666724 -0.042655907571315765 0.07982429116964344
v 0.029049824923276908 -0.041315432637929916 0.08086068928241734
v 0.028308300301432616 -0.042476240545511246 0.08261720836162571
v 0.026995835825800903 -0.043446965515613556 0.08001890778541569
v 0.027868561446666724 -0.042655907571315765 0.07982429116964344
v 0.02847369387745858 -0.04145728796720505 0.07802447676658633
v 0.027617055922746665 -0.04160754755139351 0.07527079433202746
v 0.02912814542651177 -0.04005445912480354 0.07780566066503528
v 0.02847369387745858 -0.04145728796720505 0.07802447676658633
v 0.02741427533328534 -0.04250911995768547 0.07697075605392459
v 0.027617055922746665 -0.04160754755139351 0.07527079433202746
v 0.02847369387745858 -0.04145728796720505 0.07802447676658633
v 0.029557442292571075 -0.04029429331421852 0.08074136078357701
v 0.029049824923276908 -0.041315432637929916 0.08086068928241734
v 0.02847369387745858 -0.04145728796720505 0.07802447676658633
v 0.02912814542651177 -0.04005445912480354 0.07780566066503528
v 0.029557442292571075 -0.04029429331421852 0.08074136078357701
v 0.027868561446666724 -0.042655907571315765 0.07982429116964344
v 0.02847369387745858 -0.04145728796720505 0.07802447676658633
v 0.029049824923276908 -0.041315432637929916 0.08086068928241734
v 0.02847369387745858 -0.04145728796720505 0.07802447676658633
v 0.027868561446666724 -0.042655907571315765 0.07982429116964344
v 0.02741427533328534 -0.04250911995768547 0.07697075605392459
v 0.028266930952668197 -0.040169671177864075 0.07497373223304751
v 0.02912814542651177 -0.04005445912480354 0.07780566066503528
v 0.027617055922746665 -0.04160754755139351 0.07527079433202746
v 0.029656920582056052 -0.01054319180548191 0.04994150251150133
v 0.030700961127877242 -0.007084633689373732 0.04994146898388865
v 0.028266930952668197 -0.040169671177864075 0.07497373223304751
v 0.028266930952668197 -0.040169671177864075 0.07497373223304751
v 0.030700961127877242 -0.007084633689373732 0.04994146898388865
v 0.02912814542651177 -0.04005445912480354 0.07780566066503528
v 0.015099144540727142 -0.04610445350408554 0.06891337782144549
v 0.009075461886823179 -0.04640011861920357 0.06475429236888888
v 0.012765082530677322 -0.04616966471076012 0.06568280607461932
v 0.009075461886823179 -0.04640011861920357 0.06475429236888888
v 0.015099144540727142 -0.04610445350408554 0.06891337782144549
v 0.004748747218400241 -0.04651644453406334 0.06416286528110507
v 0.01860863715410233 -0.043214548379182816 0.10173113644123082
v 0.014902835711836818 -0.04279483109712601 0.10585383325815205
v 0.010667173191905023 -0.04267185926437378 0.1080362126231194
v 0.02186008729040623 -0.045348916202783585 0.07689352333545688
v 0.019059814512729648 -0.04574532434344292 0.0728377774357796
v 0.020841618999838833 -0.04543785750865936 0.07253661751747134
v 0.02186008729040623 -0.045348916202783585 0.07689352333545688
v 0.023348409682512287 -0.044797345995903015 0.08392919600009922
v 0.019059814512729648 -0.04574532434344292 0.0728377774357796
v 0.020841618999838833 -0.04543785750865936 0.07253661751747134
v 0.019059814512729648 -0.04574532434344292 0.0728377774357796
v 0.015394001267850402 -0.04605579376220703 0.0680903419852257
v 0.015394001267850402 -0.04605579376220703 0.0680903419852257
v 0.015826145187020305 -0.045852962881326675 0.06693545728921893
v 0.020841618999838833 -0.04543785750865936 0.07253661751747134
v 0.019059814512729648 -0.04574532434344292 0.0728377774357796
v 0.015099144540727142 -0.04610445350408554 0.06891337782144549
v 0.015394001267850402 -0.04605579376220703 0.0680903419852257
v 0.015394001267850402 -0.04605579376220703 0.0680903419852257
v 0.015099144540727142 -0.04610445350408554 0.06891337782144549
v 0.012765082530677322 -0.04616966471076012 0.06568280607461932
v 0.015394001267850402 -0.04605579376220703 0.0680903419852257
v 0.012765082530677322 -0.04616966471076012 0.06568280607461932
v 0.015826145187020305 -0.045852962881326675 0.06693545728921893
v 0.02199226245284081 -0.04498434066772461 0.07195570319890979
v 0.023246370255947117 -0.044924572110176086 0.07468828558921817
v 0.020841618999838833 -0.04543785750865936 0.07253661751747134
v 0.02199226245284081 -0.04498434066772461 0.07195570319890979
v 0.020841618999838833 -0.04543785750865936 0.07253661751747134
v 0.016366520896553997 -0.04549338296055794 0.06586189568042758
v 0.00109552254434675 -0.031442008912563324 0.04994163662195208
v -0.0023930964525789027 -0.03136572614312172 0.049941521137952825
v 0.004437352996319533 -0.031121814623475075 0.049941547214984915
v 0.004437352996319533 -0.031121814623475075 0.049941547214984915
v 0.0007019251352176071 -0.03751722350716591 0.05314983427524569
v 0.00109552254434675 -0.031442008912563324 0.04994163662195208
v 0.00109552254434675 -0.031442008912563324 0.04994163662195208
v 0.0007019251352176071 -0.03751722350716591 0.05314983427524569
v -0.0023930964525789027 -0.03136572614312172 0.049941521137952825
v 0.0006552669219672681 -0.04169340059161186 0.055484842509031324
v 0.0034874193370342263 -0.042049214243888855 0.05589380487799647
v 0.0012845948804169895 -0.04281051829457283 0.05618419498205188
v 0.0012845948804169895 -0.04281051829457283 0.05618419498205188
v -0.0020831099245697264 -0.04247737675905228 0.05600607767701152
v 0.0006552669219672681 -0.04169340059161186 0.055484842509031324
v 0.0021330104209482674 -0.0377468541264534 0.05334762856364252
v 0.0007019251352176071 -0.03751722350716591 0.05314983427524569
v 0.004437352996319533 -0.031121814623475075 0.049941547214984915
v 0.004437352996319533 -0.031121814623475075 0.049941547214984915
v 0.006820383947342636 -0.03065660037100315 0.049942005425691625
v 0.0021330104209482674 -0.0377468541264534 0.05334762856364252
v 0.0021330104209482674 -0.0377468541264534 0.05334762856364252
v 0.006820383947342636 -0.03065660037100315 0.049942005425691625
v 0.0034874193370342263 -0.042049214243888855 0.05589380487799647
v 0.0034874193370342263 -0.042049214243888855 0.05589380487799647
v 0.0006552669219672681 -0.04169340059161186 0.055484842509031324
v 0.0021330104209482674 -0.0377468541264534 0.05334762856364252
v 0.0021330104209482674 -0.0377468541264534 0.05334762856364252
v 0.0006552669219672681 -0.04169340059161186 0.055484842509031324
v 0.0007019251352176071 -0.03751722350716591 0.05314983427524569
v -0.0023930964525789027 -0.03136572614312172 0.049941521137952825
v 0.0007019251352176071 -0.03751722350716591 0.05314983427524569
v -0.002204700838774443 -0.03772803023457527 0.053340844810009024
v -0.002204700838774443 -0.03772803023457527 0.053340844810009024
v -0.006291697733104231 -0.030794112011790276 0.0499418191611767
v -0.0023930964525789027 -0.03136572614312172 0.049941521137952825
v -0.002204700838774443 -0.03772803023457527 0.053340844810009024
v 0.0006552669219672681 -0.04169340059161186 0.055484842509031324
v -0.0020831099245697264 -0.04247737675905228 0.05600607767701152
v 0.0006552669219672681 -0.04169340059161186 0.055484842509031324
v -0.002204700838774443 -0.03772803023457527 0.053340844810009024
v 0.0007019251352176071 -0.03751722350716591 0.05314983427524569
v 0.010103671811521055 -0.043180759996175766 0.05832439661026004
v 0.01236427947878838 -0.04157120734453201 0.0581365302205086
v 0.013473584316670898 -0.0423312708735466 0.05917778611183169
v 0.01236427947878838 -0.04157120734453201 0.0581365302205086
v 0.010103671811521055 -0.043180759996175766 0.05832439661026004
v 0.009741702117025854 -0.04160613939166069 0.05708631500601771
v 0.004813465755432845 -0.04324684292078018 0.05691194161772731
v 0.0018998982850462203 -0.04396112635731697 0.05720839649438861
v 0.0012845948804169895 -0.04281051829457283 0.05618419498205188
v 0.004813465755432845 -0.04324684292078018 0.05691194161772731
v 0.0012845948804169895 -0.04281051829457283 0.05618419498205188
v 0.0034874193370342263 -0.042049214243888855 0.05589380487799647
v 0.004813465755432845 -0.04324684292078018 0.05691194161772731
v 0.0034874193370342263 -0.042049214243888855 0.05589380487799647
v 0.007024358026683332 -0.041632309556007385 0.05628905817866328
v 0.023781815543770797 -0.04347823187708855 0.07048725336790088
v 0.018772613257169727 -0.04318938031792641 0.06376781314611438
v 0.024333199486136443 -0.04284311830997467 0.07018301635980609
v 0.023781815543770797 -0.04347823187708855 0.07048725336790088
v 0.024333199486136443 -0.04284311830997467 0.07018301635980609
v 0.02488545142114163 -0.0432312972843647 0.07197378575801852
v 0.0171204898506403 -0.04483339190483093 0.06477002054452899
v 0.013344576582312587 -0.04495066776871681 0.06213027983903888
v 0.015697222203016285 -0.04460425674915314 0.06316845864057544
v 0.014538415707647804 -0.04406719282269478 0.06154423952102664
v 0.015697222203016285 -0.04460425674915314 0.06316845864057544
v 0.013344576582312587 -0.04495066776871681 0.06213027983903888
v 0.01707672327756882 -0.04361638054251671 0.06276450306177142
v 0.014538415707647804 -0.04406719282269478 0.06154423952102664
v 0.015051768161356453 -0.043062493205070496 0.06071879342198375
v 0.015051768161356453 -0.043062493205070496 0.06071879342198375
v 0.01781064458191395 -0.042268093675374985 0.06197208166122439
v 0.01707672327756882 -0.04361638054251671 0.06276450306177142
v 0.01707672327756882 -0.04361638054251671 0.06276450306177142
v 0.01781064458191395 -0.042268093675374985 0.06197208166122439
v 0.018772613257169727 -0.04318938031792641 0.06376781314611438
v 0.01707672327756882 -0.04361638054251671 0.06276450306177142
v 0.015697222203016285 -0.04460425674915314 0.06316845864057544
v 0.014538415707647804 -0.04406719282269478 0.06154423952102664
v 0.0171204898506403 -0.04483339190483093 0.06477002054452899
v 0.015697222203016285 -0.04460425674915314 0.06316845864057544
v 0.01707672327756882 -0.04361638054251671 0.06276450306177142
v -0.010328954085707666 -0.044750507920980453 0.06021847203373912
v -0.00733177922666073 -0.04558427259325981 0.06056458130478862
v -0.010775751434266569 -0.0452837236225605 0.061347048729658155
v -0.010498870164155962 -0.043869875371456146 0.05914752557873729
v -0.010251241736114027 -0.04240623861551285 0.057773903012275724
v -0.0075210528448224085 -0.043201301246881485 0.05748509243130687
v -0.010498870164155962 -0.043869875371456146 0.05914752557873729
v -0.012103291228413585 -0.04309467226266861 0.0591232664883137
v -0.010251241736114027 -0.04240623861551285 0.057773903012275724
v -0.010498870164155962 -0.043869875371456146 0.05914752557873729
v -0.010328954085707666 -0.044750507920980453 0.06021847203373912
v -0.01330581866204739 -0.04442008212208748 0.06125016137957576
v -0.01330581866204739 -0.04442008212208748 0.06125016137957576
v -0.013862526044249538 -0.04308638721704483 0.0600196644663811
v -0.010498870164155962 -0.043869875371456146 0.05914752557873729
v -0.010498870164155962 -0.043869875371456146 0.05914752557873729
v -0.013862526044249538 -0.04308638721704483 0.0600196644663811
v -0.012103291228413585 -0.04309467226266861 0.0591232664883137
v -0.0020831099245697264 -0.04247737675905228 0.05600607767701152
v -0.002717441646382213 -0.04399430751800537 0.057305961847305326
v -0.004843810573220254 -0.043227966874837875 0.05690132081508639
v -0.007631644140928985 -0.04162945970892906 0.05645434185862544
v -0.004843810573220254 -0.043227966874837875 0.05690132081508639
v -0.0075210528448224085 -0.043201301246881485 0.05748509243130687
v -0.00733177922666073 -0.04558427259325981 0.06056458130478862
v -0.005344406235963107 -0.04461043328046799 0.058418646454811124
v -0.004923270083963872 -0.045625124126672745 0.06000113487243655
v -0.002717441646382213 -0.04399430751800537 0.057305961847305326
v -0.0015186946839094166 -0.04490628466010094 0.05833018198609355
v -0.005344406235963107 -0.04461043328046799 0.058418646454811124
v -0.0075210528448224085 -0.043201301246881485 0.05748509243130687
v -0.004843810573220254 -0.043227966874837875 0.05690132081508639
v -0.005344406235963107 -0.04461043328046799 0.058418646454811124
v -0.005344406235963107 -0.04461043328046799 0.058418646454811124
v -0.004843810573220254 -0.043227966874837875 0.05690132081508639
v -0.002717441646382213 -0.04399430751800537 0.057305961847305326
v -0.0015430905623361473 -0.04655859246850014 0.06345667690038684
v 0.001020175055600703 -0.04647061228752136 0.06218317523598674
v 0.004748747218400241 -0.04651644453406334 0.06416286528110507
v -0.01862270385026932 -0.045762039721012115 0.07292881608009341
v -0.01564835943281651 -0.045991167426109314 0.0703188553452492
v -0.021851936355233196 -0.043857548385858536 0.0946934744715691
v -0.024444758892059333 -0.04429629072546959 0.08833035081624989
v -0.021851936355233196 -0.043857548385858536 0.0946934744715691
v -0.021966688334941867 -0.0435028076171875 0.09752650558948521
v -0.024444758892059333 -0.04429629072546959 0.08833035081624989
v -0.02346018515527249 -0.044882792979478836 0.08274167031049733
v -0.021851936355233196 -0.043857548385858536 0.0946934744715691
v -0.03040892072021962 -0.03811068460345268 0.08361384272575383
v -0.03215194866061211 -0.029863908886909485 0.0840622335672379
v -0.03198118507862092 -0.030413631349802017 0.08175471425056462
v -0.03009471110999585 -0.03918914869427681 0.08207594603300099
v -0.03040892072021962 -0.03811068460345268 0.08361384272575383
v -0.03198118507862092 -0.030413631349802017 0.08175471425056462
v -0.032098777592182166 -0.02914142608642578 0.08709453046321873
v -0.03215194866061211 -0.029863908886909485 0.0840622335672379
v -0.030063446611166007 -0.03903793543577194 0.08813136816024784
v -0.032098777592182166 -0.02914142608642578 0.08709453046321873
v -0.030063446611166007 -0.03903793543577194 0.08813136816024784
v -0.03196289762854577 -0.028836611658334732 0.08855519443750386
v -0.03215194866061211 -0.029863908886909485 0.0840622335672379
v -0.032098777592182166 -0.02914142608642578 0.08709453046321873
v -0.032214283943176276 -0.027154766023159027 0.08587308973073964
v -0.032098777592182166 -0.02914142608642578 0.08709453046321873
v -0.032000448554754264 -0.026420144364237785 0.0889472290873528
v -0.032214283943176276 -0.027154766023159027 0.08587308973073964
v -0.03196289762854577 -0.028836611658334732 0.08855519443750386
v -0.032000448554754264 -0.026420144364237785 0.0889472290873528
v -0.032098777592182166 -0.02914142608642578 0.08709453046321873
v -0.02355234883725644 0.050052233040332794 0.1058851853013039
v -0.025621257722377784 -0.022519715130329132 0.10461959987878804
v -0.02369766309857369 -0.02197747491300106 0.10689716786146168
v -0.025621257722377784 -0.022519715130329132 0.10461959987878804
v -0.025312522426247604 -0.024896781891584396 0.10491487383842472
v -0.02369766309857369 -0.02197747491300106 0.10689716786146168
v -0.025621257722377784 -0.022519715130329132 0.10461959987878804
v -0.02355234883725644 0.050052233040332794 0.1058851853013039
v -0.025753056630492217 0.05013466998934746 0.10303375869989399
v -0.02369766309857369 -0.02197747491300106 0.10689716786146168
v -0.025312522426247604 -0.024896781891584396 0.10491487383842472
v -0.023018071427941326 -0.024274952709674835 0.10752627998590474
v -0.01840373314917088 0.05044768005609512 0.10997976362705236
v -0.020886491984128955 0.050134703516960144 0.10848487913608555
v -0.01807159557938576 0.05011584609746933 0.110741637647152
v -0.021046498790383342 0.05044768005609512 0.10780329257249836
v -0.020886491984128955 0.050134703516960144 0.10848487913608555
v -0.01840373314917088 0.05044768005609512 0.10997976362705236
v -0.023433797061443332 0.050447676330804825 0.10534932464361195
v -0.021046498790383342 0.05044768005609512 0.10780329257249836
v -0.025536650791764266 0.050447676330804825 0.10264746099710469
v -0.025536650791764266 0.050447676330804825 0.10264746099710469
v -0.025753056630492217 0.05013466998934746 0.10303375869989399
v -0.023433797061443332 0.050447676330804825 0.10534932464361195
v 0.0042273523285985 -0.03867451474070549 0.11474083364009863
v -0.004163207486271859 -0.038736358284950256 0.11470862478017813
v -0.004358015023171903 -0.03921188414096832 0.11450938135385519
v -0.004358015023171903 -0.03921188414096832 0.11450938135385519
v -0.0061656762845814245 -0.03769872337579727 0.11469843238592153
v -0.008026373572647573 -0.03911687806248665 0.11377939581871038
v -0.004358015023171903 -0.03921188414096832 0.11450938135385519
v -0.004163207486271859 -0.038736358284950256 0.11470862478017813
v -0.0061656762845814245 -0.03769872337579727 0.11469843238592153
v -0.004217437934130431 -0.03703288361430168 0.11510826647281652
v -0.0061656762845814245 -0.03769872337579727 0.11469843238592153
v -0.004177518654614688 -0.03791756555438042 0.11497180163860327
v -0.004177518654614688 -0.03791756555438042 0.11497180163860327
v -0.0061656762845814245 -0.03769872337579727 0.11469843238592153
v -0.004163207486271859 -0.038736358284950256 0.11470862478017813
v -0.004177518654614688 -0.03791756555438042 0.11497180163860327
v -0.004163207486271859 -0.038736358284950256 0.11470862478017813
v 0.0042273523285985 -0.03867451474070549 0.11474083364009863
v -0.004228944890201093 -0.04196793586015701 0.11172212660312658
v -0.004320467356592418 -0.04139531031250954 0.11266379803419119
v -0.007363157346844675 -0.04209577292203903 0.11088221520185476
v -0.007897311821579935 -0.040049731731414795 0.11326044797897344
v -0.004358015023171903 -0.03921188414096832 0.11450938135385519
v -0.008026373572647573 -0.03911687806248665 0.11377939581871038
v -0.007897311821579935 -0.040049731731414795 0.11326044797897344
v -0.004298472777009011 -0.040104858577251434 0.1139728799462319
v -0.004358015023171903 -0.03921188414096832 0.11450938135385519
v -0.010674132965505125 -0.04567078873515129 0.06217181310057643
v -0.01416378747671843 -0.04532917961478233 0.06348332017660144
v -0.010775751434266569 -0.0452837236225605 0.061347048729658155
v -0.012407815083861354 -0.0460207499563694 0.06439475715160373
v -0.01416378747671843 -0.04532917961478233 0.06348332017660144
v -0.010674132965505125 -0.04567078873515129 0.06217181310057643
v -0.008197228424251081 -0.04608532413840294 0.06224836409091952
v -0.012407815083861354 -0.0460207499563694 0.06439475715160373
v -0.010674132965505125 -0.04567078873515129 0.06217181310057643
v -0.010674132965505125 -0.04567078873515129 0.06217181310057643
v -0.010775751434266569 -0.0452837236225605 0.061347048729658155
v -0.00733177922666073 -0.04558427259325981 0.06056458130478862
v -0.010674132965505125 -0.04567078873515129 0.06217181310057643
v -0.00733177922666073 -0.04558427259325981 0.06056458130478862
v -0.008197228424251081 -0.04608532413840294 0.06224836409091952
v -0.00977576430886984 -0.029846929013729095 0.04994080588221552
v -0.006291697733104231 -0.030794112011790276 0.0499418191611767
v -0.0048668873496353635 -0.041646115481853485 0.055859282612800626
v -0.0020831099245697264 -0.04247737675905228 0.05600607767701152
v -0.004843810573220254 -0.043227966874837875 0.05690132081508639
v -0.0048668873496353635 -0.041646115481853485 0.055859282612800626
v -0.0048668873496353635 -0.041646115481853485 0.055859282612800626
v -0.002204700838774443 -0.03772803023457527 0.053340844810009024
v -0.0020831099245697264 -0.04247737675905228 0.05600607767701152
v -0.002204700838774443 -0.03772803023457527 0.053340844810009024
v -0.0048668873496353635 -0.041646115481853485 0.055859282612800626
v -0.006291697733104231 -0.030794112011790276 0.0499418191611767
v -0.0048668873496353635 -0.041646115481853485 0.055859282612800626
v -0.007631644140928985 -0.04162945970892906 0.05645434185862544
v -0.00977576430886984 -0.029846929013729095 0.04994080588221552
v -0.0048668873496353635 -0.041646115481853485 0.055859282612800626
v -0.004843810573220254 -0.043227966874837875 0.05690132081508639
v -0.007631644140928985 -0.04162945970892906 0.05645434185862544
v -0.015537556260824207 0.05044768378138542 0.05802976712584498
v -0.009276508353650572 0.05044768750667572 0.055283401161432294
v -0.012482795864343647 0.05044768378138542 0.05648388713598254
v -0.015449722297489647 0.05013030767440796 0.057492192834615735
v -0.018403716385364536 0.05044768378138542 0.059902358800172834
v -0.015537556260824207 0.05044768378138542 0.05802976712584498
v -0.01865850575268269 0.05008544400334358 0.05957440286874774
v -0.018403716385364536 0.05044768378138542 0.059902358800172834
v -0.015449722297489647 0.05013030767440796 0.057492192834615735
v -0.015537556260824207 0.05044768378138542 0.05802976712584498
v -0.012482795864343647 0.05044768378138542 0.05648388713598254
v -0.015449722297489647 0.05013030767440796 0.057492192834615735
v -0.009276508353650572 0.05044768750667572 0.055283401161432294
v -0.006252027582377197 0.05013881251215935 0.054077286273241064
v -0.00994693022221327 0.05013466998934746 0.05508112534880641
v -0.00994693022221327 0.05013466998934746 0.05508112534880641
v -0.012482795864343647 0.05044768378138542 0.05648388713598254
v -0.009276508353650572 0.05044768750667572 0.055283401161432294
v -0.02104648388922215 0.05044768005609512 0.06207878142595294
v -0.023433784022927288 0.05044768005609512 0.06453278660774234
v -0.018403716385364536 0.05044768378138542 0.059902358800172834
v -0.02104648388922215 0.05044768005609512 0.06207878142595294
v -0.021335517987608913 0.05010208487510681 0.06175521388649943
v -0.023433784022927288 0.05044768005609512 0.06453278660774234
v -0.01921413838863373 0.050200413912534714 0.06015842407941821
v -0.018403716385364536 0.05044768378138542 0.059902358800172834
v -0.01865850575268269 0.05008544400334358 0.05957440286874774
v -0.01921413838863373 0.050200413912534714 0.06015842407941821
v -0.01865850575268269 0.05008544400334358 0.05957440286874774
v -0.021335517987608913 0.05010208487510681 0.06175521388649943
v -0.01921413838863373 0.050200413912534714 0.06015842407941821
v -0.02104648388922215 0.05044768005609512 0.06207878142595294
v -0.018403716385364536 0.05044768378138542 0.059902358800172834
v -0.02104648388922215 0.05044768005609512 0.06207878142595294
v -0.01921413838863373 0.050200413912534714 0.06015842407941821
v -0.021335517987608913 0.05010208487510681 0.06175521388649943
v -0.030859624966979034 0.05013282969594002 0.07866912335157399
v -0.0314626768231392 0.05011064559221268 0.08335633575916294
v -0.030650986358523376 0.050447672605514526 0.07982635498046879
v -0.029902294278144843 0.050447676330804825 0.07648557424545291
v -0.029948482289910323 0.05006910115480423 0.07519816607236865
v -0.030859624966979034 0.05013282969594002 0.07866912335157399
v -0.030859624966979034 0.05013282969594002 0.07866912335157399
v -0.030650986358523376 0.050447672605514526 0.07982635498046879
v -0.029902294278144843 0.050447676330804825 0.07648557424545291
v -0.029515180736780174 -0.03835294768214226 0.07757581025362018
v -0.031221879646182067 -0.03143898770213127 0.07743491232395175
v -0.03073458746075631 -0.006982775870710611 0.04994152858853342
v -0.027232734486460693 -0.0402100495994091 0.07240716367959979
v -0.029160689562559135 -0.01188322901725769 0.04994143173098566
v -0.026107806712389 -0.040348779410123825 0.07025747001171115
v -0.027232734486460693 -0.0402100495994091 0.07240716367959979
v -0.028370082378387458 -0.03978944197297096 0.07490040361881259
v -0.029160689562559135 -0.01188322901725769 0.04994143173098566
v 0.014320015907287601 0.050119973719120026 0.1130009144544602
v 0.016995787620544437 0.050447698682546616 0.11095556616783148
v 0.014030822552740577 0.050447698682546616 0.11266734451055532
v 0.014320015907287601 0.050119973719120026 0.1130009144544602
v 0.017643468454480175 0.05010167509317398 0.11101806908845907
v 0.016995787620544437 0.050447698682546616 0.11095556616783148
v 0.017705256119370464 -0.02073013409972191 0.11197339743375784
v 0.017643468454480175 0.05010167509317398 0.11101806908845907
v 0.014320015907287601 0.050119973719120026 0.1130009144544602
v 0.014030822552740577 0.050447698682546616 0.11266734451055532
v 0.0076279928907752054 0.05044769495725632 0.11506470292806631
v 0.010895542800426485 0.05044769495725632 0.1140426173806191
v 0.010078703053295614 0.050110653042793274 0.11478240787982946
v 0.010895542800426485 0.05044769495725632 0.1140426173806191
v 0.0076279928907752054 0.05044769495725632 0.11506470292806631
v 0.008923928253352644 -0.019717318937182426 0.11599608510732656
v 0.010078703053295614 0.050110653042793274 0.11478240787982946
v 0.006544993724673988 0.05008509010076523 0.11574299633502966
v 0.0042981524020433435 -0.03794579580426216 0.11497440189123159
v -0.004177518654614688 -0.03791756555438042 0.11497180163860327
v 0.0042273523285985 -0.03867451474070549 0.11474083364009863
v 0.008114680647850038 -0.039115674793720245 0.1137551292777062
v 0.007804261054843666 -0.0402800478041172 0.11312460154294973
v 0.010800200514495375 -0.03935132175683975 0.1127671971917153
v 0.007123745046555998 -0.04130786657333374 0.11224492639303213
v 0.007804261054843666 -0.0402800478041172 0.11312460154294973
v 0.004287332762032748 -0.04050317034125328 0.11365672945976263
v 0.03133137896656991 0.05020478367805481 0.08518051356077198
v 0.031474646180868156 0.05009286105632782 0.08395884186029438
v 0.031074140220880515 0.05044770985841751 0.08494104444980626
v 0.031074140220880515 0.05044770985841751 0.08494104444980626
v 0.03137751296162606 0.05010192468762398 0.08778711408376698
v 0.03133137896656991 0.05020478367805481 0.08518051356077198
v 0.03133137896656991 0.05020478367805481 0.08518051356077198
v 0.03137751296162606 0.05010192468762398 0.08778711408376698
v 0.031474646180868156 0.05009286105632782 0.08395884186029438
v 0.025731535628438003 -0.025022398680448532 0.10435320436954502
v 0.024655183777213104 -0.02223631925880909 0.10580983757972721
v 0.024601295590400703 -0.024715332314372063 0.10575605928897862
v 0.02647261507809163 0.05044770613312721 0.10121389478445057
v 0.028102084994316108 0.05044770613312721 0.09820289909839634
v 0.030322028324007995 0.05044770985841751 0.0917364284396172
v 0.02809493243694306 0.05008980259299278 0.09919417649507527
v 0.028102084994316108 0.05044770613312721 0.09820289909839634
v 0.02647261507809163 0.05044770613312721 0.10121389478445057
v 0.032007738947868354 -0.030402684584259987 0.08258520811796193
v 0.030194649472832687 -0.03917568922042847 0.08352897316217427
v 0.0320795699954033 -0.030055347830057144 0.08236805349588398
v 0.032007738947868354 -0.030402684584259987 0.08258520811796193
v 0.0320795699954033 -0.030055347830057144 0.08236805349588398
v 0.0321464166045189 -0.029631558805704117 0.08524477481842045
v 0.032007738947868354 -0.030402684584259987 0.08258520811796193
v 0.0321464166045189 -0.029631558805704117 0.08524477481842045
v 0.030194649472832687 -0.03917568922042847 0.08352897316217427
v 0.030194649472832687 -0.03917568922042847 0.08352897316217427
v 0.0321464166045189 -0.029631558805704117 0.08524477481842045
v 0.030204007402062423 -0.03902043029665947 0.08648952096700672
v 0.030204007402062423 -0.03902043029665947 0.08648952096700672
v 0.0321464166045189 -0.029631558805704117 0.08524477481842045
v 0.0321093536913395 -0.02920919843018055 0.08688355237245564
v 0.031711645424366004 -0.028397342190146446 0.09038635343313221
v 0.031948279589414603 -0.028766682371497154 0.0887551456689835
v 0.031782269477844245 -0.02604091539978981 0.09044430404901509
v 0.023362489417195324 -0.024326538667082787 0.10716719925403599
v 0.024601295590400703 -0.024715332314372063 0.10575605928897862
v 0.024655183777213104 -0.02223631925880909 0.10580983757972721
v 0.017643468454480175 0.05010167509317398 0.11101806908845907
v 0.020287603139877323 -0.021188480779528618 0.11008840054273611
v 0.02048350311815739 0.05010702833533287 0.10887889564037327
v 0.020287603139877323 -0.021188480779528618 0.11008840054273611
v 0.017643468454480175 0.05010167509317398 0.11101806908845907
v 0.017705256119370464 -0.02073013409972191 0.11197339743375784
v 0.019422935321927074 -0.023503171280026436 0.110676720738411
v 0.020287603139877323 -0.021188480779528618 0.11008840054273611
v 0.017705256119370464 -0.02073013409972191 0.11197339743375784
v 0.020287603139877323 -0.021188480779528618 0.11008840054273611
v 0.019422935321927074 -0.023503171280026436 0.110676720738411
v 0.020920211449265484 -0.023798217996954918 0.10947235673666006
v -0.0126312579959631 0.04432641342282295 0.11379021406173712
v -0.011045278981328012 0.043947767466306686 0.1144408136606217
v -0.013985303230583671 0.05014050006866455 0.11315973848104482
v -0.016182841733098034 -0.020502544939517975 0.11290302872657781
v -0.017577150836586956 -0.023203618824481964 0.11198115348815924
v -0.01452995836734772 -0.022780999541282654 0.11373634636402136
v -0.008803722448647024 -0.03714553266763687 0.11411274969577795
v -0.0061656762845814245 -0.03769872337579727 0.11469843238592153
v -0.007898138836026193 -0.022187918424606323 0.11620867252349859
v -0.03172636032104493 -0.028391262516379356 0.09033332020044331
v -0.032000448554754264 -0.026420144364237785 0.0889472290873528
v -0.03196289762854577 -0.028836611658334732 0.08855519443750386
v -0.03145392611622811 -0.02560754306614399 0.09211704134941105
v -0.032000448554754264 -0.026420144364237785 0.0889472290873528
v -0.03172636032104493 -0.028391262516379356 0.09033332020044331
v -0.03172636032104493 -0.028391262516379356 0.09033332020044331
v -0.03196289762854577 -0.028836611658334732 0.08855519443750386
v -0.029876150190830238 -0.03801969066262245 0.09067747741937641
v 0.026422485709190376 0.050118159502744675 0.06782951951026919
v 0.028924372047185905 0.012481536716222763 0.04994149133563044
v 0.024973195046186454 0.05006911978125572 0.06575404107570651
v 0.024973195046186454 0.05006911978125572 0.06575404107570651
v 0.028924372047185905 0.012481536716222763 0.04994149133563044
v 0.02342004701495171 0.05013862997293472 0.06392476707696917
v 0.024973195046186454 0.05006911978125572 0.06575404107570651
v 0.024521799758076675 0.05044770613312721 0.06585468351840976
v 0.026422485709190376 0.050118159502744675 0.06782951951026919
v 0.024521799758076675 0.05044770613312721 0.06585468351840976
v 0.024973195046186454 0.05006911978125572 0.06575404107570651
v 0.02342004701495171 0.05013862997293472 0.06392476707696917
v 0.019754456356167797 0.050447702407836914 0.06095410883426669
v 0.017900450155138973 0.05010121688246727 0.05903934314846995
v 0.01699580438435078 0.050447702407836914 0.05892648175358775
v 0.01699580438435078 0.050447702407836914 0.05892648175358775
v 0.017900450155138973 0.05010121688246727 0.05903934314846995
v 0.015878066420555118 0.05007251352071762 0.057745877653360395
v 0.01699580438435078 0.050447702407836914 0.05892648175358775
v 0.02227331139147282 0.05044770613312721 0.06327286362648013
v 0.019754456356167797 0.050447702407836914 0.06095410883426669
v 0.01699580438435078 0.050447702407836914 0.05892648175358775
v 0.00762801291421056 0.050447698682546616 0.05481740832328799
v 0.02227331139147282 0.05044770613312721 0.06327286362648013
v 0.00762801291421056 0.050447698682546616 0.05481740832328799
v 0.010895561426877977 0.050447698682546616 0.05583943054080012
v 0.010613208636641504 0.050114694982767105 0.055282186716794995
v 0.010895561426877977 0.050447698682546616 0.05583943054080012
v 0.013807063922286037 0.050134722143411636 0.05665845051407817
v 0.010613208636641504 0.050114694982767105 0.055282186716794995
v 0.010895561426877977 0.050447698682546616 0.05583943054080012
v 0.00762801291421056 0.050447698682546616 0.05481740832328799
v 0.01699580438435078 0.050447702407836914 0.05892648175358775
v 0.004267870448529721 0.05044769495725632 0.05416110157966616
v 0.0069125262089073675 0.05013466626405716 0.05423661321401598
v 0.0043395846150815496 0.05013424903154373 0.05376822501420977
v 0.004267870448529721 0.05044769495725632 0.05416110157966616
v 0.00762801291421056 0.050447698682546616 0.05481740832328799
v 0.0069125262089073675 0.05013466626405716 0.05423661321401598
v 0.004267870448529721 0.05044769495725632 0.05416110157966616
v -0.002566427923738957 0.05044769123196602 0.05397269129753115
v 0.00762801291421056 0.050447698682546616 0.05481740832328799
v 0.022642906755208973 0.021839557215571404 0.0499418303370476
v 0.020300166681408886 0.02403641678392887 0.04994143918156626
v 0.010613208636641504 0.050114694982767105 0.055282186716794995
v -0.0034158905036747464 0.03134734928607941 0.04994156211614611
v -0.001619519898667932 0.050103068351745605 0.05348061025142672
v -0.0008955175289884212 0.03154411539435387 0.04994166269898417
v -0.0034158905036747464 0.03134734928607941 0.04994156211614611
v -0.0062967543490231054 0.030880609527230263 0.04994190111756327
v -0.001619519898667932 0.050103068351745605 0.05348061025142672
v 0.0018362510018050675 0.031488608568906784 0.04994150251150133
v -0.0008955175289884212 0.03154411539435387 0.04994166269898417
v -0.001619519898667932 0.050103068351745605 0.05348061025142672
v 0.0018362510018050675 0.031488608568906784 0.04994150251150133
v -0.0034158905036747464 0.03134734928607941 0.04994156211614611
v -0.0008955175289884212 0.03154411539435387 0.04994166269898417
v 0.0019642158877104525 0.05006910860538483 0.05350925028324129
v 0.001492722774855793 0.050204288214445114 0.05362173542380335
v 0.0043395846150815496 0.05013424903154373 0.05376822501420977
v 0.0019642158877104525 0.05006910860538483 0.05350925028324129
v -0.001619519898667932 0.050103068351745605 0.05348061025142672
v 0.001492722774855793 0.050204288214445114 0.05362173542380335
v 0.0019642158877104525 0.05006910860538483 0.05350925028324129
v 0.014534313231706623 0.027943121269345284 0.04994263127446177
v 0.010642747394740583 0.029667528346180916 0.04994198679924013
v 0.0043395846150815496 0.05013424903154373 0.05376822501420977
v 0.014534313231706623 0.027943121269345284 0.04994263127446177
v 0.0019642158877104525 0.05006910860538483 0.05350925028324129
v 0.0019642158877104525 0.05006910860538483 0.05350925028324129
v 0.0018362510018050675 0.031488608568906784 0.04994150251150133
v -0.001619519898667932 0.050103068351745605 0.05348061025142672
v 0.0019642158877104525 0.05006910860538483 0.05350925028324129
v 0.004221957176923753 0.03125069662928581 0.04994144290685656
v 0.0018362510018050675 0.031488608568906784 0.04994150251150133
v 0.02984729781746865 -0.04017115384340286 0.08367747068405156
v 0.029557442292571075 -0.04029429331421852 0.08074136078357701
v 0.030194649472832687 -0.03917568922042847 0.08352897316217427
v 0.02979820221662522 -0.0401068739593029 0.08708309382200245
v 0.029336042702198036 -0.04118834808468819 0.0837858691811562
v 0.02984729781746865 -0.04017115384340286 0.08367747068405156
v 0.02984729781746865 -0.04017115384340286 0.08367747068405156
v 0.029336042702198036 -0.04118834808468819 0.0837858691811562
v 0.029049824923276908 -0.041315432637929916 0.08086068928241734
v 0.029557442292571075 -0.04029429331421852 0.08074136078357701
v 0.02984729781746865 -0.04017115384340286 0.08367747068405156
v 0.029049824923276908 -0.041315432637929916 0.08086068928241734
v 0.02984729781746865 -0.04017115384340286 0.08367747068405156
v 0.030204007402062423 -0.03902043029665947 0.08648952096700672
v 0.02979820221662522 -0.0401068739593029 0.08708309382200245
v 0.030194649472832687 -0.03917568922042847 0.08352897316217427
v 0.030204007402062423 -0.03902043029665947 0.08648952096700672
v 0.02984729781746865 -0.04017115384340286 0.08367747068405156
v 0.029233612120151527 -0.04055974259972572 0.08958435058593754
v 0.029349904507398612 -0.04102161154150963 0.08667962998151783
v 0.02979820221662522 -0.0401068739593029 0.08708309382200245
v 0.02715192176401616 -0.043479178100824356 0.08263195306062703
v 0.028308300301432616 -0.042476240545511246 0.08261720836162571
v 0.02728125080466271 -0.04335302859544754 0.08475432544946675
v 0.028308300301432616 -0.042476240545511246 0.08261720836162571
v 0.02715192176401616 -0.043479178100824356 0.08263195306062703
v 0.026995835825800903 -0.043446965515613556 0.08001890778541569
v 0.026022953912615783 -0.04410254955291748 0.08014585077762608
v 0.026995835825800903 -0.043446965515613556 0.08001890778541569
v 0.02715192176401616 -0.043479178100824356 0.08263195306062703
v 0.025941925123333938 -0.04104277491569519 0.0706279277801514
v 0.02483909763395787 -0.040910374373197556 0.06863396614789966
v 0.02821898832917214 -0.013885614462196827 0.049941714853048345
v 0.02483909763395787 -0.040910374373197556 0.06863396614789966
v 0.025941925123333938 -0.04104277491569519 0.0706279277801514
v 0.024905888363718993 -0.04176553711295128 0.06960747390985492
v 0.007760850246995689 -0.04221425577998161 0.11047842353582388
v 0.004286572337150575 -0.04241189733147621 0.11049479246139532
v 0.010667173191905023 -0.04267185926437378 0.1080362126231194
v 0.007760850246995689 -0.04221425577998161 0.11047842353582388
v 0.004299930762499572 -0.04205727204680443 0.11151210963726049
v 0.004286572337150575 -0.04241189733147621 0.11049479246139532
v 0.010667173191905023 -0.04267185926437378 0.1080362126231194
v 0.004286572337150575 -0.04241189733147621 0.11049479246139532
v 0.004064403008669616 -0.042543694376945496 0.10976684093475347
v 0.004064403008669616 -0.042543694376945496 0.10976684093475347
v 0.01860863715410233 -0.043214548379182816 0.10173113644123082
v 0.010667173191905023 -0.04267185926437378 0.1080362126231194
v 0.004064403008669616 -0.042543694376945496 0.10976684093475347
v 0.023348409682512287 -0.044797345995903015 0.08392919600009922
v 0.01860863715410233 -0.043214548379182816 0.10173113644123082
v 0.023348409682512287 -0.044797345995903015 0.08392919600009922
v 0.004064403008669616 -0.042543694376945496 0.10976684093475347
v 0.012451071292161945 -0.045953940600156784 0.07072199136018756
v -0.021851936355233196 -0.043857548385858536 0.0946934744715691
v -0.01564835943281651 -0.045991167426109314 0.0703188553452492
v 0.004064403008669616 -0.042543694376945496 0.10976684093475347
v -0.01564835943281651 -0.045991167426109314 0.0703188553452492
v 0.012451071292161945 -0.045953940600156784 0.07072199136018756
v 0.004064403008669616 -0.042543694376945496 0.10976684093475347
v -0.010192718356847765 -0.04272298514842987 0.10765780508518223
v -0.016972441226243976 -0.04307686910033226 0.10342390835285191
v -0.021851936355233196 -0.043857548385858536 0.0946934744715691
v 0.004064403008669616 -0.042543694376945496 0.10976684093475347
v -0.010192718356847765 -0.04272298514842987 0.10765780508518223
v -0.021851936355233196 -0.043857548385858536 0.0946934744715691
v -0.010192718356847765 -0.04272298514842987 0.10765780508518223
v 0.004064403008669616 -0.042543694376945496 0.10976684093475347
v -0.004024117253720761 -0.04254532605409622 0.10964767634868627
v 0.01096078008413315 -0.04228198155760765 0.10928945988416676
v 0.007760850246995689 -0.04221425577998161 0.11047842353582388
v 0.010667173191905023 -0.04267185926437378 0.1080362126231194
v 0.010487894527614118 -0.04060963913798332 0.11196342110633856
v 0.007804261054843666 -0.0402800478041172 0.11312460154294973
v 0.007123745046555998 -0.04130786657333374 0.11224492639303213
v 0.010487894527614118 -0.04060963913798332 0.11196342110633856
v 0.010800200514495375 -0.03935132175683975 0.1127671971917153
v 0.007804261054843666 -0.0402800478041172 0.11312460154294973
v 0.010487894527614118 -0.04060963913798332 0.11196342110633856
v 0.013771351426839832 -0.040056392550468445 0.11098486930131918
v 0.010800200514495375 -0.03935132175683975 0.1127671971917153
v 0.01096078008413315 -0.04228198155760765 0.10928945988416676
v 0.013813481666147712 -0.04247715696692467 0.10754512250423436
v 0.013634918257594112 -0.04172160476446152 0.10923521220684056
v 0.014902835711836818 -0.04279483109712601 0.10585383325815205
v 0.013813481666147712 -0.04247715696692467 0.10754512250423436
v 0.010667173191905023 -0.04267185926437378 0.1080362126231194
v 0.013813481666147712 -0.04247715696692467 0.10754512250423436
v 0.01096078008413315 -0.04228198155760765 0.10928945988416676
v 0.010667173191905023 -0.04267185926437378 0.1080362126231194
v 0.02310832776129246 -0.04396478459239006 0.09304308891296391
v 0.01860863715410233 -0.043214548379182816 0.10173113644123082
v 0.023348409682512287 -0.044797345995903015 0.08392919600009922
v 0.023171987384557727 -0.04508126154541969 0.0764453858137131
v 0.020841618999838833 -0.04543785750865936 0.07253661751747134
v 0.023246370255947117 -0.044924572110176086 0.07468828558921817
v 0.023171987384557727 -0.04508126154541969 0.0764453858137131
v 0.02186008729040623 -0.045348916202783585 0.07689352333545688
v 0.020841618999838833 -0.04543785750865936 0.07253661751747134
v 0.02416877634823323 -0.043972406536340714 0.07250218093395236
v 0.023193405941128734 -0.04405776411294937 0.07091942429542544
v 0.023781815543770797 -0.04347823187708855 0.07048725336790088
v 0.02416877634823323 -0.043972406536340714 0.07250218093395236
v 0.023781815543770797 -0.04347823187708855 0.07048725336790088
v 0.02488545142114163 -0.0432312972843647 0.07197378575801852
v 0.012268583290278915 -0.04381631687283516 0.05991563200950625
v 0.013473584316670898 -0.0423312708735466 0.05917778611183169
v 0.015051768161356453 -0.043062493205070496 0.06071879342198375
v 0.012268583290278915 -0.04381631687283516 0.05991563200950625
v 0.010103671811521055 -0.043180759996175766 0.05832439661026004
v 0.013473584316670898 -0.0423312708735466 0.05917778611183169
v 0.012268583290278915 -0.04381631687283516 0.05991563200950625
v 0.015051768161356453 -0.043062493205070496 0.06071879342198375
v 0.014538415707647804 -0.04406719282269478 0.06154423952102664
v 0.012268583290278915 -0.04381631687283516 0.05991563200950625
v 0.014538415707647804 -0.04406719282269478 0.06154423952102664
v 0.013344576582312587 -0.04495066776871681 0.06213027983903888
v 0.004813465755432845 -0.04324684292078018 0.05691194161772731
v 0.004601349588483573 -0.04427873343229294 0.057899843901395825
v 0.0018998982850462203 -0.04396112635731697 0.05720839649438861
v 0.004601349588483573 -0.04427873343229294 0.057899843901395825
v 0.004813465755432845 -0.04324684292078018 0.05691194161772731
v 0.007196179591119291 -0.04424728453159332 0.0584526099264622
v 0.007489698939025404 -0.04322011023759842 0.05749269202351573
v 0.010103671811521055 -0.043180759996175766 0.05832439661026004
v 0.007196179591119291 -0.04424728453159332 0.0584526099264622
v 0.004813465755432845 -0.04324684292078018 0.05691194161772731
v 0.007489698939025404 -0.04322011023759842 0.05749269202351573
v 0.007196179591119291 -0.04424728453159332 0.0584526099264622
v 0.007489698939025404 -0.04322011023759842 0.05749269202351573
v 0.004813465755432845 -0.04324684292078018 0.05691194161772731
v 0.007024358026683332 -0.041632309556007385 0.05628905817866328
v 0.007489698939025404 -0.04322011023759842 0.05749269202351573
v 0.007024358026683332 -0.041632309556007385 0.05628905817866328
v 0.009741702117025854 -0.04160613939166069 0.05708631500601771
v 0.007489698939025404 -0.04322011023759842 0.05749269202351573
v 0.009741702117025854 -0.04160613939166069 0.05708631500601771
v 0.010103671811521055 -0.043180759996175766 0.05832439661026004
v 0.01729499734938145 -0.041492559015750885 0.06100240349769595
v 0.015051768161356453 -0.043062493205070496 0.06071879342198375
v 0.020300112664699558 -0.023939769715070724 0.04994143918156626
v 0.01729499734938145 -0.041492559015750885 0.06100240349769595
v 0.01781064458191395 -0.042268093675374985 0.06197208166122439
v 0.015051768161356453 -0.043062493205070496 0.06071879342198375
v 0.01729499734938145 -0.041492559015750885 0.06100240349769595
v 0.020300112664699558 -0.023939769715070724 0.04994143918156626
v 0.022616192698478702 -0.02177034504711628 0.04994172975420954
v 0.01729499734938145 -0.041492559015750885 0.06100240349769595
v 0.022616192698478702 -0.02177034504711628 0.04994172975420954
v 0.01781064458191395 -0.042268093675374985 0.06197208166122439
v 0.018772613257169727 -0.04318938031792641 0.06376781314611438
v 0.019408056512475017 -0.042046722024679184 0.06315179169178012
v 0.023388691246509555 -0.04098564386367798 0.0666838884353638
v 0.019408056512475017 -0.042046722024679184 0.06315179169178012
v 0.018772613257169727 -0.04318938031792641 0.06376781314611438
v 0.01781064458191395 -0.042268093675374985 0.06197208166122439
v 0.022616192698478702 -0.02177034504711628 0.04994172975420954
v 0.024438947439193733 -0.019738763570785522 0.049941837787628195
v 0.019408056512475017 -0.042046722024679184 0.06315179169178012
v 0.019408056512475017 -0.042046722024679184 0.06315179169178012
v 0.01781064458191395 -0.042268093675374985 0.06197208166122439
v 0.022616192698478702 -0.02177034504711628 0.04994172975420954
v 0.0171204898506403 -0.04483339190483093 0.06477002054452899
v 0.01707672327756882 -0.04361638054251671 0.06276450306177142
v 0.01831901073455811 -0.04379511624574661 0.06415585428476336
v 0.01831901073455811 -0.04379511624574661 0.06415585428476336
v 0.01707672327756882 -0.04361638054251671 0.06276450306177142
v 0.018772613257169727 -0.04318938031792641 0.06376781314611438
v 0.01831901073455811 -0.04379511624574661 0.06415585428476336
v 0.023193405941128734 -0.04405776411294937 0.07091942429542544
v 0.0171204898506403 -0.04483339190483093 0.06477002054452899
v 0.01831901073455811 -0.04379511624574661 0.06415585428476336
v 0.018772613257169727 -0.04318938031792641 0.06376781314611438
v 0.023781815543770797 -0.04347823187708855 0.07048725336790088
v 0.01831901073455811 -0.04379511624574661 0.06415585428476336
v 0.023781815543770797 -0.04347823187708855 0.07048725336790088
v 0.023193405941128734 -0.04405776411294937 0.07091942429542544
v -0.0005132465157657863 -0.04398982599377632 0.05717704445123675
v -0.0015186946839094166 -0.04490628466010094 0.05833018198609355
v -0.002717441646382213 -0.04399430751800537 0.057305961847305326
v -0.0005132465157657863 -0.04398982599377632 0.05717704445123675
v 0.0012845948804169895 -0.04281051829457283 0.05618419498205188
v 0.0018998982850462203 -0.04396112635731697 0.05720839649438861
v -0.0005132465157657863 -0.04398982599377632 0.05717704445123675
v -0.0020831099245697264 -0.04247737675905228 0.05600607767701152
v 0.0012845948804169895 -0.04281051829457283 0.05618419498205188
v -0.0005132465157657863 -0.04398982599377632 0.05717704445123675
v -0.002717441646382213 -0.04399430751800537 0.057305961847305326
v -0.0020831099245697264 -0.04247737675905228 0.05600607767701152
v -0.005344406235963107 -0.04461043328046799 0.058418646454811124
v -0.0024539607111364607 -0.045648667961359024 0.05965677648782733
v -0.004923270083963872 -0.045625124126672745 0.06000113487243655
v -0.0024539607111364607 -0.045648667961359024 0.05965677648782733
v -0.005344406235963107 -0.04461043328046799 0.058418646454811124
v -0.0015186946839094166 -0.04490628466010094 0.05833018198609355
v -0.007847656495869161 -0.04456645995378494 0.0590140447020531
v -0.00733177922666073 -0.04558427259325981 0.06056458130478862
v -0.010328954085707666 -0.044750507920980453 0.06021847203373912
v -0.007847656495869161 -0.04456645995378494 0.0590140447020531
v -0.005344406235963107 -0.04461043328046799 0.058418646454811124
v -0.00733177922666073 -0.04558427259325981 0.06056458130478862
v -0.010498870164155962 -0.043869875371456146 0.05914752557873729
v -0.007847656495869161 -0.04456645995378494 0.0590140447020531
v -0.010328954085707666 -0.044750507920980453 0.06021847203373912
v -0.007847656495869161 -0.04456645995378494 0.0590140447020531
v -0.010498870164155962 -0.043869875371456146 0.05914752557873729
v -0.0075210528448224085 -0.043201301246881485 0.05748509243130687
v -0.0075210528448224085 -0.043201301246881485 0.05748509243130687
v -0.005344406235963107 -0.04461043328046799 0.058418646454811124
v -0.007847656495869161 -0.04456645995378494 0.0590140447020531
v 0.005448044277727605 -0.04642198234796524 0.06276008486747744
v 0.009075461886823179 -0.04640011861920357 0.06475429236888888
v 0.004748747218400241 -0.04651644453406334 0.06416286528110507
v 0.004748747218400241 -0.04651644453406334 0.06416286528110507
v 0.001020175055600703 -0.04647061228752136 0.06218317523598674
v 0.005448044277727605 -0.04642198234796524 0.06276008486747744
v -0.0036209828685969123 -0.04616977274417877 0.061170939356088666
v -0.007789429277181627 -0.04636795073747635 0.06340241432189944
v -0.008197228424251081 -0.04608532413840294 0.06224836409091952
v -0.008197228424251081 -0.04608532413840294 0.06224836409091952
v -0.00733177922666073 -0.04558427259325981 0.06056458130478862
v -0.0036209828685969123 -0.04616977274417877 0.061170939356088666
v -0.0036209828685969123 -0.04616977274417877 0.061170939356088666
v -0.00733177922666073 -0.04558427259325981 0.06056458130478862
v -0.004923270083963872 -0.045625124126672745 0.06000113487243655
v -0.004923270083963872 -0.045625124126672745 0.06000113487243655
v -0.0024539607111364607 -0.045648667961359024 0.05965677648782733
v -0.0036209828685969123 -0.04616977274417877 0.061170939356088666
v -0.0036209828685969123 -0.04616977274417877 0.061170939356088666
v -0.0024539607111364607 -0.045648667961359024 0.05965677648782733
v 0.0010581795359030368 -0.04618798941373825 0.06093851104378703
v -0.02346018515527249 -0.044882792979478836 0.08274167031049733
v -0.021579602733254436 -0.045331668108701706 0.07772965729236606
v -0.021851936355233196 -0.043857548385858536 0.0946934744715691
v -0.021579602733254436 -0.045331668108701706 0.07772965729236606
v -0.01862270385026932 -0.045762039721012115 0.07292881608009341
v -0.021851936355233196 -0.043857548385858536 0.0946934744715691
v -0.03040892072021962 -0.03811068460345268 0.08361384272575383
v -0.030226210132241256 -0.03910999372601509 0.08529887348413472
v -0.03215194866061211 -0.029863908886909485 0.0840622335672379
v -0.030226210132241256 -0.03910999372601509 0.08529887348413472
v -0.03040892072021962 -0.03811068460345268 0.08361384272575383
v -0.03009471110999585 -0.03918914869427681 0.08207594603300099
v -0.029131531715393073 -0.026377907022833824 0.09870396554470066
v -0.028384190052747733 -0.026013923808932304 0.10019821673631672
v -0.029072409495711334 -0.02391814813017845 0.09899774193763737
v -0.023018071427941326 -0.024274952709674835 0.10752627998590474
v -0.02136355079710484 -0.02142765372991562 0.10918320715427403
v -0.02369766309857369 -0.02197747491300106 0.10689716786146168
v -0.02136355079710484 -0.02142765372991562 0.10918320715427403
v -0.02355234883725644 0.050052233040332794 0.1058851853013039
v -0.02369766309857369 -0.02197747491300106 0.10689716786146168
v -0.02136355079710484 -0.02142765372991562 0.10918320715427403
v -0.020886491984128955 0.050134703516960144 0.10848487913608555
v -0.02355234883725644 0.050052233040332794 0.1058851853013039
v -0.02110203914344311 -0.02383124828338623 0.10931876301765446
v -0.023018071427941326 -0.024274952709674835 0.10752627998590474
v -0.020108416676521305 -0.03722566366195679 0.1078312993049622
v -0.02110203914344311 -0.02383124828338623 0.10931876301765446
v -0.02136355079710484 -0.02142765372991562 0.10918320715427403
v -0.023018071427941326 -0.024274952709674835 0.10752627998590474
v -0.022310763597488407 0.05020245164632797 0.10696850717067723
v -0.023433797061443332 0.050447676330804825 0.10534932464361195
v -0.02355234883725644 0.050052233040332794 0.1058851853013039
v -0.022310763597488407 0.05020245164632797 0.10696850717067723
v -0.021046498790383342 0.05044768005609512 0.10780329257249836
v -0.023433797061443332 0.050447676330804825 0.10534932464361195
v -0.022310763597488407 0.05020245164632797 0.10696850717067723
v -0.02355234883725644 0.050052233040332794 0.1058851853013039
v -0.020886491984128955 0.050134703516960144 0.10848487913608555
v -0.022310763597488407 0.05020245164632797 0.10696850717067723
v -0.020886491984128955 0.050134703516960144 0.10848487913608555
v -0.021046498790383342 0.05044768005609512 0.10780329257249836
v -0.024560308083891876 0.050205688923597336 0.10438503324985508
v -0.025753056630492217 0.05013466998934746 0.10303375869989399
v -0.02355234883725644 0.050052233040332794 0.1058851853013039
v -0.023433797061443332 0.050447676330804825 0.10534932464361195
v -0.024560308083891876 0.050205688923597336 0.10438503324985508
v -0.02355234883725644 0.050052233040332794 0.1058851853013039
v -0.024560308083891876 0.050205688923597336 0.10438503324985508
v -0.023433797061443332 0.050447676330804825 0.10534932464361195
v -0.025753056630492217 0.05013466998934746 0.10303375869989399
v -0.0007092177402228118 -0.019436124712228775 0.11725185811519628
v 0.0014902444090694193 -0.01932600326836109 0.11717768013477331
v -3.387622768968868e-07 0.05044769123196602 0.11644058674573904
v -0.0007092177402228118 -0.019436124712228775 0.11725185811519628
v -3.387622768968868e-07 0.05044769123196602 0.11644058674573904
v -0.002215323736891151 0.05008639022707939 0.11637470126152044
v -0.005288854241371156 -0.022064855322241783 0.11674023419618612
v -0.007269772235304119 -0.019626760855317116 0.11642217636108404
v -0.007898138836026193 -0.022187918424606323 0.11620867252349859
v -0.003315053880214692 -0.02199341170489788 0.11700946837663656
v -0.005288854241371156 -0.022064855322241783 0.11674023419618612
v -0.004217437934130431 -0.03703288361430168 0.11510826647281652
v -0.005288854241371156 -0.022064855322241783 0.11674023419618612
v -0.007898138836026193 -0.022187918424606323 0.11620867252349859
v -0.0061656762845814245 -0.03769872337579727 0.11469843238592153
v -0.005288854241371156 -0.022064855322241783 0.11674023419618612
v -0.0061656762845814245 -0.03769872337579727 0.11469843238592153
v -0.004217437934130431 -0.03703288361430168 0.11510826647281652
v -0.00413662986829877 -0.04239480942487717 0.1105544343590737
v -0.007363157346844675 -0.04209577292203903 0.11088221520185476
v -0.010119920596480371 -0.04249463602900505 0.10895503312349324
v -0.010119920596480371 -0.04249463602900505 0.10895503312349324
v -0.010192718356847765 -0.04272298514842987 0.10765780508518223
v -0.00413662986829877 -0.04239480942487717 0.1105544343590737
v -0.00413662986829877 -0.04239480942487717 0.1105544343590737
v -0.010192718356847765 -0.04272298514842987 0.10765780508518223
v -0.004024117253720761 -0.04254532605409622 0.10964767634868627
v -0.004228944890201093 -0.04196793586015701 0.11172212660312658
v -0.007363157346844675 -0.04209577292203903 0.11088221520185476
v -0.00413662986829877 -0.04239480942487717 0.1105544343590737
v -0.00413662986829877 -0.04239480942487717 0.1105544343590737
v 0.004299930762499572 -0.04205727204680443 0.11151210963726049
v -0.004228944890201093 -0.04196793586015701 0.11172212660312658
v 0.004286572337150575 -0.04241189733147621 0.11049479246139532
v 0.004299930762499572 -0.04205727204680443 0.11151210963726049
v -0.00413662986829877 -0.04239480942487717 0.1105544343590737
v -0.00413662986829877 -0.04239480942487717 0.1105544343590737
v 0.004064403008669616 -0.042543694376945496 0.10976684093475347
v 0.004286572337150575 -0.04241189733147621 0.11049479246139532
v 0.004064403008669616 -0.042543694376945496 0.10976684093475347
v -0.00413662986829877 -0.04239480942487717 0.1105544343590737
v -0.004024117253720761 -0.04254532605409622 0.10964767634868627
v -0.007556986529380085 -0.04134871065616608 0.11207417398691183
v -0.007363157346844675 -0.04209577292203903 0.11088221520185476
v -0.004320467356592418 -0.04139531031250954 0.11266379803419119
v -0.012156608514487747 0.050212711095809937 0.05604766309261325
v -0.00994693022221327 0.05013466998934746 0.05508112534880641
v -0.012344826012849811 0.05005339905619621 0.05596541240811351
v -0.012482795864343647 0.05044768378138542 0.05648388713598254
v -0.00994693022221327 0.05013466998934746 0.05508112534880641
v -0.012156608514487747 0.050212711095809937 0.05604766309261325
v -0.015449722297489647 0.05013030767440796 0.057492192834615735
v -0.012156608514487747 0.050212711095809937 0.05604766309261325
v -0.012344826012849811 0.05005339905619621 0.05596541240811351
v -0.012156608514487747 0.050212711095809937 0.05604766309261325
v -0.015449722297489647 0.05013030767440796 0.057492192834615735
v -0.012482795864343647 0.05044768378138542 0.05648388713598254
v -0.029515180736780174 -0.03835294768214226 0.07757581025362018
v -0.030001547187566764 -0.038331422954797745 0.07996911555528645
v -0.031221879646182067 -0.03143898770213127 0.07743491232395175
v -0.030001547187566764 -0.038331422954797745 0.07996911555528645
v -0.03172238916158677 -0.030952703207731247 0.08004280179739003
v -0.031221879646182067 -0.03143898770213127 0.07743491232395175
v -0.03009471110999585 -0.03918914869427681 0.08207594603300099
v -0.03172238916158677 -0.030952703207731247 0.08004280179739003
v -0.030001547187566764 -0.038331422954797745 0.07996911555528645
v -0.01604990661144257 -0.04570041969418526 0.06633394211530688
v -0.01416378747671843 -0.04532917961478233 0.06348332017660144
v -0.012407815083861354 -0.0460207499563694 0.06439475715160373
v 0.014320015907287601 0.050119973719120026 0.1130009144544602
v 0.011657993309199812 0.05020106956362724 0.11405783146619802
v 0.010078703053295614 0.050110653042793274 0.11478240787982946
v 0.011657993309199812 0.05020106956362724 0.11405783146619802
v 0.010895542800426485 0.05044769495725632 0.1140426173806191
v 0.010078703053295614 0.050110653042793274 0.11478240787982946
v 0.011657993309199812 0.05020106956362724 0.11405783146619802
v 0.014320015907287601 0.050119973719120026 0.1130009144544602
v 0.014030822552740577 0.050447698682546616 0.11266734451055532
v 0.014030822552740577 0.050447698682546616 0.11266734451055532
v 0.010895542800426485 0.05044769495725632 0.1140426173806191
v 0.011657993309199812 0.05020106956362724 0.11405783146619802
v 0.0060043195262551325 -0.019554607570171356 0.11669551581144338
v 0.002752093365415931 -0.019448282197117805 0.11712933331727987
v 0.004385913722217084 -0.022038733586668968 0.11688768863677984
v 0.004149514716118575 0.05010123550891876 0.11615178734064108
v 0.002752093365415931 -0.019448282197117805 0.11712933331727987
v 0.0060043195262551325 -0.019554607570171356 0.11669551581144338
v 0.0060043195262551325 -0.019554607570171356 0.11669551581144338
v 0.008923928253352644 -0.019717318937182426 0.11599608510732656
v 0.006544993724673988 0.05008509010076523 0.11574299633502966
v 0.006544993724673988 0.05008509010076523 0.11574299633502966
v 0.004149514716118575 0.05010123550891876 0.11615178734064108
v 0.0060043195262551325 -0.019554607570171356 0.11669551581144338
v 0.012163030914962295 -0.019997991621494293 0.11487999558448797
v 0.010078703053295614 0.050110653042793274 0.11478240787982946
v 0.008923928253352644 -0.019717318937182426 0.11599608510732656
v 0.0008756608003750446 -0.0219731405377388 0.11717464029788976
v 0.004385913722217084 -0.022038733586668968 0.11688768863677984
v 0.002752093365415931 -0.019448282197117805 0.11712933331727987
v 0.0008756608003750446 -0.0219731405377388 0.11717464029788976
v 0.002752093365415931 -0.019448282197117805 0.11712933331727987
v 0.0014902444090694193 -0.01932600326836109 0.11717768013477331
v -0.0007092177402228118 -0.019436124712228775 0.11725185811519628
v 0.0008756608003750446 -0.0219731405377388 0.11717464029788976
v 0.0014902444090694193 -0.01932600326836109 0.11717768013477331
v 0.0042273523285985 -0.03867451474070549 0.11474083364009863
v -0.004358015023171903 -0.03921188414096832 0.11450938135385519
v 0.004251731093972922 -0.039685677736997604 0.1142317801713944
v 0.004251731093972922 -0.039685677736997604 0.1142317801713944
v -0.004358015023171903 -0.03921188414096832 0.11450938135385519
v -0.004298472777009011 -0.040104858577251434 0.1139728799462319
v 0.004287332762032748 -0.04050317034125328 0.11365672945976263
v 0.004251731093972922 -0.039685677736997604 0.1142317801713944
v -0.004298472777009011 -0.040104858577251434 0.1139728799462319
v -0.00442210165783763 -0.04079123213887215 0.11335144191980367
v 0.004287332762032748 -0.04050317034125328 0.11365672945976263
v -0.004298472777009011 -0.040104858577251434 0.1139728799462319
v -0.00442210165783763 -0.04079123213887215 0.11335144191980367
v -0.004298472777009011 -0.040104858577251434 0.1139728799462319
v -0.007897311821579935 -0.040049731731414795 0.11326044797897344
v -0.00442210165783763 -0.04079123213887215 0.11335144191980367
v -0.007897311821579935 -0.040049731731414795 0.11326044797897344
v -0.00851438380777836 -0.040743570774793625 0.11249999701976782
v -0.007556986529380085 -0.04134871065616608 0.11207417398691183
v -0.00442210165783763 -0.04079123213887215 0.11335144191980367
v -0.00851438380777836 -0.040743570774793625 0.11249999701976782
v -0.00442210165783763 -0.04079123213887215 0.11335144191980367
v -0.007556986529380085 -0.04134871065616608 0.11207417398691183
v -0.004320467356592418 -0.04139531031250954 0.11266379803419119
v 0.004227151162922383 -0.04163315147161484 0.11230694502592092
v -0.004320467356592418 -0.04139531031250954 0.11266379803419119
v -0.004228944890201093 -0.04196793586015701 0.11172212660312658
v 0.004227151162922383 -0.04163315147161484 0.11230694502592092
v -0.004228944890201093 -0.04196793586015701 0.11172212660312658
v 0.004299930762499572 -0.04205727204680443 0.11151210963726049
v 0.024655183777213104 -0.02223631925880909 0.10580983757972721
v 0.025731535628438003 -0.025022398680448532 0.10435320436954502
v 0.026183003559708602 -0.022627955302596092 0.10377135127782826
v 0.026183003559708602 -0.022627955302596092 0.10377135127782826
v 0.026243738830089576 0.050101231783628464 0.10233598202466969
v 0.024809516966342933 0.0500691793859005 0.10433915257453923
v 0.024809516966342933 0.0500691793859005 0.10433915257453923
v 0.024655183777213104 -0.02223631925880909 0.10580983757972721
v 0.026183003559708602 -0.022627955302596092 0.10377135127782826
v 0.0308557115495205 0.050101686269044876 0.09120371192693714
v 0.030885541811585433 0.05044770985841751 0.08835951983928685
v 0.030322028324007995 0.05044770985841751 0.0917364284396172
v 0.0308557115495205 0.050101686269044876 0.09120371192693714
v 0.03091805055737496 0.05020478367805481 0.09001918882131581
v 0.030885541811585433 0.05044770985841751 0.08835951983928685
v 0.0308557115495205 0.050101686269044876 0.09120371192693714
v 0.03137751296162606 0.05010192468762398 0.08778711408376698
v 0.03091805055737496 0.05020478367805481 0.09001918882131581
v 0.03137751296162606 0.05010192468762398 0.08778711408376698
v 0.0308557115495205 0.050101686269044876 0.09120371192693714
v 0.031782269477844245 -0.02604091539978981 0.09044430404901509
v 0.028102084994316108 0.05044770613312721 0.09820289909839634
v 0.029390439391136176 0.05044770613312721 0.0950308814644814
v 0.030322028324007995 0.05044770985841751 0.0917364284396172
v 0.03140481561422349 -0.0255240797996521 0.09215703606605534
v 0.031782269477844245 -0.02604091539978981 0.09044430404901509
v 0.0308557115495205 0.050101686269044876 0.09120371192693714
v 0.031043786555528648 -0.025251595303416252 0.09375302493572239
v 0.0308557115495205 0.050101686269044876 0.09120371192693714
v 0.030299279838800437 0.05005624145269394 0.09353400021791462
v 0.031043786555528648 -0.025251595303416252 0.09375302493572239
v 0.03140481561422349 -0.0255240797996521 0.09215703606605534
v 0.0308557115495205 0.050101686269044876 0.09120371192693714
v 0.030046740546822555 -0.024504726752638817 0.09674996882677082
v 0.02972987852990628 -0.026684338226914406 0.09736582636833195
v 0.03043144382536412 -0.02714884653687477 0.09549035876989369
v 0.03043144382536412 -0.02714884653687477 0.09549035876989369
v 0.031043786555528648 -0.025251595303416252 0.09375302493572239
v 0.030046740546822555 -0.024504726752638817 0.09674996882677082
v 0.030046740546822555 -0.024504726752638817 0.09674996882677082
v 0.031043786555528648 -0.025251595303416252 0.09375302493572239
v 0.030299279838800437 0.05005624145269394 0.09353400021791462
v 0.030046740546822555 -0.024504726752638817 0.09674996882677082
v 0.02863405086100102 -0.02372494526207447 0.09987189620733265
v 0.02972987852990628 -0.026684338226914406 0.09736582636833195
v 0.02863405086100102 -0.02372494526207447 0.09987189620733265
v 0.030046740546822555 -0.024504726752638817 0.09674996882677082
v 0.02809493243694306 0.05008980259299278 0.09919417649507527
v 0.030046740546822555 -0.024504726752638817 0.09674996882677082
v 0.028909303247928626 0.04300110042095184 0.09749737381935124
v 0.02809493243694306 0.05008980259299278 0.09919417649507527
v 0.022504862397909168 -0.021636297926306725 0.10812152922153477
v 0.024655183777213104 -0.02223631925880909 0.10580983757972721
v 0.023181553930044178 0.05010172724723816 0.106246329843998
v 0.022504862397909168 -0.021636297926306725 0.10812152922153477
v 0.023362489417195324 -0.024326538667082787 0.10716719925403599
v 0.024655183777213104 -0.02223631925880909 0.10580983757972721
v 0.022504862397909168 -0.021636297926306725 0.10812152922153477
v 0.023181553930044178 0.05010172724723816 0.106246329843998
v 0.02048350311815739 0.05010702833533287 0.10887889564037327
v 0.020287603139877323 -0.021188480779528618 0.11008840054273611
v 0.022504862397909168 -0.021636297926306725 0.10812152922153477
v 0.02048350311815739 0.05010702833533287 0.10887889564037327
v 0.022504862397909168 -0.021636297926306725 0.10812152922153477
v 0.020287603139877323 -0.021188480779528618 0.11008840054273611
v 0.020920211449265484 -0.023798217996954918 0.10947235673666006
v 0.022170336917042736 -0.024074558168649673 0.1083454936742783
v 0.022504862397909168 -0.021636297926306725 0.10812152922153477
v 0.020920211449265484 -0.023798217996954918 0.10947235673666006
v 0.023362489417195324 -0.024326538667082787 0.10716719925403599
v 0.022504862397909168 -0.021636297926306725 0.10812152922153477
v 0.022170336917042736 -0.024074558168649673 0.1083454936742783
v 0.020920211449265484 -0.023798217996954918 0.10947235673666006
v 0.019422935321927074 -0.023503171280026436 0.110676720738411
v 0.01727116294205189 -0.03739351034164429 0.1100286021828652
v 0.01727116294205189 -0.03739351034164429 0.1100286021828652
v 0.018723081797361377 -0.03823813050985336 0.10875680297613148
v 0.020920211449265484 -0.023798217996954918 0.10947235673666006
v -0.016182841733098034 -0.020502544939517975 0.11290302872657781
v -0.01452995836734772 -0.022780999541282654 0.11373634636402136
v -0.013311319984495643 -0.020134655758738518 0.11438496410846716
v -0.013311319984495643 -0.020134655758738518 0.11438496410846716
v -0.013985303230583671 0.05014050006866455 0.11315973848104482
v -0.016182841733098034 -0.020502544939517975 0.11290302872657781
v -0.013311319984495643 -0.020134655758738518 0.11438496410846716
v -0.0126312579959631 0.04432641342282295 0.11379021406173712
v -0.013985303230583671 0.05014050006866455 0.11315973848104482
v -0.011045278981328012 0.043947767466306686 0.1144408136606217
v -0.013311319984495643 -0.020134655758738518 0.11438496410846716
v -0.010334151796996595 -0.019841358065605164 0.11555533111095434
v -0.013311319984495643 -0.020134655758738518 0.11438496410846716
v -0.011045278981328012 0.043947767466306686 0.1144408136606217
v -0.0126312579959631 0.04432641342282295 0.11379021406173712
v -0.012174268253147606 -0.022516541182994843 0.11479914933443075
v -0.01452995836734772 -0.022780999541282654 0.11373634636402136
v -0.012383034452795986 -0.037093400955200195 0.11278411000967031
v -0.013311319984495643 -0.020134655758738518 0.11438496410846716
v -0.012174268253147606 -0.022516541182994843 0.11479914933443075
v -0.010334151796996595 -0.019841358065605164 0.11555533111095434
v -0.012174268253147606 -0.022516541182994843 0.11479914933443075
v -0.013311319984495643 -0.020134655758738518 0.11438496410846716
v -0.01452995836734772 -0.022780999541282654 0.11373634636402136
v -0.008026373572647573 -0.03911687806248665 0.11377939581871038
v -0.0061656762845814245 -0.03769872337579727 0.11469843238592153
v -0.008428940549492838 -0.038026634603738785 0.114061750471592
v -0.008803722448647024 -0.03714553266763687 0.11411274969577795
v -0.008428940549492838 -0.038026634603738785 0.114061750471592
v -0.0061656762845814245 -0.03769872337579727 0.11469843238592153
v -0.03172636032104493 -0.028391262516379356 0.09033332020044331
v -0.03141280636191369 -0.02799881063401699 0.09196875989437107
v -0.03145392611622811 -0.02560754306614399 0.09211704134941105
v -0.03141280636191369 -0.02799881063401699 0.09196875989437107
v -0.03172636032104493 -0.028391262516379356 0.09033332020044331
v -0.029876150190830238 -0.03801969066262245 0.09067747741937641
v 0.015585720539093021 0.05020247772336006 0.05773741006851199
v 0.015878066420555118 0.05007251352071762 0.057745877653360395
v 0.013807063922286037 0.050134722143411636 0.05665845051407817
v 0.015585720539093021 0.05020247772336006 0.05773741006851199
v 0.01699580438435078 0.050447702407836914 0.05892648175358775
v 0.015878066420555118 0.05007251352071762 0.057745877653360395
v 0.010895561426877977 0.050447698682546616 0.05583943054080012
v 0.014030840247869495 0.050447698682546616 0.057214654982090024
v 0.013807063922286037 0.050134722143411636 0.05665845051407817
v 0.014030840247869495 0.050447698682546616 0.057214654982090024
v 0.010895561426877977 0.050447698682546616 0.05583943054080012
v 0.01699580438435078 0.050447702407836914 0.05892648175358775
v 0.014030840247869495 0.050447698682546616 0.057214654982090024
v 0.015585720539093021 0.05020247772336006 0.05773741006851199
v 0.013807063922286037 0.050134722143411636 0.05665845051407817
v 0.01699580438435078 0.050447702407836914 0.05892648175358775
v 0.015585720539093021 0.05020247772336006 0.05773741006851199
v 0.014030840247869495 0.050447698682546616 0.057214654982090024
v 0.0043395846150815496 0.05013424903154373 0.05376822501420977
v 0.001492722774855793 0.050204288214445114 0.05362173542380335
v 0.0008559181005693974 0.05044769123196602 0.05387833341956141
v 0.0008559181005693974 0.05044769123196602 0.05387833341956141
v 0.004267870448529721 0.05044769495725632 0.05416110157966616
v 0.0043395846150815496 0.05013424903154373 0.05376822501420977
v 0.004267870448529721 0.05044769495725632 0.05416110157966616
v 0.0008559181005693974 0.05044769123196602 0.05387833341956141
v -0.002566427923738957 0.05044769123196602 0.05397269129753115
v -0.001619519898667932 0.050103068351745605 0.05348061025142672
v -0.002566427923738957 0.05044769123196602 0.05397269129753115
v 0.0008559181005693974 0.05044769123196602 0.05387833341956141
v 0.0008559181005693974 0.05044769123196602 0.05387833341956141
v 0.001492722774855793 0.050204288214445114 0.05362173542380335
v -0.001619519898667932 0.050103068351745605 0.05348061025142672
v 0.017684577032923702 0.026018399745225906 0.04994143918156626
v 0.014534313231706623 0.027943121269345284 0.04994263127446177
v 0.0043395846150815496 0.05013424903154373 0.05376822501420977
v 0.017684577032923702 0.026018399745225906 0.04994143918156626
v 0.0043395846150815496 0.05013424903154373 0.05376822501420977
v 0.0069125262089073675 0.05013466626405716 0.05423661321401598
v 0.017684577032923702 0.026018399745225906 0.04994143918156626
v 0.0069125262089073675 0.05013466626405716 0.05423661321401598
v 0.020300166681408886 0.02403641678392887 0.04994143918156626
v 0.017684577032923702 0.026018399745225906 0.04994143918156626
v 0.020300166681408886 0.02403641678392887 0.04994143918156626
v -0.00977576430886984 -0.029846929013729095 0.04994080588221552
v 0.014892606064677242 0.02713848277926445 0.04994143545627596
v 0.017684577032923702 0.026018399745225906 0.04994143918156626
v -0.00977576430886984 -0.029846929013729095 0.04994080588221552
v 0.010642747394740583 0.029667528346180916 0.04994198679924013
v 0.014534313231706623 0.027943121269345284 0.04994263127446177
v 0.017684577032923702 0.026018399745225906 0.04994143918156626
v 0.026101224124431617 0.01661289669573307 0.04994143918156626
v 0.027971493080258376 0.013210881501436234 0.04994143918156626
v -0.00977576430886984 -0.029846929013729095 0.04994080588221552
v 0.027971493080258376 0.013210881501436234 0.04994143918156626
v 0.030994003638625152 0.005865809973329306 0.049941446632146856
v -0.00977576430886984 -0.029846929013729095 0.04994080588221552
v 0.030994003638625152 0.005865809973329306 0.049941446632146856
v 0.027971493080258376 0.013210881501436234 0.04994143918156626
v 0.03013232536613942 0.009209267795085907 0.049941450357437155
v 0.027971493080258376 0.013210881501436234 0.04994143918156626
v 0.028924372047185905 0.012481536716222763 0.04994149133563044
v 0.03013232536613942 0.009209267795085907 0.049941450357437155
v 0.023819312453269965 0.01975366473197937 0.04994143918156626
v -0.00977576430886984 -0.029846929013729095 0.04994080588221552
v 0.020300166681408886 0.02403641678392887 0.04994143918156626
v 0.023819312453269965 0.01975366473197937 0.04994143918156626
v 0.026101224124431617 0.01661289669573307 0.04994143918156626
v -0.00977576430886984 -0.029846929013729095 0.04994080588221552
v -0.01865850575268269 0.05008544400334358 0.05957440286874774
v -0.015449722297489647 0.05013030767440796 0.057492192834615735
v -0.02691864967346192 0.01633545383810997 0.04994148761034014
v -0.02691864967346192 0.01633545383810997 0.04994148761034014
v -0.021335517987608913 0.05010208487510681 0.06175521388649943
v -0.01865850575268269 0.05008544400334358 0.05957440286874774
v 0.007019801530987026 0.03070862405002117 0.049941912293434164
v 0.010642747394740583 0.029667528346180916 0.04994198679924013
v 0.004221957176923753 0.03125069662928581 0.04994144290685656
v 0.007019801530987026 0.03070862405002117 0.049941912293434164
v 0.0019642158877104525 0.05006910860538483 0.05350925028324129
v 0.010642747394740583 0.029667528346180916 0.04994198679924013
v 0.0019642158877104525 0.05006910860538483 0.05350925028324129
v 0.007019801530987026 0.03070862405002117 0.049941912293434164
v 0.004221957176923753 0.03125069662928581 0.04994144290685656
v 0.02667351439595223 -0.04360665753483772 0.08672675490379338
v 0.02728125080466271 -0.04335302859544754 0.08475432544946675
v 0.027891499921679504 -0.04274219274520874 0.08675093948841099
v 0.028308300301432616 -0.042476240545511246 0.08261720836162571
v 0.02842418663203717 -0.042356401681900024 0.08481650054454808
v 0.02728125080466271 -0.04335302859544754 0.08475432544946675
v 0.02842418663203717 -0.042356401681900024 0.08481650054454808
v 0.027891499921679504 -0.04274219274520874 0.08675093948841099
v 0.02728125080466271 -0.04335302859544754 0.08475432544946675
v 0.02867869287729264 -0.04193093627691269 0.08673112839460377
v 0.027891499921679504 -0.04274219274520874 0.08675093948841099
v 0.02842418663203717 -0.042356401681900024 0.08481650054454808
v 0.02842418663203717 -0.042356401681900024 0.08481650054454808
v 0.029336042702198036 -0.04118834808468819 0.0837858691811562
v 0.02867869287729264 -0.04193093627691269 0.08673112839460377
v 0.02842418663203717 -0.042356401681900024 0.08481650054454808
v 0.028308300301432616 -0.042476240545511246 0.08261720836162571
v 0.029336042702198036 -0.04118834808468819 0.0837858691811562
v 0.029416531324386604 -0.0395590104162693 0.09103771299123768
v 0.029233612120151527 -0.04055974259972572 0.08958435058593754
v 0.02979820221662522 -0.0401068739593029 0.08708309382200245
v 0.024371385574340827 -0.03767004236578941 0.10316876322031025
v 0.02679682523012162 -0.025395037606358528 0.10284132510423664
v 0.025731535628438003 -0.025022398680448532 0.10435320436954502
v 0.027154987677931793 -0.040293365716934204 0.07231368124485019
v 0.028266930952668197 -0.040169671177864075 0.07497373223304751
v 0.027617055922746665 -0.04160754755139351 0.07527079433202746
v 0.028266930952668197 -0.040169671177864075 0.07497373223304751
v 0.027154987677931793 -0.040293365716934204 0.07231368124485019
v 0.029656920582056052 -0.01054319180548191 0.04994150251150133
v 0.027154987677931793 -0.040293365716934204 0.07231368124485019
v 0.02821898832917214 -0.013885614462196827 0.049941714853048345
v 0.029656920582056052 -0.01054319180548191 0.04994150251150133
v 0.027154987677931793 -0.040293365716934204 0.07231368124485019
v 0.025941925123333938 -0.04104277491569519 0.0706279277801514
v 0.02821898832917214 -0.013885614462196827 0.049941714853048345
v 0.010729568079113962 -0.04176827147603035 0.11045155674219137
v 0.01096078008413315 -0.04228198155760765 0.10928945988416676
v 0.013634918257594112 -0.04172160476446152 0.10923521220684056
v 0.010729568079113962 -0.04176827147603035 0.11045155674219137
v 0.007760850246995689 -0.04221425577998161 0.11047842353582388
v 0.01096078008413315 -0.04228198155760765 0.10928945988416676
v 0.013771351426839832 -0.040056392550468445 0.11098486930131918
v 0.012919818051159385 -0.039175037294626236 0.11193315684795385
v 0.010800200514495375 -0.03935132175683975 0.1127671971917153
v 0.01977196149528027 -0.039367347955703735 0.10738619416952137
v 0.018723081797361377 -0.03823813050985336 0.10875680297613148
v 0.017359748482704166 -0.03900444880127907 0.10946363955736166
v 0.017359748482704166 -0.03900444880127907 0.10946363955736166
v 0.01727116294205189 -0.03739351034164429 0.1100286021828652
v 0.01568195223808289 -0.03815815970301628 0.11086016893386846
v 0.01727116294205189 -0.03739351034164429 0.1100286021828652
v 0.017359748482704166 -0.03900444880127907 0.10946363955736166
v 0.018723081797361377 -0.03823813050985336 0.10875680297613148
v 0.013771351426839832 -0.040056392550468445 0.11098486930131918
v 0.010487894527614118 -0.04060963913798332 0.11196342110633856
v 0.013058898039162162 -0.04068475216627121 0.1107925176620484
v 0.024342885240912444 -0.04447995498776436 0.08637422323226933
v 0.02310832776129246 -0.04396478459239006 0.09304308891296391
v 0.023348409682512287 -0.044797345995903015 0.08392919600009922
v 0.01860863715410233 -0.043214548379182816 0.10173113644123082
v 0.02310832776129246 -0.04396478459239006 0.09304308891296391
v 0.022256923839449886 -0.043508343398571014 0.09712360054254536
v 0.022026814520359043 -0.042881522327661514 0.09999149292707447
v 0.02012824080884457 -0.04281846806406975 0.10222023725509648
v 0.022256923839449886 -0.043508343398571014 0.09712360054254536
v 0.022256923839449886 -0.043508343398571014 0.09712360054254536
v 0.02012824080884457 -0.04281846806406975 0.10222023725509648
v 0.01860863715410233 -0.043214548379182816 0.10173113644123082
v 0.022256923839449886 -0.043508343398571014 0.09712360054254536
v 0.02310832776129246 -0.04396478459239006 0.09304308891296391
v 0.0242508351802826 -0.04361273720860481 0.09373801201581959
v 0.022256923839449886 -0.043508343398571014 0.09712360054254536
v 0.02359606698155404 -0.043058983981609344 0.09731406718492512
v 0.022026814520359043 -0.042881522327661514 0.09999149292707447
v 0.022256923839449886 -0.043508343398571014 0.09712360054254536
v 0.0242508351802826 -0.04361273720860481 0.09373801201581959
v 0.02359606698155404 -0.043058983981609344 0.09731406718492512
v 0.024507921189069755 -0.04472395032644272 0.07868759334087376
v 0.023171987384557727 -0.04508126154541969 0.0764453858137131
v 0.023246370255947117 -0.044924572110176086 0.07468828558921817
v 0.010031794197857382 -0.04451272264122963 0.05973137170076373
v 0.013344576582312587 -0.04495066776871681 0.06213027983903888
v 0.010703017935156824 -0.04525410383939743 0.061254907399416
v 0.010031794197857382 -0.04451272264122963 0.05973137170076373
v 0.012268583290278915 -0.04381631687283516 0.05991563200950625
v 0.013344576582312587 -0.04495066776871681 0.06213027983903888
v 0.010103671811521055 -0.043180759996175766 0.05832439661026004
v 0.010031794197857382 -0.04451272264122963 0.05973137170076373
v 0.007196179591119291 -0.04424728453159332 0.0584526099264622
v 0.012268583290278915 -0.04381631687283516 0.05991563200950625
v 0.010031794197857382 -0.04451272264122963 0.05973137170076373
v 0.010103671811521055 -0.043180759996175766 0.05832439661026004
v 0.004601349588483573 -0.04427873343229294 0.057899843901395825
v 0.0023796176537871365 -0.044894129037857056 0.05836474522948268
v 0.0018998982850462203 -0.04396112635731697 0.05720839649438861
v 0.0023796176537871365 -0.044894129037857056 0.05836474522948268
v -0.0005132465157657863 -0.04398982599377632 0.05717704445123675
v 0.0018998982850462203 -0.04396112635731697 0.05720839649438861
v -0.0015186946839094166 -0.04490628466010094 0.05833018198609355
v -0.0005132465157657863 -0.04398982599377632 0.05717704445123675
v 0.0023796176537871365 -0.044894129037857056 0.05836474522948268
v 0.019408056512475017 -0.042046722024679184 0.06315179169178012
v 0.022065220400691036 -0.04090389981865883 0.06499554216861728
v 0.023388691246509555 -0.04098564386367798 0.0666838884353638
v 0.022065220400691036 -0.04090389981865883 0.06499554216861728
v 0.019408056512475017 -0.042046722024679184 0.06315179169178012
v 0.024438947439193733 -0.019738763570785522 0.049941837787628195
v 0.026619695127010352 -0.016709821298718452 0.04994142055511477
v 0.023388691246509555 -0.04098564386367798 0.0666838884353638
v 0.022065220400691036 -0.04090389981865883 0.06499554216861728
v 0.022065220400691036 -0.04090389981865883 0.06499554216861728
v 0.024438947439193733 -0.019738763570785522 0.049941837787628195
v 0.026619695127010352 -0.016709821298718452 0.04994142055511477
v 0.005709353368729354 -0.04613993689417839 0.06155392527580264
v 0.001020175055600703 -0.04647061228752136 0.06218317523598674
v 0.0010581795359030368 -0.04618798941373825 0.06093851104378703
v 0.005709353368729354 -0.04613993689417839 0.06155392527580264
v 0.005448044277727605 -0.04642198234796524 0.06276008486747744
v 0.001020175055600703 -0.04647061228752136 0.06218317523598674
v -0.007789429277181627 -0.04636795073747635 0.06340241432189944
v -0.0036209828685969123 -0.04616977274417877 0.061170939356088666
v -0.003432262921705843 -0.04645258188247681 0.062398280948400525
v -0.003432262921705843 -0.04645258188247681 0.062398280948400525
v 0.001020175055600703 -0.04647061228752136 0.06218317523598674
v -0.0015430905623361473 -0.04655859246850014 0.06345667690038684
v -0.003432262921705843 -0.04645258188247681 0.062398280948400525
v 0.0010581795359030368 -0.04618798941373825 0.06093851104378703
v 0.001020175055600703 -0.04647061228752136 0.06218317523598674
v -0.003432262921705843 -0.04645258188247681 0.062398280948400525
v -0.0036209828685969123 -0.04616977274417877 0.061170939356088666
v 0.0010581795359030368 -0.04618798941373825 0.06093851104378703
v -0.003432262921705843 -0.04645258188247681 0.062398280948400525
v -0.0015430905623361473 -0.04655859246850014 0.06345667690038684
v -0.007321050856262447 -0.04645839333534241 0.06483689695596698
v -0.007321050856262447 -0.04645839333534241 0.06483689695596698
v -0.007789429277181627 -0.04636795073747635 0.06340241432189944
v -0.003432262921705843 -0.04645258188247681 0.062398280948400525
v -0.029555024579167373 -0.04016859829425812 0.088962234556675
v -0.02864107675850392 -0.04148092493414879 0.08960347622632985
v -0.028479758650064475 -0.04073069244623184 0.09246912598609928
v -0.028479758650064475 -0.04073069244623184 0.09246912598609928
v -0.027625441551208503 -0.04061167687177658 0.09520711749792103
v -0.02808200381696225 -0.039663445204496384 0.09533838927745823
v -0.0243064183741808 -0.043592389672994614 0.09376643598079686
v -0.024444758892059333 -0.04429629072546959 0.08833035081624989
v -0.021966688334941867 -0.0435028076171875 0.09752650558948521
v -0.02913563139736653 -0.04005221650004387 0.07782775163650515
v -0.030001547187566764 -0.038331422954797745 0.07996911555528645
v -0.029515180736780174 -0.03835294768214226 0.07757581025362018
v -0.02913563139736653 -0.04005221650004387 0.07782775163650515
v -0.03073458746075631 -0.006982775870710611 0.04994152858853342
v -0.028370082378387458 -0.03978944197297096 0.07490040361881259
v -0.02913563139736653 -0.04005221650004387 0.07782775163650515
v -0.029515180736780174 -0.03835294768214226 0.07757581025362018
v -0.03073458746075631 -0.006982775870710611 0.04994152858853342
v -0.023327069357037548 -0.044077660888433456 0.07108783721923831
v -0.018081838265061382 -0.043856505304574966 0.0639554709196091
v -0.01758142560720444 -0.044455233961343765 0.06448510289192202
v -0.024319116026163108 -0.04292227327823639 0.07027689367532733
v -0.01892505213618279 -0.04272569343447685 0.06334701180458072
v -0.01867594197392464 -0.04338758438825607 0.06395476311445239
v -0.018081838265061382 -0.043856505304574966 0.0639554709196091
v -0.024319116026163108 -0.04292227327823639 0.07027689367532733
v -0.01867594197392464 -0.04338758438825607 0.06395476311445239
v -0.024319116026163108 -0.04292227327823639 0.07027689367532733
v -0.02493280917406083 -0.04166529327630997 0.06952548772096637
v -0.023235347121953968 -0.04095412790775299 0.0664411932229996
v -0.01892505213618279 -0.04272569343447685 0.06334701180458072
v -0.024319116026163108 -0.04292227327823639 0.07027689367532733
v -0.023235347121953968 -0.04095412790775299 0.0664411932229996
v -0.02664319053292275 -0.04167405515909195 0.07283271849155429
v -0.027232734486460693 -0.0402100495994091 0.07240716367959979
v -0.026107806712389 -0.040348779410123825 0.07025747001171115
v -0.030398376286029823 -0.03788764402270317 0.08649169653654103
v -0.030063446611166007 -0.03903793543577194 0.08813136816024784
v -0.03215194866061211 -0.029863908886909485 0.0840622335672379
v -0.030398376286029823 -0.03788764402270317 0.08649169653654103
v -0.03215194866061211 -0.029863908886909485 0.0840622335672379
v -0.030226210132241256 -0.03910999372601509 0.08529887348413472
v -0.030398376286029823 -0.03788764402270317 0.08649169653654103
v -0.030226210132241256 -0.03910999372601509 0.08529887348413472
v -0.030063446611166007 -0.03903793543577194 0.08813136816024784
v -0.028384190052747733 -0.026013923808932304 0.10019821673631672
v -0.027465635910630233 -0.023208308964967728 0.10193695873022084
v -0.029072409495711334 -0.02391814813017845 0.09899774193763737
v -0.027465635910630233 -0.023208308964967728 0.10193695873022084
v -0.027675472199916847 0.05009862780570984 0.09998908638954167
v -0.029072409495711334 -0.02391814813017845 0.09899774193763737
v -0.027465635910630233 -0.023208308964967728 0.10193695873022084
v -0.025753056630492217 0.05013466998934746 0.10303375869989399
v -0.027675472199916847 0.05009862780570984 0.09998908638954167
v -0.027465635910630233 -0.023208308964967728 0.10193695873022084
v -0.025621257722377784 -0.022519715130329132 0.10461959987878804
v -0.025753056630492217 0.05013466998934746 0.10303375869989399
v -0.01471334416419268 -0.03715215250849724 0.11161104589700704
v -0.01452995836734772 -0.022780999541282654 0.11373634636402136
v -0.017577150836586956 -0.023203618824481964 0.11198115348815924
v -0.01471334416419268 -0.03715215250849724 0.11161104589700704
v -0.017577150836586956 -0.023203618824481964 0.11198115348815924
v -0.017122048884630207 -0.037289708852767944 0.11013447493314749
v -0.01471334416419268 -0.03715215250849724 0.11161104589700704
v -0.012383034452795986 -0.037093400955200195 0.11278411000967031
v -0.01452995836734772 -0.022780999541282654 0.11373634636402136
v -0.03046523220837117 -0.027175117284059525 0.0953883454203606
v -0.029850265011191375 -0.02676999382674694 0.09705549478530888
v -0.03019873052835465 -0.024563463404774666 0.09633567184209828
v -0.029850265011191375 -0.02676999382674694 0.09705549478530888
v -0.029072409495711334 -0.02391814813017845 0.09899774193763737
v -0.03019873052835465 -0.024563463404774666 0.09633567184209828
v -0.029850265011191375 -0.02676999382674694 0.09705549478530888
v -0.029131531715393073 -0.026377907022833824 0.09870396554470066
v -0.029072409495711334 -0.02391814813017845 0.09899774193763737
v -0.02350537851452828 -0.04225406423211098 0.09975558519363407
v -0.021757593378424648 -0.04227923974394798 0.1019319742918015
v -0.02279555052518845 -0.04120961204171181 0.10255905985832219
v -0.024805629625916488 -0.03743695095181465 0.10262237489223484
v -0.023418748751282695 -0.03760916367173195 0.10438803583383564
v -0.025312522426247604 -0.024896781891584396 0.10491487383842472
v -0.024970507249236114 -0.03849118575453758 0.10206627100706105
v -0.023418748751282695 -0.03760916367173195 0.10438803583383564
v -0.024805629625916488 -0.03743695095181465 0.10262237489223484
v -0.020724486559629444 -0.02118152193725109 0.10969996452331549
v -0.020886491984128955 0.050134703516960144 0.10848487913608555
v -0.02136355079710484 -0.02142765372991562 0.10918320715427403
v -0.020724486559629444 -0.02118152193725109 0.10969996452331549
v -0.018965190276503566 -0.020945336669683456 0.111101545393467
v -0.01807159557938576 0.05011584609746933 0.110741637647152
v -0.01807159557938576 0.05011584609746933 0.110741637647152
v -0.020886491984128955 0.050134703516960144 0.10848487913608555
v -0.020724486559629444 -0.02118152193725109 0.10969996452331549
v -0.019008057191967968 -0.0382382869720459 0.10853668302297596
v -0.02110203914344311 -0.02383124828338623 0.10931876301765446
v -0.020108416676521305 -0.03722566366195679 0.1078312993049622
v -0.004049445968121291 -0.01948918029665947 0.11699821054935461
v -0.002215323736891151 0.05008639022707939 0.11637470126152044
v -0.00563569599762559 0.05006951466202736 0.11592569202184683
v -0.004049445968121291 -0.01948918029665947 0.11699821054935461
v -0.005288854241371156 -0.022064855322241783 0.11674023419618612
v -0.003315053880214692 -0.02199341170489788 0.11700946837663656
v -0.007269772235304119 -0.019626760855317116 0.11642217636108404
v -0.005288854241371156 -0.022064855322241783 0.11674023419618612
v -0.004049445968121291 -0.01948918029665947 0.11699821054935461
v -0.007897311821579935 -0.040049731731414795 0.11326044797897344
v -0.011179208755493166 -0.04008154571056366 0.11215607821941381
v -0.00851438380777836 -0.040743570774793625 0.11249999701976782
v -0.010616713203489782 -0.0413823127746582 0.11107020825147634
v -0.007556986529380085 -0.04134871065616608 0.11207417398691183
v -0.00851438380777836 -0.040743570774793625 0.11249999701976782
v -0.020453458651900295 -0.04554998129606247 0.07271156460046771
v -0.021479984745383266 -0.045223258435726166 0.07228479534387591
v -0.01604990661144257 -0.04570041969418526 0.06633394211530688
v -0.020453458651900295 -0.04554998129606247 0.07271156460046771
v -0.023179426789283756 -0.04500102996826172 0.07536474615335467
v -0.021479984745383266 -0.045223258435726166 0.07228479534387591
v 0.014320015907287601 0.050119973719120026 0.1130009144544602
v 0.014696474187076095 -0.020242225378751755 0.11371309310197836
v 0.017705256119370464 -0.02073013409972191 0.11197339743375784
v 0.012163030914962295 -0.019997991621494293 0.11487999558448797
v 0.014696474187076095 -0.020242225378751755 0.11371309310197836
v 0.014320015907287601 0.050119973719120026 0.1130009144544602
v 0.012652902863919738 0.04394778236746788 0.11378753185272222
v 0.014320015907287601 0.050119973719120026 0.1130009144544602
v 0.010078703053295614 0.050110653042793274 0.11478240787982946
v 0.012163030914962295 -0.019997991621494293 0.11487999558448797
v 0.012652902863919738 0.04394778236746788 0.11378753185272222
v 0.010078703053295614 0.050110653042793274 0.11478240787982946
v 0.012652902863919738 0.04394778236746788 0.11378753185272222
v 0.012163030914962295 -0.019997991621494293 0.11487999558448797
v 0.014320015907287601 0.050119973719120026 0.1130009144544602
v 0.006924589630216362 -0.037076257169246674 0.11461217701435095
v 0.0042981524020433435 -0.03794579580426216 0.11497440189123159
v 0.008003931492567064 -0.03802564740180969 0.11418087780475622
v 0.009035746566951277 -0.02225424349308014 0.11589311063289648
v 0.006924589630216362 -0.037076257169246674 0.11461217701435095
v 0.008003931492567064 -0.03802564740180969 0.11418087780475622
v 0.004385913722217084 -0.022038733586668968 0.11688768863677984
v 0.0042981524020433435 -0.03794579580426216 0.11497440189123159
v 0.006924589630216362 -0.037076257169246674 0.11461217701435095
v 0.007187437731772663 -0.022134970873594284 0.11637228727340704
v 0.008923928253352644 -0.019717318937182426 0.11599608510732656
v 0.0060043195262551325 -0.019554607570171356 0.11669551581144338
v 0.007187437731772663 -0.022134970873594284 0.11637228727340704
v 0.009035746566951277 -0.02225424349308014 0.11589311063289648
v 0.008923928253352644 -0.019717318937182426 0.11599608510732656
v 0.007187437731772663 -0.022134970873594284 0.11637228727340704
v 0.0060043195262551325 -0.019554607570171356 0.11669551581144338
v 0.004385913722217084 -0.022038733586668968 0.11688768863677984
v 0.004385913722217084 -0.022038733586668968 0.11688768863677984
v 0.006924589630216362 -0.037076257169246674 0.11461217701435095
v 0.007187437731772663 -0.022134970873594284 0.11637228727340704
v 0.007187437731772663 -0.022134970873594284 0.11637228727340704
v 0.006924589630216362 -0.037076257169246674 0.11461217701435095
v 0.009035746566951277 -0.02225424349308014 0.11589311063289648
v 0.010580575093626978 -0.03718957304954529 0.11351422220468527
v 0.009035746566951277 -0.02225424349308014 0.11589311063289648
v 0.008003931492567064 -0.03802564740180969 0.11418087780475622
v 0.004157908260822297 -0.03696334734559059 0.11511202156543737
v 0.0042981524020433435 -0.03794579580426216 0.11497440189123159
v 0.004385913722217084 -0.022038733586668968 0.11688768863677984
v 0.0008756608003750446 -0.0219731405377388 0.11717464029788976
v 0.004157908260822297 -0.03696334734559059 0.11511202156543737
v 0.004385913722217084 -0.022038733586668968 0.11688768863677984
v -0.001624104799702764 -0.021957330405712128 0.11714226752519613
v 0.0008756608003750446 -0.0219731405377388 0.11717464029788976
v -0.0007092177402228118 -0.019436124712228775 0.11725185811519628
v -0.001624104799702764 -0.021957330405712128 0.11714226752519613
v -0.004049445968121291 -0.01948918029665947 0.11699821054935461
v -0.003315053880214692 -0.02199341170489788 0.11700946837663656
v -0.004049445968121291 -0.01948918029665947 0.11699821054935461
v -0.001624104799702764 -0.021957330405712128 0.11714226752519613
v -0.0007092177402228118 -0.019436124712228775 0.11725185811519628
v -0.001624104799702764 -0.021957330405712128 0.11714226752519613
v -0.003315053880214692 -0.02199341170489788 0.11700946837663656
v -0.004217437934130431 -0.03703288361430168 0.11510826647281652
v 0.006065557245165111 -0.03931610658764839 0.11414788663387304
v 0.004287332762032748 -0.04050317034125328 0.11365672945976263
v 0.007804261054843666 -0.0402800478041172 0.11312460154294973
v 0.006065557245165111 -0.03931610658764839 0.11414788663387304
v 0.004251731093972922 -0.039685677736997604 0.1142317801713944
v 0.004287332762032748 -0.04050317034125328 0.11365672945976263
v 0.007804261054843666 -0.0402800478041172 0.11312460154294973
v 0.008114680647850038 -0.039115674793720245 0.1137551292777062
v 0.006065557245165111 -0.03931610658764839 0.11414788663387304
v 0.0042273523285985 -0.03867451474070549 0.11474083364009863
v 0.004251731093972922 -0.039685677736997604 0.1142317801713944
v 0.006065557245165111 -0.03931610658764839 0.11414788663387304
v 0.006065557245165111 -0.03931610658764839 0.11414788663387304
v 0.008114680647850038 -0.039115674793720245 0.1137551292777062
v 0.008003931492567064 -0.03802564740180969 0.11418087780475622
v 0.006065557245165111 -0.03931610658764839 0.11414788663387304
v 0.0042981524020433435 -0.03794579580426216 0.11497440189123159
v 0.0042273523285985 -0.03867451474070549 0.11474083364009863
v 0.0042981524020433435 -0.03794579580426216 0.11497440189123159
v 0.006065557245165111 -0.03931610658764839 0.11414788663387304
v 0.008003931492567064 -0.03802564740180969 0.11418087780475622
v 0.007123745046555998 -0.04130786657333374 0.11224492639303213
v 0.004287332762032748 -0.04050317034125328 0.11365672945976263
v 0.004177768714725972 -0.04107409715652466 0.11305271089077001
v 0.004177768714725972 -0.04107409715652466 0.11305271089077001
v 0.004227151162922383 -0.04163315147161484 0.11230694502592092
v 0.007123745046555998 -0.04130786657333374 0.11224492639303213
v 0.004227151162922383 -0.04163315147161484 0.11230694502592092
v 0.004177768714725972 -0.04107409715652466 0.11305271089077001
v -0.004320467356592418 -0.04139531031250954 0.11266379803419119
v 0.004177768714725972 -0.04107409715652466 0.11305271089077001
v -0.00442210165783763 -0.04079123213887215 0.11335144191980367
v -0.004320467356592418 -0.04139531031250954 0.11266379803419119
v 0.004287332762032748 -0.04050317034125328 0.11365672945976263
v -0.00442210165783763 -0.04079123213887215 0.11335144191980367
v 0.004177768714725972 -0.04107409715652466 0.11305271089077001
v 0.029390439391136176 0.05044770613312721 0.0950308814644814
v 0.030110992491245277 0.050204187631607056 0.09371209889650349
v 0.030322028324007995 0.05044770985841751 0.0917364284396172
v 0.030110992491245277 0.050204187631607056 0.09371209889650349
v 0.0308557115495205 0.050101686269044876 0.09120371192693714
v 0.030322028324007995 0.05044770985841751 0.0917364284396172
v 0.030299279838800437 0.05005624145269394 0.09353400021791462
v 0.0308557115495205 0.050101686269044876 0.09120371192693714
v 0.030110992491245277 0.050204187631607056 0.09371209889650349
v 0.030958589166402824 -0.02758377604186535 0.09376720339059834
v 0.031043786555528648 -0.025251595303416252 0.09375302493572239
v 0.03043144382536412 -0.02714884653687477 0.09549035876989369
v 0.02972987852990628 -0.026684338226914406 0.09736582636833195
v 0.02863405086100102 -0.02372494526207447 0.09987189620733265
v 0.028778828680515296 -0.02623038925230503 0.09943255782127385
v 0.027416834607720382 -0.03748625889420509 0.09821522980928425
v 0.02972987852990628 -0.026684338226914406 0.09736582636833195
v 0.028778828680515296 -0.02623038925230503 0.09943255782127385
v 0.027223860844969756 -0.02310836873948574 0.10232028365135197
v 0.02809493243694306 0.05008980259299278 0.09919417649507527
v 0.026243738830089576 0.050101231783628464 0.10233598202466969
v 0.027223860844969756 -0.02310836873948574 0.10232028365135197
v 0.02863405086100102 -0.02372494526207447 0.09987189620733265
v 0.02809493243694306 0.05008980259299278 0.09919417649507527
v 0.027223860844969756 -0.02310836873948574 0.10232028365135197
v 0.026243738830089576 0.050101231783628464 0.10233598202466969
v 0.026183003559708602 -0.022627955302596092 0.10377135127782826
v 0.027223860844969756 -0.02310836873948574 0.10232028365135197
v 0.025731535628438003 -0.025022398680448532 0.10435320436954502
v 0.02679682523012162 -0.025395037606358528 0.10284132510423664
v 0.027223860844969756 -0.02310836873948574 0.10232028365135197
v 0.026183003559708602 -0.022627955302596092 0.10377135127782826
v 0.025731535628438003 -0.025022398680448532 0.10435320436954502
v 0.029547275975346572 0.050134241580963135 0.095781683921814
v 0.030046740546822555 -0.024504726752638817 0.09674996882677082
v 0.030299279838800437 0.05005624145269394 0.09353400021791462
v 0.030046740546822555 -0.024504726752638817 0.09674996882677082
v 0.029547275975346572 0.050134241580963135 0.095781683921814
v 0.028909303247928626 0.04300110042095184 0.09749737381935124
v 0.030299279838800437 0.05005624145269394 0.09353400021791462
v 0.030110992491245277 0.050204187631607056 0.09371209889650349
v 0.029547275975346572 0.050134241580963135 0.095781683921814
v 0.02809493243694306 0.05008980259299278 0.09919417649507527
v 0.028909303247928626 0.04300110042095184 0.09749737381935124
v 0.029547275975346572 0.050134241580963135 0.095781683921814
v 0.029547275975346572 0.050134241580963135 0.095781683921814
v 0.030110992491245277 0.050204187631607056 0.09371209889650349
v 0.029390439391136176 0.05044770613312721 0.0950308814644814
v 0.029547275975346572 0.050134241580963135 0.095781683921814
v 0.028102084994316108 0.05044770613312721 0.09820289909839634
v 0.02809493243694306 0.05008980259299278 0.09919417649507527
v 0.029547275975346572 0.050134241580963135 0.095781683921814
v 0.029390439391136176 0.05044770613312721 0.0950308814644814
v 0.028102084994316108 0.05044770613312721 0.09820289909839634
v 0.02863780595362187 -0.03761295974254608 0.09530177712440495
v 0.030958589166402824 -0.02758377604186535 0.09376720339059834
v 0.03043144382536412 -0.02714884653687477 0.09549035876989369
v -0.011226541362702848 -0.03806023672223091 0.11310157179832464
v -0.012174268253147606 -0.022516541182994843 0.11479914933443075
v -0.012383034452795986 -0.037093400955200195 0.11278411000967031
v -0.012174268253147606 -0.022516541182994843 0.11479914933443075
v -0.011226541362702848 -0.03806023672223091 0.11310157179832464
v -0.008803722448647024 -0.03714553266763687 0.11411274969577795
v -0.011226541362702848 -0.03806023672223091 0.11310157179832464
v -0.008428940549492838 -0.038026634603738785 0.114061750471592
v -0.008803722448647024 -0.03714553266763687 0.11411274969577795
v -0.01039213500916958 -0.022383294999599457 0.11545480787754064
v -0.008803722448647024 -0.03714553266763687 0.11411274969577795
v -0.007898138836026193 -0.022187918424606323 0.11620867252349859
v -0.01039213500916958 -0.022383294999599457 0.11545480787754064
v -0.012174268253147606 -0.022516541182994843 0.11479914933443075
v -0.008803722448647024 -0.03714553266763687 0.11411274969577795
v -0.007898138836026193 -0.022187918424606323 0.11620867252349859
v -0.010334151796996595 -0.019841358065605164 0.11555533111095434
v -0.01039213500916958 -0.022383294999599457 0.11545480787754064
v -0.010334151796996595 -0.019841358065605164 0.11555533111095434
v -0.012174268253147606 -0.022516541182994843 0.11479914933443075
v -0.01039213500916958 -0.022383294999599457 0.11545480787754064
v -0.030958712100982673 -0.02755986899137497 0.09378856420516972
v -0.03141280636191369 -0.02799881063401699 0.09196875989437107
v -0.028878685086965568 -0.03874696418642998 0.0940056294202805
v -0.030958712100982673 -0.02755986899137497 0.09378856420516972
v -0.02867619693279267 -0.03755424916744232 0.09521357715129856
v -0.03046523220837117 -0.027175117284059525 0.0953883454203606
v -0.030958712100982673 -0.02755986899137497 0.09378856420516972
v -0.028878685086965568 -0.03874696418642998 0.0940056294202805
v -0.02867619693279267 -0.03755424916744232 0.09521357715129856
v -0.030958712100982673 -0.02755986899137497 0.09378856420516972
v -0.03145392611622811 -0.02560754306614399 0.09211704134941105
v -0.03141280636191369 -0.02799881063401699 0.09196875989437107
v -0.030958712100982673 -0.02755986899137497 0.09378856420516972
v -0.030666125938296325 -0.024862097576260567 0.0949172899127007
v -0.03145392611622811 -0.02560754306614399 0.09211704134941105
v -0.030958712100982673 -0.02755986899137497 0.09378856420516972
v -0.03046523220837117 -0.027175117284059525 0.0953883454203606
v -0.030666125938296325 -0.024862097576260567 0.0949172899127007
v -0.029375698417425163 -0.03765551373362541 0.09293414652347569
v -0.03141280636191369 -0.02799881063401699 0.09196875989437107
v -0.029876150190830238 -0.03801969066262245 0.09067747741937641
v -0.028878685086965568 -0.03874696418642998 0.0940056294202805
v -0.03141280636191369 -0.02799881063401699 0.09196875989437107
v -0.029375698417425163 -0.03765551373362541 0.09293414652347569
v -0.029543921351432807 -0.03918202221393585 0.09109230339527134
v -0.029375698417425163 -0.03765551373362541 0.09293414652347569
v -0.029876150190830238 -0.03801969066262245 0.09067747741937641
v -0.029375698417425163 -0.03765551373362541 0.09293414652347569
v -0.029543921351432807 -0.03918202221393585 0.09109230339527134
v -0.028878685086965568 -0.03874696418642998 0.0940056294202805
v 0.023819312453269965 0.01975366473197937 0.04994143918156626
v 0.0249807145446539 0.019188178703188896 0.04994145408272745
v 0.026101224124431617 0.01661289669573307 0.04994143918156626
v 0.02746704407036305 0.015388287603855133 0.04994159936904909
v 0.028924372047185905 0.012481536716222763 0.04994149133563044
v 0.0249807145446539 0.019188178703188896 0.04994145408272745
v 0.028924372047185905 0.012481536716222763 0.04994149133563044
v 0.027971493080258376 0.013210881501436234 0.04994143918156626
v 0.0249807145446539 0.019188178703188896 0.04994145408272745
v 0.0249807145446539 0.019188178703188896 0.04994145408272745
v 0.027971493080258376 0.013210881501436234 0.04994143918156626
v 0.026101224124431617 0.01661289669573307 0.04994143918156626
v 0.020300166681408886 0.02403641678392887 0.04994143918156626
v 0.022642906755208973 0.021839557215571404 0.0499418303370476
v 0.0249807145446539 0.019188178703188896 0.04994145408272745
v 0.0249807145446539 0.019188178703188896 0.04994145408272745
v 0.023819312453269965 0.01975366473197937 0.04994143918156626
v 0.020300166681408886 0.02403641678392887 0.04994143918156626
v 0.0249807145446539 0.019188178703188896 0.04994145408272745
v 0.017900450155138973 0.05010121688246727 0.05903934314846995
v 0.02746704407036305 0.015388287603855133 0.04994159936904909
v 0.015878066420555118 0.05007251352071762 0.057745877653360395
v 0.017900450155138973 0.05010121688246727 0.05903934314846995
v 0.0249807145446539 0.019188178703188896 0.04994145408272745
v 0.0249807145446539 0.019188178703188896 0.04994145408272745
v 0.013807063922286037 0.050134722143411636 0.05665845051407817
v 0.015878066420555118 0.05007251352071762 0.057745877653360395
v 0.010613208636641504 0.050114694982767105 0.055282186716794995
v 0.013807063922286037 0.050134722143411636 0.05665845051407817
v 0.0249807145446539 0.019188178703188896 0.04994145408272745
v 0.0249807145446539 0.019188178703188896 0.04994145408272745
v 0.022642906755208973 0.021839557215571404 0.0499418303370476
v 0.010613208636641504 0.050114694982767105 0.055282186716794995
v -0.01566249877214432 0.027298344299197197 0.049941428005695364
v -0.012849425897002224 0.028756681829690933 0.04994286224246027
v -0.010058709420263769 0.02987607941031456 0.049942344427108785
v -0.01566249877214432 0.027298344299197197 0.049941428005695364
v -0.001619519898667932 0.050103068351745605 0.05348061025142672
v -0.012849425897002224 0.028756681829690933 0.04994286224246027
v -0.01566249877214432 0.027298344299197197 0.049941428005695364
v -0.006252027582377197 0.05013881251215935 0.054077286273241064
v -0.001619519898667932 0.050103068351745605 0.05348061025142672
v -0.030430285260081298 0.00818114448338747 0.04994153976440432
v -0.029948482289910323 0.05006910115480423 0.07519816607236865
v -0.029105395078659065 0.05013419687747955 0.07296288013458255
v -0.030430285260081298 0.00818114448338747 0.04994153976440432
v -0.029105395078659065 0.05013419687747955 0.07296288013458255
v -0.028067067265510566 0.05006949231028557 0.07065584510564807
v 0.0038742402102798232 0.030718551948666573 0.04994143173098566
v 0.007687683217227461 0.02999110147356987 0.04994143545627596
v -0.00977576430886984 -0.029846929013729095 0.04994080588221552
v 0.004221957176923753 0.03125069662928581 0.04994144290685656
v 0.007687683217227461 0.02999110147356987 0.04994143545627596
v 0.0038742402102798232 0.030718551948666573 0.04994143173098566
v 0.011379880830645563 0.028791438788175583 0.04994143545627596
v 0.014892606064677242 0.02713848277926445 0.04994143545627596
v -0.00977576430886984 -0.029846929013729095 0.04994080588221552
v 0.011379880830645563 0.028791438788175583 0.04994143545627596
v -0.00977576430886984 -0.029846929013729095 0.04994080588221552
v 0.007687683217227461 0.02999110147356987 0.04994143545627596
v 0.010642747394740583 0.029667528346180916 0.04994198679924013
v 0.017684577032923702 0.026018399745225906 0.04994143918156626
v 0.011379880830645563 0.028791438788175583 0.04994143545627596
v 0.011379880830645563 0.028791438788175583 0.04994143545627596
v 0.017684577032923702 0.026018399745225906 0.04994143918156626
v 0.014892606064677242 0.02713848277926445 0.04994143545627596
v 0.011379880830645563 0.028791438788175583 0.04994143545627596
v 0.004221957176923753 0.03125069662928581 0.04994144290685656
v 0.010642747394740583 0.029667528346180916 0.04994198679924013
v 0.011379880830645563 0.028791438788175583 0.04994143545627596
v 0.007687683217227461 0.02999110147356987 0.04994143545627596
v 0.004221957176923753 0.03125069662928581 0.04994144290685656
v 0.02583149820566178 -0.044236909598112106 0.08306767046451573
v 0.02667351439595223 -0.04360665753483772 0.08672675490379338
v 0.025371503084898002 -0.04429517313838005 0.08539777249097828
v 0.026022953912615783 -0.04410254955291748 0.08014585077762608
v 0.02715192176401616 -0.043479178100824356 0.08263195306062703
v 0.02583149820566178 -0.044236909598112106 0.08306767046451573
v 0.02583149820566178 -0.044236909598112106 0.08306767046451573
v 0.02715192176401616 -0.043479178100824356 0.08263195306062703
v 0.02728125080466271 -0.04335302859544754 0.08475432544946675
v 0.02583149820566178 -0.044236909598112106 0.08306767046451573
v 0.02728125080466271 -0.04335302859544754 0.08475432544946675
v 0.02667351439595223 -0.04360665753483772 0.08672675490379338
v 0.02583149820566178 -0.044236909598112106 0.08306767046451573
v 0.024507921189069755 -0.04472395032644272 0.07868759334087376
v 0.026022953912615783 -0.04410254955291748 0.08014585077762608
v 0.02667351439595223 -0.04360665753483772 0.08672675490379338
v 0.027648689225316055 -0.042553938925266266 0.08950807899236683
v 0.026466948911547668 -0.04340214654803276 0.08939447253942494
v 0.027648689225316055 -0.042553938925266266 0.08950807899236683
v 0.02667351439595223 -0.04360665753483772 0.08672675490379338
v 0.027891499921679504 -0.04274219274520874 0.08675093948841099
v 0.027648689225316055 -0.042553938925266266 0.08950807899236683
v 0.027891499921679504 -0.04274219274520874 0.08675093948841099
v 0.02867869287729264 -0.04193093627691269 0.08673112839460377
v 0.02637662738561631 -0.0421636663377285 0.09489399194717411
v 0.02738321758806706 -0.04211586341261864 0.09228710085153584
v 0.02748298458755017 -0.04119328409433365 0.09446965157985691
v 0.028708808124065406 -0.03998897224664688 0.09311687946319584
v 0.029233612120151527 -0.04055974259972572 0.08958435058593754
v 0.029416531324386604 -0.0395590104162693 0.09103771299123768
v 0.0321093536913395 -0.02920919843018055 0.08688355237245564
v 0.031948279589414603 -0.028766682371497154 0.0887551456689835
v 0.029988411813974387 -0.03896595910191536 0.08880233764648442
v 0.029988411813974387 -0.03896595910191536 0.08880233764648442
v 0.030204007402062423 -0.03902043029665947 0.08648952096700672
v 0.0321093536913395 -0.02920919843018055 0.08688355237245564
v 0.029988411813974387 -0.03896595910191536 0.08880233764648442
v 0.02979820221662522 -0.0401068739593029 0.08708309382200245
v 0.030204007402062423 -0.03902043029665947 0.08648952096700672
v 0.029988411813974387 -0.03896595910191536 0.08880233764648442
v 0.029416531324386604 -0.0395590104162693 0.09103771299123768
v 0.02979820221662522 -0.0401068739593029 0.08708309382200245
v 0.029988411813974387 -0.03896595910191536 0.08880233764648442
v 0.029814962297678 -0.03805690258741379 0.09098358452320103
v 0.029416531324386604 -0.0395590104162693 0.09103771299123768
v 0.031948279589414603 -0.028766682371497154 0.0887551456689835
v 0.031711645424366004 -0.028397342190146446 0.09038635343313221
v 0.029814962297678 -0.03805690258741379 0.09098358452320103
v 0.029814962297678 -0.03805690258741379 0.09098358452320103
v 0.029988411813974387 -0.03896595910191536 0.08880233764648442
v 0.031948279589414603 -0.028766682371497154 0.0887551456689835
v 0.028778828680515296 -0.02623038925230503 0.09943255782127385
v 0.02580302022397519 -0.03850546479225159 0.10079210996627812
v 0.027416834607720382 -0.03748625889420509 0.09821522980928425
v 0.023376297205686573 -0.03767099604010582 0.10442002117633824
v 0.025731535628438003 -0.025022398680448532 0.10435320436954502
v 0.024601295590400703 -0.024715332314372063 0.10575605928897862
v 0.023376297205686573 -0.03767099604010582 0.10442002117633824
v 0.024371385574340827 -0.03767004236578941 0.10316876322031025
v 0.025731535628438003 -0.025022398680448532 0.10435320436954502
v 0.026278479024767883 -0.04179975762963295 0.07219102978706363
v 0.027617055922746665 -0.04160754755139351 0.07527079433202746
v 0.02622457034885884 -0.042451437562704086 0.0732483193278313
v 0.026278479024767883 -0.04179975762963295 0.07219102978706363
v 0.027154987677931793 -0.040293365716934204 0.07231368124485019
v 0.027617055922746665 -0.04160754755139351 0.07527079433202746
v 0.027154987677931793 -0.040293365716934204 0.07231368124485019
v 0.026278479024767883 -0.04179975762963295 0.07219102978706363
v 0.025941925123333938 -0.04104277491569519 0.0706279277801514
v 0.026278479024767883 -0.04179975762963295 0.07219102978706363
v 0.024905888363718993 -0.04176553711295128 0.06960747390985492
v 0.025941925123333938 -0.04104277491569519 0.0706279277801514
v 0.026278479024767883 -0.04179975762963295 0.07219102978706363
v 0.024333199486136443 -0.04284311830997467 0.07018301635980609
v 0.024905888363718993 -0.04176553711295128 0.06960747390985492
v 0.026278479024767883 -0.04179975762963295 0.07219102978706363
v 0.02488545142114163 -0.0432312972843647 0.07197378575801852
v 0.024333199486136443 -0.04284311830997467 0.07018301635980609
v 0.026278479024767883 -0.04179975762963295 0.07219102978706363
v 0.02622457034885884 -0.042451437562704086 0.0732483193278313
v 0.02488545142114163 -0.0432312972843647 0.07197378575801852
v 0.01084224507212639 -0.04131127521395683 0.11106307804584509
v 0.010487894527614118 -0.04060963913798332 0.11196342110633856
v 0.007123745046555998 -0.04130786657333374 0.11224492639303213
v 0.010729568079113962 -0.04176827147603035 0.11045155674219137
v 0.01084224507212639 -0.04131127521395683 0.11106307804584509
v 0.007123745046555998 -0.04130786657333374 0.11224492639303213
v 0.01084224507212639 -0.04131127521395683 0.11106307804584509
v 0.013058898039162162 -0.04068475216627121 0.1107925176620484
v 0.010487894527614118 -0.04060963913798332 0.11196342110633856
v 0.01084224507212639 -0.04131127521395683 0.11106307804584509
v 0.010729568079113962 -0.04176827147603035 0.11045155674219137
v 0.013634918257594112 -0.04172160476446152 0.10923521220684056
v 0.01084224507212639 -0.04131127521395683 0.11106307804584509
v 0.013634918257594112 -0.04172160476446152 0.10923521220684056
v 0.013058898039162162 -0.04068475216627121 0.1107925176620484
v 0.00676135439425707 -0.04177824407815933 0.11161507666110998
v 0.010729568079113962 -0.04176827147603035 0.11045155674219137
v 0.007123745046555998 -0.04130786657333374 0.11224492639303213
v 0.00676135439425707 -0.04177824407815933 0.11161507666110998
v 0.007760850246995689 -0.04221425577998161 0.11047842353582388
v 0.010729568079113962 -0.04176827147603035 0.11045155674219137
v 0.007123745046555998 -0.04130786657333374 0.11224492639303213
v 0.004227151162922383 -0.04163315147161484 0.11230694502592092
v 0.00676135439425707 -0.04177824407815933 0.11161507666110998
v 0.004299930762499572 -0.04205727204680443 0.11151210963726049
v 0.007760850246995689 -0.04221425577998161 0.11047842353582388
v 0.00676135439425707 -0.04177824407815933 0.11161507666110998
v 0.00676135439425707 -0.04177824407815933 0.11161507666110998
v 0.004227151162922383 -0.04163315147161484 0.11230694502592092
v 0.004299930762499572 -0.04205727204680443 0.11151210963726049
v 0.01977196149528027 -0.039367347955703735 0.10738619416952137
v 0.017359748482704166 -0.03900444880127907 0.10946363955736166
v 0.017668412998318676 -0.039874013513326645 0.108735203742981
v 0.017668412998318676 -0.039874013513326645 0.108735203742981
v 0.020441440865397457 -0.04024866223335266 0.1061264276504517
v 0.01977196149528027 -0.039367347955703735 0.10738619416952137
v 0.017668412998318676 -0.039874013513326645 0.108735203742981
v 0.0179204847663641 -0.04087086021900177 0.10763492435216908
v 0.020441440865397457 -0.04024866223335266 0.1061264276504517
v 0.01491553615778685 -0.03927066549658775 0.11086101084947592
v 0.012919818051159385 -0.039175037294626236 0.11193315684795385
v 0.013771351426839832 -0.040056392550468445 0.11098486930131918
v 0.013771351426839832 -0.040056392550468445 0.11098486930131918
v 0.017668412998318676 -0.039874013513326645 0.108735203742981
v 0.01491553615778685 -0.03927066549658775 0.11086101084947592
v 0.01491553615778685 -0.03927066549658775 0.11086101084947592
v 0.017668412998318676 -0.039874013513326645 0.108735203742981
v 0.017359748482704166 -0.03900444880127907 0.10946363955736166
v 0.01491553615778685 -0.03927066549658775 0.11086101084947592
v 0.017359748482704166 -0.03900444880127907 0.10946363955736166
v 0.01568195223808289 -0.03815815970301628 0.11086016893386846
v 0.01568195223808289 -0.03815815970301628 0.11086016893386846
v 0.01359860319644213 -0.03811679407954216 0.11202553659677511
v 0.01491553615778685 -0.03927066549658775 0.11086101084947592
v 0.01359860319644213 -0.03811679407954216 0.11202553659677511
v 0.012919818051159385 -0.039175037294626236 0.11193315684795385
v 0.01491553615778685 -0.03927066549658775 0.11086101084947592
v 0.02003917843103409 -0.04100905731320381 0.10571982711553578
v 0.020441440865397457 -0.04024866223335266 0.1061264276504517
v 0.0179204847663641 -0.04087086021900177 0.10763492435216908
v 0.02222431264817715 -0.04063204303383827 0.10394003242254261
v 0.020441440865397457 -0.04024866223335266 0.1061264276504517
v 0.02003917843103409 -0.04100905731320381 0.10571982711553578
v 0.02003917843103409 -0.04100905731320381 0.10571982711553578
v 0.020478690043091777 -0.041756585240364075 0.1042675152420998
v 0.02222431264817715 -0.04063204303383827 0.10394003242254261
v 0.022248465567827228 -0.04188382998108864 0.1021540611982346
v 0.02012824080884457 -0.04281846806406975 0.10222023725509648
v 0.022026814520359043 -0.042881522327661514 0.09999149292707447
v 0.022248465567827228 -0.04188382998108864 0.1021540611982346
v 0.020478690043091777 -0.041756585240364075 0.1042675152420998
v 0.02012824080884457 -0.04281846806406975 0.10222023725509648
v 0.022248465567827228 -0.04188382998108864 0.1021540611982346
v 0.02222431264817715 -0.04063204303383827 0.10394003242254261
v 0.020478690043091777 -0.041756585240364075 0.1042675152420998
v 0.025541080161929137 -0.04087737575173378 0.09908919036388401
v 0.024053506553173072 -0.04074551910161972 0.10153616964817051
v 0.024193827062845237 -0.04159851372241974 0.10005980730056767
v 0.02222431264817715 -0.04063204303383827 0.10394003242254261
v 0.022248465567827228 -0.04188382998108864 0.1021540611982346
v 0.024053506553173072 -0.04074551910161972 0.10153616964817051
v 0.024053506553173072 -0.04074551910161972 0.10153616964817051
v 0.022248465567827228 -0.04188382998108864 0.1021540611982346
v 0.024193827062845237 -0.04159851372241974 0.10005980730056767
v 0.024053506553173072 -0.04074551910161972 0.10153616964817051
v 0.025541080161929137 -0.04087737575173378 0.09908919036388401
v 0.026139128953218467 -0.039819031953811646 0.09931015223264698
v 0.0242508351802826 -0.04361273720860481 0.09373801201581959
v 0.02310832776129246 -0.04396478459239006 0.09304308891296391
v 0.025147112086415298 -0.04400428384542465 0.08922537416219715
v 0.02310832776129246 -0.04396478459239006 0.09304308891296391
v 0.024342885240912444 -0.04447995498776436 0.08637422323226933
v 0.025147112086415298 -0.04400428384542465 0.08922537416219715
v 0.025147112086415298 -0.04400428384542465 0.08922537416219715
v 0.025403678417205817 -0.04353265464305878 0.0917923748493195
v 0.0242508351802826 -0.04361273720860481 0.09373801201581959
v 0.025147112086415298 -0.04400428384542465 0.08922537416219715
v 0.024342885240912444 -0.04447995498776436 0.08637422323226933
v 0.025371503084898002 -0.04429517313838005 0.08539777249097828
v 0.026466948911547668 -0.04340214654803276 0.08939447253942494
v 0.025403678417205817 -0.04353265464305878 0.0917923748493195
v 0.025147112086415298 -0.04400428384542465 0.08922537416219715
v 0.025147112086415298 -0.04400428384542465 0.08922537416219715
v 0.02667351439595223 -0.04360665753483772 0.08672675490379338
v 0.026466948911547668 -0.04340214654803276 0.08939447253942494
v 0.02667351439595223 -0.04360665753483772 0.08672675490379338
v 0.025147112086415298 -0.04400428384542465 0.08922537416219715
v 0.025371503084898002 -0.04429517313838005 0.08539777249097828
v 0.02186008729040623 -0.045348916202783585 0.07689352333545688
v 0.023171987384557727 -0.04508126154541969 0.0764453858137131
v 0.024029592052102096 -0.04486137256026268 0.08123776316642765
v 0.023171987384557727 -0.04508126154541969 0.0764453858137131
v 0.024507921189069755 -0.04472395032644272 0.07868759334087376
v 0.024029592052102096 -0.04486137256026268 0.08123776316642765
v 0.023348409682512287 -0.044797345995903015 0.08392919600009922
v 0.02186008729040623 -0.045348916202783585 0.07689352333545688
v 0.024029592052102096 -0.04486137256026268 0.08123776316642765
v 0.024029592052102096 -0.04486137256026268 0.08123776316642765
v 0.024342885240912444 -0.04447995498776436 0.08637422323226933
v 0.023348409682512287 -0.044797345995903015 0.08392919600009922
v 0.024029592052102096 -0.04486137256026268 0.08123776316642765
v 0.025371503084898002 -0.04429517313838005 0.08539777249097828
v 0.024342885240912444 -0.04447995498776436 0.08637422323226933
v 0.024029592052102096 -0.04486137256026268 0.08123776316642765
v 0.02583149820566178 -0.044236909598112106 0.08306767046451573
v 0.025371503084898002 -0.04429517313838005 0.08539777249097828
v 0.024507921189069755 -0.04472395032644272 0.07868759334087376
v 0.02583149820566178 -0.044236909598112106 0.08306767046451573
v 0.024029592052102096 -0.04486137256026268 0.08123776316642765
v 0.02533525414764882 -0.04427585005760193 0.07755907624959948
v 0.024802418425679214 -0.044150784611701965 0.07471975684165957
v 0.02660015597939492 -0.043386392295360565 0.07730751484632495
v 0.02533525414764882 -0.04427585005760193 0.07755907624959948
v 0.026995835825800903 -0.043446965515613556 0.08001890778541569
v 0.026022953912615783 -0.04410254955291748 0.08014585077762608
v 0.02533525414764882 -0.04427585005760193 0.07755907624959948
v 0.02660015597939492 -0.043386392295360565 0.07730751484632495
v 0.026995835825800903 -0.043446965515613556 0.08001890778541569
v 0.02533525414764882 -0.04427585005760193 0.07755907624959948
v 0.026022953912615783 -0.04410254955291748 0.08014585077762608
v 0.024507921189069755 -0.04472395032644272 0.07868759334087376
v 0.02533525414764882 -0.04427585005760193 0.07755907624959948
v 0.024507921189069755 -0.04472395032644272 0.07868759334087376
v 0.023246370255947117 -0.044924572110176086 0.07468828558921817
v 0.02533525414764882 -0.04427585005760193 0.07755907624959948
v 0.023246370255947117 -0.044924572110176086 0.07468828558921817
v 0.024802418425679214 -0.044150784611701965 0.07471975684165957
v 0.02624220401048661 -0.043003149330616 0.07464207708835605
v 0.02416877634823323 -0.043972406536340714 0.07250218093395236
v 0.02488545142114163 -0.0432312972843647 0.07197378575801852
v 0.02624220401048661 -0.043003149330616 0.07464207708835605
v 0.024802418425679214 -0.044150784611701965 0.07471975684165957
v 0.02416877634823323 -0.043972406536340714 0.07250218093395236
v 0.02660015597939492 -0.043386392295360565 0.07730751484632495
v 0.024802418425679214 -0.044150784611701965 0.07471975684165957
v 0.02624220401048661 -0.043003149330616 0.07464207708835605
v 0.02488545142114163 -0.0432312972843647 0.07197378575801852
v 0.02622457034885884 -0.042451437562704086 0.0732483193278313
v 0.02624220401048661 -0.043003149330616 0.07464207708835605
v 0.02624220401048661 -0.043003149330616 0.07464207708835605
v 0.02741427533328534 -0.04250911995768547 0.07697075605392459
v 0.02660015597939492 -0.043386392295360565 0.07730751484632495
v 0.02741427533328534 -0.04250911995768547 0.07697075605392459
v 0.02624220401048661 -0.043003149330616 0.07464207708835605
v 0.027617055922746665 -0.04160754755139351 0.07527079433202746
v 0.02624220401048661 -0.043003149330616 0.07464207708835605
v 0.02622457034885884 -0.042451437562704086 0.0732483193278313
v 0.027617055922746665 -0.04160754755139351 0.07527079433202746
v 0.022460756823420528 -0.04468696191906929 0.0715712830424309
v 0.02416877634823323 -0.043972406536340714 0.07250218093395236
v 0.024802418425679214 -0.044150784611701965 0.07471975684165957
v 0.023193405941128734 -0.04405776411294937 0.07091942429542544
v 0.02416877634823323 -0.043972406536340714 0.07250218093395236
v 0.022460756823420528 -0.04468696191906929 0.0715712830424309
v 0.02199226245284081 -0.04498434066772461 0.07195570319890979
v 0.022460756823420528 -0.04468696191906929 0.0715712830424309
v 0.023246370255947117 -0.044924572110176086 0.07468828558921817
v 0.022460756823420528 -0.04468696191906929 0.0715712830424309
v 0.024802418425679214 -0.044150784611701965 0.07471975684165957
v 0.023246370255947117 -0.044924572110176086 0.07468828558921817
v 0.022460756823420528 -0.04468696191906929 0.0715712830424309
v 0.0171204898506403 -0.04483339190483093 0.06477002054452899
v 0.023193405941128734 -0.04405776411294937 0.07091942429542544
v 0.022460756823420528 -0.04468696191906929 0.0715712830424309
v 0.016366520896553997 -0.04549338296055794 0.06586189568042758
v 0.0171204898506403 -0.04483339190483093 0.06477002054452899
v 0.022460756823420528 -0.04468696191906929 0.0715712830424309
v 0.02199226245284081 -0.04498434066772461 0.07195570319890979
v 0.016366520896553997 -0.04549338296055794 0.06586189568042758
v 0.007196179591119291 -0.04424728453159332 0.0584526099264622
v 0.010031794197857382 -0.04451272264122963 0.05973137170076373
v 0.007939083501696588 -0.045094214379787445 0.05983528494834903
v 0.007939083501696588 -0.045094214379787445 0.05983528494834903
v 0.010031794197857382 -0.04451272264122963 0.05973137170076373
v 0.010703017935156824 -0.04525410383939743 0.061254907399416
v -0.0024539607111364607 -0.045648667961359024 0.05965677648782733
v 6.874503924336752e-06 -0.04564956575632095 0.05952738970518115
v 0.0010581795359030368 -0.04618798941373825 0.06093851104378703
v 6.874503924336752e-06 -0.04564956575632095 0.05952738970518115
v -0.0024539607111364607 -0.045648667961359024 0.05965677648782733
v -0.0015186946839094166 -0.04490628466010094 0.05833018198609355
v -0.0015186946839094166 -0.04490628466010094 0.05833018198609355
v 0.0023796176537871365 -0.044894129037857056 0.05836474522948268
v 6.874503924336752e-06 -0.04564956575632095 0.05952738970518115
v 0.010701391845941545 -0.04565736651420593 0.06214618310332301
v 0.013344576582312587 -0.04495066776871681 0.06213027983903888
v 0.013780575245618824 -0.04572336748242378 0.06434074789285663
v 0.010701391845941545 -0.04565736651420593 0.06214618310332301
v 0.010703017935156824 -0.04525410383939743 0.061254907399416
v 0.013344576582312587 -0.04495066776871681 0.06213027983903888
v 0.010701391845941545 -0.04565736651420593 0.06214618310332301
v 0.007939083501696588 -0.045094214379787445 0.05983528494834903
v 0.010703017935156824 -0.04525410383939743 0.061254907399416
v 0.005448044277727605 -0.04642198234796524 0.06276008486747744
v 0.005709353368729354 -0.04613993689417839 0.06155392527580264
v 0.010065979324281217 -0.04611686244606972 0.06326629221439364
v 0.009075461886823179 -0.04640011861920357 0.06475429236888888
v 0.010065979324281217 -0.04611686244606972 0.06326629221439364
v 0.012765082530677322 -0.04616966471076012 0.06568280607461932
v 0.010065979324281217 -0.04611686244606972 0.06326629221439364
v 0.009075461886823179 -0.04640011861920357 0.06475429236888888
v 0.005448044277727605 -0.04642198234796524 0.06276008486747744
v 0.010065979324281217 -0.04611686244606972 0.06326629221439364
v 0.005709353368729354 -0.04613993689417839 0.06155392527580264
v 0.010701391845941545 -0.04565736651420593 0.06214618310332301
v 0.010065979324281217 -0.04611686244606972 0.06326629221439364
v 0.013780575245618824 -0.04572336748242378 0.06434074789285663
v 0.012765082530677322 -0.04616966471076012 0.06568280607461932
v 0.010065979324281217 -0.04611686244606972 0.06326629221439364
v 0.010701391845941545 -0.04565736651420593 0.06214618310332301
v 0.013780575245618824 -0.04572336748242378 0.06434074789285663
v -0.02808200381696225 -0.039663445204496384 0.09533838927745823
v -0.028878685086965568 -0.03874696418642998 0.0940056294202805
v -0.028956562280654914 -0.03978937119245529 0.0924986228346825
v -0.028956562280654914 -0.03978937119245529 0.0924986228346825
v -0.028479758650064475 -0.04073069244623184 0.09246912598609928
v -0.02808200381696225 -0.039663445204496384 0.09533838927745823
v -0.028956562280654914 -0.03978937119245529 0.0924986228346825
v -0.028878685086965568 -0.03874696418642998 0.0940056294202805
v -0.029543921351432807 -0.03918202221393585 0.09109230339527134
v -0.028956562280654914 -0.03978937119245529 0.0924986228346825
v -0.029543921351432807 -0.03918202221393585 0.09109230339527134
v -0.029555024579167373 -0.04016859829425812 0.088962234556675
v -0.028479758650064475 -0.04073069244623184 0.09246912598609928
v -0.028956562280654914 -0.03978937119245529 0.0924986228346825
v -0.029555024579167373 -0.04016859829425812 0.088962234556675
v -0.02372009493410588 -0.0431148037314415 0.09689933061599736
v -0.0243064183741808 -0.043592389672994614 0.09376643598079686
v -0.021966688334941867 -0.0435028076171875 0.09752650558948521
v -0.02372009493410588 -0.0431148037314415 0.09689933061599736
v -0.02350537851452828 -0.04225406423211098 0.09975558519363407
v -0.024783797562122352 -0.04243288189172745 0.09733118116855626
v -0.025238037109375007 -0.04397011175751686 0.08929638564586644
v -0.024444758892059333 -0.04429629072546959 0.08833035081624989
v -0.0243064183741808 -0.043592389672994614 0.09376643598079686
v -0.025238037109375007 -0.04397011175751686 0.08929638564586644
v -0.0243064183741808 -0.043592389672994614 0.09376643598079686
v -0.025971990078687675 -0.0431867279112339 0.09215327352285389
v -0.027626650407910354 -0.041864801198244095 0.09236237406730656
v -0.02684751711785794 -0.04258871451020241 0.09222523123025898
v -0.026811702176928527 -0.04169166088104248 0.09507408738136296
v -0.027626650407910354 -0.041864801198244095 0.09236237406730656
v -0.026811702176928527 -0.04169166088104248 0.09507408738136296
v -0.027625441551208503 -0.04061167687177658 0.09520711749792103
v -0.027625441551208503 -0.04061167687177658 0.09520711749792103
v -0.028479758650064475 -0.04073069244623184 0.09246912598609928
v -0.027626650407910354 -0.041864801198244095 0.09236237406730656
v -0.027626650407910354 -0.041864801198244095 0.09236237406730656
v -0.028479758650064475 -0.04073069244623184 0.09246912598609928
v -0.02864107675850392 -0.04148092493414879 0.08960347622632985
v -0.03009471110999585 -0.03918914869427681 0.08207594603300099
v -0.030001547187566764 -0.038331422954797745 0.07996911555528645
v -0.02966458164155484 -0.03994930163025856 0.08044654875993733
v -0.030001547187566764 -0.038331422954797745 0.07996911555528645
v -0.02913563139736653 -0.04005221650004387 0.07782775163650515
v -0.02966458164155484 -0.03994930163025856 0.08044654875993733
v -0.02934019640088082 -0.04103895276784897 0.08665771037340168
v -0.02864107675850392 -0.04148092493414879 0.08960347622632985
v -0.029555024579167373 -0.04016859829425812 0.088962234556675
v -0.016799340024590496 -0.04516010731458664 0.06528920680284503
v -0.023327069357037548 -0.044077660888433456 0.07108783721923831
v -0.01758142560720444 -0.044455233961343765 0.06448510289192202
v -0.01758142560720444 -0.044455233961343765 0.06448510289192202
v -0.01416378747671843 -0.04532917961478233 0.06348332017660144
v -0.016799340024590496 -0.04516010731458664 0.06528920680284503
v -0.01416378747671843 -0.04532917961478233 0.06348332017660144
v -0.01604990661144257 -0.04570041969418526 0.06633394211530688
v -0.016799340024590496 -0.04516010731458664 0.06528920680284503
v -0.022428883239626888 -0.04472844675183296 0.07166682928800586
v -0.023327069357037548 -0.044077660888433456 0.07108783721923831
v -0.016799340024590496 -0.04516010731458664 0.06528920680284503
v -0.022428883239626888 -0.04472844675183296 0.07166682928800586
v -0.01604990661144257 -0.04570041969418526 0.06633394211530688
v -0.021479984745383266 -0.045223258435726166 0.07228479534387591
v -0.022428883239626888 -0.04472844675183296 0.07166682928800586
v -0.016799340024590496 -0.04516010731458664 0.06528920680284503
v -0.01604990661144257 -0.04570041969418526 0.06633394211530688
v -0.023895388469100005 -0.043554626405239105 0.07079765945672992
v -0.018081838265061382 -0.043856505304574966 0.0639554709196091
v -0.023327069357037548 -0.044077660888433456 0.07108783721923831
v -0.023895388469100005 -0.043554626405239105 0.07079765945672992
v -0.024319116026163108 -0.04292227327823639 0.07027689367532733
v -0.018081838265061382 -0.043856505304574966 0.0639554709196091
v -0.025732843205332763 -0.04186618700623512 0.07119911164045337
v -0.026107806712389 -0.040348779410123825 0.07025747001171115
v -0.02493280917406083 -0.04166529327630997 0.06952548772096637
v -0.025732843205332763 -0.04186618700623512 0.07119911164045337
v -0.02664319053292275 -0.04167405515909195 0.07283271849155429
v -0.026107806712389 -0.040348779410123825 0.07025747001171115
v -0.024319116026163108 -0.04292227327823639 0.07027689367532733
v -0.025732843205332763 -0.04186618700623512 0.07119911164045337
v -0.02493280917406083 -0.04166529327630997 0.06952548772096637
v -0.023179426789283756 -0.04500102996826172 0.07536474615335467
v -0.02472961880266667 -0.04462370648980141 0.07825788855552678
v -0.024476367980241782 -0.04444862902164459 0.07539223879575732
v -0.020453458651900295 -0.04554998129606247 0.07271156460046771
v -0.022602166980504993 -0.04523210600018501 0.07678296416997912
v -0.023179426789283756 -0.04500102996826172 0.07536474615335467
v -0.022602166980504993 -0.04523210600018501 0.07678296416997912
v -0.021579602733254436 -0.045331668108701706 0.07772965729236606
v -0.02346018515527249 -0.044882792979478836 0.08274167031049733
v -0.02346018515527249 -0.044882792979478836 0.08274167031049733
v -0.024714261293411262 -0.044686656445264816 0.08094859123229985
v -0.022602166980504993 -0.04523210600018501 0.07678296416997912
v -0.022602166980504993 -0.04523210600018501 0.07678296416997912
v -0.02472961880266667 -0.04462370648980141 0.07825788855552678
v -0.023179426789283756 -0.04500102996826172 0.07536474615335467
v -0.022602166980504993 -0.04523210600018501 0.07678296416997912
v -0.024714261293411262 -0.044686656445264816 0.08094859123229985
v -0.02472961880266667 -0.04462370648980141 0.07825788855552678
v -0.01862270385026932 -0.045762039721012115 0.07292881608009341
v -0.021579602733254436 -0.045331668108701706 0.07772965729236606
v -0.022602166980504993 -0.04523210600018501 0.07678296416997912
v -0.022602166980504993 -0.04523210600018501 0.07678296416997912
v -0.020453458651900295 -0.04554998129606247 0.07271156460046771
v -0.01862270385026932 -0.045762039721012115 0.07292881608009341
v -0.027205159887671478 -0.025548497214913368 0.10222676396369938
v -0.027465635910630233 -0.023208308964967728 0.10193695873022084
v -0.028384190052747733 -0.026013923808932304 0.10019821673631672
v -0.027205159887671478 -0.025548497214913368 0.10222676396369938
v -0.024805629625916488 -0.03743695095181465 0.10262237489223484
v -0.025312522426247604 -0.024896781891584396 0.10491487383842472
v -0.025621257722377784 -0.022519715130329132 0.10461959987878804
v -0.027205159887671478 -0.025548497214913368 0.10222676396369938
v -0.025312522426247604 -0.024896781891584396 0.10491487383842472
v -0.027205159887671478 -0.025548497214913368 0.10222676396369938
v -0.025621257722377784 -0.022519715130329132 0.10461959987878804
v -0.027465635910630233 -0.023208308964967728 0.10193695873022084
v -0.028384190052747733 -0.026013923808932304 0.10019821673631672
v -0.024970507249236114 -0.03849118575453758 0.10206627100706105
v -0.027205159887671478 -0.025548497214913368 0.10222676396369938
v -0.024970507249236114 -0.03849118575453758 0.10206627100706105
v -0.024805629625916488 -0.03743695095181465 0.10262237489223484
v -0.027205159887671478 -0.025548497214913368 0.10222676396369938
v -0.01999801024794579 -0.04294747859239578 0.10187437385320668
v -0.021966688334941867 -0.0435028076171875 0.09752650558948521
v -0.016972441226243976 -0.04307686910033226 0.10342390835285191
v -0.01999801024794579 -0.04294747859239578 0.10187437385320668
v -0.016972441226243976 -0.04307686910033226 0.10342390835285191
v -0.017068702727556232 -0.042642418295145035 0.1051406562328339
v -0.021917089819908146 -0.03730984404683113 0.1060867086052895
v -0.023018071427941326 -0.024274952709674835 0.10752627998590474
v -0.025312522426247604 -0.024896781891584396 0.10491487383842472
v -0.021917089819908146 -0.03730984404683113 0.1060867086052895
v -0.025312522426247604 -0.024896781891584396 0.10491487383842472
v -0.023418748751282695 -0.03760916367173195 0.10438803583383564
v -0.021917089819908146 -0.03730984404683113 0.1060867086052895
v -0.020108416676521305 -0.03722566366195679 0.1078312993049622
v -0.023018071427941326 -0.024274952709674835 0.10752627998590474
v -0.02677662298083306 -0.037474170327186584 0.09945936501026158
v -0.024970507249236114 -0.03849118575453758 0.10206627100706105
v -0.028384190052747733 -0.026013923808932304 0.10019821673631672
v -0.02677662298083306 -0.037474170327186584 0.09945936501026158
v -0.02653929218649865 -0.038581475615501404 0.09950785338878636
v -0.024970507249236114 -0.03849118575453758 0.10206627100706105
v -0.028384190052747733 -0.026013923808932304 0.10019821673631672
v -0.029131531715393073 -0.026377907022833824 0.09870396554470066
v -0.02677662298083306 -0.037474170327186584 0.09945936501026158
v -0.026755509898066528 -0.04018106311559677 0.09779495000839238
v -0.02808200381696225 -0.039663445204496384 0.09533838927745823
v -0.027625441551208503 -0.04061167687177658 0.09520711749792103
v -0.01980284415185452 -0.023573286831378937 0.11038565635681158
v -0.02136355079710484 -0.02142765372991562 0.10918320715427403
v -0.02110203914344311 -0.02383124828338623 0.10931876301765446
v -0.01980284415185452 -0.023573286831378937 0.11038565635681158
v -0.020724486559629444 -0.02118152193725109 0.10969996452331549
v -0.02136355079710484 -0.02142765372991562 0.10918320715427403
v -0.018965190276503566 -0.020945336669683456 0.111101545393467
v -0.020724486559629444 -0.02118152193725109 0.10969996452331549
v -0.01980284415185452 -0.023573286831378937 0.11038565635681158
v -0.017577150836586956 -0.023203618824481964 0.11198115348815924
v -0.018965190276503566 -0.020945336669683456 0.111101545393467
v -0.01980284415185452 -0.023573286831378937 0.11038565635681158
v -0.01980284415185452 -0.023573286831378937 0.11038565635681158
v -0.017122048884630207 -0.037289708852767944 0.11013447493314749
v -0.017577150836586956 -0.023203618824481964 0.11198115348815924
v -0.01980284415185452 -0.023573286831378937 0.11038565635681158
v -0.019008057191967968 -0.0382382869720459 0.10853668302297596
v -0.017122048884630207 -0.037289708852767944 0.11013447493314749
v -0.01980284415185452 -0.023573286831378937 0.11038565635681158
v -0.02110203914344311 -0.02383124828338623 0.10931876301765446
v -0.019008057191967968 -0.0382382869720459 0.10853668302297596
v -0.0028600879013538365 -0.01934719830751419 0.117088332772255
v -0.0007092177402228118 -0.019436124712228775 0.11725185811519628
v -0.002215323736891151 0.05008639022707939 0.11637470126152044
v -0.0028600879013538365 -0.01934719830751419 0.117088332772255
v -0.002215323736891151 0.05008639022707939 0.11637470126152044
v -0.004049445968121291 -0.01948918029665947 0.11699821054935461
v -0.0028600879013538365 -0.01934719830751419 0.117088332772255
v -0.004049445968121291 -0.01948918029665947 0.11699821054935461
v -0.0007092177402228118 -0.019436124712228775 0.11725185811519628
v -0.005798660684376956 -0.019452247768640518 0.1166860237717629
v -0.00563569599762559 0.05006951466202736 0.11592569202184683
v -0.007269772235304119 -0.019626760855317116 0.11642217636108404
v -0.005798660684376956 -0.019452247768640518 0.1166860237717629
v -0.004049445968121291 -0.01948918029665947 0.11699821054935461
v -0.00563569599762559 0.05006951466202736 0.11592569202184683
v -0.004049445968121291 -0.01948918029665947 0.11699821054935461
v -0.005798660684376956 -0.019452247768640518 0.1166860237717629
v -0.007269772235304119 -0.019626760855317116 0.11642217636108404
v -0.010816795751452448 -0.039109211415052414 0.11286851763725286
v -0.007897311821579935 -0.040049731731414795 0.11326044797897344
v -0.008026373572647573 -0.03911687806248665 0.11377939581871038
v -0.010816795751452448 -0.039109211415052414 0.11286851763725286
v -0.011179208755493166 -0.04008154571056366 0.11215607821941381
v -0.007897311821579935 -0.040049731731414795 0.11326044797897344
v -0.008026373572647573 -0.03911687806248665 0.11377939581871038
v -0.008428940549492838 -0.038026634603738785 0.114061750471592
v -0.010816795751452448 -0.039109211415052414 0.11286851763725286
v -0.008428940549492838 -0.038026634603738785 0.114061750471592
v -0.011226541362702848 -0.03806023672223091 0.11310157179832464
v -0.010816795751452448 -0.039109211415052414 0.11286851763725286
v -0.011840733699500564 -0.04066082090139389 0.11137080937623983
v -0.011179208755493166 -0.04008154571056366 0.11215607821941381
v -0.01447001658380032 -0.04045863822102547 0.11029560118913656
v -0.011840733699500564 -0.04066082090139389 0.11137080937623983
v -0.00851438380777836 -0.040743570774793625 0.11249999701976782
v -0.011179208755493166 -0.04008154571056366 0.11215607821941381
v -0.011840733699500564 -0.04066082090139389 0.11137080937623983
v -0.010616713203489782 -0.0413823127746582 0.11107020825147634
v -0.00851438380777836 -0.040743570774793625 0.11249999701976782
v -0.01072192005813122 -0.041995372623205185 0.11005956679582601
v -0.007363157346844675 -0.04209577292203903 0.11088221520185476
v -0.007556986529380085 -0.04134871065616608 0.11207417398691183
v -0.007556986529380085 -0.04134871065616608 0.11207417398691183
v -0.010616713203489782 -0.0413823127746582 0.11107020825147634
v -0.01072192005813122 -0.041995372623205185 0.11005956679582601
v -0.01072192005813122 -0.041995372623205185 0.11005956679582601
v -0.010119920596480371 -0.04249463602900505 0.10895503312349324
v -0.007363157346844675 -0.04209577292203903 0.11088221520185476
v -0.01072192005813122 -0.041995372623205185 0.11005956679582601
v -0.013223108835518364 -0.04215628653764725 0.1086090281605721
v -0.010119920596480371 -0.04249463602900505 0.10895503312349324
v -0.01862270385026932 -0.045762039721012115 0.07292881608009341
v -0.020453458651900295 -0.04554998129606247 0.07271156460046771
v -0.01543989405035973 -0.04603433236479759 0.0676551088690758
v -0.01543989405035973 -0.04603433236479759 0.0676551088690758
v -0.011818018741905693 -0.046294305473566055 0.06612897664308551
v -0.01564835943281651 -0.045991167426109314 0.0703188553452492
v -0.01564835943281651 -0.045991167426109314 0.0703188553452492
v -0.01862270385026932 -0.045762039721012115 0.07292881608009341
v -0.01543989405035973 -0.04603433236479759 0.0676551088690758
v -0.01543989405035973 -0.04603433236479759 0.0676551088690758
v -0.020453458651900295 -0.04554998129606247 0.07271156460046771
v -0.01604990661144257 -0.04570041969418526 0.06633394211530688
v -0.01543989405035973 -0.04603433236479759 0.0676551088690758
v -0.012407815083861354 -0.0460207499563694 0.06439475715160373
v -0.011818018741905693 -0.046294305473566055 0.06612897664308551
v -0.01543989405035973 -0.04603433236479759 0.0676551088690758
v -0.01604990661144257 -0.04570041969418526 0.06633394211530688
v -0.012407815083861354 -0.0460207499563694 0.06439475715160373
v 0.018059903755784038 -0.02327398769557476 0.11165032535791403
v 0.019422935321927074 -0.023503171280026436 0.110676720738411
v 0.017705256119370464 -0.02073013409972191 0.11197339743375784
v 0.018059903755784038 -0.02327398769557476 0.11165032535791403
v 0.01727116294205189 -0.03739351034164429 0.1100286021828652
v 0.019422935321927074 -0.023503171280026436 0.110676720738411
v 0.013283989392220977 -0.02262536808848381 0.11432437598705297
v 0.014696474187076095 -0.020242225378751755 0.11371309310197836
v 0.012163030914962295 -0.019997991621494293 0.11487999558448797
v 0.010580575093626978 -0.03718957304954529 0.11351422220468527
v 0.01084840949624777 -0.03806500881910324 0.11324549466371542
v 0.01359860319644213 -0.03811679407954216 0.11202553659677511
v 0.010800200514495375 -0.03935132175683975 0.1127671971917153
v 0.012919818051159385 -0.039175037294626236 0.11193315684795385
v 0.01084840949624777 -0.03806500881910324 0.11324549466371542
v 0.01084840949624777 -0.03806500881910324 0.11324549466371542
v 0.012919818051159385 -0.039175037294626236 0.11193315684795385
v 0.01359860319644213 -0.03811679407954216 0.11202553659677511
v 0.01084840949624777 -0.03806500881910324 0.11324549466371542
v 0.010580575093626978 -0.03718957304954529 0.11351422220468527
v 0.008003931492567064 -0.03802564740180969 0.11418087780475622
v 0.01084840949624777 -0.03806500881910324 0.11324549466371542
v 0.008114680647850038 -0.039115674793720245 0.1137551292777062
v 0.010800200514495375 -0.03935132175683975 0.1127671971917153
v 0.01084840949624777 -0.03806500881910324 0.11324549466371542
v 0.008003931492567064 -0.03802564740180969 0.11418087780475622
v 0.008114680647850038 -0.039115674793720245 0.1137551292777062
v -3.371097409399227e-05 -0.035631388425827026 0.11542557179927831
v 0.004157908260822297 -0.03696334734559059 0.11511202156543737
v 0.0008756608003750446 -0.0219731405377388 0.11717464029788976
v -3.371097409399227e-05 -0.035631388425827026 0.11542557179927831
v -0.001624104799702764 -0.021957330405712128 0.11714226752519613
v -0.004217437934130431 -0.03703288361430168 0.11510826647281652
v -0.001624104799702764 -0.021957330405712128 0.11714226752519613
v -3.371097409399227e-05 -0.035631388425827026 0.11542557179927831
v 0.0008756608003750446 -0.0219731405377388 0.11717464029788976
v 0.0042981524020433435 -0.03794579580426216 0.11497440189123159
v 0.004157908260822297 -0.03696334734559059 0.11511202156543737
v -3.371097409399227e-05 -0.035631388425827026 0.11542557179927831
v -0.004217437934130431 -0.03703288361430168 0.11510826647281652
v -0.004177518654614688 -0.03791756555438042 0.11497180163860327
v -3.371097409399227e-05 -0.035631388425827026 0.11542557179927831
v -0.004177518654614688 -0.03791756555438042 0.11497180163860327
v 0.0042981524020433435 -0.03794579580426216 0.11497440189123159
v -3.371097409399227e-05 -0.035631388425827026 0.11542557179927831
v 0.03140481561422349 -0.0255240797996521 0.09215703606605534
v 0.031043786555528648 -0.025251595303416252 0.09375302493572239
v 0.03137193992733956 -0.027950994670391083 0.0921568796038628
v 0.031043786555528648 -0.025251595303416252 0.09375302493572239
v 0.030958589166402824 -0.02758377604186535 0.09376720339059834
v 0.03137193992733956 -0.027950994670391083 0.0921568796038628
v 0.03137193992733956 -0.027950994670391083 0.0921568796038628
v 0.031711645424366004 -0.028397342190146446 0.09038635343313221
v 0.031782269477844245 -0.02604091539978981 0.09044430404901509
v 0.031782269477844245 -0.02604091539978981 0.09044430404901509
v 0.03140481561422349 -0.0255240797996521 0.09215703606605534
v 0.03137193992733956 -0.027950994670391083 0.0921568796038628
v 0.03137193992733956 -0.027950994670391083 0.0921568796038628
v 0.029814962297678 -0.03805690258741379 0.09098358452320103
v 0.031711645424366004 -0.028397342190146446 0.09038635343313221
v 0.029814962297678 -0.03805690258741379 0.09098358452320103
v 0.03137193992733956 -0.027950994670391083 0.0921568796038628
v 0.029355170205235488 -0.0376710370182991 0.09298815578222279
v 0.02769815735518933 -0.02573528327047825 0.10140654444694523
v 0.028778828680515296 -0.02623038925230503 0.09943255782127385
v 0.02863405086100102 -0.02372494526207447 0.09987189620733265
v 0.027223860844969756 -0.02310836873948574 0.10232028365135197
v 0.02769815735518933 -0.02573528327047825 0.10140654444694523
v 0.02863405086100102 -0.02372494526207447 0.09987189620733265
v 0.02769815735518933 -0.02573528327047825 0.10140654444694523
v 0.027223860844969756 -0.02310836873948574 0.10232028365135197
v 0.02679682523012162 -0.025395037606358528 0.10284132510423664
v 0.028138525784015662 -0.03870583325624466 0.0960643440485001
v 0.02972987852990628 -0.026684338226914406 0.09736582636833195
v 0.027416834607720382 -0.03748625889420509 0.09821522980928425
v 0.028138525784015662 -0.03870583325624466 0.0960643440485001
v 0.03043144382536412 -0.02714884653687477 0.09549035876989369
v 0.02972987852990628 -0.026684338226914406 0.09736582636833195
v 0.028138525784015662 -0.03870583325624466 0.0960643440485001
v 0.02863780595362187 -0.03761295974254608 0.09530177712440495
v 0.03043144382536412 -0.02714884653687477 0.09549035876989369
v -0.0062967543490231054 0.030880609527230263 0.04994190111756327
v -0.0034158905036747464 0.03134734928607941 0.04994156211614611
v -0.0076882941648364084 0.029991092160344124 0.049941428005695364
v -0.02188566699624062 0.022625068202614784 0.049941521137952825
v -0.012344826012849811 0.05005339905619621 0.05596541240811351
v -0.00994693022221327 0.05013466998934746 0.05508112534880641
v -0.02188566699624062 0.022625068202614784 0.049941521137952825
v -0.00994693022221327 0.05013466998934746 0.05508112534880641
v -0.006252027582377197 0.05013881251215935 0.054077286273241064
v -0.00977576430886984 -0.029846929013729095 0.04994080588221552
v -0.027028510347008712 -0.01606159657239914 0.049941375851631185
v -0.03127500787377358 -0.004039325285702944 0.04994143545627596
v -0.03127500787377358 -0.004039325285702944 0.04994143545627596
v -0.027028510347008712 -0.01606159657239914 0.049941375851631185
v -0.029160689562559135 -0.01188322901725769 0.04994143173098566
v -0.03127500787377358 -0.004039325285702944 0.04994143545627596
v -0.029160689562559135 -0.01188322901725769 0.04994143173098566
v -0.03073458746075631 -0.006982775870710611 0.04994152858853342
v -0.03127500787377358 -0.004039325285702944 0.04994143545627596
v -0.03172238916158677 -0.030952703207731247 0.08004280179739003
v -0.03198118507862092 -0.030413631349802017 0.08175471425056462
v -0.03073458746075631 -0.006982775870710611 0.04994152858853342
v -0.031221879646182067 -0.03143898770213127 0.07743491232395175
v -0.03127500787377358 -0.004039325285702944 0.04994143545627596
v -0.031221879646182067 -0.03143898770213127 0.07743491232395175
v -0.03172238916158677 -0.030952703207731247 0.08004280179739003
v -0.03127500787377358 -0.004039325285702944 0.04994143545627596
v 0.026584928855299957 -0.042813755571842194 0.09213002771139149
v 0.026466948911547668 -0.04340214654803276 0.08939447253942494
v 0.027648689225316055 -0.042553938925266266 0.08950807899236683
v 0.026584928855299957 -0.042813755571842194 0.09213002771139149
v 0.027648689225316055 -0.042553938925266266 0.08950807899236683
v 0.02738321758806706 -0.04211586341261864 0.09228710085153584
v 0.02738321758806706 -0.04211586341261864 0.09228710085153584
v 0.02637662738561631 -0.0421636663377285 0.09489399194717411
v 0.026584928855299957 -0.042813755571842194 0.09213002771139149
v 0.026584928855299957 -0.042813755571842194 0.09213002771139149
v 0.025403678417205817 -0.04353265464305878 0.0917923748493195
v 0.026466948911547668 -0.04340214654803276 0.08939447253942494
v 0.028646981343626983 -0.04148092865943909 0.0895699188113213
v 0.027648689225316055 -0.042553938925266266 0.08950807899236683
v 0.02867869287729264 -0.04193093627691269 0.08673112839460377
v 0.029349904507398612 -0.04102161154150963 0.08667962998151783
v 0.028646981343626983 -0.04148092865943909 0.0895699188113213
v 0.02867869287729264 -0.04193093627691269 0.08673112839460377
v 0.029233612120151527 -0.04055974259972572 0.08958435058593754
v 0.028646981343626983 -0.04148092865943909 0.0895699188113213
v 0.029349904507398612 -0.04102161154150963 0.08667962998151783
v 0.02738321758806706 -0.04211586341261864 0.09228710085153584
v 0.027648689225316055 -0.042553938925266266 0.08950807899236683
v 0.028646981343626983 -0.04148092865943909 0.0895699188113213
v 0.024193827062845237 -0.04159851372241974 0.10005980730056767
v 0.022248465567827228 -0.04188382998108864 0.1021540611982346
v 0.023568749427795417 -0.04225653037428856 0.09965761005878453
v 0.023568749427795417 -0.04225653037428856 0.09965761005878453
v 0.022026814520359043 -0.042881522327661514 0.09999149292707447
v 0.02359606698155404 -0.043058983981609344 0.09731406718492512
v 0.023568749427795417 -0.04225653037428856 0.09965761005878453
v 0.022248465567827228 -0.04188382998108864 0.1021540611982346
v 0.022026814520359043 -0.042881522327661514 0.09999149292707447
v 0.026784380897879607 -0.04106166586279869 0.09642050415277485
v 0.02637662738561631 -0.0421636663377285 0.09489399194717411
v 0.02748298458755017 -0.04119328409433365 0.09446965157985691
v 0.026139128953218467 -0.039819031953811646 0.09931015223264698
v 0.025541080161929137 -0.04087737575173378 0.09908919036388401
v 0.026784380897879607 -0.04106166586279869 0.09642050415277485
v 0.025112988427281387 -0.04220806062221527 0.09735970944166188
v 0.025541080161929137 -0.04087737575173378 0.09908919036388401
v 0.024193827062845237 -0.04159851372241974 0.10005980730056767
v 0.024193827062845237 -0.04159851372241974 0.10005980730056767
v 0.023568749427795417 -0.04225653037428856 0.09965761005878453
v 0.025112988427281387 -0.04220806062221527 0.09735970944166188
v 0.025112988427281387 -0.04220806062221527 0.09735970944166188
v 0.026784380897879607 -0.04106166586279869 0.09642050415277485
v 0.025541080161929137 -0.04087737575173378 0.09908919036388401
v 0.02637662738561631 -0.0421636663377285 0.09489399194717411
v 0.026784380897879607 -0.04106166586279869 0.09642050415277485
v 0.025112988427281387 -0.04220806062221527 0.09735970944166188
v 0.025112988427281387 -0.04220806062221527 0.09735970944166188
v 0.023568749427795417 -0.04225653037428856 0.09965761005878453
v 0.02359606698155404 -0.043058983981609344 0.09731406718492512
v 0.023362489417195324 -0.024326538667082787 0.10716719925403599
v 0.021953329443931583 -0.03727821633219719 0.1060506328940392
v 0.024601295590400703 -0.024715332314372063 0.10575605928897862
v 0.021953329443931583 -0.03727821633219719 0.1060506328940392
v 0.023376297205686573 -0.03767099604010582 0.10442002117633824
v 0.024601295590400703 -0.024715332314372063 0.10575605928897862
v 0.02107067778706551 -0.038274943828582764 0.1067251563072205
v 0.018723081797361377 -0.03823813050985336 0.10875680297613148
v 0.01977196149528027 -0.039367347955703735 0.10738619416952137
v 0.02107067778706551 -0.038274943828582764 0.1067251563072205
v 0.021953329443931583 -0.03727821633219719 0.1060506328940392
v 0.023362489417195324 -0.024326538667082787 0.10716719925403599
v 0.015634251758456234 -0.040741290897130966 0.10932733118534092
v 0.017668412998318676 -0.039874013513326645 0.108735203742981
v 0.013771351426839832 -0.040056392550468445 0.11098486930131918
v 0.017668412998318676 -0.039874013513326645 0.108735203742981
v 0.015634251758456234 -0.040741290897130966 0.10932733118534092
v 0.0179204847663641 -0.04087086021900177 0.10763492435216908
v 0.013771351426839832 -0.040056392550468445 0.11098486930131918
v 0.013058898039162162 -0.04068475216627121 0.1107925176620484
v 0.015634251758456234 -0.040741290897130966 0.10932733118534092
v 0.015634251758456234 -0.040741290897130966 0.10932733118534092
v 0.016160646453499797 -0.041654329746961594 0.10785200446844105
v 0.0179204847663641 -0.04087086021900177 0.10763492435216908
v 0.015634251758456234 -0.040741290897130966 0.10932733118534092
v 0.013058898039162162 -0.04068475216627121 0.1107925176620484
v 0.013634918257594112 -0.04172160476446152 0.10923521220684056
v 0.013634918257594112 -0.04172160476446152 0.10923521220684056
v 0.016160646453499797 -0.041654329746961594 0.10785200446844105
v 0.015634251758456234 -0.040741290897130966 0.10932733118534092
v 0.01832966506481171 -0.042030371725559235 0.10569004714488987
v 0.0179204847663641 -0.04087086021900177 0.10763492435216908
v 0.016160646453499797 -0.041654329746961594 0.10785200446844105
v 0.01832966506481171 -0.042030371725559235 0.10569004714488987
v 0.02003917843103409 -0.04100905731320381 0.10571982711553578
v 0.0179204847663641 -0.04087086021900177 0.10763492435216908
v 0.020478690043091777 -0.041756585240364075 0.1042675152420998
v 0.02003917843103409 -0.04100905731320381 0.10571982711553578
v 0.01832966506481171 -0.042030371725559235 0.10569004714488987
v 0.02012824080884457 -0.04281846806406975 0.10222023725509648
v 0.020478690043091777 -0.041756585240364075 0.1042675152420998
v 0.01832966506481171 -0.042030371725559235 0.10569004714488987
v 0.023927094414830215 -0.03907207027077675 0.10318627953529362
v 0.02580302022397519 -0.03850546479225159 0.10079210996627812
v 0.024371385574340827 -0.03767004236578941 0.10316876322031025
v 0.024371385574340827 -0.03767004236578941 0.10316876322031025
v 0.023376297205686573 -0.03767099604010582 0.10442002117633824
v 0.023927094414830215 -0.03907207027077675 0.10318627953529362
v 0.002485885284841061 -0.045655716210603714 0.0596764646470547
v 6.874503924336752e-06 -0.04564956575632095 0.05952738970518115
v 0.0023796176537871365 -0.044894129037857056 0.05836474522948268
v 0.002485885284841061 -0.045655716210603714 0.0596764646470547
v 0.005709353368729354 -0.04613993689417839 0.06155392527580264
v 0.0010581795359030368 -0.04618798941373825 0.06093851104378703
v 6.874503924336752e-06 -0.04564956575632095 0.05952738970518115
v 0.002485885284841061 -0.045655716210603714 0.0596764646470547
v 0.0010581795359030368 -0.04618798941373825 0.06093851104378703
v -0.025971990078687675 -0.0431867279112339 0.09215327352285389
v -0.0243064183741808 -0.043592389672994614 0.09376643598079686
v -0.025540767237544067 -0.042782336473464966 0.09487082809209828
v -0.025540767237544067 -0.042782336473464966 0.09487082809209828
v -0.0243064183741808 -0.043592389672994614 0.09376643598079686
v -0.02372009493410588 -0.0431148037314415 0.09689933061599736
v -0.025540767237544067 -0.042782336473464966 0.09487082809209828
v -0.02372009493410588 -0.0431148037314415 0.09689933061599736
v -0.024783797562122352 -0.04243288189172745 0.09733118116855626
v -0.025540767237544067 -0.042782336473464966 0.09487082809209828
v -0.02684751711785794 -0.04258871451020241 0.09222523123025898
v -0.025971990078687675 -0.0431867279112339 0.09215327352285389
v -0.025540767237544067 -0.042782336473464966 0.09487082809209828
v -0.024783797562122352 -0.04243288189172745 0.09733118116855626
v -0.026811702176928527 -0.04169166088104248 0.09507408738136296
v -0.026811702176928527 -0.04169166088104248 0.09507408738136296
v -0.02684751711785794 -0.04258871451020241 0.09222523123025898
v -0.025540767237544067 -0.042782336473464966 0.09487082809209828
v -0.021757593378424648 -0.04227923974394798 0.1019319742918015
v -0.02350537851452828 -0.04225406423211098 0.09975558519363407
v -0.022476773709058765 -0.042905956506729126 0.09934574365615849
v -0.02372009493410588 -0.0431148037314415 0.09689933061599736
v -0.022476773709058765 -0.042905956506729126 0.09934574365615849
v -0.02350537851452828 -0.04225406423211098 0.09975558519363407
v -0.022476773709058765 -0.042905956506729126 0.09934574365615849
v -0.01999801024794579 -0.04294747859239578 0.10187437385320668
v -0.021757593378424648 -0.04227923974394798 0.1019319742918015
v -0.022476773709058765 -0.042905956506729126 0.09934574365615849
v -0.02372009493410588 -0.0431148037314415 0.09689933061599736
v -0.021966688334941867 -0.0435028076171875 0.09752650558948521
v -0.021966688334941867 -0.0435028076171875 0.09752650558948521
v -0.01999801024794579 -0.04294747859239578 0.10187437385320668
v -0.022476773709058765 -0.042905956506729126 0.09934574365615849
v -0.02986427769064904 -0.04007449001073837 0.08589670062065129
v -0.02933149971067906 -0.04119502007961273 0.0837931260466576
v -0.02934019640088082 -0.04103895276784897 0.08665771037340168
v -0.02986427769064904 -0.04007449001073837 0.08589670062065129
v -0.02934019640088082 -0.04103895276784897 0.08665771037340168
v -0.029555024579167373 -0.04016859829425812 0.088962234556675
v -0.029555024579167373 -0.04016859829425812 0.088962234556675
v -0.030063446611166007 -0.03903793543577194 0.08813136816024784
v -0.02986427769064904 -0.04007449001073837 0.08589670062065129
v -0.030063446611166007 -0.03903793543577194 0.08813136816024784
v -0.030226210132241256 -0.03910999372601509 0.08529887348413472
v -0.02986427769064904 -0.04007449001073837 0.08589670062065129
v -0.02864107675850392 -0.04148092493414879 0.08960347622632985
v -0.02934019640088082 -0.04103895276784897 0.08665771037340168
v -0.028678491711616523 -0.04192917421460152 0.08675410598516468
v -0.028009891510009773 -0.04087931662797928 0.0751682668924332
v -0.02913563139736653 -0.04005221650004387 0.07782775163650515
v -0.028370082378387458 -0.03978944197297096 0.07490040361881259
v -0.02722661383450032 -0.0422709621489048 0.07556437700986865
v -0.028009891510009773 -0.04087931662797928 0.0751682668924332
v -0.02664319053292275 -0.04167405515909195 0.07283271849155429
v -0.028009891510009773 -0.04087931662797928 0.0751682668924332
v -0.028370082378387458 -0.03978944197297096 0.07490040361881259
v -0.027232734486460693 -0.0402100495994091 0.07240716367959979
v -0.02664319053292275 -0.04167405515909195 0.07283271849155429
v -0.028009891510009773 -0.04087931662797928 0.0751682668924332
v -0.027232734486460693 -0.0402100495994091 0.07240716367959979
v -0.024319116026163108 -0.04292227327823639 0.07027689367532733
v -0.023895388469100005 -0.043554626405239105 0.07079765945672992
v -0.025888044387102134 -0.0427335761487484 0.07308403402566913
v -0.025888044387102134 -0.0427335761487484 0.07308403402566913
v -0.02722661383450032 -0.0422709621489048 0.07556437700986865
v -0.02664319053292275 -0.04167405515909195 0.07283271849155429
v -0.025888044387102134 -0.0427335761487484 0.07308403402566913
v -0.025732843205332763 -0.04186618700623512 0.07119911164045337
v -0.024319116026163108 -0.04292227327823639 0.07027689367532733
v -0.02664319053292275 -0.04167405515909195 0.07283271849155429
v -0.025732843205332763 -0.04186618700623512 0.07119911164045337
v -0.025888044387102134 -0.0427335761487484 0.07308403402566913
v -0.023179426789283756 -0.04500102996826172 0.07536474615335467
v -0.024476367980241782 -0.04444862902164459 0.07539223879575732
v -0.02325323969125748 -0.044648315757513046 0.07301669567823413
v -0.021479984745383266 -0.045223258435726166 0.07228479534387591
v -0.023179426789283756 -0.04500102996826172 0.07536474615335467
v -0.02325323969125748 -0.044648315757513046 0.07301669567823413
v -0.02325323969125748 -0.044648315757513046 0.07301669567823413
v -0.022428883239626888 -0.04472844675183296 0.07166682928800586
v -0.021479984745383266 -0.045223258435726166 0.07228479534387591
v -0.022428883239626888 -0.04472844675183296 0.07166682928800586
v -0.02325323969125748 -0.044648315757513046 0.07301669567823413
v -0.023327069357037548 -0.044077660888433456 0.07108783721923831
v -0.025676859542727477 -0.04408353567123413 0.07767613232135775
v -0.024476367980241782 -0.04444862902164459 0.07539223879575732
v -0.02472961880266667 -0.04462370648980141 0.07825788855552678
v -0.016602428629994396 -0.038164008408784866 0.11029434204101568
v -0.01471334416419268 -0.03715215250849724 0.11161104589700704
v -0.017122048884630207 -0.037289708852767944 0.11013447493314749
v -0.019008057191967968 -0.0382382869720459 0.10853668302297596
v -0.016602428629994396 -0.038164008408784866 0.11029434204101568
v -0.017122048884630207 -0.037289708852767944 0.11013447493314749
v -0.019367160275578502 -0.042562343180179596 0.1035949140787125
v -0.021757593378424648 -0.04227923974394798 0.1019319742918015
v -0.01999801024794579 -0.04294747859239578 0.10187437385320668
v -0.019367160275578502 -0.042562343180179596 0.1035949140787125
v -0.01999801024794579 -0.04294747859239578 0.10187437385320668
v -0.017068702727556232 -0.042642418295145035 0.1051406562328339
v -0.017068702727556232 -0.042642418295145035 0.1051406562328339
v -0.018110143020749096 -0.041972242295742035 0.10596138983964924
v -0.019367160275578502 -0.042562343180179596 0.1035949140787125
v -0.020248292014002803 -0.04192734882235527 0.10417262464761738
v -0.02279555052518845 -0.04120961204171181 0.10255905985832219
v -0.021757593378424648 -0.04227923974394798 0.1019319742918015
v -0.019367160275578502 -0.042562343180179596 0.1035949140787125
v -0.020248292014002803 -0.04192734882235527 0.10417262464761738
v -0.021757593378424648 -0.04227923974394798 0.1019319742918015
v -0.020248292014002803 -0.04192734882235527 0.10417262464761738
v -0.019367160275578502 -0.042562343180179596 0.1035949140787125
v -0.018110143020749096 -0.041972242295742035 0.10596138983964924
v -0.021182097494602207 -0.038348834961652756 0.10658361762762074
v -0.019008057191967968 -0.0382382869720459 0.10853668302297596
v -0.020108416676521305 -0.03722566366195679 0.1078312993049622
v -0.021917089819908146 -0.03730984404683113 0.1060867086052895
v -0.021182097494602207 -0.038348834961652756 0.10658361762762074
v -0.020108416676521305 -0.03722566366195679 0.1078312993049622
v -0.021182097494602207 -0.038348834961652756 0.10658361762762074
v -0.021917089819908146 -0.03730984404683113 0.1060867086052895
v -0.023418748751282695 -0.03760916367173195 0.10438803583383564
v -0.02308989688754082 -0.038648512214422226 0.10444790869951252
v -0.023418748751282695 -0.03760916367173195 0.10438803583383564
v -0.024970507249236114 -0.03849118575453758 0.10206627100706105
v -0.02308989688754082 -0.038648512214422226 0.10444790869951252
v -0.021182097494602207 -0.038348834961652756 0.10658361762762074
v -0.023418748751282695 -0.03760916367173195 0.10438803583383564
v -0.029131531715393073 -0.026377907022833824 0.09870396554470066
v -0.029850265011191375 -0.02676999382674694 0.09705549478530888
v -0.027738209813833244 -0.03754917159676552 0.09749324619770054
v -0.027738209813833244 -0.03754917159676552 0.09749324619770054
v -0.02677662298083306 -0.037474170327186584 0.09945936501026158
v -0.029131531715393073 -0.026377907022833824 0.09870396554470066
v -0.02677662298083306 -0.037474170327186584 0.09945936501026158
v -0.027738209813833244 -0.03754917159676552 0.09749324619770054
v -0.02653929218649865 -0.038581475615501404 0.09950785338878636
v -0.026102410629391677 -0.03975847736001015 0.0994244292378426
v -0.024970507249236114 -0.03849118575453758 0.10206627100706105
v -0.02653929218649865 -0.038581475615501404 0.09950785338878636
v -0.026755509898066528 -0.04018106311559677 0.09779495000839238
v -0.026102410629391677 -0.03975847736001015 0.0994244292378426
v -0.02653929218649865 -0.038581475615501404 0.09950785338878636
v -0.0257298443466425 -0.041523661464452744 0.09768877923488621
v -0.026811702176928527 -0.04169166088104248 0.09507408738136296
v -0.024783797562122352 -0.04243288189172745 0.09733118116855626
v -0.0257298443466425 -0.041523661464452744 0.09768877923488621
v -0.027625441551208503 -0.04061167687177658 0.09520711749792103
v -0.026811702176928527 -0.04169166088104248 0.09507408738136296
v -0.0257298443466425 -0.041523661464452744 0.09768877923488621
v -0.026755509898066528 -0.04018106311559677 0.09779495000839238
v -0.027625441551208503 -0.04061167687177658 0.09520711749792103
v -0.014008211903274063 -0.038114119321107864 0.11181908845901495
v -0.016602428629994396 -0.038164008408784866 0.11029434204101568
v -0.016100896522402767 -0.03923454135656357 0.11017104983329779
v -0.01471334416419268 -0.03715215250849724 0.11161104589700704
v -0.016602428629994396 -0.038164008408784866 0.11029434204101568
v -0.014008211903274063 -0.038114119321107864 0.11181908845901495
v -0.012383034452795986 -0.037093400955200195 0.11278411000967031
v -0.01471334416419268 -0.03715215250849724 0.11161104589700704
v -0.014008211903274063 -0.038114119321107864 0.11181908845901495
v -0.014008211903274063 -0.038114119321107864 0.11181908845901495
v -0.011226541362702848 -0.03806023672223091 0.11310157179832464
v -0.012383034452795986 -0.037093400955200195 0.11278411000967031
v -0.013223108835518364 -0.04215628653764725 0.1086090281605721
v -0.013695552013814453 -0.042656075209379196 0.10702482610940937
v -0.010119920596480371 -0.04249463602900505 0.10895503312349324
v -0.013695552013814453 -0.042656075209379196 0.10702482610940937
v -0.017068702727556232 -0.042642418295145035 0.1051406562328339
v -0.016972441226243976 -0.04307686910033226 0.10342390835285191
v -0.013695552013814453 -0.042656075209379196 0.10702482610940937
v -0.010192718356847765 -0.04272298514842987 0.10765780508518223
v -0.010119920596480371 -0.04249463602900505 0.10895503312349324
v -0.013695552013814453 -0.042656075209379196 0.10702482610940937
v -0.016972441226243976 -0.04307686910033226 0.10342390835285191
v -0.010192718356847765 -0.04272298514842987 0.10765780508518223
v -0.015544888563454155 -0.04229162260890007 0.10704812407493595
v -0.018110143020749096 -0.041972242295742035 0.10596138983964924
v -0.017068702727556232 -0.042642418295145035 0.1051406562328339
v -0.013695552013814453 -0.042656075209379196 0.10702482610940937
v -0.015544888563454155 -0.04229162260890007 0.10704812407493595
v -0.017068702727556232 -0.042642418295145035 0.1051406562328339
v -0.015544888563454155 -0.04229162260890007 0.10704812407493595
v -0.013695552013814453 -0.042656075209379196 0.10702482610940937
v -0.013223108835518364 -0.04215628653764725 0.1086090281605721
v -0.015544888563454155 -0.04229162260890007 0.10704812407493595
v -0.016157478094100956 -0.04165427014231682 0.10785628855228428
v -0.018110143020749096 -0.041972242295742035 0.10596138983964924
v 0.011122263036668302 -0.022417286410927773 0.11521700769662863
v 0.013283989392220977 -0.02262536808848381 0.11432437598705297
v 0.012163030914962295 -0.019997991621494293 0.11487999558448797
v 0.011122263036668302 -0.022417286410927773 0.11521700769662863
v 0.012163030914962295 -0.019997991621494293 0.11487999558448797
v 0.008923928253352644 -0.019717318937182426 0.11599608510732656
v 0.011122263036668302 -0.022417286410927773 0.11521700769662863
v 0.008923928253352644 -0.019717318937182426 0.11599608510732656
v 0.009035746566951277 -0.02225424349308014 0.11589311063289648
v 0.009035746566951277 -0.02225424349308014 0.11589311063289648
v 0.010580575093626978 -0.03718957304954529 0.11351422220468527
v 0.011122263036668302 -0.022417286410927773 0.11521700769662863
v 0.010580575093626978 -0.03718957304954529 0.11351422220468527
v 0.013283989392220977 -0.02262536808848381 0.11432437598705297
v 0.011122263036668302 -0.022417286410927773 0.11521700769662863
v 0.01405166927725077 -0.03709928318858147 0.11198157072067266
v 0.010580575093626978 -0.03718957304954529 0.11351422220468527
v 0.01359860319644213 -0.03811679407954216 0.11202553659677511
v 0.01405166927725077 -0.03709928318858147 0.11198157072067266
v 0.013283989392220977 -0.02262536808848381 0.11432437598705297
v 0.010580575093626978 -0.03718957304954529 0.11351422220468527
v 0.01405166927725077 -0.03709928318858147 0.11198157072067266
v 0.01359860319644213 -0.03811679407954216 0.11202553659677511
v 0.01568195223808289 -0.03815815970301628 0.11086016893386846
v 0.014959703199565414 -0.022826042026281357 0.1135051921010018
v 0.014696474187076095 -0.020242225378751755 0.11371309310197836
v 0.013283989392220977 -0.02262536808848381 0.11432437598705297
v 0.01405166927725077 -0.03709928318858147 0.11198157072067266
v 0.014959703199565414 -0.022826042026281357 0.1135051921010018
v 0.013283989392220977 -0.02262536808848381 0.11432437598705297
v 0.025822352617979057 -0.037356119602918625 0.10110928118228917
v 0.02580302022397519 -0.03850546479225159 0.10079210996627812
v 0.028778828680515296 -0.02623038925230503 0.09943255782127385
v 0.02769815735518933 -0.02573528327047825 0.10140654444694523
v 0.025822352617979057 -0.037356119602918625 0.10110928118228917
v 0.028778828680515296 -0.02623038925230503 0.09943255782127385
v 0.024371385574340827 -0.03767004236578941 0.10316876322031025
v 0.02580302022397519 -0.03850546479225159 0.10079210996627812
v 0.025822352617979057 -0.037356119602918625 0.10110928118228917
v 0.02679682523012162 -0.025395037606358528 0.10284132510423664
v 0.024371385574340827 -0.03767004236578941 0.10316876322031025
v 0.025822352617979057 -0.037356119602918625 0.10110928118228917
v 0.025822352617979057 -0.037356119602918625 0.10110928118228917
v 0.02769815735518933 -0.02573528327047825 0.10140654444694523
v 0.02679682523012162 -0.025395037606358528 0.10284132510423664
v 0.027252715080976493 -0.03863455727696419 0.09811647981405262
v 0.027416834607720382 -0.03748625889420509 0.09821522980928425
v 0.02580302022397519 -0.03850546479225159 0.10079210996627812
v 0.027252715080976493 -0.03863455727696419 0.09811647981405262
v 0.028138525784015662 -0.03870583325624466 0.0960643440485001
v 0.027416834607720382 -0.03748625889420509 0.09821522980928425
v 0.027252715080976493 -0.03863455727696419 0.09811647981405262
v 0.02580302022397519 -0.03850546479225159 0.10079210996627812
v 0.026139128953218467 -0.039819031953811646 0.09931015223264698
v 0.02863780595362187 -0.03761295974254608 0.09530177712440495
v 0.028138525784015662 -0.03870583325624466 0.0960643440485001
v 0.02888011001050473 -0.038845330476760864 0.0939203649759293
v 0.030958589166402824 -0.02758377604186535 0.09376720339059834
v 0.02863780595362187 -0.03761295974254608 0.09530177712440495
v 0.02888011001050473 -0.038845330476760864 0.0939203649759293
v 0.03137193992733956 -0.027950994670391083 0.0921568796038628
v 0.02888011001050473 -0.038845330476760864 0.0939203649759293
v 0.029355170205235488 -0.0376710370182991 0.09298815578222279
v 0.02888011001050473 -0.038845330476760864 0.0939203649759293
v 0.03137193992733956 -0.027950994670391083 0.0921568796038628
v 0.030958589166402824 -0.02758377604186535 0.09376720339059834
v 0.02888011001050473 -0.038845330476760864 0.0939203649759293
v 0.028708808124065406 -0.03998897224664688 0.09311687946319584
v 0.029416531324386604 -0.0395590104162693 0.09103771299123768
v 0.02888011001050473 -0.038845330476760864 0.0939203649759293
v 0.029814962297678 -0.03805690258741379 0.09098358452320103
v 0.029355170205235488 -0.0376710370182991 0.09298815578222279
v 0.029416531324386604 -0.0395590104162693 0.09103771299123768
v 0.029814962297678 -0.03805690258741379 0.09098358452320103
v 0.02888011001050473 -0.038845330476760864 0.0939203649759293
v -0.0062967543490231054 0.030880609527230263 0.04994190111756327
v -0.0076882941648364084 0.029991092160344124 0.049941428005695364
v -0.011380494572222235 0.02879142574965954 0.049941428005695364
v -0.010058709420263769 0.02987607941031456 0.049942344427108785
v -0.0062967543490231054 0.030880609527230263 0.04994190111756327
v -0.011380494572222235 0.02879142574965954 0.049941428005695364
v -0.011380494572222235 0.02879142574965954 0.049941428005695364
v -0.01566249877214432 0.027298344299197197 0.049941428005695364
v -0.010058709420263769 0.02987607941031456 0.049942344427108785
v -0.011380494572222235 0.02879142574965954 0.049941428005695364
v -0.00977576430886984 -0.029846929013729095 0.04994080588221552
v -0.01566249877214432 0.027298344299197197 0.049941428005695364
v -0.011380494572222235 0.02879142574965954 0.049941428005695364
v -0.0076882941648364084 0.029991092160344124 0.049941428005695364
v -0.00977576430886984 -0.029846929013729095 0.04994080588221552
v -0.0034158905036747464 0.03134734928607941 0.04994156211614611
v 0.0018362510018050675 0.031488608568906784 0.04994150251150133
v -0.0038748523220419892 0.030718548223376274 0.04994143173098566
v -0.0038748523220419892 0.030718548223376274 0.04994143173098566
v -0.0076882941648364084 0.029991092160344124 0.049941428005695364
v -0.0034158905036747464 0.03134734928607941 0.04994156211614611
v -0.0076882941648364084 0.029991092160344124 0.049941428005695364
v -0.0038748523220419892 0.030718548223376274 0.04994143173098566
v -0.00977576430886984 -0.029846929013729095 0.04994080588221552
v -0.024819448590278632 0.01936427131295204 0.049941524863243124
v -0.02691864967346192 0.01633545383810997 0.04994148761034014
v -0.015449722297489647 0.05013030767440796 0.057492192834615735
v -0.024819448590278632 0.01936427131295204 0.049941524863243124
v -0.015449722297489647 0.05013030767440796 0.057492192834615735
v -0.012344826012849811 0.05005339905619621 0.05596541240811351
v -0.02188566699624062 0.022625068202614784 0.049941521137952825
v -0.024819448590278632 0.01936427131295204 0.049941524863243124
v -0.012344826012849811 0.05005339905619621 0.05596541240811351
v -0.030853247269988067 0.001989441690966487 0.04994142055511477
v -0.03036667592823506 0.005841029807925224 0.04994142055511477
v -0.00977576430886984 -0.029846929013729095 0.04994080588221552
v -0.029071846976876266 0.012202093377709389 0.049941450357437155
v -0.02691864967346192 0.01633545383810997 0.04994148761034014
v -0.02610181830823422 0.016612866893410683 0.049941424280405065
v -0.023990957066416747 0.050101712346076965 0.06455074250698092
v -0.021335517987608913 0.05010208487510681 0.06175521388649943
v -0.029071846976876266 0.012202093377709389 0.049941450357437155
v -0.021335517987608913 0.05010208487510681 0.06175521388649943
v -0.02691864967346192 0.01633545383810997 0.04994148761034014
v -0.029071846976876266 0.012202093377709389 0.049941450357437155
v -0.02614783868193627 0.05014267936348915 0.06738387793302539
v -0.023990957066416747 0.050101712346076965 0.06455074250698092
v -0.029071846976876266 0.012202093377709389 0.049941450357437155
v -0.029071846976876266 0.012202093377709389 0.049941450357437155
v -0.028067067265510566 0.05006949231028557 0.07065584510564807
v -0.02614783868193627 0.05014267936348915 0.06738387793302539
v -0.029071846976876266 0.012202093377709389 0.049941450357437155
v -0.030430285260081298 0.00818114448338747 0.04994153976440432
v -0.028067067265510566 0.05006949231028557 0.07065584510564807
v -0.006252027582377197 0.05013881251215935 0.054077286273241064
v -0.01566249877214432 0.027298344299197197 0.049941428005695364
v -0.01863837987184525 0.0253488477319479 0.049941424280405065
v -0.01863837987184525 0.0253488477319479 0.049941424280405065
v -0.02188566699624062 0.022625068202614784 0.049941521137952825
v -0.006252027582377197 0.05013881251215935 0.054077286273241064
v -0.01863837987184525 0.0253488477319479 0.049941424280405065
v -0.01566249877214432 0.027298344299197197 0.049941428005695364
v -0.00977576430886984 -0.029846929013729095 0.04994080588221552
v 0.02748298458755017 -0.04119328409433365 0.09446965157985691
v 0.02738321758806706 -0.04211586341261864 0.09228710085153584
v 0.02807950973510743 -0.04129854589700699 0.09248953312635426
v 0.02738321758806706 -0.04211586341261864 0.09228710085153584
v 0.028646981343626983 -0.04148092865943909 0.0895699188113213
v 0.02807950973510743 -0.04129854589700699 0.09248953312635426
v 0.02807950973510743 -0.04129854589700699 0.09248953312635426
v 0.028708808124065406 -0.03998897224664688 0.09311687946319584
v 0.02748298458755017 -0.04119328409433365 0.09446965157985691
v 0.028708808124065406 -0.03998897224664688 0.09311687946319584
v 0.02807950973510743 -0.04129854589700699 0.09248953312635426
v 0.029233612120151527 -0.04055974259972572 0.08958435058593754
v 0.02807950973510743 -0.04129854589700699 0.09248953312635426
v 0.028646981343626983 -0.04148092865943909 0.0895699188113213
v 0.029233612120151527 -0.04055974259972572 0.08958435058593754
v 0.02888011001050473 -0.038845330476760864 0.0939203649759293
v 0.02761038392782212 -0.04003161936998367 0.09612064063549046
v 0.028708808124065406 -0.03998897224664688 0.09311687946319584
v 0.02761038392782212 -0.04003161936998367 0.09612064063549046
v 0.02888011001050473 -0.038845330476760864 0.0939203649759293
v 0.028138525784015662 -0.03870583325624466 0.0960643440485001
v 0.02748298458755017 -0.04119328409433365 0.09446965157985691
v 0.028708808124065406 -0.03998897224664688 0.09311687946319584
v 0.02761038392782212 -0.04003161936998367 0.09612064063549046
v 0.02761038392782212 -0.04003161936998367 0.09612064063549046
v 0.026784380897879607 -0.04106166586279869 0.09642050415277485
v 0.02748298458755017 -0.04119328409433365 0.09446965157985691
v 0.026139128953218467 -0.039819031953811646 0.09931015223264698
v 0.026784380897879607 -0.04106166586279869 0.09642050415277485
v 0.02761038392782212 -0.04003161936998367 0.09612064063549046
v 0.02761038392782212 -0.04003161936998367 0.09612064063549046
v 0.027252715080976493 -0.03863455727696419 0.09811647981405262
v 0.026139128953218467 -0.039819031953811646 0.09931015223264698
v 0.028138525784015662 -0.03870583325624466 0.0960643440485001
v 0.027252715080976493 -0.03863455727696419 0.09811647981405262
v 0.02761038392782212 -0.04003161936998367 0.09612064063549046
v 0.02529800310730935 -0.04299480840563774 0.09455147385597233
v 0.026584928855299957 -0.042813755571842194 0.09213002771139149
v 0.02637662738561631 -0.0421636663377285 0.09489399194717411
v 0.02637662738561631 -0.0421636663377285 0.09489399194717411
v 0.025112988427281387 -0.04220806062221527 0.09735970944166188
v 0.02529800310730935 -0.04299480840563774 0.09455147385597233
v 0.02529800310730935 -0.04299480840563774 0.09455147385597233
v 0.025112988427281387 -0.04220806062221527 0.09735970944166188
v 0.02359606698155404 -0.043058983981609344 0.09731406718492512
v 0.026584928855299957 -0.042813755571842194 0.09213002771139149
v 0.02529800310730935 -0.04299480840563774 0.09455147385597233
v 0.025403678417205817 -0.04353265464305878 0.0917923748493195
v 0.02529800310730935 -0.04299480840563774 0.09455147385597233
v 0.02359606698155404 -0.043058983981609344 0.09731406718492512
v 0.0242508351802826 -0.04361273720860481 0.09373801201581959
v 0.02529800310730935 -0.04299480840563774 0.09455147385597233
v 0.0242508351802826 -0.04361273720860481 0.09373801201581959
v 0.025403678417205817 -0.04353265464305878 0.0917923748493195
v 0.023362489417195324 -0.024326538667082787 0.10716719925403599
v 0.022170336917042736 -0.024074558168649673 0.1083454936742783
v 0.020182434469461445 -0.037228550761938095 0.10776650905609135
v 0.020182434469461445 -0.037228550761938095 0.10776650905609135
v 0.02107067778706551 -0.038274943828582764 0.1067251563072205
v 0.023362489417195324 -0.024326538667082787 0.10716719925403599
v 0.020182434469461445 -0.037228550761938095 0.10776650905609135
v 0.018723081797361377 -0.03823813050985336 0.10875680297613148
v 0.02107067778706551 -0.038274943828582764 0.1067251563072205
v 0.020920211449265484 -0.023798217996954918 0.10947235673666006
v 0.018723081797361377 -0.03823813050985336 0.10875680297613148
v 0.020182434469461445 -0.037228550761938095 0.10776650905609135
v 0.020182434469461445 -0.037228550761938095 0.10776650905609135
v 0.022170336917042736 -0.024074558168649673 0.1083454936742783
v 0.020920211449265484 -0.023798217996954918 0.10947235673666006
v 0.01832966506481171 -0.042030371725559235 0.10569004714488987
v 0.017266185954213146 -0.04267900809645653 0.10489092022180561
v 0.02012824080884457 -0.04281846806406975 0.10222023725509648
v 0.017266185954213146 -0.04267900809645653 0.10489092022180561
v 0.013813481666147712 -0.04247715696692467 0.10754512250423436
v 0.014902835711836818 -0.04279483109712601 0.10585383325815205
v 0.014902835711836818 -0.04279483109712601 0.10585383325815205
v 0.01860863715410233 -0.043214548379182816 0.10173113644123082
v 0.017266185954213146 -0.04267900809645653 0.10489092022180561
v 0.017266185954213146 -0.04267900809645653 0.10489092022180561
v 0.01860863715410233 -0.043214548379182816 0.10173113644123082
v 0.02012824080884457 -0.04281846806406975 0.10222023725509648
v 0.02580302022397519 -0.03850546479225159 0.10079210996627812
v 0.02435299567878247 -0.03969193994998932 0.10220995545387272
v 0.026139128953218467 -0.039819031953811646 0.09931015223264698
v 0.02435299567878247 -0.03969193994998932 0.10220995545387272
v 0.02580302022397519 -0.03850546479225159 0.10079210996627812
v 0.023927094414830215 -0.03907207027077675 0.10318627953529362
v 0.02435299567878247 -0.03969193994998932 0.10220995545387272
v 0.024053506553173072 -0.04074551910161972 0.10153616964817051
v 0.026139128953218467 -0.039819031953811646 0.09931015223264698
v 0.02222431264817715 -0.04063204303383827 0.10394003242254261
v 0.024053506553173072 -0.04074551910161972 0.10153616964817051
v 0.02435299567878247 -0.03969193994998932 0.10220995545387272
v 0.022668253630399707 -0.03837444260716438 0.1050176396965981
v 0.023927094414830215 -0.03907207027077675 0.10318627953529362
v 0.023376297205686573 -0.03767099604010582 0.10442002117633824
v 0.021953329443931583 -0.03727821633219719 0.1060506328940392
v 0.022668253630399707 -0.03837444260716438 0.1050176396965981
v 0.023376297205686573 -0.03767099604010582 0.10442002117633824
v 0.02107067778706551 -0.038274943828582764 0.1067251563072205
v 0.022668253630399707 -0.03837444260716438 0.1050176396965981
v 0.021953329443931583 -0.03727821633219719 0.1060506328940392
v 0.00546221947297454 -0.04513547942042351 0.059213120490312604
v 0.002485885284841061 -0.045655716210603714 0.0596764646470547
v 0.0023796176537871365 -0.044894129037857056 0.05836474522948268
v 0.00546221947297454 -0.04513547942042351 0.059213120490312604
v 0.0023796176537871365 -0.044894129037857056 0.05836474522948268
v 0.004601349588483573 -0.04427873343229294 0.057899843901395825
v 0.00546221947297454 -0.04513547942042351 0.059213120490312604
v 0.004601349588483573 -0.04427873343229294 0.057899843901395825
v 0.007196179591119291 -0.04424728453159332 0.0584526099264622
v 0.007196179591119291 -0.04424728453159332 0.0584526099264622
v 0.007939083501696588 -0.045094214379787445 0.05983528494834903
v 0.00546221947297454 -0.04513547942042351 0.059213120490312604
v -0.027577983215451247 -0.043099112808704376 0.08137295395135884
v -0.02837255224585534 -0.04226596653461456 0.08111189305782322
v -0.027018167078495033 -0.04327874630689621 0.07869387418031697
v -0.02933149971067906 -0.04119502007961273 0.0837931260466576
v -0.02837255224585534 -0.04226596653461456 0.08111189305782322
v -0.028666011989116676 -0.04209892079234123 0.08392509818077092
v -0.028678491711616523 -0.04192917421460152 0.08675410598516468
v -0.028666011989116676 -0.04209892079234123 0.08392509818077092
v -0.02787273935973645 -0.04291517287492752 0.08410211652517323
v -0.028666011989116676 -0.04209892079234123 0.08392509818077092
v -0.027577983215451247 -0.043099112808704376 0.08137295395135884
v -0.02787273935973645 -0.04291517287492752 0.08410211652517323
v -0.02837255224585534 -0.04226596653461456 0.08111189305782322
v -0.027577983215451247 -0.043099112808704376 0.08137295395135884
v -0.028666011989116676 -0.04209892079234123 0.08392509818077092
v -0.028666011989116676 -0.04209892079234123 0.08392509818077092
v -0.02934019640088082 -0.04103895276784897 0.08665771037340168
v -0.02933149971067906 -0.04119502007961273 0.0837931260466576
v -0.028666011989116676 -0.04209892079234123 0.08392509818077092
v -0.028678491711616523 -0.04192917421460152 0.08675410598516468
v -0.02934019640088082 -0.04103895276784897 0.08665771037340168
v -0.029052395373582847 -0.04132824018597603 0.080928847193718
v -0.02837255224585534 -0.04226596653461456 0.08111189305782322
v -0.02933149971067906 -0.04119502007961273 0.0837931260466576
v -0.02529494464397431 -0.04434005916118622 0.08506020158529286
v -0.024444758892059333 -0.04429629072546959 0.08833035081624989
v -0.025238037109375007 -0.04397011175751686 0.08929638564586644
v -0.02529494464397431 -0.04434005916118622 0.08506020158529286
v -0.025922872126102454 -0.04417410492897034 0.08367452025413517
v -0.024714261293411262 -0.044686656445264816 0.08094859123229985
v -0.025238037109375007 -0.04397011175751686 0.08929638564586644
v -0.02668383531272412 -0.04357769340276718 0.08694522827863697
v -0.02529494464397431 -0.04434005916118622 0.08506020158529286
v -0.02529494464397431 -0.04434005916118622 0.08506020158529286
v -0.02668383531272412 -0.04357769340276718 0.08694522827863697
v -0.025922872126102454 -0.04417410492897034 0.08367452025413517
v -0.024444758892059333 -0.04429629072546959 0.08833035081624989
v -0.02529494464397431 -0.04434005916118622 0.08506020158529286
v -0.02346018515527249 -0.044882792979478836 0.08274167031049733
v -0.02529494464397431 -0.04434005916118622 0.08506020158529286
v -0.024714261293411262 -0.044686656445264816 0.08094859123229985
v -0.02346018515527249 -0.044882792979478836 0.08274167031049733
v -0.02603405714035035 -0.044104233384132385 0.08027452230453495
v -0.02472961880266667 -0.04462370648980141 0.07825788855552678
v -0.024714261293411262 -0.044686656445264816 0.08094859123229985
v -0.024714261293411262 -0.044686656445264816 0.08094859123229985
v -0.025922872126102454 -0.04417410492897034 0.08367452025413517
v -0.02603405714035035 -0.044104233384132385 0.08027452230453495
v -0.02603405714035035 -0.044104233384132385 0.08027452230453495
v -0.025676859542727477 -0.04408353567123413 0.07767613232135775
v -0.02472961880266667 -0.04462370648980141 0.07825788855552678
v -0.02603405714035035 -0.044104233384132385 0.08027452230453495
v -0.027018167078495033 -0.04327874630689621 0.07869387418031697
v -0.025676859542727477 -0.04408353567123413 0.07767613232135775
v -0.02603405714035035 -0.044104233384132385 0.08027452230453495
v -0.027577983215451247 -0.043099112808704376 0.08137295395135884
v -0.027018167078495033 -0.04327874630689621 0.07869387418031697
v -0.02645691484212876 -0.04338656738400459 0.08953245729207997
v -0.025238037109375007 -0.04397011175751686 0.08929638564586644
v -0.025971990078687675 -0.0431867279112339 0.09215327352285389
v -0.02645691484212876 -0.04338656738400459 0.08953245729207997
v -0.02668383531272412 -0.04357769340276718 0.08694522827863697
v -0.025238037109375007 -0.04397011175751686 0.08929638564586644
v -0.02684751711785794 -0.04258871451020241 0.09222523123025898
v -0.02645691484212876 -0.04338656738400459 0.08953245729207997
v -0.025971990078687675 -0.0431867279112339 0.09215327352285389
v -0.025922872126102454 -0.04417410492897034 0.08367452025413517
v -0.02668383531272412 -0.04357769340276718 0.08694522827863697
v -0.026878725737333305 -0.043662820011377335 0.08364472538232808
v -0.026878725737333305 -0.043662820011377335 0.08364472538232808
v -0.02603405714035035 -0.044104233384132385 0.08027452230453495
v -0.025922872126102454 -0.04417410492897034 0.08367452025413517
v -0.026878725737333305 -0.043662820011377335 0.08364472538232808
v -0.02787273935973645 -0.04291517287492752 0.08410211652517323
v -0.027577983215451247 -0.043099112808704376 0.08137295395135884
v -0.02603405714035035 -0.044104233384132385 0.08027452230453495
v -0.026878725737333305 -0.043662820011377335 0.08364472538232808
v -0.027577983215451247 -0.043099112808704376 0.08137295395135884
v -0.0298482682555914 -0.040170978754758835 0.08368927985429768
v -0.02933149971067906 -0.04119502007961273 0.0837931260466576
v -0.02986427769064904 -0.04007449001073837 0.08589670062065129
v -0.03009471110999585 -0.03918914869427681 0.08207594603300099
v -0.02966458164155484 -0.03994930163025856 0.08044654875993733
v -0.0298482682555914 -0.040170978754758835 0.08368927985429768
v -0.0298482682555914 -0.040170978754758835 0.08368927985429768
v -0.030226210132241256 -0.03910999372601509 0.08529887348413472
v -0.03009471110999585 -0.03918914869427681 0.08207594603300099
v -0.0298482682555914 -0.040170978754758835 0.08368927985429768
v -0.02986427769064904 -0.04007449001073837 0.08589670062065129
v -0.030226210132241256 -0.03910999372601509 0.08529887348413472
v -0.0298482682555914 -0.040170978754758835 0.08368927985429768
v -0.029052395373582847 -0.04132824018597603 0.080928847193718
v -0.02933149971067906 -0.04119502007961273 0.0837931260466576
v -0.02966458164155484 -0.03994930163025856 0.08044654875993733
v -0.029052395373582847 -0.04132824018597603 0.080928847193718
v -0.0298482682555914 -0.040170978754758835 0.08368927985429768
v -0.025136165320873267 -0.04362088069319725 0.07359427213668826
v -0.023895388469100005 -0.043554626405239105 0.07079765945672992
v -0.023327069357037548 -0.044077660888433456 0.07108783721923831
v -0.025136165320873267 -0.04362088069319725 0.07359427213668826
v -0.025888044387102134 -0.0427335761487484 0.07308403402566913
v -0.023895388469100005 -0.043554626405239105 0.07079765945672992
v -0.02325323969125748 -0.044648315757513046 0.07301669567823413
v -0.025136165320873267 -0.04362088069319725 0.07359427213668826
v -0.023327069357037548 -0.044077660888433456 0.07108783721923831
v -0.025136165320873267 -0.04362088069319725 0.07359427213668826
v -0.02325323969125748 -0.044648315757513046 0.07301669567823413
v -0.024476367980241782 -0.04444862902164459 0.07539223879575732
v -0.013847147114574913 -0.041541822254657745 0.10937671363353735
v -0.01072192005813122 -0.041995372623205185 0.11005956679582601
v -0.010616713203489782 -0.0413823127746582 0.11107020825147634
v -0.01072192005813122 -0.041995372623205185 0.11005956679582601
v -0.013847147114574913 -0.041541822254657745 0.10937671363353735
v -0.013223108835518364 -0.04215628653764725 0.1086090281605721
v -0.01447001658380032 -0.04045863822102547 0.11029560118913656
v -0.016157478094100956 -0.04165427014231682 0.10785628855228428
v -0.013847147114574913 -0.041541822254657745 0.10937671363353735
v -0.013847147114574913 -0.041541822254657745 0.10937671363353735
v -0.015544888563454155 -0.04229162260890007 0.10704812407493595
v -0.013223108835518364 -0.04215628653764725 0.1086090281605721
v -0.016157478094100956 -0.04165427014231682 0.10785628855228428
v -0.015544888563454155 -0.04229162260890007 0.10704812407493595
v -0.013847147114574913 -0.041541822254657745 0.10937671363353735
v -0.013847147114574913 -0.041541822254657745 0.10937671363353735
v -0.011840733699500564 -0.04066082090139389 0.11137080937623983
v -0.01447001658380032 -0.04045863822102547 0.11029560118913656
v -0.010616713203489782 -0.0413823127746582 0.11107020825147634
v -0.011840733699500564 -0.04066082090139389 0.11137080937623983
v -0.013847147114574913 -0.041541822254657745 0.10937671363353735
v -0.01688962429761887 -0.04055562615394592 0.1087204292416573
v -0.016157478094100956 -0.04165427014231682 0.10785628855228428
v -0.01447001658380032 -0.04045863822102547 0.11029560118913656
v -0.016100896522402767 -0.03923454135656357 0.11017104983329779
v -0.01688962429761887 -0.04055562615394592 0.1087204292416573
v -0.01447001658380032 -0.04045863822102547 0.11029560118913656
v -0.020248292014002803 -0.04192734882235527 0.10417262464761738
v -0.02097728475928307 -0.04106728360056877 0.10475423187017445
v -0.02279555052518845 -0.04120961204171181 0.10255905985832219
v -0.02074733749032021 -0.03941541537642479 0.10647758841514592
v -0.02308989688754082 -0.038648512214422226 0.10444790869951252
v -0.02265044860541821 -0.039547886699438095 0.10441847890615467
v -0.02074733749032021 -0.03941541537642479 0.10647758841514592
v -0.021182097494602207 -0.038348834961652756 0.10658361762762074
v -0.02308989688754082 -0.038648512214422226 0.10444790869951252
v -0.021182097494602207 -0.038348834961652756 0.10658361762762074
v -0.02074733749032021 -0.03941541537642479 0.10647758841514592
v -0.019008057191967968 -0.0382382869720459 0.10853668302297596
v -0.02783446945250035 -0.03864932060241699 0.09684929996728901
v -0.029850265011191375 -0.02676999382674694 0.09705549478530888
v -0.03046523220837117 -0.027175117284059525 0.0953883454203606
v -0.02783446945250035 -0.03864932060241699 0.09684929996728901
v -0.027738209813833244 -0.03754917159676552 0.09749324619770054
v -0.029850265011191375 -0.02676999382674694 0.09705549478530888
v -0.03046523220837117 -0.027175117284059525 0.0953883454203606
v -0.02867619693279267 -0.03755424916744232 0.09521357715129856
v -0.02783446945250035 -0.03864932060241699 0.09684929996728901
v -0.02783446945250035 -0.03864932060241699 0.09684929996728901
v -0.02867619693279267 -0.03755424916744232 0.09521357715129856
v -0.028878685086965568 -0.03874696418642998 0.0940056294202805
v -0.02783446945250035 -0.03864932060241699 0.09684929996728901
v -0.028878685086965568 -0.03874696418642998 0.0940056294202805
v -0.02808200381696225 -0.039663445204496384 0.09533838927745823
v -0.027738209813833244 -0.03754917159676552 0.09749324619770054
v -0.02783446945250035 -0.03864932060241699 0.09684929996728901
v -0.02653929218649865 -0.038581475615501404 0.09950785338878636
v -0.026755509898066528 -0.04018106311559677 0.09779495000839238
v -0.02783446945250035 -0.03864932060241699 0.09684929996728901
v -0.02808200381696225 -0.039663445204496384 0.09533838927745823
v -0.02783446945250035 -0.03864932060241699 0.09684929996728901
v -0.026755509898066528 -0.04018106311559677 0.09779495000839238
v -0.02653929218649865 -0.038581475615501404 0.09950785338878636
v -0.026102410629391677 -0.03975847736001015 0.0994244292378426
v -0.024539623409509666 -0.039657533168792725 0.10195186734199528
v -0.024970507249236114 -0.03849118575453758 0.10206627100706105
v -0.024539623409509666 -0.039657533168792725 0.10195186734199528
v -0.02308989688754082 -0.038648512214422226 0.10444790869951252
v -0.024970507249236114 -0.03849118575453758 0.10206627100706105
v -0.02265044860541821 -0.039547886699438095 0.10441847890615467
v -0.02308989688754082 -0.038648512214422226 0.10444790869951252
v -0.024539623409509666 -0.039657533168792725 0.10195186734199528
v -0.02438484504818917 -0.0413622111082077 0.10019552707672123
v -0.02350537851452828 -0.04225406423211098 0.09975558519363407
v -0.02279555052518845 -0.04120961204171181 0.10255905985832219
v -0.02350537851452828 -0.04225406423211098 0.09975558519363407
v -0.02438484504818917 -0.0413622111082077 0.10019552707672123
v -0.024783797562122352 -0.04243288189172745 0.09733118116855626
v -0.02438484504818917 -0.0413622111082077 0.10019552707672123
v -0.0257298443466425 -0.041523661464452744 0.09768877923488621
v -0.024783797562122352 -0.04243288189172745 0.09733118116855626
v -0.01352303940802813 -0.03916220739483833 0.11165536195039755
v -0.014008211903274063 -0.038114119321107864 0.11181908845901495
v -0.016100896522402767 -0.03923454135656357 0.11017104983329779
v -0.011179208755493166 -0.04008154571056366 0.11215607821941381
v -0.010816795751452448 -0.039109211415052414 0.11286851763725286
v -0.01352303940802813 -0.03916220739483833 0.11165536195039755
v -0.01352303940802813 -0.03916220739483833 0.11165536195039755
v -0.010816795751452448 -0.039109211415052414 0.11286851763725286
v -0.011226541362702848 -0.03806023672223091 0.11310157179832464
v -0.01352303940802813 -0.03916220739483833 0.11165536195039755
v -0.011226541362702848 -0.03806023672223091 0.11310157179832464
v -0.014008211903274063 -0.038114119321107864 0.11181908845901495
v -0.01447001658380032 -0.04045863822102547 0.11029560118913656
v -0.011179208755493166 -0.04008154571056366 0.11215607821941381
v -0.01352303940802813 -0.03916220739483833 0.11165536195039755
v -0.01352303940802813 -0.03916220739483833 0.11165536195039755
v -0.016100896522402767 -0.03923454135656357 0.11017104983329779
v -0.01447001658380032 -0.04045863822102547 0.11029560118913656
v 0.016504745930433277 -0.023032627999782562 0.11263963580131536
v 0.017705256119370464 -0.02073013409972191 0.11197339743375784
v 0.014696474187076095 -0.020242225378751755 0.11371309310197836
v 0.014959703199565414 -0.022826042026281357 0.1135051921010018
v 0.016504745930433277 -0.023032627999782562 0.11263963580131536
v 0.014696474187076095 -0.020242225378751755 0.11371309310197836
v 0.016504745930433277 -0.023032627999782562 0.11263963580131536
v 0.018059903755784038 -0.02327398769557476 0.11165032535791403
v 0.017705256119370464 -0.02073013409972191 0.11197339743375784
v 0.016504745930433277 -0.023032627999782562 0.11263963580131536
v 0.014959703199565414 -0.022826042026281357 0.1135051921010018
v 0.01405166927725077 -0.03709928318858147 0.11198157072067266
v 0.016504745930433277 -0.023032627999782562 0.11263963580131536
v 0.01405166927725077 -0.03709928318858147 0.11198157072067266
v 0.01568195223808289 -0.03815815970301628 0.11086016893386846
v 0.01727116294205189 -0.03739351034164429 0.1100286021828652
v 0.016504745930433277 -0.023032627999782562 0.11263963580131536
v 0.01568195223808289 -0.03815815970301628 0.11086016893386846
v 0.018059903755784038 -0.02327398769557476 0.11165032535791403
v 0.016504745930433277 -0.023032627999782562 0.11263963580131536
v 0.01727116294205189 -0.03739351034164429 0.1100286021828652
v -3.060992526116025e-07 0.030962305143475533 0.04994143173098566
v 0.0018362510018050675 0.031488608568906784 0.04994150251150133
v 0.004221957176923753 0.03125069662928581 0.04994144290685656
v -3.060992526116025e-07 0.030962305143475533 0.04994143173098566
v -0.0038748523220419892 0.030718548223376274 0.04994143173098566
v 0.0018362510018050675 0.031488608568906784 0.04994150251150133
v 0.004221957176923753 0.03125069662928581 0.04994144290685656
v 0.0038742402102798232 0.030718551948666573 0.04994143173098566
v -3.060992526116025e-07 0.030962305143475533 0.04994143173098566
v -3.060992526116025e-07 0.030962305143475533 0.04994143173098566
v 0.0038742402102798232 0.030718551948666573 0.04994143173098566
v -0.00977576430886984 -0.029846929013729095 0.04994080588221552
v -0.0038748523220419892 0.030718548223376274 0.04994143173098566
v -3.060992526116025e-07 0.030962305143475533 0.04994143173098566
v -0.00977576430886984 -0.029846929013729095 0.04994080588221552
v -0.031515702605247504 -0.00022325861209537834 0.04994143918156626
v -0.030853247269988067 0.001989441690966487 0.04994142055511477
v -0.00977576430886984 -0.029846929013729095 0.04994080588221552
v -0.032214283943176276 -0.027154766023159027 0.08587308973073964
v -0.0314626768231392 0.05011064559221268 0.08335633575916294
v -0.031515702605247504 -0.00022325861209537834 0.04994143918156626
v -0.031515702605247504 -0.00022325861209537834 0.04994143918156626
v -0.03214101493358613 -0.027972351759672165 0.08282133191823964
v -0.032214283943176276 -0.027154766023159027 0.08587308973073964
v -0.03215194866061211 -0.029863908886909485 0.0840622335672379
v -0.03214101493358613 -0.027972351759672165 0.08282133191823964
v -0.031515702605247504 -0.00022325861209537834 0.04994143918156626
v -0.031515702605247504 -0.00022325861209537834 0.04994143918156626
v -0.03198118507862092 -0.030413631349802017 0.08175471425056462
v -0.03215194866061211 -0.029863908886909485 0.0840622335672379
v -0.031515702605247504 -0.00022325861209537834 0.04994143918156626
v -0.03127500787377358 -0.004039325285702944 0.04994143545627596
v -0.03198118507862092 -0.030413631349802017 0.08175471425056462
v -0.03036667592823506 0.005841029807925224 0.04994142055511477
v -0.029401220381259925 0.009601266123354435 0.04994142055511477
v -0.00977576430886984 -0.029846929013729095 0.04994080588221552
v -0.023819917812943465 0.01975363865494728 0.049941424280405065
v -0.02610181830823422 0.016612866893410683 0.049941424280405065
v -0.02691864967346192 0.01633545383810997 0.04994148761034014
v -0.02691864967346192 0.01633545383810997 0.04994148761034014
v -0.024819448590278632 0.01936427131295204 0.049941524863243124
v -0.023819917812943465 0.01975363865494728 0.049941424280405065
v -0.023819917812943465 0.01975363865494728 0.049941424280405065
v -0.00977576430886984 -0.029846929013729095 0.04994080588221552
v -0.02610181830823422 0.016612866893410683 0.049941424280405065
v -0.023819917812943465 0.01975363865494728 0.049941424280405065
v -0.01863837987184525 0.0253488477319479 0.049941424280405065
v -0.00977576430886984 -0.029846929013729095 0.04994080588221552
v -0.023819917812943465 0.01975363865494728 0.049941424280405065
v -0.024819448590278632 0.01936427131295204 0.049941524863243124
v -0.02188566699624062 0.022625068202614784 0.049941521137952825
v -0.02188566699624062 0.022625068202614784 0.049941521137952825
v -0.01863837987184525 0.0253488477319479 0.049941424280405065
v -0.023819917812943465 0.01975363865494728 0.049941424280405065
v 0.017266185954213146 -0.04267900809645653 0.10489092022180561
v 0.015638587996363643 -0.04229544475674629 0.10697611421346669
v 0.013813481666147712 -0.04247715696692467 0.10754512250423436
v 0.015638587996363643 -0.04229544475674629 0.10697611421346669
v 0.017266185954213146 -0.04267900809645653 0.10489092022180561
v 0.01832966506481171 -0.042030371725559235 0.10569004714488987
v 0.015638587996363643 -0.04229544475674629 0.10697611421346669
v 0.01832966506481171 -0.042030371725559235 0.10569004714488987
v 0.016160646453499797 -0.041654329746961594 0.10785200446844105
v 0.013813481666147712 -0.04247715696692467 0.10754512250423436
v 0.015638587996363643 -0.04229544475674629 0.10697611421346669
v 0.013634918257594112 -0.04172160476446152 0.10923521220684056
v 0.015638587996363643 -0.04229544475674629 0.10697611421346669
v 0.016160646453499797 -0.041654329746961594 0.10785200446844105
v 0.013634918257594112 -0.04172160476446152 0.10923521220684056
v 0.022668253630399707 -0.03837444260716438 0.1050176396965981
v 0.021907158195972446 -0.03949699550867081 0.10526804625988011
v 0.023927094414830215 -0.03907207027077675 0.10318627953529362
v 0.021907158195972446 -0.03949699550867081 0.10526804625988011
v 0.020441440865397457 -0.04024866223335266 0.1061264276504517
v 0.02222431264817715 -0.04063204303383827 0.10394003242254261
v 0.021907158195972446 -0.03949699550867081 0.10526804625988011
v 0.01977196149528027 -0.039367347955703735 0.10738619416952137
v 0.020441440865397457 -0.04024866223335266 0.1061264276504517
v 0.02435299567878247 -0.03969193994998932 0.10220995545387272
v 0.021907158195972446 -0.03949699550867081 0.10526804625988011
v 0.02222431264817715 -0.04063204303383827 0.10394003242254261
v 0.021907158195972446 -0.03949699550867081 0.10526804625988011
v 0.02435299567878247 -0.03969193994998932 0.10220995545387272
v 0.023927094414830215 -0.03907207027077675 0.10318627953529362
v 0.021907158195972446 -0.03949699550867081 0.10526804625988011
v 0.02107067778706551 -0.038274943828582764 0.1067251563072205
v 0.01977196149528027 -0.039367347955703735 0.10738619416952137
v 0.021907158195972446 -0.03949699550867081 0.10526804625988011
v 0.022668253630399707 -0.03837444260716438 0.1050176396965981
v 0.02107067778706551 -0.038274943828582764 0.1067251563072205
v 0.005709353368729354 -0.04613993689417839 0.06155392527580264
v 0.002485885284841061 -0.045655716210603714 0.0596764646470547
v 0.005988026969134809 -0.045797936618328094 0.06064677610993388
v 0.005988026969134809 -0.045797936618328094 0.06064677610993388
v 0.002485885284841061 -0.045655716210603714 0.0596764646470547
v 0.00546221947297454 -0.04513547942042351 0.059213120490312604
v 0.005988026969134809 -0.045797936618328094 0.06064677610993388
v 0.00546221947297454 -0.04513547942042351 0.059213120490312604
v 0.007939083501696588 -0.045094214379787445 0.05983528494834903
v 0.005988026969134809 -0.045797936618328094 0.06064677610993388
v 0.010701391845941545 -0.04565736651420593 0.06214618310332301
v 0.005709353368729354 -0.04613993689417839 0.06155392527580264
v 0.007939083501696588 -0.045094214379787445 0.05983528494834903
v 0.010701391845941545 -0.04565736651420593 0.06214618310332301
v 0.005988026969134809 -0.045797936618328094 0.06064677610993388
v -0.028482886031270034 -0.04147050902247429 0.07809306681156161
v -0.028009891510009773 -0.04087931662797928 0.0751682668924332
v -0.02722661383450032 -0.0422709621489048 0.07556437700986865
v -0.028009891510009773 -0.04087931662797928 0.0751682668924332
v -0.028482886031270034 -0.04147050902247429 0.07809306681156161
v -0.02913563139736653 -0.04005221650004387 0.07782775163650515
v -0.028482886031270034 -0.04147050902247429 0.07809306681156161
v -0.02966458164155484 -0.03994930163025856 0.08044654875993733
v -0.02913563139736653 -0.04005221650004387 0.07782775163650515
v -0.028482886031270034 -0.04147050902247429 0.07809306681156161
v -0.029052395373582847 -0.04132824018597603 0.080928847193718
v -0.02966458164155484 -0.03994930163025856 0.08044654875993733
v -0.02789466083049775 -0.04273245111107826 0.0868180021643639
v -0.028678491711616523 -0.04192917421460152 0.08675410598516468
v -0.02787273935973645 -0.04291517287492752 0.08410211652517323
v -0.026878725737333305 -0.043662820011377335 0.08364472538232808
v -0.02789466083049775 -0.04273245111107826 0.0868180021643639
v -0.02787273935973645 -0.04291517287492752 0.08410211652517323
v -0.02789466083049775 -0.04273245111107826 0.0868180021643639
v -0.026878725737333305 -0.043662820011377335 0.08364472538232808
v -0.02668383531272412 -0.04357769340276718 0.08694522827863697
v -0.026201883330941207 -0.04345213249325752 0.07609029859304431
v -0.02722661383450032 -0.0422709621489048 0.07556437700986865
v -0.025888044387102134 -0.0427335761487484 0.07308403402566913
v -0.025136165320873267 -0.04362088069319725 0.07359427213668826
v -0.026201883330941207 -0.04345213249325752 0.07609029859304431
v -0.025888044387102134 -0.0427335761487484 0.07308403402566913
v -0.026201883330941207 -0.04345213249325752 0.07609029859304431
v -0.025676859542727477 -0.04408353567123413 0.07767613232135775
v -0.027018167078495033 -0.04327874630689621 0.07869387418031697
v -0.024476367980241782 -0.04444862902164459 0.07539223879575732
v -0.025676859542727477 -0.04408353567123413 0.07767613232135775
v -0.026201883330941207 -0.04345213249325752 0.07609029859304431
v -0.026201883330941207 -0.04345213249325752 0.07609029859304431
v -0.025136165320873267 -0.04362088069319725 0.07359427213668826
v -0.024476367980241782 -0.04444862902164459 0.07539223879575732
v -0.018515661358833316 -0.03931912034749985 0.10844057053327565
v -0.01688962429761887 -0.04055562615394592 0.1087204292416573
v -0.016100896522402767 -0.03923454135656357 0.11017104983329779
v -0.018515661358833316 -0.03931912034749985 0.10844057053327565
v -0.019360711798071865 -0.0401909202337265 0.10713509470224385
v -0.01688962429761887 -0.04055562615394592 0.1087204292416573
v -0.018515661358833316 -0.03931912034749985 0.10844057053327565
v -0.016602428629994396 -0.038164008408784866 0.11029434204101568
v -0.019008057191967968 -0.0382382869720459 0.10853668302297596
v -0.016100896522402767 -0.03923454135656357 0.11017104983329779
v -0.016602428629994396 -0.038164008408784866 0.11029434204101568
v -0.018515661358833316 -0.03931912034749985 0.10844057053327565
v -0.018515661358833316 -0.03931912034749985 0.10844057053327565
v -0.019008057191967968 -0.0382382869720459 0.10853668302297596
v -0.02074733749032021 -0.03941541537642479 0.10647758841514592
v -0.018515661358833316 -0.03931912034749985 0.10844057053327565
v -0.02074733749032021 -0.03941541537642479 0.10647758841514592
v -0.019360711798071865 -0.0401909202337265 0.10713509470224385
v -0.01895053125917912 -0.04093755781650543 0.1067518070340157
v -0.020248292014002803 -0.04192734882235527 0.10417262464761738
v -0.018110143020749096 -0.041972242295742035 0.10596138983964924
v -0.01895053125917912 -0.04093755781650543 0.1067518070340157
v -0.02097728475928307 -0.04106728360056877 0.10475423187017445
v -0.020248292014002803 -0.04192734882235527 0.10417262464761738
v -0.018110143020749096 -0.041972242295742035 0.10596138983964924
v -0.016157478094100956 -0.04165427014231682 0.10785628855228428
v -0.01895053125917912 -0.04093755781650543 0.1067518070340157
v -0.016157478094100956 -0.04165427014231682 0.10785628855228428
v -0.01688962429761887 -0.04055562615394592 0.1087204292416573
v -0.01895053125917912 -0.04093755781650543 0.1067518070340157
v -0.01895053125917912 -0.04093755781650543 0.1067518070340157
v -0.01688962429761887 -0.04055562615394592 0.1087204292416573
v -0.019360711798071865 -0.0401909202337265 0.10713509470224385
v -0.019360711798071865 -0.0401909202337265 0.10713509470224385
v -0.02097728475928307 -0.04106728360056877 0.10475423187017445
v -0.01895053125917912 -0.04093755781650543 0.1067518070340157
v -0.02279555052518845 -0.04120961204171181 0.10255905985832219
v -0.02097728475928307 -0.04106728360056877 0.10475423187017445
v -0.021437982097268108 -0.04030689224600792 0.10509923100471501
v -0.021437982097268108 -0.04030689224600792 0.10509923100471501
v -0.02074733749032021 -0.03941541537642479 0.10647758841514592
v -0.02265044860541821 -0.039547886699438095 0.10441847890615467
v -0.021437982097268108 -0.04030689224600792 0.10509923100471501
v -0.02097728475928307 -0.04106728360056877 0.10475423187017445
v -0.019360711798071865 -0.0401909202337265 0.10713509470224385
v -0.019360711798071865 -0.0401909202337265 0.10713509470224385
v -0.02074733749032021 -0.03941541537642479 0.10647758841514592
v -0.021437982097268108 -0.04030689224600792 0.10509923100471501
v -0.02265044860541821 -0.039547886699438095 0.10441847890615467
v -0.024539623409509666 -0.039657533168792725 0.10195186734199528
v -0.023304168134927753 -0.040433794260025024 0.1028605550527573
v -0.02279555052518845 -0.04120961204171181 0.10255905985832219
v -0.021437982097268108 -0.04030689224600792 0.10509923100471501
v -0.023304168134927753 -0.040433794260025024 0.1028605550527573
v -0.023304168134927753 -0.040433794260025024 0.1028605550527573
v -0.021437982097268108 -0.04030689224600792 0.10509923100471501
v -0.02265044860541821 -0.039547886699438095 0.10441847890615467
v -0.023304168134927753 -0.040433794260025024 0.1028605550527573
v -0.02438484504818917 -0.0413622111082077 0.10019552707672123
v -0.02279555052518845 -0.04120961204171181 0.10255905985832219
v -0.024937687441706664 -0.04057023301720619 0.10044838488101963
v -0.024539623409509666 -0.039657533168792725 0.10195186734199528
v -0.026102410629391677 -0.03975847736001015 0.0994244292378426
v -0.024937687441706664 -0.04057023301720619 0.10044838488101963
v -0.026102410629391677 -0.03975847736001015 0.0994244292378426
v -0.026755509898066528 -0.04018106311559677 0.09779495000839238
v -0.024937687441706664 -0.04057023301720619 0.10044838488101963
v -0.023304168134927753 -0.040433794260025024 0.1028605550527573
v -0.024539623409509666 -0.039657533168792725 0.10195186734199528
v -0.024937687441706664 -0.04057023301720619 0.10044838488101963
v -0.02438484504818917 -0.0413622111082077 0.10019552707672123
v -0.023304168134927753 -0.040433794260025024 0.1028605550527573
v -0.026755509898066528 -0.04018106311559677 0.09779495000839238
v -0.0257298443466425 -0.041523661464452744 0.09768877923488621
v -0.024937687441706664 -0.04057023301720619 0.10044838488101963
v -0.0257298443466425 -0.041523661464452744 0.09768877923488621
v -0.02438484504818917 -0.0413622111082077 0.10019552707672123
v -0.024937687441706664 -0.04057023301720619 0.10044838488101963
v -0.00977576430886984 -0.029846929013729095 0.04994080588221552
v -0.03127500787377358 -0.004039325285702944 0.04994143545627596
v -0.03085324354469777 -0.0018927709897980094 0.04994142055511477
v -0.03085324354469777 -0.0018927709897980094 0.04994142055511477
v -0.031515702605247504 -0.00022325861209537834 0.04994143918156626
v -0.00977576430886984 -0.029846929013729095 0.04994080588221552
v -0.03085324354469777 -0.0018927709897980094 0.04994142055511477
v -0.03127500787377358 -0.004039325285702944 0.04994143545627596
v -0.031515702605247504 -0.00022325861209537834 0.04994143918156626
v -0.029071846976876266 0.012202093377709389 0.049941450357437155
v -0.031070871278643615 0.00545167550444603 0.049941495060920736
v -0.030430285260081298 0.00818114448338747 0.04994153976440432
v -0.031070871278643615 0.00545167550444603 0.049941495060920736
v -0.030859624966979034 0.05013282969594002 0.07866912335157399
v -0.029948482289910323 0.05006910115480423 0.07519816607236865
v -0.031070871278643615 0.00545167550444603 0.049941495060920736
v -0.029948482289910323 0.05006910115480423 0.07519816607236865
v -0.030430285260081298 0.00818114448338747 0.04994153976440432
v -0.03036667592823506 0.005841029807925224 0.04994142055511477
v -0.030853247269988067 0.001989441690966487 0.04994142055511477
v -0.03134297206997872 0.003452832344919443 0.04994143918156626
v -0.031515702605247504 -0.00022325861209537834 0.04994143918156626
v -0.03134297206997872 0.003452832344919443 0.04994143918156626
v -0.030853247269988067 0.001989441690966487 0.04994142055511477
v -0.03134297206997872 0.003452832344919443 0.04994143918156626
v -0.031070871278643615 0.00545167550444603 0.049941495060920736
v -0.029071846976876266 0.012202093377709389 0.049941450357437155
v -0.03134297206997872 0.003452832344919443 0.04994143918156626
v -0.031515702605247504 -0.00022325861209537834 0.04994143918156626
v -0.0314626768231392 0.05011064559221268 0.08335633575916294
v -0.03134297206997872 0.003452832344919443 0.04994143918156626
v -0.029401220381259925 0.009601266123354435 0.04994142055511477
v -0.03036667592823506 0.005841029807925224 0.04994142055511477
v -0.029071846976876266 0.012202093377709389 0.049941450357437155
v -0.029401220381259925 0.009601266123354435 0.04994142055511477
v -0.03134297206997872 0.003452832344919443 0.04994143918156626
v -0.0314626768231392 0.05011064559221268 0.08335633575916294
v -0.030859624966979034 0.05013282969594002 0.07866912335157399
v -0.03134297206997872 0.003452832344919443 0.04994143918156626
v -0.030859624966979034 0.05013282969594002 0.07866912335157399
v -0.031070871278643615 0.00545167550444603 0.049941495060920736
v -0.03134297206997872 0.003452832344919443 0.04994143918156626
v -0.027972079813480384 0.013210849836468697 0.049941424280405065
v -0.029071846976876266 0.012202093377709389 0.049941450357437155
v -0.02610181830823422 0.016612866893410683 0.049941424280405065
v -0.027972079813480384 0.013210849836468697 0.049941424280405065
v -0.029401220381259925 0.009601266123354435 0.04994142055511477
v -0.029071846976876266 0.012202093377709389 0.049941450357437155
v -0.027972079813480384 0.013210849836468697 0.049941424280405065
v -0.02610181830823422 0.016612866893410683 0.049941424280405065
v -0.00977576430886984 -0.029846929013729095 0.04994080588221552
v -0.027972079813480384 0.013210849836468697 0.049941424280405065
v -0.00977576430886984 -0.029846929013729095 0.04994080588221552
v -0.029401220381259925 0.009601266123354435 0.04994142055511477
v -0.02837255224585534 -0.04226596653461456 0.08111189305782322
v -0.029052395373582847 -0.04132824018597603 0.080928847193718
v -0.027805171906948097 -0.04242856800556183 0.07834704220294957
v -0.029052395373582847 -0.04132824018597603 0.080928847193718
v -0.028482886031270034 -0.04147050902247429 0.07809306681156161
v -0.027805171906948097 -0.04242856800556183 0.07834704220294957
v -0.027018167078495033 -0.04327874630689621 0.07869387418031697
v -0.02837255224585534 -0.04226596653461456 0.08111189305782322
v -0.027805171906948097 -0.04242856800556183 0.07834704220294957
v -0.027805171906948097 -0.04242856800556183 0.07834704220294957
v -0.028482886031270034 -0.04147050902247429 0.07809306681156161
v -0.02722661383450032 -0.0422709621489048 0.07556437700986865
v -0.027805171906948097 -0.04242856800556183 0.07834704220294957
v -0.026201883330941207 -0.04345213249325752 0.07609029859304431
v -0.027018167078495033 -0.04327874630689621 0.07869387418031697
v -0.026201883330941207 -0.04345213249325752 0.07609029859304431
v -0.027805171906948097 -0.04242856800556183 0.07834704220294957
v -0.02722661383450032 -0.0422709621489048 0.07556437700986865
v -0.02764013037085534 -0.04255193471908569 0.08956024795770649
v -0.02645691484212876 -0.04338656738400459 0.08953245729207997
v -0.02684751711785794 -0.04258871451020241 0.09222523123025898
v -0.02684751711785794 -0.04258871451020241 0.09222523123025898
v -0.027626650407910354 -0.041864801198244095 0.09236237406730656
v -0.02764013037085534 -0.04255193471908569 0.08956024795770649
v -0.02668383531272412 -0.04357769340276718 0.08694522827863697
v -0.02645691484212876 -0.04338656738400459 0.08953245729207997
v -0.02764013037085534 -0.04255193471908569 0.08956024795770649
v -0.02764013037085534 -0.04255193471908569 0.08956024795770649
v -0.02789466083049775 -0.04273245111107826 0.0868180021643639
v -0.02668383531272412 -0.04357769340276718 0.08694522827863697
v -0.02764013037085534 -0.04255193471908569 0.08956024795770649
v -0.027626650407910354 -0.041864801198244095 0.09236237406730656
v -0.02864107675850392 -0.04148092493414879 0.08960347622632985
v -0.02864107675850392 -0.04148092493414879 0.08960347622632985
v -0.028678491711616523 -0.04192917421460152 0.08675410598516468
v -0.02764013037085534 -0.04255193471908569 0.08956024795770649
v -0.02789466083049775 -0.04273245111107826 0.0868180021643639
v -0.02764013037085534 -0.04255193471908569 0.08956024795770649
v -0.028678491711616523 -0.04192917421460152 0.08675410598516468
v 0.029390446841716773 0.05044770985841751 0.07485114783048633
v 0.031074140220880515 0.05044770985841751 0.08494104444980626
v 0.030885543674230583 0.05044770985841751 0.08152256906032566
v 0.029390446841716773 0.05044770985841751 0.07485114783048633
v 0.030885541811585433 0.05044770985841751 0.08835951983928685
v 0.031074140220880515 0.05044770985841751 0.08494104444980626
v 0.029390446841716773 0.05044770985841751 0.07485114783048633
v 0.030885543674230583 0.05044770985841751 0.08152256906032566
v 0.030322032049298293 0.05044770985841751 0.07814566045999531
v 0.030322028324007995 0.05044770985841751 0.0917364284396172
v 0.030885541811585433 0.05044770985841751 0.08835951983928685
v 0.029390446841716773 0.05044770985841751 0.07485114783048633
usemtl DefaultMaterial
f 1 2 3
f 4 5 6
f 7 8 9
f 10 11 12
f 13 14 15
f 16 17 18
f 19 20 21
f 22 23 24
f 25 26 27
f 28 29 30
f 31 32 33
f 34 35 36
f 37 38 39
f 40 41 42
f 43 44 45
f 46 47 48
f 49 50 51
f 52 53 54
f 55 56 57
f 58 59 60
f 61 62 63
f 64 65 66
f 67 68 69
f 70 71 72
f 73 74 75
f 76 77 78
f 79 80 81
f 82 83 84
f 85 86 87
f 88 89 90
f 91 92 93
f 94 95 96
f 97 98 99
f 100 101 102
f 103 104 105
f 106 107 108
f 109 110 111
f 112 113 114
f 115 116 117
f 118 119 120
f 121 122 123
f 124 125 126
f 127 128 129
f 130 131 132
f 133 134 135
f 136 137 138
f 139 140 141
f 142 143 144
f 145 146 147
f 148 149 150
f 151 152 153
f 154 155 156
f 157 158 159
f 160 161 162
f 163 164 165
f 166 167 168
f 169 170 171
f 172 173 174
f 175 176 177
f 178 179 180
f 181 182 183
f 184 185 186
f 187 188 189
f 190 191 192
f 193 194 195
f 196 197 198
f 199 200 201
f 202 203 204
f 205 206 207
f 208 209 210
f 211 212 213
f 214 215 216
f 217 218 219
f 220 221 222
f 223 224 225
f 226 227 228
f 229 230 231
f 232 233 234
f 235 236 237
f 238 239 240
f 241 242 243
f 244 245 246
f 247 248 249
f 250 251 252
f 253 254 255
f 256 257 258
f 259 260 261
f 262 263 264
f 265 266 267
f 268 269 270
f 271 272 273
f 274 275 276
f 277 278 279
f 280 281 282
f 283 284 285
f 286 287 288
f 289 290 291
f 292 293 294
f 295 296 297
f 298 299 300
f 301 302 303
f 304 305 306
f 307 308 309
f 310 311 312
f 313 314 315
f 316 317 318
f 319 320 321
f 322 323 324
f 325 326 327
f 328 329 330
f 331 332 333
f 334 335 336
f 337 338 339
f 340 341 342
f 343 344 345
f 346 347 348
f 349 350 351
f 352 353 354
f 355 356 357
f 358 359 360
f 361 362 363
f 364 365 366
f 367 368 369
f 370 371 372
f 373 374 375
f 376 377 378
f 379 380 381
f 382 383 384
f 385 386 387
f 388 389 390
f 391 392 393
f 394 395 396
f 397 398 399
f 400 401 402
f 403 404 405
f 406 407 408
f 409 410 411
f 412 413 414
f 415 416 417
f 418 419 420
f 421 422 423
f 424 425 426
f 427 428 429
f 430 431 432
f 433 434 435
f 436 437 438
f 439 440 441
f 442 443 444
f 445 446 447
f 448 449 450
f 451 452 453
f 454 455 456
f 457 458 459
f 460 461 462
f 463 464 465
f 466 467 468
f 469 470 471
f 472 473 474
f 475 476 477
f 478 479 480
f 481 482 483
f 484 485 486
f 487 488 489
f 490 491 492
f 493 494 495
f 496 497 498
f 499 500 501
f 502 503 504
f 505 506 507
f 508 509 510
f 511 512 513
f 514 515 516
f 517 518 519
f 520 521 522
f 523 524 525
f 526 527 528
f 529 530 531
f 532 533 534
f 535 536 537
f 538 539 540
f 541 542 543
f 544 545 546
f 547 548 549
f 550 551 552
f 553 554 555
f 556 557 558
f 559 560 561
f 562 563 564
f 565 566 567
f 568 569 570
f 571 572 573
f 574 575 576
f 577 578 579
f 580 581 582
f 583 584 585
f 586 587 588
f 589 590 591
f 592 593 594
f 595 596 597
f 598 599 600
f 601 602 603
f 604 605 606
f 607 608 609
f 610 611 612
f 613 614 615
f 616 617 618
f 619 620 621
f 622 623 624
f 625 626 627
f 628 629 630
f 631 632 633
f 634 635 636
f 637 638 639
f 640 641 642
f 643 644 645
f 646 647 648
f 649 650 651
f 652 653 654
f 655 656 657
f 658 659 660
f 661 662 663
f 664 665 666
f 667 668 669
f 670 671 672
f 673 674 675
f 676 677 678
f 679 680 681
f 682 683 684
f 685 686 687
f 688 689 690
f 691 692 693
f 694 695 696
f 697 698 699
f 700 701 702
f 703 704 705
f 706 707 708
f 709 710 711
f 712 713 714
f 715 716 717
f 718 719 720
f 721 722 723
f 724 725 726
f 727 728 729
f 730 731 732
f 733 734 735
f 736 737 738
f 739 740 741
f 742 743 744
f 745 746 747
f 748 749 750
f 751 752 753
f 754 755 756
f 757 758 759
f 760 761 762
f 763 764 765
f 766 767 768
f 769 770 771
f 772 773 774
f 775 776 777
f 778 779 780
f 781 782 783
f 784 785 786
f 787 788 789
f 790 791 792
f 793 794 795
f 796 797 798
f 799 800 801
f 802 803 804
f 805 806 807
f 808 809 810
f 811 812 813
f 814 815 816
f 817 818 819
f 820 821 822
f 823 824 825
f 826 827 828
f 829 830 831
f 832 833 834
f 835 836 837
f 838 839 840
f 841 842 843
f 844 845 846
f 847 848 849
f 850 851 852
f 853 854 855
f 856 857 858
f 859 860 861
f 862 863 864
f 865 866 867
f 868 869 870
f 871 872 873
f 874 875 876
f 877 878 879
f 880 881 882
f 883 884 885
f 886 887 888
f 889 890 891
f 892 893 894
f 895 896 897
f 898 899 900
f 901 902 903
f 904 905 906
f 907 908 909
f 910 911 912
f 913 914 915
f 916 917 918
f 919 920 921
f 922 923 924
f 925 926 927
f 928 929 930
f 931 932 933
f 934 935 936
f 937 938 939
f 940 941 942
f 943 944 945
f 946 947 948
f 949 950 951
f 952 953 954
f 955 956 957
f 958 959 960
f 961 962 963
f 964 965 966
f 967 968 969
f 970 971 972
f 973 974 975
f 976 977 978
f 979 980 981
f 982 983 984
f 985 986 987
f 988 989 990
f 991 992 993
f 994 995 996
f 997 998 999
f 1000 1001 1002
f 1003 1004 1005
f 1006 1007 1008
f 1009 1010 1011
f 1012 1013 1014
f 1015 1016 1017
f 1018 1019 1020
f 1021 1022 1023
f 1024 1025 1026
f 1027 1028 1029
f 1030 1031 1032
f 1033 1034 1035
f 1036 1037 1038
f 1039 1040 1041
f 1042 1043 1044
f 1045 1046 1047
f 1048 1049 1050
f 1051 1052 1053
f 1054 1055 1056
f 1057 1058 1059
f 1060 1061 1062
f 1063 1064 1065
f 1066 1067 1068
f 1069 1070 1071
f 1072 1073 1074
f 1075 1076 1077
f 1078 1079 1080
f 1081 1082 1083
f 1084 1085 1086
f 1087 1088 1089
f 1090 1091 1092
f 1093 1094 1095
f 1096 1097 1098
f 1099 1100 1101
f 1102 1103 1104
f 1105 1106 1107
f 1108 1109 1110
f 1111 1112 1113
f 1114 1115 1116
f 1117 1118 1119
f 1120 1121 1122
f 1123 1124 1125
f 1126 1127 1128
f 1129 1130 1131
f 1132 1133 1134
f 1135 1136 1137
f 1138 1139 1140
f 1141 1142 1143
f 1144 1145 1146
f 1147 1148 1149
f 1150 1151 1152
f 1153 1154 1155
f 1156 1157 1158
f 1159 1160 1161
f 1162 1163 1164
f 1165 1166 1167
f 1168 1169 1170
f 1171 1172 1173
f 1174 1175 1176
f 1177 1178 1179
f 1180 1181 1182
f 1183 1184 1185
f 1186 1187 1188
f 1189 1190 1191
f 1192 1193 1194
f 1195 1196 1197
f 1198 1199 1200
f 1201 1202 1203
f 1204 1205 1206
f 1207 1208 1209
f 1210 1211 1212
f 1213 1214 1215
f 1216 1217 1218
f 1219 1220 1221
f 1222 1223 1224
f 1225 1226 1227
f 1228 1229 1230
f 1231 1232 1233
f 1234 1235 1236
f 1237 1238 1239
f 1240 1241 1242
f 1243 1244 1245
f 1246 1247 1248
f 1249 1250 1251
f 1252 1253 1254
f 1255 1256 1257
f 1258 1259 1260
f 1261 1262 1263
f 1264 1265 1266
f 1267 1268 1269
f 1270 1271 1272
f 1273 1274 1275
f 1276 1277 1278
f 1279 1280 1281
f 1282 1283 1284
f 1285 1286 1287
f 1288 1289 1290
f 1291 1292 1293
f 1294 1295 1296
f 1297 1298 1299
f 1300 1301 1302
f 1303 1304 1305
f 1306 1307 1308
f 1309 1310 1311
f 1312 1313 1314
f 1315 1316 1317
f 1318 1319 1320
f 1321 1322 1323
f 1324 1325 1326
f 1327 1328 1329
f 1330 1331 1332
f 1333 1334 1335
f 1336 1337 1338
f 1339 1340 1341
f 1342 1343 1344
f 1345 1346 1347
f 1348 1349 1350
f 1351 1352 1353
f 1354 1355 1356
f 1357 1358 1359
f 1360 1361 1362
f 1363 1364 1365
f 1366 1367 1368
f 1369 1370 1371
f 1372 1373 1374
f 1375 1376 1377
f 1378 1379 1380
f 1381 1382 1383
f 1384 1385 1386
f 1387 1388 1389
f 1390 1391 1392
f 1393 1394 1395
f 1396 1397 1398
f 1399 1400 1401
f 1402 1403 1404
f 1405 1406 1407
f 1408 1409 1410
f 1411 1412 1413
f 1414 1415 1416
f 1417 1418 1419
f 1420 1421 1422
f 1423 1424 1425
f 1426 1427 1428
f 1429 1430 1431
f 1432 1433 1434
f 1435 1436 1437
f 1438 1439 1440
f 1441 1442 1443
f 1444 1445 1446
f 1447 1448 1449
f 1450 1451 1452
f 1453 1454 1455
f 1456 1457 1458
f 1459 1460 1461
f 1462 1463 1464
f 1465 1466 1467
f 1468 1469 1470
f 1471 1472 1473
f 1474 1475 1476
f 1477 1478 1479
f 1480 1481 1482
f 1483 1484 1485
f 1486 1487 1488
f 1489 1490 1491
f 1492 1493 1494
f 1495 1496 1497
f 1498 1499 1500
f 1501 1502 1503
f 1504 1505 1506
f 1507 1508 1509
f 1510 1511 1512
f 1513 1514 1515
f 1516 1517 1518
f 1519 1520 1521
f 1522 1523 1524
f 1525 1526 1527
f 1528 1529 1530
f 1531 1532 1533
f 1534 1535 1536
f 1537 1538 1539
f 1540 1541 1542
f 1543 1544 1545
f 1546 1547 1548
f 1549 1550 1551
f 1552 1553 1554
f 1555 1556 1557
f 1558 1559 1560
f 1561 1562 1563
f 1564 1565 1566
f 1567 1568 1569
f 1570 1571 1572
f 1573 1574 1575
f 1576 1577 1578
f 1579 1580 1581
f 1582 1583 1584
f 1585 1586 1587
f 1588 1589 1590
f 1591 1592 1593
f 1594 1595 1596
f 1597 1598 1599
f 1600 1601 1602
f 1603 1604 1605
f 1606 1607 1608
f 1609 1610 1611
f 1612 1613 1614
f 1615 1616 1617
f 1618 1619 1620
f 1621 1622 1623
f 1624 1625 1626
f 1627 1628 1629
f 1630 1631 1632
f 1633 1634 1635
f 1636 1637 1638
f 1639 1640 1641
f 1642 1643 1644
f 1645 1646 1647
f 1648 1649 1650
f 1651 1652 1653
f 1654 1655 1656
f 1657 1658 1659
f 1660 1661 1662
f 1663 1664 1665
f 1666 1667 1668
f 1669 1670 1671
f 1672 1673 1674
f 1675 1676 1677
f 1678 1679 1680
f 1681 1682 1683
f 1684 1685 1686
f 1687 1688 1689
f 1690 1691 1692
f 1693 1694 1695
f 1696 1697 1698
f 1699 1700 1701
f 1702 1703 1704
f 1705 1706 1707
f 1708 1709 1710
f 1711 1712 1713
f 1714 1715 1716
f 1717 1718 1719
f 1720 1721 1722
f 1723 1724 1725
f 1726 1727 1728
f 1729 1730 1731
f 1732 1733 1734
f 1735 1736 1737
f 1738 1739 1740
f 1741 1742 1743
f 1744 1745 1746
f 1747 1748 1749
f 1750 1751 1752
f 1753 1754 1755
f 1756 1757 1758
f 1759 1760 1761
f 1762 1763 1764
f 1765 1766 1767
f 1768 1769 1770
f 1771 1772 1773
f 1774 1775 1776
f 1777 1778 1779
f 1780 1781 1782
f 1783 1784 1785
f 1786 1787 1788
f 1789 1790 1791
f 1792 1793 1794
f 1795 1796 1797
f 1798 1799 1800
f 1801 1802 1803
f 1804 1805 1806
f 1807 1808 1809
f 1810 1811 1812
f 1813 1814 1815
f 1816 1817 1818
f 1819 1820 1821
f 1822 1823 1824
f 1825 1826 1827
f 1828 1829 1830
f 1831 1832 1833
f 1834 1835 1836
f 1837 1838 1839
f 1840 1841 1842
f 1843 1844 1845
f 1846 1847 1848
f 1849 1850 1851
f 1852 1853 1854
f 1855 1856 1857
f 1858 1859 1860
f 1861 1862 1863
f 1864 1865 1866
f 1867 1868 1869
f 1870 1871 1872
f 1873 1874 1875
f 1876 1877 1878
f 1879 1880 1881
f 1882 1883 1884
f 1885 1886 1887
f 1888 1889 1890
f 1891 1892 1893
f 1894 1895 1896
f 1897 1898 1899
f 1900 1901 1902
f 1903 1904 1905
f 1906 1907 1908
f 1909 1910 1911
f 1912 1913 1914
f 1915 1916 1917
f 1918 1919 1920
f 1921 1922 1923
f 1924 1925 1926
f 1927 1928 1929
f 1930 1931 1932
f 1933 1934 1935
f 1936 1937 1938
f 1939 1940 1941
f 1942 1943 1944
f 1945 1946 1947
f 1948 1949 1950
f 1951 1952 1953
f 1954 1955 1956
f 1957 1958 1959
f 1960 1961 1962
f 1963 1964 1965
f 1966 1967 1968
f 1969 1970 1971
f 1972 1973 1974
f 1975 1976 1977
f 1978 1979 1980
f 1981 1982 1983
f 1984 1985 1986
f 1987 1988 1989
f 1990 1991 1992
f 1993 1994 1995
f 1996 1997 1998
f 1999 2000 2001
f 2002 2003 2004
f 2005 2006 2007
f 2008 2009 2010
f 2011 2012 2013
f 2014 2015 2016
f 2017 2018 2019
f 2020 2021 2022
f 2023 2024 2025
f 2026 2027 2028
f 2029 2030 2031
f 2032 2033 2034
f 2035 2036 2037
f 2038 2039 2040
f 2041 2042 2043
f 2044 2045 2046
f 2047 2048 2049
f 2050 2051 2052
f 2053 2054 2055
f 2056 2057 2058
f 2059 2060 2061
f 2062 2063 2064
f 2065 2066 2067
f 2068 2069 2070
f 2071 2072 2073
f 2074 2075 2076
f 2077 2078 2079
f 2080 2081 2082
f 2083 2084 2085
f 2086 2087 2088
f 2089 2090 2091
f 2092 2093 2094
f 2095 2096 2097
f 2098 2099 2100
f 2101 2102 2103
f 2104 2105 2106
f 2107 2108 2109
f 2110 2111 2112
f 2113 2114 2115
f 2116 2117 2118
f 2119 2120 2121
f 2122 2123 2124
f 2125 2126 2127
f 2128 2129 2130
f 2131 2132 2133
f 2134 2135 2136
f 2137 2138 2139
f 2140 2141 2142
f 2143 2144 2145
f 2146 2147 2148
f 2149 2150 2151
f 2152 2153 2154
f 2155 2156 2157
f 2158 2159 2160
f 2161 2162 2163
f 2164 2165 2166
f 2167 2168 2169
f 2170 2171 2172
f 2173 2174 2175
f 2176 2177 2178
f 2179 2180 2181
f 2182 2183 2184
f 2185 2186 2187
f 2188 2189 2190
f 2191 2192 2193
f 2194 2195 2196
f 2197 2198 2199
f 2200 2201 2202
f 2203 2204 2205
f 2206 2207 2208
f 2209 2210 2211
f 2212 2213 2214
f 2215 2216 2217
f 2218 2219 2220
f 2221 2222 2223
f 2224 2225 2226
f 2227 2228 2229
f 2230 2231 2232
f 2233 2234 2235
f 2236 2237 2238
f 2239 2240 2241
f 2242 2243 2244
f 2245 2246 2247
f 2248 2249 2250
f 2251 2252 2253
f 2254 2255 2256
f 2257 2258 2259
f 2260 2261 2262
f 2263 2264 2265
f 2266 2267 2268
f 2269 2270 2271
f 2272 2273 2274
f 2275 2276 2277
f 2278 2279 2280
f 2281 2282 2283
f 2284 2285 2286
f 2287 2288 2289
f 2290 2291 2292
f 2293 2294 2295
f 2296 2297 2298
f 2299 2300 2301
f 2302 2303 2304
f 2305 2306 2307
f 2308 2309 2310
f 2311 2312 2313
f 2314 2315 2316
f 2317 2318 2319
f 2320 2321 2322
f 2323 2324 2325
f 2326 2327 2328
f 2329 2330 2331
f 2332 2333 2334
f 2335 2336 2337
f 2338 2339 2340
f 2341 2342 2343
f 2344 2345 2346
f 2347 2348 2349
f 2350 2351 2352
f 2353 2354 2355
f 2356 2357 2358
f 2359 2360 2361
f 2362 2363 2364
f 2365 2366 2367
f 2368 2369 2370
f 2371 2372 2373
f 2374 2375 2376
f 2377 2378 2379
f 2380 2381 2382
f 2383 2384 2385
f 2386 2387 2388
f 2389 2390 2391
f 2392 2393 2394
f 2395 2396 2397
f 2398 2399 2400
f 2401 2402 2403
f 2404 2405 2406
f 2407 2408 2409
f 2410 2411 2412
f 2413 2414 2415
f 2416 2417 2418
f 2419 2420 2421
f 2422 2423 2424
f 2425 2426 2427
f 2428 2429 2430
f 2431 2432 2433
f 2434 2435 2436
f 2437 2438 2439
f 2440 2441 2442
f 2443 2444 2445
f 2446 2447 2448
f 2449 2450 2451
f 2452 2453 2454
f 2455 2456 2457
f 2458 2459 2460
f 2461 2462 2463
f 2464 2465 2466
f 2467 2468 2469
f 2470 2471 2472
f 2473 2474 2475
f 2476 2477 2478
f 2479 2480 2481
f 2482 2483 2484
f 2485 2486 2487
f 2488 2489 2490
f 2491 2492 2493
f 2494 2495 2496
f 2497 2498 2499
f 2500 2501 2502
f 2503 2504 2505
f 2506 2507 2508
f 2509 2510 2511
f 2512 2513 2514
f 2515 2516 2517
f 2518 2519 2520
f 2521 2522 2523
f 2524 2525 2526
f 2527 2528 2529
f 2530 2531 2532
f 2533 2534 2535
f 2536 2537 2538
f 2539 2540 2541
f 2542 2543 2544
f 2545 2546 2547
f 2548 2549 2550
f 2551 2552 2553
f 2554 2555 2556
f 2557 2558 2559
f 2560 2561 2562
f 2563 2564 2565
f 2566 2567 2568
f 2569 2570 2571
f 2572 2573 2574
f 2575 2576 2577
f 2578 2579 2580
f 2581 2582 2583
f 2584 2585 2586
f 2587 2588 2589
f 2590 2591 2592
f 2593 2594 2595
f 2596 2597 2598
f 2599 2600 2601
f 2602 2603 2604
f 2605 2606 2607
f 2608 2609 2610
f 2611 2612 2613
f 2614 2615 2616
f 2617 2618 2619
f 2620 2621 2622
f 2623 2624 2625
f 2626 2627 2628
f 2629 2630 2631
f 2632 2633 2634
f 2635 2636 2637
f 2638 2639 2640
f 2641 2642 2643
f 2644 2645 2646
f 2647 2648 2649
f 2650 2651 2652
f 2653 2654 2655
f 2656 2657 2658
f 2659 2660 2661
f 2662 2663 2664
f 2665 2666 2667
f 2668 2669 2670
f 2671 2672 2673
f 2674 2675 2676
f 2677 2678 2679
f 2680 2681 2682
f 2683 2684 2685
f 2686 2687 2688
f 2689 2690 2691
f 2692 2693 2694
f 2695 2696 2697
f 2698 2699 2700
f 2701 2702 2703
f 2704 2705 2706
f 2707 2708 2709
f 2710 2711 2712
f 2713 2714 2715
f 2716 2717 2718
f 2719 2720 2721
f 2722 2723 2724
f 2725 2726 2727
f 2728 2729 2730
f 2731 2732 2733
f 2734 2735 2736
f 2737 2738 2739
f 2740 2741 2742
f 2743 2744 2745
f 2746 2747 2748
f 2749 2750 2751
f 2752 2753 2754
f 2755 2756 2757
f 2758 2759 2760
f 2761 2762 2763
f 2764 2765 2766
f 2767 2768 2769
f 2770 2771 2772
f 2773 2774 2775
f 2776 2777 2778
f 2779 2780 2781
f 2782 2783 2784
f 2785 2786 2787
f 2788 2789 2790
f 2791 2792 2793
f 2794 2795 2796
f 2797 2798 2799
f 2800 2801 2802
f 2803 2804 2805
f 2806 2807 2808
f 2809 2810 2811
f 2812 2813 2814
f 2815 2816 2817
f 2818 2819 2820
f 2821 2822 2823
f 2824 2825 2826
f 2827 2828 2829
f 2830 2831 2832
f 2833 2834 2835
f 2836 2837 2838
f 2839 2840 2841
f 2842 2843 2844
f 2845 2846 2847
f 2848 2849 2850
f 2851 2852 2853
f 2854 2855 2856
f 2857 2858 2859
f 2860 2861 2862
f 2863 2864 2865
f 2866 2867 2868
f 2869 2870 2871
f 2872 2873 2874
f 2875 2876 2877
f 2878 2879 2880
f 2881 2882 2883
f 2884 2885 2886
f 2887 2888 2889
f 2890 2891 2892
f 2893 2894 2895
f 2896 2897 2898
f 2899 2900 2901
f 2902 2903 2904
f 2905 2906 2907
f 2908 2909 2910
f 2911 2912 2913
f 2914 2915 2916
f 2917 2918 2919
f 2920 2921 2922
f 2923 2924 2925
f 2926 2927 2928
f 2929 2930 2931
f 2932 2933 2934
f 2935 2936 2937
f 2938 2939 2940
f 2941 2942 2943
f 2944 2945 2946
f 2947 2948 2949
f 2950 2951 2952
f 2953 2954 2955
f 2956 2957 2958
f 2959 2960 2961
f 2962 2963 2964
f 2965 2966 2967
f 2968 2969 2970
f 2971 2972 2973
f 2974 2975 2976
f 2977 2978 2979
f 2980 2981 2982
f 2983 2984 2985
f 2986 2987 2988
f 2989 2990 2991
f 2992 2993 2994
f 2995 2996 2997
f 2998 2999 3000
f 3001 3002 3003
f 3004 3005 3006
f 3007 3008 3009
f 3010 3011 3012
f 3013 3014 3015
f 3016 3017 3018
f 3019 3020 3021
f 3022 3023 3024
f 3025 3026 3027
f 3028 3029 3030
f 3031 3032 3033
f 3034 3035 3036
f 3037 3038 3039
f 3040 3041 3042
f 3043 3044 3045
f 3046 3047 3048
f 3049 3050 3051
f 3052 3053 3054
f 3055 3056 3057
f 3058 3059 3060
f 3061 3062 3063
f 3064 3065 3066
f 3067 3068 3069
f 3070 3071 3072
f 3073 3074 3075
f 3076 3077 3078
f 3079 3080 3081
f 3082 3083 3084
f 3085 3086 3087
f 3088 3089 3090
f 3091 3092 3093
f 3094 3095 3096
f 3097 3098 3099
f 3100 3101 3102
f 3103 3104 3105
f 3106 3107 3108
f 3109 3110 3111
f 3112 3113 3114
f 3115 3116 3117
f 3118 3119 3120
f 3121 3122 3123
f 3124 3125 3126
f 3127 3128 3129
f 3130 3131 3132
f 3133 3134 3135
f 3136 3137 3138
f 3139 3140 3141
f 3142 3143 3144
f 3145 3146 3147
f 3148 3149 3150
f 3151 3152 3153
f 3154 3155 3156
f 3157 3158 3159
f 3160 3161 3162
f 3163 3164 3165
f 3166 3167 3168
f 3169 3170 3171
f 3172 3173 3174
f 3175 3176 3177
f 3178 3179 3180
f 3181 3182 3183
f 3184 3185 3186
f 3187 3188 3189
f 3190 3191 3192
f 3193 3194 3195
f 3196 3197 3198
f 3199 3200 3201
f 3202 3203 3204
f 3205 3206 3207
f 3208 3209 3210
f 3211 3212 3213
f 3214 3215 3216
f 3217 3218 3219
f 3220 3221 3222
f 3223 3224 3225
f 3226 3227 3228
f 3229 3230 3231
f 3232 3233 3234
f 3235 3236 3237
f 3238 3239 3240
f 3241 3242 3243
f 3244 3245 3246
f 3247 3248 3249
f 3250 3251 3252
f 3253 3254 3255
f 3256 3257 3258
f 3259 3260 3261
f 3262 3263 3264
f 3265 3266 3267
f 3268 3269 3270
f 3271 3272 3273
f 3274 3275 3276
f 3277 3278 3279
f 3280 3281 3282
f 3283 3284 3285
f 3286 3287 3288
f 3289 3290 3291
f 3292 3293 3294
f 3295 3296 3297
f 3298 3299 3300
f 3301 3302 3303
f 3304 3305 3306
f 3307 3308 3309
f 3310 3311 3312
f 3313 3314 3315
f 3316 3317 3318
f 3319 3320 3321
f 3322 3323 3324
f 3325 3326 3327
f 3328 3329 3330
f 3331 3332 3333
f 3334 3335 3336
f 3337 3338 3339
f 3340 3341 3342
f 3343 3344 3345
f 3346 3347 3348
f 3349 3350 3351
f 3352 3353 3354
f 3355 3356 3357
f 3358 3359 3360
f 3361 3362 3363
f 3364 3365 3366
f 3367 3368 3369
f 3370 3371 3372
f 3373 3374 3375
f 3376 3377 3378
f 3379 3380 3381
f 3382 3383 3384
f 3385 3386 3387
f 3388 3389 3390
f 3391 3392 3393
f 3394 3395 3396
f 3397 3398 3399
f 3400 3401 3402
f 3403 3404 3405
f 3406 3407 3408
f 3409 3410 3411
f 3412 3413 3414
f 3415 3416 3417
f 3418 3419 3420
f 3421 3422 3423
f 3424 3425 3426
f 3427 3428 3429
f 3430 3431 3432
f 3433 3434 3435
f 3436 3437 3438
f 3439 3440 3441
f 3442 3443 3444
f 3445 3446 3447
f 3448 3449 3450
f 3451 3452 3453
f 3454 3455 3456
f 3457 3458 3459
f 3460 3461 3462
f 3463 3464 3465
f 3466 3467 3468
f 3469 3470 3471
f 3472 3473 3474
f 3475 3476 3477
f 3478 3479 3480
f 3481 3482 3483
f 3484 3485 3486
f 3487 3488 3489
f 3490 3491 3492
f 3493 3494 3495
f 3496 3497 3498
f 3499 3500 3501
f 3502 3503 3504
f 3505 3506 3507
f 3508 3509 3510
f 3511 3512 3513
f 3514 3515 3516
f 3517 3518 3519
f 3520 3521 3522
f 3523 3524 3525
f 3526 3527 3528
f 3529 3530 3531
f 3532 3533 3534
f 3535 3536 3537
f 3538 3539 3540
f 3541 3542 3543
f 3544 3545 3546
f 3547 3548 3549
f 3550 3551 3552
f 3553 3554 3555
f 3556 3557 3558
f 3559 3560 3561
f 3562 3563 3564
f 3565 3566 3567
f 3568 3569 3570
f 3571 3572 3573
f 3574 3575 3576
f 3577 3578 3579
f 3580 3581 3582
f 3583 3584 3585
f 3586 3587 3588
f 3589 3590 3591
f 3592 3593 3594
f 3595 3596 3597
f 3598 3599 3600
f 3601 3602 3603
f 3604 3605 3606
f 3607 3608 3609
f 3610 3611 3612
f 3613 3614 3615
f 3616 3617 3618
f 3619 3620 3621
f 3622 3623 3624
f 3625 3626 3627
f 3628 3629 3630
f 3631 3632 3633
f 3634 3635 3636
f 3637 3638 3639
f 3640 3641 3642
f 3643 3644 3645
f 3646 3647 3648
f 3649 3650 3651
f 3652 3653 3654
f 3655 3656 3657
f 3658 3659 3660
f 3661 3662 3663
f 3664 3665 3666
f 3667 3668 3669
f 3670 3671 3672
f 3673 3674 3675
f 3676 3677 3678
f 3679 3680 3681
f 3682 3683 3684
f 3685 3686 3687
f 3688 3689 3690
f 3691 3692 3693
f 3694 3695 3696
f 3697 3698 3699
f 3700 3701 3702
f 3703 3704 3705
f 3706 3707 3708
f 3709 3710 3711
f 3712 3713 3714
f 3715 3716 3717
f 3718 3719 3720
f 3721 3722 3723
f 3724 3725 3726
f 3727 3728 3729
f 3730 3731 3732
f 3733 3734 3735
f 3736 3737 3738
f 3739 3740 3741
f 3742 3743 3744
f 3745 3746 3747
f 3748 3749 3750
f 3751 3752 3753
f 3754 3755 3756
f 3757 3758 3759
f 3760 3761 3762
f 3763 3764 3765
f 3766 3767 3768
f 3769 3770 3771
f 3772 3773 3774
f 3775 3776 3777
f 3778 3779 3780
f 3781 3782 3783
f 3784 3785 3786
f 3787 3788 3789
f 3790 3791 3792
f 3793 3794 3795
f 3796 3797 3798
f 3799 3800 3801
f 3802 3803 3804
f 3805 3806 3807
f 3808 3809 3810
f 3811 3812 3813
f 3814 3815 3816
f 3817 3818 3819
f 3820 3821 3822
f 3823 3824 3825
f 3826 3827 3828
f 3829 3830 3831
f 3832 3833 3834
f 3835 3836 3837
f 3838 3839 3840
f 3841 3842 3843
f 3844 3845 3846
f 3847 3848 3849
f 3850 3851 3852
f 3853 3854 3855
f 3856 3857 3858
f 3859 3860 3861
f 3862 3863 3864
f 3865 3866 3867
f 3868 3869 3870
f 3871 3872 3873
f 3874 3875 3876
f 3877 3878 3879
f 3880 3881 3882
f 3883 3884 3885
f 3886 3887 3888
f 3889 3890 3891
f 3892 3893 3894
f 3895 3896 3897
f 3898 3899 3900
f 3901 3902 3903
f 3904 3905 3906
f 3907 3908 3909
f 3910 3911 3912
f 3913 3914 3915
f 3916 3917 3918
f 3919 3920 3921
f 3922 3923 3924
f 3925 3926 3927
f 3928 3929 3930
f 3931 3932 3933
f 3934 3935 3936
f 3937 3938 3939
f 3940 3941 3942
f 3943 3944 3945
f 3946 3947 3948
f 3949 3950 3951
f 3952 3953 3954
f 3955 3956 3957
f 3958 3959 3960
f 3961 3962 3963
f 3964 3965 3966
f 3967 3968 3969
f 3970 3971 3972
f 3973 3974 3975
f 3976 3977 3978
f 3979 3980 3981
f 3982 3983 3984
f 3985 3986 3987
f 3988 3989 3990
f 3991 3992 3993
f 3994 3995 3996
f 3997 3998 3999
f 4000 4001 4002
f 4003 4004 4005
f 4006 4007 4008
f 4009 4010 4011
f 4012 4013 4014
f 4015 4016 4017
f 4018 4019 4020
f 4021 4022 4023
f 4024 4025 4026
f 4027 4028 4029
f 4030 4031 4032
f 4033 4034 4035
f 4036 4037 4038
f 4039 4040 4041
f 4042 4043 4044
f 4045 4046 4047
f 4048 4049 4050
f 4051 4052 4053
f 4054 4055 4056
f 4057 4058 4059
f 4060 4061 4062
f 4063 4064 4065
f 4066 4067 4068
f 4069 4070 4071
f 4072 4073 4074
f 4075 4076 4077
f 4078 4079 4080
f 4081 4082 4083
f 4084 4085 4086
f 4087 4088 4089
f 4090 4091 4092
f 4093 4094 4095
f 4096 4097 4098
f 4099 4100 4101
f 4102 4103 4104
f 4105 4106 4107
f 4108 4109 4110
f 4111 4112 4113
f 4114 4115 4116
f 4117 4118 4119
f 4120 4121 4122
f 4123 4124 4125
f 4126 4127 4128
f 4129 4130 4131
f 4132 4133 4134
f 4135 4136 4137
f 4138 4139 4140
f 4141 4142 4143
f 4144 4145 4146
f 4147 4148 4149
f 4150 4151 4152
f 4153 4154 4155
f 4156 4157 4158
f 4159 4160 4161
f 4162 4163 4164
f 4165 4166 4167
f 4168 4169 4170
f 4171 4172 4173
f 4174 4175 4176
f 4177 4178 4179
f 4180 4181 4182
f 4183 4184 4185
f 4186 4187 4188
f 4189 4190 4191
f 4192 4193 4194
f 4195 4196 4197
f 4198 4199 4200
f 4201 4202 4203
f 4204 4205 4206
f 4207 4208 4209
f 4210 4211 4212
f 4213 4214 4215
f 4216 4217 4218
f 4219 4220 4221
f 4222 4223 4224
f 4225 4226 4227
f 4228 4229 4230
f 4231 4232 4233
f 4234 4235 4236
f 4237 4238 4239
f 4240 4241 4242
f 4243 4244 4245
f 4246 4247 4248
f 4249 4250 4251
f 4252 4253 4254
f 4255 4256 4257
f 4258 4259 4260
f 4261 4262 4263
f 4264 4265 4266
f 4267 4268 4269
f 4270 4271 4272
f 4273 4274 4275
f 4276 4277 4278
f 4279 4280 4281
f 4282 4283 4284
f 4285 4286 4287
f 4288 4289 4290
f 4291 4292 4293
f 4294 4295 4296
f 4297 4298 4299
f 4300 4301 4302
f 4303 4304 4305
f 4306 4307 4308
f 4309 4310 4311
f 4312 4313 4314
f 4315 4316 4317
f 4318 4319 4320
f 4321 4322 4323
f 4324 4325 4326
f 4327 4328 4329
f 4330 4331 4332
f 4333 4334 4335
f 4336 4337 4338
f 4339 4340 4341
f 4342 4343 4344
f 4345 4346 4347
f 4348 4349 4350
f 4351 4352 4353
f 4354 4355 4356
f 4357 4358 4359
f 4360 4361 4362
